time_ps,resetn,IF_pc,ID_pc,EXE_pc,MEM_pc,WB_pc,IF_inst,inst_paddr,tlb_s0_found,tlb_s0_pfn,cpu_5_valid,HI_data,LO_data,rf_data,mem_data,dm_addr,dm_paddr,tlb_s1_found,tlb_s1_pfn,dm_wen,dm_wdata
5000,0,xxxxxxxx,xxxxxxxx,xxxxxxxx,xxxxxxxx,xxxxxxxx,00000000,xxxxxxxx,0,00000,000xxxxx,xxxxxxxx,xxxxxxxx,00000000,00000000,xxxxxxxx,xxxxxxxx,0,00000,x,xxxxxxxx
15000,0,00000034,xxxxxxxx,xxxxxxxx,xxxxxxxx,xxxxxxxx,xxxxxxxx,00000034,0,00000,00000000,xxxxxxxx,xxxxxxxx,00000000,00000000,xxxxxxxx,xxxxxxxx,0,00000,0,xxxxxxxx
25000,0,00000034,xxxxxxxx,xxxxxxxx,xxxxxxxx,xxxxxxxx,24080005,00000034,0,00000,00000000,xxxxxxxx,xxxxxxxx,00000000,00000000,xxxxxxxx,xxxxxxxx,0,00000,0,xxxxxxxx
35000,0,00000034,xxxxxxxx,xxxxxxxx,xxxxxxxx,xxxxxxxx,24080005,00000034,0,00000,00000000,xxxxxxxx,xxxxxxxx,00000000,00000000,xxxxxxxx,xxxxxxxx,0,00000,0,xxxxxxxx
45000,0,00000034,xxxxxxxx,xxxxxxxx,xxxxxxxx,xxxxxxxx,24080005,00000034,0,00000,00000000,xxxxxxxx,xxxxxxxx,00000000,00000000,xxxxxxxx,xxxxxxxx,0,00000,0,xxxxxxxx
55000,0,00000034,xxxxxxxx,xxxxxxxx,xxxxxxxx,xxxxxxxx,24080005,00000034,0,00000,00000000,xxxxxxxx,xxxxxxxx,00000000,00000000,xxxxxxxx,xxxxxxxx,0,00000,0,xxxxxxxx
65000,0,00000034,xxxxxxxx,xxxxxxxx,xxxxxxxx,xxxxxxxx,24080005,00000034,0,00000,00000000,xxxxxxxx,xxxxxxxx,00000000,00000000,xxxxxxxx,xxxxxxxx,0,00000,0,xxxxxxxx
75000,0,00000034,xxxxxxxx,xxxxxxxx,xxxxxxxx,xxxxxxxx,24080005,00000034,0,00000,00000000,xxxxxxxx,xxxxxxxx,00000000,00000000,xxxxxxxx,xxxxxxxx,0,00000,0,xxxxxxxx
85000,0,00000034,xxxxxxxx,xxxxxxxx,xxxxxxxx,xxxxxxxx,24080005,00000034,0,00000,00000000,xxxxxxxx,xxxxxxxx,00000000,00000000,xxxxxxxx,xxxxxxxx,0,00000,0,xxxxxxxx
95000,0,00000034,xxxxxxxx,xxxxxxxx,xxxxxxxx,xxxxxxxx,24080005,00000034,0,00000,00000000,xxxxxxxx,xxxxxxxx,00000000,00000000,xxxxxxxx,xxxxxxxx,0,00000,0,xxxxxxxx
105000,1,00000034,xxxxxxxx,xxxxxxxx,xxxxxxxx,xxxxxxxx,24080005,00000034,0,00000,00000000,xxxxxxxx,xxxxxxxx,00000000,00000000,xxxxxxxx,xxxxxxxx,0,00000,0,xxxxxxxx
115000,1,00000034,xxxxxxxx,xxxxxxxx,xxxxxxxx,xxxxxxxx,24080005,00000034,0,00000,000f0000,xxxxxxxx,xxxxxxxx,00000000,00000000,xxxxxxxx,xxxxxxxx,0,00000,0,xxxxxxxx
125000,1,00000034,xxxxxxxx,xxxxxxxx,xxxxxxxx,xxxxxxxx,24080005,00000034,0,00000,000f0000,xxxxxxxx,xxxxxxxx,00000000,00000000,xxxxxxxx,xxxxxxxx,0,00000,0,xxxxxxxx
135000,1,00000038,00000034,xxxxxxxx,xxxxxxxx,xxxxxxxx,24080005,00000038,0,00000,000ff000,xxxxxxxx,xxxxxxxx,00000000,00000000,xxxxxxxx,xxxxxxxx,0,00000,0,xxxxxxxx
145000,1,00000038,00000034,00000034,xxxxxxxx,xxxxxxxx,8d090001,00000038,0,00000,000f0f00,xxxxxxxx,xxxxxxxx,00000000,00000000,xxxxxxxx,xxxxxxxx,0,00000,0,xxxxxxxx
155000,1,0000003c,00000038,00000034,00000034,xxxxxxxx,8d090001,0000003c,0,00000,000ff0f0,xxxxxxxx,xxxxxxxx,00000000,00000000,00000005,00000005,0,00000,0,0000xx00
165000,1,0000003c,00000038,00000038,00000034,00000034,ad090002,0000003c,0,00000,000f0f0f,xxxxxxxx,xxxxxxxx,00000000,00000000,00000005,00000005,0,00000,0,0000xx00
175000,1,00000040,0000003c,00000038,00000038,00000034,ad090002,00000040,0,00000,000ff0f0,xxxxxxxx,xxxxxxxx,00000000,00000000,00000006,00000006,0,00000,0,00xx0000
185000,1,00000040,0000003c,00000038,00000038,00000038,fc000000,00000040,0,00000,000ff00f,xxxxxxxx,xxxxxxxx,00000000,00000000,00000006,00000006,0,00000,0,00xx0000
195000,1,00000000,0000003c,00000038,00000038,00000038,fc000000,00000000,0,00000,000f0000,xxxxxxxx,xxxxxxxx,00000000,00000000,00000006,00000006,0,00000,0,00xx0000
205000,1,00000000,0000003c,00000038,00000038,00000038,ac010000,00000000,0,00000,000f0000,xxxxxxxx,xxxxxxxx,00000000,00000000,00000006,00000006,0,00000,0,00xx0000
215000,1,00000004,00000000,00000038,00000038,00000038,ac010000,00000004,0,00000,000ff000,xxxxxxxx,xxxxxxxx,00000000,00000000,00000006,00000006,0,00000,0,00xx0000
225000,1,00000004,00000000,00000000,00000038,00000038,ac020004,00000004,0,00000,000f0f00,xxxxxxxx,xxxxxxxx,00000000,00000000,00000006,00000006,0,00000,0,00xx0000
235000,1,00000008,00000004,00000000,00000000,00000038,ac020004,00000008,0,00000,000ff0f0,xxxxxxxx,xxxxxxxx,00000000,00000000,00000000,00000000,0,00000,f,xxxxxxxx
245000,1,00000008,00000004,00000004,00000000,00000000,ac030008,00000008,0,00000,000f0f0f,xxxxxxxx,xxxxxxxx,00000000,00000000,00000000,00000000,0,00000,0,xxxxxxxx
255000,1,0000000c,00000008,00000004,00000004,00000000,ac030008,0000000c,0,00000,000ff0f0,xxxxxxxx,xxxxxxxx,00000000,00000000,00000004,00000004,0,00000,f,xxxxxxxx
265000,1,0000000c,00000008,00000008,00000004,00000004,ac04000c,0000000c,0,00000,000f0f0f,xxxxxxxx,xxxxxxxx,00000000,00000000,00000004,00000004,0,00000,0,xxxxxxxx
275000,1,00000010,0000000c,00000008,00000008,00000004,ac04000c,00000010,0,00000,000ff0f0,xxxxxxxx,xxxxxxxx,00000000,00000000,00000008,00000008,0,00000,f,xxxxxxxx
285000,1,00000010,0000000c,0000000c,00000008,00000008,ac050010,00000010,0,00000,000f0f0f,xxxxxxxx,xxxxxxxx,00000000,00000000,00000008,00000008,0,00000,0,xxxxxxxx
295000,1,00000014,00000010,0000000c,0000000c,00000008,ac050010,00000014,0,00000,000ff0f0,xxxxxxxx,xxxxxxxx,00000000,00000000,0000000c,0000000c,0,00000,f,xxxxxxxx
305000,1,00000014,00000010,00000010,0000000c,0000000c,ac060018,00000014,0,00000,000f0f0f,xxxxxxxx,xxxxxxxx,00000000,00000000,0000000c,0000000c,0,00000,0,xxxxxxxx
315000,1,00000018,00000014,00000010,00000010,0000000c,ac060018,00000018,0,00000,000ff0f0,xxxxxxxx,xxxxxxxx,00000000,00000000,00000010,00000010,0,00000,f,xxxxxxxx
325000,1,00000018,00000014,00000014,00000010,00000010,ac070070,00000018,0,00000,000f0f0f,xxxxxxxx,xxxxxxxx,00000000,00000000,00000010,00000010,0,00000,0,xxxxxxxx
335000,1,0000001c,00000018,00000014,00000014,00000010,ac070070,0000001c,0,00000,000ff0f0,xxxxxxxx,xxxxxxxx,00000000,00000000,00000018,00000018,0,00000,f,xxxxxxxx
345000,1,0000001c,00000018,00000018,00000014,00000014,ac190074,0000001c,0,00000,000f0f0f,xxxxxxxx,xxxxxxxx,00000000,00000000,00000018,00000018,0,00000,0,xxxxxxxx
355000,1,00000020,0000001c,00000018,00000018,00000014,ac190074,00000020,0,00000,000ff0f0,xxxxxxxx,xxxxxxxx,00000000,00000000,00000070,00000070,0,00000,f,xxxxxxxx
365000,1,00000020,0000001c,0000001c,00000018,00000018,ac0d0078,00000020,0,00000,000f0f0f,xxxxxxxx,xxxxxxxx,00000000,00000000,00000070,00000070,0,00000,0,xxxxxxxx
375000,1,00000024,00000020,0000001c,0000001c,00000018,ac0d0078,00000024,0,00000,000ff0f0,xxxxxxxx,xxxxxxxx,00000000,00000000,00000074,00000074,0,00000,f,xxxxxxxx
385000,1,00000024,00000020,00000020,0000001c,0000001c,40017000,00000024,0,00000,000f0f0f,xxxxxxxx,xxxxxxxx,00000000,00000000,00000074,00000074,0,00000,0,xxxxxxxx
395000,1,00000028,00000024,00000020,00000020,0000001c,40017000,00000028,0,00000,000ff0f0,xxxxxxxx,xxxxxxxx,00000000,00000000,00000078,00000078,0,00000,f,xxxxxxxx
405000,1,00000028,00000024,00000024,00000020,00000020,24210004,00000028,0,00000,000f0f0f,xxxxxxxx,xxxxxxxx,00000000,00000000,00000078,00000078,0,00000,0,xxxxxxxx
415000,1,0000002c,00000028,00000024,00000024,00000020,24210004,0000002c,0,00000,000ff0f0,xxxxxxxx,xxxxxxxx,00000000,00000000,00000000,00000000,0,00000,0,xxxxxxxx
425000,1,0000002c,00000028,00000024,00000024,00000024,40817000,0000002c,0,00000,000ff00f,xxxxxxxx,xxxxxxxx,00000000,00000000,00000000,00000000,0,00000,0,xxxxxxxx
435000,1,00000030,0000002c,00000028,00000024,00000024,40817000,00000030,0,00000,000fff00,xxxxxxxx,xxxxxxxx,00000000,00000000,00000000,00000000,0,00000,0,xxxxxxxx
445000,1,00000030,0000002c,0000002c,00000028,00000024,42000018,00000030,0,00000,000f0ff0,xxxxxxxx,xxxxxxxx,00000000,00000000,0000003c,0000003c,0,00000,0,xxxxxxxx
455000,1,00000034,00000030,0000002c,0000002c,00000028,42000018,00000034,0,00000,000ff0ff,xxxxxxxx,xxxxxxxx,00000000,00000000,0000003c,0000003c,0,00000,0,0000003c
465000,1,00000034,00000030,00000030,0000002c,0000002c,24080005,00000034,0,00000,000f0f0f,xxxxxxxx,xxxxxxxx,00000000,00000000,0000003c,0000003c,0,00000,0,0000003c
475000,1,00000038,00000034,00000030,00000030,0000002c,24080005,00000038,0,00000,000ff0f0,xxxxxxxx,xxxxxxxx,00000000,00000000,00000000,00000000,0,00000,0,00000000
485000,1,00000038,00000034,00000034,00000030,00000030,8d090001,00000038,0,00000,000f0f0f,xxxxxxxx,xxxxxxxx,00000000,00000000,00000000,00000000,0,00000,0,00000000
495000,1,0000003c,00000038,00000034,00000034,00000030,8d090001,0000003c,0,00000,000f0000,xxxxxxxx,xxxxxxxx,00000000,00000000,00000005,00000005,0,00000,0,00000500
505000,1,0000003c,00000038,00000034,00000034,00000030,ad090002,0000003c,0,00000,000f0000,xxxxxxxx,xxxxxxxx,00000000,00000000,00000005,00000005,0,00000,0,00000500
515000,1,00000040,0000003c,00000034,00000034,00000030,ad090002,00000040,0,00000,000ff000,xxxxxxxx,xxxxxxxx,00000000,00000000,00000005,00000005,0,00000,0,00000500
525000,1,00000040,0000003c,0000003c,00000034,00000030,fc000000,00000040,0,00000,000f0f00,xxxxxxxx,xxxxxxxx,00000000,00000000,00000005,00000005,0,00000,0,00000500
535000,1,00000044,00000040,0000003c,0000003c,00000030,fc000000,00000044,0,00000,000ff0f0,xxxxxxxx,xxxxxxxx,00000000,00000000,00000007,00000007,0,00000,0,xx000000
545000,1,00000044,00000040,00000040,0000003c,0000003c,0000000c,00000044,0,00000,000f0f0f,xxxxxxxx,xxxxxxxx,00000000,00000000,00000007,00000007,0,00000,0,xx000000
555000,1,00000000,00000044,00000040,00000040,0000003c,0000000c,00000000,0,00000,000f0000,xxxxxxxx,xxxxxxxx,00000000,00000000,00000000,00000000,0,00000,0,00000000
565000,1,00000000,00000044,00000040,00000040,0000003c,ac010000,00000000,0,00000,000f0000,xxxxxxxx,xxxxxxxx,00000000,00000000,00000000,00000000,0,00000,0,00000000
575000,1,00000004,00000000,00000040,00000040,0000003c,ac010000,00000004,0,00000,000ff000,xxxxxxxx,xxxxxxxx,00000000,00000000,00000000,00000000,0,00000,0,00000000
585000,1,00000004,00000000,00000000,00000040,0000003c,ac020004,00000004,0,00000,000f0f00,xxxxxxxx,xxxxxxxx,00000000,00000000,00000000,00000000,0,00000,0,00000000
595000,1,00000008,00000004,00000000,00000000,0000003c,ac020004,00000008,0,00000,000ff0f0,xxxxxxxx,xxxxxxxx,00000000,00000000,00000000,00000000,0,00000,f,0000003c
605000,1,00000008,00000004,00000004,00000000,00000000,ac030008,00000008,0,00000,000f0f0f,xxxxxxxx,xxxxxxxx,00000000,00000000,00000000,00000000,0,00000,0,0000003c
615000,1,0000000c,00000008,00000004,00000004,00000000,ac030008,0000000c,0,00000,000ff0f0,xxxxxxxx,xxxxxxxx,00000000,00000000,00000004,00000004,0,00000,f,xxxxxxxx
625000,1,0000000c,00000008,00000008,00000004,00000004,ac04000c,0000000c,0,00000,000f0f0f,xxxxxxxx,xxxxxxxx,00000000,00000000,00000004,00000004,0,00000,0,xxxxxxxx
635000,1,00000010,0000000c,00000008,00000008,00000004,ac04000c,00000010,0,00000,000ff0f0,xxxxxxxx,xxxxxxxx,00000000,00000000,00000008,00000008,0,00000,f,xxxxxxxx
645000,1,00000010,0000000c,0000000c,00000008,00000008,ac050010,00000010,0,00000,000f0f0f,xxxxxxxx,xxxxxxxx,00000000,00000000,00000008,00000008,0,00000,0,xxxxxxxx
655000,1,00000014,00000010,0000000c,0000000c,00000008,ac050010,00000014,0,00000,000ff0f0,xxxxxxxx,xxxxxxxx,00000000,00000000,0000000c,0000000c,0,00000,f,xxxxxxxx
665000,1,00000014,00000010,00000010,0000000c,0000000c,ac060018,00000014,0,00000,000f0f0f,xxxxxxxx,xxxxxxxx,00000000,00000000,0000000c,0000000c,0,00000,0,xxxxxxxx
675000,1,00000018,00000014,00000010,00000010,0000000c,ac060018,00000018,0,00000,000ff0f0,xxxxxxxx,xxxxxxxx,00000000,00000000,00000010,00000010,0,00000,f,xxxxxxxx
685000,1,00000018,00000014,00000014,00000010,00000010,ac070070,00000018,0,00000,000f0f0f,xxxxxxxx,xxxxxxxx,00000000,00000000,00000010,00000010,0,00000,0,xxxxxxxx
695000,1,0000001c,00000018,00000014,00000014,00000010,ac070070,0000001c,0,00000,000ff0f0,xxxxxxxx,xxxxxxxx,00000000,00000000,00000018,00000018,0,00000,f,xxxxxxxx
705000,1,0000001c,00000018,00000018,00000014,00000014,ac190074,0000001c,0,00000,000f0f0f,xxxxxxxx,xxxxxxxx,00000000,00000000,00000018,00000018,0,00000,0,xxxxxxxx
715000,1,00000020,0000001c,00000018,00000018,00000014,ac190074,00000020,0,00000,000ff0f0,xxxxxxxx,xxxxxxxx,00000000,00000000,00000070,00000070,0,00000,f,xxxxxxxx
725000,1,00000020,0000001c,0000001c,00000018,00000018,ac0d0078,00000020,0,00000,000f0f0f,xxxxxxxx,xxxxxxxx,00000000,00000000,00000070,00000070,0,00000,0,xxxxxxxx
735000,1,00000024,00000020,0000001c,0000001c,00000018,ac0d0078,00000024,0,00000,000ff0f0,xxxxxxxx,xxxxxxxx,00000000,00000000,00000074,00000074,0,00000,f,xxxxxxxx
745000,1,00000024,00000020,00000020,0000001c,0000001c,40017000,00000024,0,00000,000f0f0f,xxxxxxxx,xxxxxxxx,00000000,00000000,00000074,00000074,0,00000,0,xxxxxxxx
755000,1,00000028,00000024,00000020,00000020,0000001c,40017000,00000028,0,00000,000ff0f0,xxxxxxxx,xxxxxxxx,00000000,00000000,00000078,00000078,0,00000,f,xxxxxxxx
765000,1,00000028,00000024,00000024,00000020,00000020,24210004,00000028,0,00000,000f0f0f,xxxxxxxx,xxxxxxxx,00000000,00000000,00000078,00000078,0,00000,0,xxxxxxxx
775000,1,0000002c,00000028,00000024,00000024,00000020,24210004,0000002c,0,00000,000ff0f0,xxxxxxxx,xxxxxxxx,00000000,00000000,00000000,00000000,0,00000,0,0000003c
785000,1,0000002c,00000028,00000024,00000024,00000024,40817000,0000002c,0,00000,000ff00f,xxxxxxxx,xxxxxxxx,00000000,00000000,00000000,00000000,0,00000,0,0000003c
795000,1,00000030,0000002c,00000028,00000024,00000024,40817000,00000030,0,00000,000fff00,xxxxxxxx,xxxxxxxx,00000000,00000000,00000000,00000000,0,00000,0,0000003c
805000,1,00000030,0000002c,0000002c,00000028,00000024,42000018,00000030,0,00000,000f0ff0,xxxxxxxx,xxxxxxxx,00000000,00000000,00000040,00000040,0,00000,0,0000003c
815000,1,00000034,00000030,0000002c,0000002c,00000028,42000018,00000034,0,00000,000ff0ff,xxxxxxxx,xxxxxxxx,00000000,00000000,00000040,00000040,0,00000,0,00000040
825000,1,00000034,00000030,00000030,0000002c,0000002c,24080005,00000034,0,00000,000f0f0f,xxxxxxxx,xxxxxxxx,00000000,00000000,00000040,00000040,0,00000,0,00000040
835000,1,00000038,00000034,00000030,00000030,0000002c,24080005,00000038,0,00000,000ff0f0,xxxxxxxx,xxxxxxxx,00000000,00000000,00000000,00000000,0,00000,0,00000000
845000,1,00000038,00000034,00000034,00000030,00000030,8d090001,00000038,0,00000,000f0f0f,xxxxxxxx,xxxxxxxx,00000000,00000000,00000000,00000000,0,00000,0,00000000
855000,1,00000040,00000038,00000034,00000034,00000030,8d090001,00000040,0,00000,000f0000,xxxxxxxx,xxxxxxxx,00000000,00000000,00000005,00000005,0,00000,0,00000500
865000,1,00000040,00000038,00000034,00000034,00000030,fc000000,00000040,0,00000,000f0000,xxxxxxxx,xxxxxxxx,00000000,00000000,00000005,00000005,0,00000,0,00000500
875000,1,00000044,00000040,00000034,00000034,00000030,fc000000,00000044,0,00000,000ff000,xxxxxxxx,xxxxxxxx,00000000,00000000,00000005,00000005,0,00000,0,00000500
885000,1,00000044,00000040,00000040,00000034,00000030,0000000c,00000044,0,00000,000f0f00,xxxxxxxx,xxxxxxxx,00000000,00000000,00000005,00000005,0,00000,0,00000500
895000,1,00000048,00000044,00000040,00000040,00000030,0000000c,00000048,0,00000,000ff0f0,xxxxxxxx,xxxxxxxx,00000000,00000000,00000000,00000000,0,00000,0,00000000
905000,1,00000048,00000044,00000044,00000040,00000040,24010001,00000048,0,00000,000f0f0f,xxxxxxxx,xxxxxxxx,00000000,00000000,00000000,00000000,0,00000,0,00000000
915000,1,00000000,00000048,00000044,00000044,00000040,24010001,00000000,0,00000,000f0000,xxxxxxxx,xxxxxxxx,00000000,00000000,00000000,00000000,0,00000,0,00000000
925000,1,00000000,00000048,00000044,00000044,00000040,ac010000,00000000,0,00000,000f0000,xxxxxxxx,xxxxxxxx,00000000,00000000,00000000,00000000,0,00000,0,00000000
935000,1,00000004,00000000,00000044,00000044,00000040,ac010000,00000004,0,00000,000ff000,xxxxxxxx,xxxxxxxx,00000000,00000000,00000000,00000000,0,00000,0,00000000
945000,1,00000004,00000000,00000000,00000044,00000040,ac020004,00000004,0,00000,000f0f00,xxxxxxxx,xxxxxxxx,00000000,00000000,00000000,00000000,0,00000,0,00000000
955000,1,00000008,00000004,00000000,00000000,00000040,ac020004,00000008,0,00000,000ff0f0,xxxxxxxx,xxxxxxxx,00000000,00000000,00000000,00000000,0,00000,f,00000040
965000,1,00000008,00000004,00000004,00000000,00000000,ac030008,00000008,0,00000,000f0f0f,xxxxxxxx,xxxxxxxx,00000000,00000000,00000000,00000000,0,00000,0,00000040
975000,1,0000000c,00000008,00000004,00000004,00000000,ac030008,0000000c,0,00000,000ff0f0,xxxxxxxx,xxxxxxxx,00000000,00000000,00000004,00000004,0,00000,f,xxxxxxxx
985000,1,0000000c,00000008,00000008,00000004,00000004,ac04000c,0000000c,0,00000,000f0f0f,xxxxxxxx,xxxxxxxx,00000000,00000000,00000004,00000004,0,00000,0,xxxxxxxx
995000,1,00000010,0000000c,00000008,00000008,00000004,ac04000c,00000010,0,00000,000ff0f0,xxxxxxxx,xxxxxxxx,00000000,00000000,00000008,00000008,0,00000,f,xxxxxxxx
1005000,1,00000010,0000000c,0000000c,00000008,00000008,ac050010,00000010,0,00000,000f0f0f,xxxxxxxx,xxxxxxxx,00000000,00000000,00000008,00000008,0,00000,0,xxxxxxxx
1015000,1,00000014,00000010,0000000c,0000000c,00000008,ac050010,00000014,0,00000,000ff0f0,xxxxxxxx,xxxxxxxx,00000000,00000000,0000000c,0000000c,0,00000,f,xxxxxxxx
1025000,1,00000014,00000010,00000010,0000000c,0000000c,ac060018,00000014,0,00000,000f0f0f,xxxxxxxx,xxxxxxxx,00000000,00000000,0000000c,0000000c,0,00000,0,xxxxxxxx
1035000,1,00000018,00000014,00000010,00000010,0000000c,ac060018,00000018,0,00000,000ff0f0,xxxxxxxx,xxxxxxxx,00000000,00000000,00000010,00000010,0,00000,f,xxxxxxxx
1045000,1,00000018,00000014,00000014,00000010,00000010,ac070070,00000018,0,00000,000f0f0f,xxxxxxxx,xxxxxxxx,00000000,00000000,00000010,00000010,0,00000,0,xxxxxxxx
1055000,1,0000001c,00000018,00000014,00000014,00000010,ac070070,0000001c,0,00000,000ff0f0,xxxxxxxx,xxxxxxxx,00000000,00000000,00000018,00000018,0,00000,f,xxxxxxxx
1065000,1,0000001c,00000018,00000018,00000014,00000014,ac190074,0000001c,0,00000,000f0f0f,xxxxxxxx,xxxxxxxx,00000000,00000000,00000018,00000018,0,00000,0,xxxxxxxx
1075000,1,00000020,0000001c,00000018,00000018,00000014,ac190074,00000020,0,00000,000ff0f0,xxxxxxxx,xxxxxxxx,00000000,00000000,00000070,00000070,0,00000,f,xxxxxxxx
1085000,1,00000020,0000001c,0000001c,00000018,00000018,ac0d0078,00000020,0,00000,000f0f0f,xxxxxxxx,xxxxxxxx,00000000,00000000,00000070,00000070,0,00000,0,xxxxxxxx
1095000,1,00000024,00000020,0000001c,0000001c,00000018,ac0d0078,00000024,0,00000,000ff0f0,xxxxxxxx,xxxxxxxx,00000000,00000000,00000074,00000074,0,00000,f,xxxxxxxx
1105000,1,00000024,00000020,00000020,0000001c,0000001c,40017000,00000024,0,00000,000f0f0f,xxxxxxxx,xxxxxxxx,00000000,00000000,00000074,00000074,0,00000,0,xxxxxxxx
1115000,1,00000028,00000024,00000020,00000020,0000001c,40017000,00000028,0,00000,000ff0f0,xxxxxxxx,xxxxxxxx,00000000,00000000,00000078,00000078,0,00000,f,xxxxxxxx
1125000,1,00000028,00000024,00000024,00000020,00000020,24210004,00000028,0,00000,000f0f0f,xxxxxxxx,xxxxxxxx,00000000,00000000,00000078,00000078,0,00000,0,xxxxxxxx
1135000,1,0000002c,00000028,00000024,00000024,00000020,24210004,0000002c,0,00000,000ff0f0,xxxxxxxx,xxxxxxxx,00000000,00000000,00000000,00000000,0,00000,0,00000040
1145000,1,0000002c,00000028,00000024,00000024,00000024,40817000,0000002c,0,00000,000ff00f,xxxxxxxx,xxxxxxxx,00000000,00000000,00000000,00000000,0,00000,0,00000040
1155000,1,00000030,0000002c,00000028,00000024,00000024,40817000,00000030,0,00000,000fff00,xxxxxxxx,xxxxxxxx,00000000,00000000,00000000,00000000,0,00000,0,00000040
1165000,1,00000030,0000002c,0000002c,00000028,00000024,42000018,00000030,0,00000,000f0ff0,xxxxxxxx,xxxxxxxx,00000000,00000000,00000044,00000044,0,00000,0,00000040
1175000,1,00000034,00000030,0000002c,0000002c,00000028,42000018,00000034,0,00000,000ff0ff,xxxxxxxx,xxxxxxxx,00000000,00000000,00000044,00000044,0,00000,0,00000044
1185000,1,00000034,00000030,00000030,0000002c,0000002c,24080005,00000034,0,00000,000f0f0f,xxxxxxxx,xxxxxxxx,00000000,00000000,00000044,00000044,0,00000,0,00000044
1195000,1,00000038,00000034,00000030,00000030,0000002c,24080005,00000038,0,00000,000ff0f0,xxxxxxxx,xxxxxxxx,00000000,00000000,00000000,00000000,0,00000,0,00000000
1205000,1,00000038,00000034,00000034,00000030,00000030,8d090001,00000038,0,00000,000f0f0f,xxxxxxxx,xxxxxxxx,00000000,00000000,00000000,00000000,0,00000,0,00000000
1215000,1,00000044,00000038,00000034,00000034,00000030,8d090001,00000044,0,00000,000f0000,xxxxxxxx,xxxxxxxx,00000000,00000000,00000005,00000005,0,00000,0,00000500
1225000,1,00000044,00000038,00000034,00000034,00000030,0000000c,00000044,0,00000,000f0000,xxxxxxxx,xxxxxxxx,00000000,00000000,00000005,00000005,0,00000,0,00000500
1235000,1,00000048,00000044,00000034,00000034,00000030,0000000c,00000048,0,00000,000ff000,xxxxxxxx,xxxxxxxx,00000000,00000000,00000005,00000005,0,00000,0,00000500
1245000,1,00000048,00000044,00000044,00000034,00000030,24010001,00000048,0,00000,000f0f00,xxxxxxxx,xxxxxxxx,00000000,00000000,00000005,00000005,0,00000,0,00000500
1255000,1,0000004c,00000048,00000044,00000044,00000030,24010001,0000004c,0,00000,000ff0f0,xxxxxxxx,xxxxxxxx,00000000,00000000,00000000,00000000,0,00000,0,00000000
1265000,1,0000004c,00000048,00000048,00000044,00000044,00011100,0000004c,0,00000,000f0f0f,xxxxxxxx,xxxxxxxx,00000000,00000000,00000000,00000000,0,00000,0,00000000
1275000,1,00000000,0000004c,00000048,00000048,00000044,00011100,00000000,0,00000,000f0000,xxxxxxxx,xxxxxxxx,00000000,00000000,00000001,00000001,0,00000,0,00004400
1285000,1,00000000,0000004c,00000048,00000048,00000044,ac010000,00000000,0,00000,000f0000,xxxxxxxx,xxxxxxxx,00000000,00000000,00000001,00000001,0,00000,0,00004400
1295000,1,00000004,00000000,00000048,00000048,00000044,ac010000,00000004,0,00000,000ff000,xxxxxxxx,xxxxxxxx,00000000,00000000,00000001,00000001,0,00000,0,00004400
1305000,1,00000004,00000000,00000000,00000048,00000044,ac020004,00000004,0,00000,000f0f00,xxxxxxxx,xxxxxxxx,00000000,00000000,00000001,00000001,0,00000,0,00004400
1315000,1,00000008,00000004,00000000,00000000,00000044,ac020004,00000008,0,00000,000ff0f0,xxxxxxxx,xxxxxxxx,00000000,00000000,00000000,00000000,0,00000,f,00000044
1325000,1,00000008,00000004,00000004,00000000,00000000,ac030008,00000008,0,00000,000f0f0f,xxxxxxxx,xxxxxxxx,00000000,00000000,00000000,00000000,0,00000,0,00000044
1335000,1,0000000c,00000008,00000004,00000004,00000000,ac030008,0000000c,0,00000,000ff0f0,xxxxxxxx,xxxxxxxx,00000000,00000000,00000004,00000004,0,00000,f,xxxxxxxx
1345000,1,0000000c,00000008,00000008,00000004,00000004,ac04000c,0000000c,0,00000,000f0f0f,xxxxxxxx,xxxxxxxx,00000000,00000000,00000004,00000004,0,00000,0,xxxxxxxx
1355000,1,00000010,0000000c,00000008,00000008,00000004,ac04000c,00000010,0,00000,000ff0f0,xxxxxxxx,xxxxxxxx,00000000,00000000,00000008,00000008,0,00000,f,xxxxxxxx
1365000,1,00000010,0000000c,0000000c,00000008,00000008,ac050010,00000010,0,00000,000f0f0f,xxxxxxxx,xxxxxxxx,00000000,00000000,00000008,00000008,0,00000,0,xxxxxxxx
1375000,1,00000014,00000010,0000000c,0000000c,00000008,ac050010,00000014,0,00000,000ff0f0,xxxxxxxx,xxxxxxxx,00000000,00000000,0000000c,0000000c,0,00000,f,xxxxxxxx
1385000,1,00000014,00000010,00000010,0000000c,0000000c,ac060018,00000014,0,00000,000f0f0f,xxxxxxxx,xxxxxxxx,00000000,00000000,0000000c,0000000c,0,00000,0,xxxxxxxx
1395000,1,00000018,00000014,00000010,00000010,0000000c,ac060018,00000018,0,00000,000ff0f0,xxxxxxxx,xxxxxxxx,00000000,00000000,00000010,00000010,0,00000,f,xxxxxxxx
1405000,1,00000018,00000014,00000014,00000010,00000010,ac070070,00000018,0,00000,000f0f0f,xxxxxxxx,xxxxxxxx,00000000,00000000,00000010,00000010,0,00000,0,xxxxxxxx
1415000,1,0000001c,00000018,00000014,00000014,00000010,ac070070,0000001c,0,00000,000ff0f0,xxxxxxxx,xxxxxxxx,00000000,00000000,00000018,00000018,0,00000,f,xxxxxxxx
1425000,1,0000001c,00000018,00000018,00000014,00000014,ac190074,0000001c,0,00000,000f0f0f,xxxxxxxx,xxxxxxxx,00000000,00000000,00000018,00000018,0,00000,0,xxxxxxxx
1435000,1,00000020,0000001c,00000018,00000018,00000014,ac190074,00000020,0,00000,000ff0f0,xxxxxxxx,xxxxxxxx,00000000,00000000,00000070,00000070,0,00000,f,xxxxxxxx
1445000,1,00000020,0000001c,0000001c,00000018,00000018,ac0d0078,00000020,0,00000,000f0f0f,xxxxxxxx,xxxxxxxx,00000000,00000000,00000070,00000070,0,00000,0,xxxxxxxx
1455000,1,00000024,00000020,0000001c,0000001c,00000018,ac0d0078,00000024,0,00000,000ff0f0,xxxxxxxx,xxxxxxxx,00000000,00000000,00000074,00000074,0,00000,f,xxxxxxxx
1465000,1,00000024,00000020,00000020,0000001c,0000001c,40017000,00000024,0,00000,000f0f0f,xxxxxxxx,xxxxxxxx,00000000,00000000,00000074,00000074,0,00000,0,xxxxxxxx
1475000,1,00000028,00000024,00000020,00000020,0000001c,40017000,00000028,0,00000,000ff0f0,xxxxxxxx,xxxxxxxx,00000000,00000000,00000078,00000078,0,00000,f,xxxxxxxx
1485000,1,00000028,00000024,00000024,00000020,00000020,24210004,00000028,0,00000,000f0f0f,xxxxxxxx,xxxxxxxx,00000000,00000000,00000078,00000078,0,00000,0,xxxxxxxx
1495000,1,0000002c,00000028,00000024,00000024,00000020,24210004,0000002c,0,00000,000ff0f0,xxxxxxxx,xxxxxxxx,00000000,00000000,00000000,00000000,0,00000,0,00000044
1505000,1,0000002c,00000028,00000024,00000024,00000024,40817000,0000002c,0,00000,000ff00f,xxxxxxxx,xxxxxxxx,00000000,00000000,00000000,00000000,0,00000,0,00000044
1515000,1,00000030,0000002c,00000028,00000024,00000024,40817000,00000030,0,00000,000fff00,xxxxxxxx,xxxxxxxx,00000000,00000000,00000000,00000000,0,00000,0,00000044
1525000,1,00000030,0000002c,0000002c,00000028,00000024,42000018,00000030,0,00000,000f0ff0,xxxxxxxx,xxxxxxxx,00000000,00000000,00000048,00000048,0,00000,0,00000044
1535000,1,00000034,00000030,0000002c,0000002c,00000028,42000018,00000034,0,00000,000ff0ff,xxxxxxxx,xxxxxxxx,00000000,00000000,00000048,00000048,0,00000,0,00000048
1545000,1,00000034,00000030,00000030,0000002c,0000002c,24080005,00000034,0,00000,000f0f0f,xxxxxxxx,xxxxxxxx,00000000,00000000,00000048,00000048,0,00000,0,00000048
1555000,1,00000038,00000034,00000030,00000030,0000002c,24080005,00000038,0,00000,000ff0f0,xxxxxxxx,xxxxxxxx,00000000,00000000,00000000,00000000,0,00000,0,00000000
1565000,1,00000038,00000034,00000034,00000030,00000030,8d090001,00000038,0,00000,000f0f0f,xxxxxxxx,xxxxxxxx,00000000,00000000,00000000,00000000,0,00000,0,00000000
1575000,1,00000048,00000038,00000034,00000034,00000030,8d090001,00000048,0,00000,000f0000,xxxxxxxx,xxxxxxxx,00000000,00000000,00000005,00000005,0,00000,0,00000500
1585000,1,00000048,00000038,00000034,00000034,00000030,24010001,00000048,0,00000,000f0000,xxxxxxxx,xxxxxxxx,00000000,00000000,00000005,00000005,0,00000,0,00000500
1595000,1,0000004c,00000048,00000034,00000034,00000030,24010001,0000004c,0,00000,000ff000,xxxxxxxx,xxxxxxxx,00000000,00000000,00000005,00000005,0,00000,0,00000500
1605000,1,0000004c,00000048,00000048,00000034,00000030,00011100,0000004c,0,00000,000f0f00,xxxxxxxx,xxxxxxxx,00000000,00000000,00000005,00000005,0,00000,0,00000500
1615000,1,00000050,0000004c,00000048,00000048,00000030,00011100,00000050,0,00000,000ff0f0,xxxxxxxx,xxxxxxxx,00000000,00000000,00000001,00000001,0,00000,0,00004800
1625000,1,00000050,0000004c,0000004c,00000048,00000048,00411821,00000050,0,00000,000f0f0f,xxxxxxxx,xxxxxxxx,00000000,00000000,00000001,00000001,0,00000,0,00004800
1635000,1,00000054,00000050,0000004c,0000004c,00000048,00411821,00000054,0,00000,000ff0f0,xxxxxxxx,xxxxxxxx,00000000,00000000,00000010,00000010,0,00000,0,00000001
1645000,1,00000054,00000050,00000050,0000004c,0000004c,00022082,00000054,0,00000,000f0f0f,xxxxxxxx,xxxxxxxx,00000000,00000000,00000010,00000010,0,00000,0,00000001
1655000,1,00000058,00000054,00000050,00000050,0000004c,00022082,00000058,0,00000,000ff0f0,xxxxxxxx,xxxxxxxx,00000000,00000000,00000011,00000011,0,00000,0,00000100
1665000,1,00000058,00000054,00000054,00000050,00000050,28990005,00000058,0,00000,000f0f0f,xxxxxxxx,xxxxxxxx,00000000,00000000,00000011,00000011,0,00000,0,00000100
1675000,1,0000005c,00000058,00000054,00000054,00000050,28990005,0000005c,0,00000,000ff0f0,xxxxxxxx,xxxxxxxx,00000000,00000000,00000004,00000004,0,00000,0,00000010
1685000,1,0000005c,00000058,00000058,00000054,00000054,0721000e,0000005c,0,00000,000f0f0f,xxxxxxxx,xxxxxxxx,00000000,00000000,00000004,00000004,0,00000,0,00000010
1695000,1,00000060,0000005c,00000058,00000058,00000054,0721000e,00000060,0,00000,000ff0f0,xxxxxxxx,xxxxxxxx,00000000,00000000,00000001,00000001,0,00000,0,0000xx00
1705000,1,00000060,0000005c,00000058,00000058,00000058,00642823,00000060,0,00000,000ff00f,xxxxxxxx,xxxxxxxx,00000000,00000000,00000001,00000001,0,00000,0,0000xx00
1715000,1,00000098,00000060,0000005c,00000058,00000058,00642823,00000098,0,00000,000fff00,xxxxxxxx,xxxxxxxx,00000000,00000000,00000001,00000001,0,00000,0,0000xx00
1725000,1,00000098,00000060,00000060,0000005c,00000058,3c0c000c,00000098,0,00000,000f0ff0,xxxxxxxx,xxxxxxxx,00000000,00000000,00000000,00000000,0,00000,0,00000001
1735000,1,0000009c,00000098,00000060,00000060,0000005c,3c0c000c,0000009c,0,00000,000ff0ff,xxxxxxxx,xxxxxxxx,00000000,00000000,0000000d,0000000d,0,00000,0,00000400
1745000,1,0000009c,00000098,00000098,00000060,00000060,004cd007,0000009c,0,00000,000f0f0f,xxxxxxxx,xxxxxxxx,00000000,00000000,0000000d,0000000d,0,00000,0,00000400
1755000,1,000000a0,0000009c,00000098,00000098,00000060,004cd007,000000a0,0,00000,000ff0f0,xxxxxxxx,xxxxxxxx,00000000,00000000,000c0000,000c0000,0,00000,0,xxxxxxxx
1765000,1,000000a0,0000009c,0000009c,00000098,00000098,275b0044,000000a0,0,00000,000f0f0f,xxxxxxxx,xxxxxxxx,00000000,00000000,000c0000,000c0000,0,00000,0,xxxxxxxx
1775000,1,000000a4,000000a0,0000009c,0000009c,00000098,275b0044,000000a4,0,00000,000ff0f0,xxxxxxxx,xxxxxxxx,00000000,00000000,0000000c,0000000c,0,00000,0,000c0000
1785000,1,000000a4,000000a0,000000a0,0000009c,0000009c,0360f809,000000a4,0,00000,000f0f0f,xxxxxxxx,xxxxxxxx,00000000,00000000,0000000c,0000000c,0,00000,0,000c0000
1795000,1,000000a8,000000a4,000000a0,000000a0,0000009c,0360f809,000000a8,0,00000,000ff0f0,xxxxxxxx,xxxxxxxx,00000000,00000000,00000050,00000050,0,00000,0,xxxxxxxx
1805000,1,000000a8,000000a4,000000a0,000000a0,000000a0,24010008,000000a8,0,00000,000ff00f,xxxxxxxx,xxxxxxxx,00000000,00000000,00000050,00000050,0,00000,0,xxxxxxxx
1815000,1,00000050,000000a8,000000a4,000000a0,000000a0,24010008,00000050,0,00000,000fff00,xxxxxxxx,xxxxxxxx,00000000,00000000,00000050,00000050,0,00000,0,xxxxxxxx
1825000,1,00000050,000000a8,000000a8,000000a4,000000a0,00411821,00000050,0,00000,000f0ff0,xxxxxxxx,xxxxxxxx,00000000,00000000,000000ac,000000ac,0,00000,0,00000000
1835000,1,00000054,00000050,000000a8,000000a8,000000a4,00411821,00000054,0,00000,000ff0ff,xxxxxxxx,xxxxxxxx,00000000,00000000,00000008,00000008,0,00000,0,00000001
1845000,1,00000054,00000050,00000050,000000a8,000000a8,00022082,00000054,0,00000,000f0f0f,xxxxxxxx,xxxxxxxx,00000000,00000000,00000008,00000008,0,00000,0,00000001
1855000,1,00000058,00000054,00000050,00000050,000000a8,00022082,00000058,0,00000,000ff0f0,xxxxxxxx,xxxxxxxx,00000000,00000000,00000018,00000018,0,00000,0,00000008
1865000,1,00000058,00000054,00000054,00000050,00000050,28990005,00000058,0,00000,000f0f0f,xxxxxxxx,xxxxxxxx,00000000,00000000,00000018,00000018,0,00000,0,00000008
1875000,1,0000005c,00000058,00000054,00000054,00000050,28990005,0000005c,0,00000,000ff0f0,xxxxxxxx,xxxxxxxx,00000000,00000000,00000004,00000004,0,00000,0,00000010
1885000,1,0000005c,00000058,00000058,00000054,00000054,0721000e,0000005c,0,00000,000f0f0f,xxxxxxxx,xxxxxxxx,00000000,00000000,00000004,00000004,0,00000,0,00000010
1895000,1,00000060,0000005c,00000058,00000058,00000054,0721000e,00000060,0,00000,000ff0f0,xxxxxxxx,xxxxxxxx,00000000,00000000,00000001,00000001,0,00000,0,00000100
1905000,1,00000060,0000005c,00000058,00000058,00000058,00642823,00000060,0,00000,000ff00f,xxxxxxxx,xxxxxxxx,00000000,00000000,00000001,00000001,0,00000,0,00000100
1915000,1,00000098,00000060,0000005c,00000058,00000058,00642823,00000098,0,00000,000fff00,xxxxxxxx,xxxxxxxx,00000000,00000000,00000001,00000001,0,00000,0,00000100
1925000,1,00000098,00000060,00000060,0000005c,00000058,3c0c000c,00000098,0,00000,000f0ff0,xxxxxxxx,xxxxxxxx,00000000,00000000,00000000,00000000,0,00000,0,00000008
1935000,1,0000009c,00000098,00000060,00000060,0000005c,3c0c000c,0000009c,0,00000,000ff0ff,xxxxxxxx,xxxxxxxx,00000000,00000000,00000014,00000014,0,00000,0,00000004
1945000,1,0000009c,00000098,00000098,00000060,00000060,004cd007,0000009c,0,00000,000f0f0f,xxxxxxxx,xxxxxxxx,00000000,00000000,00000014,00000014,0,00000,0,00000004
1955000,1,000000a0,0000009c,00000098,00000098,00000060,004cd007,000000a0,0,00000,000ff0f0,xxxxxxxx,xxxxxxxx,00000000,00000000,000c0000,000c0000,0,00000,0,000c0000
1965000,1,000000a0,0000009c,0000009c,00000098,00000098,275b0044,000000a0,0,00000,000f0f0f,xxxxxxxx,xxxxxxxx,00000000,00000000,000c0000,000c0000,0,00000,0,000c0000
1975000,1,000000a4,000000a0,0000009c,0000009c,00000098,275b0044,000000a4,0,00000,000ff0f0,xxxxxxxx,xxxxxxxx,00000000,00000000,0000000c,0000000c,0,00000,0,000c0000
1985000,1,000000a4,000000a0,000000a0,0000009c,0000009c,0360f809,000000a4,0,00000,000f0f0f,xxxxxxxx,xxxxxxxx,00000000,00000000,0000000c,0000000c,0,00000,0,000c0000
1995000,1,000000a8,000000a4,000000a0,000000a0,0000009c,0360f809,000000a8,0,00000,000ff0f0,xxxxxxxx,xxxxxxxx,00000000,00000000,00000050,00000050,0,00000,0,00000050
2005000,1,000000a8,000000a4,000000a0,000000a0,000000a0,24010008,000000a8,0,00000,000ff00f,xxxxxxxx,xxxxxxxx,00000000,00000000,00000050,00000050,0,00000,0,00000050
2015000,1,00000050,000000a8,000000a4,000000a0,000000a0,24010008,00000050,0,00000,000fff00,xxxxxxxx,xxxxxxxx,00000000,00000000,00000050,00000050,0,00000,0,00000050
2025000,1,00000050,000000a8,000000a8,000000a4,000000a0,00411821,00000050,0,00000,000f0ff0,xxxxxxxx,xxxxxxxx,00000000,00000000,000000ac,000000ac,0,00000,0,00000000
2035000,1,00000054,00000050,000000a8,000000a8,000000a4,00411821,00000054,0,00000,000ff0ff,xxxxxxxx,xxxxxxxx,00000000,00000000,00000008,00000008,0,00000,0,00000008
2045000,1,00000054,00000050,00000050,000000a8,000000a8,00022082,00000054,0,00000,000f0f0f,xxxxxxxx,xxxxxxxx,00000000,00000000,00000008,00000008,0,00000,0,00000008
2055000,1,00000058,00000054,00000050,00000050,000000a8,00022082,00000058,0,00000,000ff0f0,xxxxxxxx,xxxxxxxx,00000000,00000000,00000018,00000018,0,00000,0,00000008
2065000,1,00000058,00000054,00000054,00000050,00000050,28990005,00000058,0,00000,000f0f0f,xxxxxxxx,xxxxxxxx,00000000,00000000,00000018,00000018,0,00000,0,00000008
2075000,1,0000005c,00000058,00000054,00000054,00000050,28990005,0000005c,0,00000,000ff0f0,xxxxxxxx,xxxxxxxx,00000000,00000000,00000004,00000004,0,00000,0,00000010
2085000,1,0000005c,00000058,00000058,00000054,00000054,0721000e,0000005c,0,00000,000f0f0f,xxxxxxxx,xxxxxxxx,00000000,00000000,00000004,00000004,0,00000,0,00000010
2095000,1,00000060,0000005c,00000058,00000058,00000054,0721000e,00000060,0,00000,000ff0f0,xxxxxxxx,xxxxxxxx,00000000,00000000,00000001,00000001,0,00000,0,00000100
2105000,1,00000060,0000005c,00000058,00000058,00000058,00642823,00000060,0,00000,000ff00f,xxxxxxxx,xxxxxxxx,00000000,00000000,00000001,00000001,0,00000,0,00000100
2115000,1,00000098,00000060,0000005c,00000058,00000058,00642823,00000098,0,00000,000fff00,xxxxxxxx,xxxxxxxx,00000000,00000000,00000001,00000001,0,00000,0,00000100
2125000,1,00000098,00000060,00000060,0000005c,00000058,3c0c000c,00000098,0,00000,000f0ff0,xxxxxxxx,xxxxxxxx,00000000,00000000,00000000,00000000,0,00000,0,00000008
2135000,1,0000009c,00000098,00000060,00000060,0000005c,3c0c000c,0000009c,0,00000,000ff0ff,xxxxxxxx,xxxxxxxx,00000000,00000000,00000014,00000014,0,00000,0,00000004
2145000,1,0000009c,00000098,00000098,00000060,00000060,004cd007,0000009c,0,00000,000f0f0f,xxxxxxxx,xxxxxxxx,00000000,00000000,00000014,00000014,0,00000,0,00000004
2155000,1,000000a0,0000009c,00000098,00000098,00000060,004cd007,000000a0,0,00000,000ff0f0,xxxxxxxx,xxxxxxxx,00000000,00000000,000c0000,000c0000,0,00000,0,000c0000
2165000,1,000000a0,0000009c,0000009c,00000098,00000098,275b0044,000000a0,0,00000,000f0f0f,xxxxxxxx,xxxxxxxx,00000000,00000000,000c0000,000c0000,0,00000,0,000c0000
2175000,1,000000a4,000000a0,0000009c,0000009c,00000098,275b0044,000000a4,0,00000,000ff0f0,xxxxxxxx,xxxxxxxx,00000000,00000000,0000000c,0000000c,0,00000,0,000c0000
2185000,1,000000a4,000000a0,000000a0,0000009c,0000009c,0360f809,000000a4,0,00000,000f0f0f,xxxxxxxx,xxxxxxxx,00000000,00000000,0000000c,0000000c,0,00000,0,000c0000
2195000,1,000000a8,000000a4,000000a0,000000a0,0000009c,0360f809,000000a8,0,00000,000ff0f0,xxxxxxxx,xxxxxxxx,00000000,00000000,00000050,00000050,0,00000,0,00000050
2205000,1,000000a8,000000a4,000000a0,000000a0,000000a0,24010008,000000a8,0,00000,000ff00f,xxxxxxxx,xxxxxxxx,00000000,00000000,00000050,00000050,0,00000,0,00000050
2215000,1,00000050,000000a8,000000a4,000000a0,000000a0,24010008,00000050,0,00000,000fff00,xxxxxxxx,xxxxxxxx,00000000,00000000,00000050,00000050,0,00000,0,00000050
2225000,1,00000050,000000a8,000000a8,000000a4,000000a0,00411821,00000050,0,00000,000f0ff0,xxxxxxxx,xxxxxxxx,00000000,00000000,000000ac,000000ac,0,00000,0,00000000
2235000,1,00000054,00000050,000000a8,000000a8,000000a4,00411821,00000054,0,00000,000ff0ff,xxxxxxxx,xxxxxxxx,00000000,00000000,00000008,00000008,0,00000,0,00000008
2245000,1,00000054,00000050,00000050,000000a8,000000a8,00022082,00000054,0,00000,000f0f0f,xxxxxxxx,xxxxxxxx,00000000,00000000,00000008,00000008,0,00000,0,00000008
2255000,1,00000058,00000054,00000050,00000050,000000a8,00022082,00000058,0,00000,000ff0f0,xxxxxxxx,xxxxxxxx,00000000,00000000,00000018,00000018,0,00000,0,00000008
2265000,1,00000058,00000054,00000054,00000050,00000050,28990005,00000058,0,00000,000f0f0f,xxxxxxxx,xxxxxxxx,00000000,00000000,00000018,00000018,0,00000,0,00000008
2275000,1,0000005c,00000058,00000054,00000054,00000050,28990005,0000005c,0,00000,000ff0f0,xxxxxxxx,xxxxxxxx,00000000,00000000,00000004,00000004,0,00000,0,00000010
2285000,1,0000005c,00000058,00000058,00000054,00000054,0721000e,0000005c,0,00000,000f0f0f,xxxxxxxx,xxxxxxxx,00000000,00000000,00000004,00000004,0,00000,0,00000010
2295000,1,00000060,0000005c,00000058,00000058,00000054,0721000e,00000060,0,00000,000ff0f0,xxxxxxxx,xxxxxxxx,00000000,00000000,00000001,00000001,0,00000,0,00000100
2305000,1,00000060,0000005c,00000058,00000058,00000058,00642823,00000060,0,00000,000ff00f,xxxxxxxx,xxxxxxxx,00000000,00000000,00000001,00000001,0,00000,0,00000100
2315000,1,00000098,00000060,0000005c,00000058,00000058,00642823,00000098,0,00000,000fff00,xxxxxxxx,xxxxxxxx,00000000,00000000,00000001,00000001,0,00000,0,00000100
2325000,1,00000098,00000060,00000060,0000005c,00000058,3c0c000c,00000098,0,00000,000f0ff0,xxxxxxxx,xxxxxxxx,00000000,00000000,00000000,00000000,0,00000,0,00000008
2335000,1,0000009c,00000098,00000060,00000060,0000005c,3c0c000c,0000009c,0,00000,000ff0ff,xxxxxxxx,xxxxxxxx,00000000,00000000,00000014,00000014,0,00000,0,00000004
2345000,1,0000009c,00000098,00000098,00000060,00000060,004cd007,0000009c,0,00000,000f0f0f,xxxxxxxx,xxxxxxxx,00000000,00000000,00000014,00000014,0,00000,0,00000004
2355000,1,000000a0,0000009c,00000098,00000098,00000060,004cd007,000000a0,0,00000,000ff0f0,xxxxxxxx,xxxxxxxx,00000000,00000000,000c0000,000c0000,0,00000,0,000c0000
2365000,1,000000a0,0000009c,0000009c,00000098,00000098,275b0044,000000a0,0,00000,000f0f0f,xxxxxxxx,xxxxxxxx,00000000,00000000,000c0000,000c0000,0,00000,0,000c0000
2375000,1,000000a4,000000a0,0000009c,0000009c,00000098,275b0044,000000a4,0,00000,000ff0f0,xxxxxxxx,xxxxxxxx,00000000,00000000,0000000c,0000000c,0,00000,0,000c0000
2385000,1,000000a4,000000a0,000000a0,0000009c,0000009c,0360f809,000000a4,0,00000,000f0f0f,xxxxxxxx,xxxxxxxx,00000000,00000000,0000000c,0000000c,0,00000,0,000c0000
2395000,1,000000a8,000000a4,000000a0,000000a0,0000009c,0360f809,000000a8,0,00000,000ff0f0,xxxxxxxx,xxxxxxxx,00000000,00000000,00000050,00000050,0,00000,0,00000050
2405000,1,000000a8,000000a4,000000a0,000000a0,000000a0,24010008,000000a8,0,00000,000ff00f,xxxxxxxx,xxxxxxxx,00000000,00000000,00000050,00000050,0,00000,0,00000050
2415000,1,00000050,000000a8,000000a4,000000a0,000000a0,24010008,00000050,0,00000,000fff00,xxxxxxxx,xxxxxxxx,00000000,00000000,00000050,00000050,0,00000,0,00000050
2425000,1,00000050,000000a8,000000a8,000000a4,000000a0,00411821,00000050,0,00000,000f0ff0,xxxxxxxx,xxxxxxxx,00000000,00000000,000000ac,000000ac,0,00000,0,00000000
2435000,1,00000054,00000050,000000a8,000000a8,000000a4,00411821,00000054,0,00000,000ff0ff,xxxxxxxx,xxxxxxxx,00000000,00000000,00000008,00000008,0,00000,0,00000008
2445000,1,00000054,00000050,00000050,000000a8,000000a8,00022082,00000054,0,00000,000f0f0f,xxxxxxxx,xxxxxxxx,00000000,00000000,00000008,00000008,0,00000,0,00000008
2455000,1,00000058,00000054,00000050,00000050,000000a8,00022082,00000058,0,00000,000ff0f0,xxxxxxxx,xxxxxxxx,00000000,00000000,00000018,00000018,0,00000,0,00000008
2465000,1,00000058,00000054,00000054,00000050,00000050,28990005,00000058,0,00000,000f0f0f,xxxxxxxx,xxxxxxxx,00000000,00000000,00000018,00000018,0,00000,0,00000008
2475000,1,0000005c,00000058,00000054,00000054,00000050,28990005,0000005c,0,00000,000ff0f0,xxxxxxxx,xxxxxxxx,00000000,00000000,00000004,00000004,0,00000,0,00000010
2485000,1,0000005c,00000058,00000058,00000054,00000054,0721000e,0000005c,0,00000,000f0f0f,xxxxxxxx,xxxxxxxx,00000000,00000000,00000004,00000004,0,00000,0,00000010
2495000,1,00000060,0000005c,00000058,00000058,00000054,0721000e,00000060,0,00000,000ff0f0,xxxxxxxx,xxxxxxxx,00000000,00000000,00000001,00000001,0,00000,0,00000100
2505000,1,00000060,0000005c,00000058,00000058,00000058,00642823,00000060,0,00000,000ff00f,xxxxxxxx,xxxxxxxx,00000000,00000000,00000001,00000001,0,00000,0,00000100
2515000,1,00000098,00000060,0000005c,00000058,00000058,00642823,00000098,0,00000,000fff00,xxxxxxxx,xxxxxxxx,00000000,00000000,00000001,00000001,0,00000,0,00000100
2525000,1,00000098,00000060,00000060,0000005c,00000058,3c0c000c,00000098,0,00000,000f0ff0,xxxxxxxx,xxxxxxxx,00000000,00000000,00000000,00000000,0,00000,0,00000008
2535000,1,0000009c,00000098,00000060,00000060,0000005c,3c0c000c,0000009c,0,00000,000ff0ff,xxxxxxxx,xxxxxxxx,00000000,00000000,00000014,00000014,0,00000,0,00000004
2545000,1,0000009c,00000098,00000098,00000060,00000060,004cd007,0000009c,0,00000,000f0f0f,xxxxxxxx,xxxxxxxx,00000000,00000000,00000014,00000014,0,00000,0,00000004
2555000,1,000000a0,0000009c,00000098,00000098,00000060,004cd007,000000a0,0,00000,000ff0f0,xxxxxxxx,xxxxxxxx,00000000,00000000,000c0000,000c0000,0,00000,0,000c0000
2565000,1,000000a0,0000009c,0000009c,00000098,00000098,275b0044,000000a0,0,00000,000f0f0f,xxxxxxxx,xxxxxxxx,00000000,00000000,000c0000,000c0000,0,00000,0,000c0000
2575000,1,000000a4,000000a0,0000009c,0000009c,00000098,275b0044,000000a4,0,00000,000ff0f0,xxxxxxxx,xxxxxxxx,00000000,00000000,0000000c,0000000c,0,00000,0,000c0000
2585000,1,000000a4,000000a0,000000a0,0000009c,0000009c,0360f809,000000a4,0,00000,000f0f0f,xxxxxxxx,xxxxxxxx,00000000,00000000,0000000c,0000000c,0,00000,0,000c0000
2595000,1,000000a8,000000a4,000000a0,000000a0,0000009c,0360f809,000000a8,0,00000,000ff0f0,xxxxxxxx,xxxxxxxx,00000000,00000000,00000050,00000050,0,00000,0,00000050
2605000,1,000000a8,000000a4,000000a0,000000a0,000000a0,24010008,000000a8,0,00000,000ff00f,xxxxxxxx,xxxxxxxx,00000000,00000000,00000050,00000050,0,00000,0,00000050
2615000,1,00000050,000000a8,000000a4,000000a0,000000a0,24010008,00000050,0,00000,000fff00,xxxxxxxx,xxxxxxxx,00000000,00000000,00000050,00000050,0,00000,0,00000050
2625000,1,00000050,000000a8,000000a8,000000a4,000000a0,00411821,00000050,0,00000,000f0ff0,xxxxxxxx,xxxxxxxx,00000000,00000000,000000ac,000000ac,0,00000,0,00000000
2635000,1,00000054,00000050,000000a8,000000a8,000000a4,00411821,00000054,0,00000,000ff0ff,xxxxxxxx,xxxxxxxx,00000000,00000000,00000008,00000008,0,00000,0,00000008
2645000,1,00000054,00000050,00000050,000000a8,000000a8,00022082,00000054,0,00000,000f0f0f,xxxxxxxx,xxxxxxxx,00000000,00000000,00000008,00000008,0,00000,0,00000008
2655000,1,00000058,00000054,00000050,00000050,000000a8,00022082,00000058,0,00000,000ff0f0,xxxxxxxx,xxxxxxxx,00000000,00000000,00000018,00000018,0,00000,0,00000008
2665000,1,00000058,00000054,00000054,00000050,00000050,28990005,00000058,0,00000,000f0f0f,xxxxxxxx,xxxxxxxx,00000000,00000000,00000018,00000018,0,00000,0,00000008
2675000,1,0000005c,00000058,00000054,00000054,00000050,28990005,0000005c,0,00000,000ff0f0,xxxxxxxx,xxxxxxxx,00000000,00000000,00000004,00000004,0,00000,0,00000010
2685000,1,0000005c,00000058,00000058,00000054,00000054,0721000e,0000005c,0,00000,000f0f0f,xxxxxxxx,xxxxxxxx,00000000,00000000,00000004,00000004,0,00000,0,00000010
2695000,1,00000060,0000005c,00000058,00000058,00000054,0721000e,00000060,0,00000,000ff0f0,xxxxxxxx,xxxxxxxx,00000000,00000000,00000001,00000001,0,00000,0,00000100
2705000,1,00000060,0000005c,00000058,00000058,00000058,00642823,00000060,0,00000,000ff00f,xxxxxxxx,xxxxxxxx,00000000,00000000,00000001,00000001,0,00000,0,00000100
2715000,1,00000098,00000060,0000005c,00000058,00000058,00642823,00000098,0,00000,000fff00,xxxxxxxx,xxxxxxxx,00000000,00000000,00000001,00000001,0,00000,0,00000100
2725000,1,00000098,00000060,00000060,0000005c,00000058,3c0c000c,00000098,0,00000,000f0ff0,xxxxxxxx,xxxxxxxx,00000000,00000000,00000000,00000000,0,00000,0,00000008
2735000,1,0000009c,00000098,00000060,00000060,0000005c,3c0c000c,0000009c,0,00000,000ff0ff,xxxxxxxx,xxxxxxxx,00000000,00000000,00000014,00000014,0,00000,0,00000004
2745000,1,0000009c,00000098,00000098,00000060,00000060,004cd007,0000009c,0,00000,000f0f0f,xxxxxxxx,xxxxxxxx,00000000,00000000,00000014,00000014,0,00000,0,00000004
2755000,1,000000a0,0000009c,00000098,00000098,00000060,004cd007,000000a0,0,00000,000ff0f0,xxxxxxxx,xxxxxxxx,00000000,00000000,000c0000,000c0000,0,00000,0,000c0000
2765000,1,000000a0,0000009c,0000009c,00000098,00000098,275b0044,000000a0,0,00000,000f0f0f,xxxxxxxx,xxxxxxxx,00000000,00000000,000c0000,000c0000,0,00000,0,000c0000
2775000,1,000000a4,000000a0,0000009c,0000009c,00000098,275b0044,000000a4,0,00000,000ff0f0,xxxxxxxx,xxxxxxxx,00000000,00000000,0000000c,0000000c,0,00000,0,000c0000
2785000,1,000000a4,000000a0,000000a0,0000009c,0000009c,0360f809,000000a4,0,00000,000f0f0f,xxxxxxxx,xxxxxxxx,00000000,00000000,0000000c,0000000c,0,00000,0,000c0000
2795000,1,000000a8,000000a4,000000a0,000000a0,0000009c,0360f809,000000a8,0,00000,000ff0f0,xxxxxxxx,xxxxxxxx,00000000,00000000,00000050,00000050,0,00000,0,00000050
2805000,1,000000a8,000000a4,000000a0,000000a0,000000a0,24010008,000000a8,0,00000,000ff00f,xxxxxxxx,xxxxxxxx,00000000,00000000,00000050,00000050,0,00000,0,00000050
2815000,1,00000050,000000a8,000000a4,000000a0,000000a0,24010008,00000050,0,00000,000fff00,xxxxxxxx,xxxxxxxx,00000000,00000000,00000050,00000050,0,00000,0,00000050
2825000,1,00000050,000000a8,000000a8,000000a4,000000a0,00411821,00000050,0,00000,000f0ff0,xxxxxxxx,xxxxxxxx,00000000,00000000,000000ac,000000ac,0,00000,0,00000000
2835000,1,00000054,00000050,000000a8,000000a8,000000a4,00411821,00000054,0,00000,000ff0ff,xxxxxxxx,xxxxxxxx,00000000,00000000,00000008,00000008,0,00000,0,00000008
2845000,1,00000054,00000050,00000050,000000a8,000000a8,00022082,00000054,0,00000,000f0f0f,xxxxxxxx,xxxxxxxx,00000000,00000000,00000008,00000008,0,00000,0,00000008
2855000,1,00000058,00000054,00000050,00000050,000000a8,00022082,00000058,0,00000,000ff0f0,xxxxxxxx,xxxxxxxx,00000000,00000000,00000018,00000018,0,00000,0,00000008
2865000,1,00000058,00000054,00000054,00000050,00000050,28990005,00000058,0,00000,000f0f0f,xxxxxxxx,xxxxxxxx,00000000,00000000,00000018,00000018,0,00000,0,00000008
2875000,1,0000005c,00000058,00000054,00000054,00000050,28990005,0000005c,0,00000,000ff0f0,xxxxxxxx,xxxxxxxx,00000000,00000000,00000004,00000004,0,00000,0,00000010
2885000,1,0000005c,00000058,00000058,00000054,00000054,0721000e,0000005c,0,00000,000f0f0f,xxxxxxxx,xxxxxxxx,00000000,00000000,00000004,00000004,0,00000,0,00000010
2895000,1,00000060,0000005c,00000058,00000058,00000054,0721000e,00000060,0,00000,000ff0f0,xxxxxxxx,xxxxxxxx,00000000,00000000,00000001,00000001,0,00000,0,00000100
2905000,1,00000060,0000005c,00000058,00000058,00000058,00642823,00000060,0,00000,000ff00f,xxxxxxxx,xxxxxxxx,00000000,00000000,00000001,00000001,0,00000,0,00000100
2915000,1,00000098,00000060,0000005c,00000058,00000058,00642823,00000098,0,00000,000fff00,xxxxxxxx,xxxxxxxx,00000000,00000000,00000001,00000001,0,00000,0,00000100
2925000,1,00000098,00000060,00000060,0000005c,00000058,3c0c000c,00000098,0,00000,000f0ff0,xxxxxxxx,xxxxxxxx,00000000,00000000,00000000,00000000,0,00000,0,00000008
2935000,1,0000009c,00000098,00000060,00000060,0000005c,3c0c000c,0000009c,0,00000,000ff0ff,xxxxxxxx,xxxxxxxx,00000000,00000000,00000014,00000014,0,00000,0,00000004
2945000,1,0000009c,00000098,00000098,00000060,00000060,004cd007,0000009c,0,00000,000f0f0f,xxxxxxxx,xxxxxxxx,00000000,00000000,00000014,00000014,0,00000,0,00000004
2955000,1,000000a0,0000009c,00000098,00000098,00000060,004cd007,000000a0,0,00000,000ff0f0,xxxxxxxx,xxxxxxxx,00000000,00000000,000c0000,000c0000,0,00000,0,000c0000
2965000,1,000000a0,0000009c,0000009c,00000098,00000098,275b0044,000000a0,0,00000,000f0f0f,xxxxxxxx,xxxxxxxx,00000000,00000000,000c0000,000c0000,0,00000,0,000c0000
2975000,1,000000a4,000000a0,0000009c,0000009c,00000098,275b0044,000000a4,0,00000,000ff0f0,xxxxxxxx,xxxxxxxx,00000000,00000000,0000000c,0000000c,0,00000,0,000c0000
2985000,1,000000a4,000000a0,000000a0,0000009c,0000009c,0360f809,000000a4,0,00000,000f0f0f,xxxxxxxx,xxxxxxxx,00000000,00000000,0000000c,0000000c,0,00000,0,000c0000
2995000,1,000000a8,000000a4,000000a0,000000a0,0000009c,0360f809,000000a8,0,00000,000ff0f0,xxxxxxxx,xxxxxxxx,00000000,00000000,00000050,00000050,0,00000,0,00000050
3005000,1,000000a8,000000a4,000000a0,000000a0,000000a0,24010008,000000a8,0,00000,000ff00f,xxxxxxxx,xxxxxxxx,00000000,00000000,00000050,00000050,0,00000,0,00000050
3015000,1,00000050,000000a8,000000a4,000000a0,000000a0,24010008,00000050,0,00000,000fff00,xxxxxxxx,xxxxxxxx,00000000,00000000,00000050,00000050,0,00000,0,00000050
3025000,1,00000050,000000a8,000000a8,000000a4,000000a0,00411821,00000050,0,00000,000f0ff0,xxxxxxxx,xxxxxxxx,00000000,00000000,000000ac,000000ac,0,00000,0,00000000
3035000,1,00000054,00000050,000000a8,000000a8,000000a4,00411821,00000054,0,00000,000ff0ff,xxxxxxxx,xxxxxxxx,00000000,00000000,00000008,00000008,0,00000,0,00000008
3045000,1,00000054,00000050,00000050,000000a8,000000a8,00022082,00000054,0,00000,000f0f0f,xxxxxxxx,xxxxxxxx,00000000,00000000,00000008,00000008,0,00000,0,00000008
3055000,1,00000058,00000054,00000050,00000050,000000a8,00022082,00000058,0,00000,000ff0f0,xxxxxxxx,xxxxxxxx,00000000,00000000,00000018,00000018,0,00000,0,00000008
3065000,1,00000058,00000054,00000054,00000050,00000050,28990005,00000058,0,00000,000f0f0f,xxxxxxxx,xxxxxxxx,00000000,00000000,00000018,00000018,0,00000,0,00000008
3075000,1,0000005c,00000058,00000054,00000054,00000050,28990005,0000005c,0,00000,000ff0f0,xxxxxxxx,xxxxxxxx,00000000,00000000,00000004,00000004,0,00000,0,00000010
3085000,1,0000005c,00000058,00000058,00000054,00000054,0721000e,0000005c,0,00000,000f0f0f,xxxxxxxx,xxxxxxxx,00000000,00000000,00000004,00000004,0,00000,0,00000010
3095000,1,00000060,0000005c,00000058,00000058,00000054,0721000e,00000060,0,00000,000ff0f0,xxxxxxxx,xxxxxxxx,00000000,00000000,00000001,00000001,0,00000,0,00000100
3105000,1,00000060,0000005c,00000058,00000058,00000058,00642823,00000060,0,00000,000ff00f,xxxxxxxx,xxxxxxxx,00000000,00000000,00000001,00000001,0,00000,0,00000100
3115000,1,00000098,00000060,0000005c,00000058,00000058,00642823,00000098,0,00000,000fff00,xxxxxxxx,xxxxxxxx,00000000,00000000,00000001,00000001,0,00000,0,00000100
3125000,1,00000098,00000060,00000060,0000005c,00000058,3c0c000c,00000098,0,00000,000f0ff0,xxxxxxxx,xxxxxxxx,00000000,00000000,00000000,00000000,0,00000,0,00000008
3135000,1,0000009c,00000098,00000060,00000060,0000005c,3c0c000c,0000009c,0,00000,000ff0ff,xxxxxxxx,xxxxxxxx,00000000,00000000,00000014,00000014,0,00000,0,00000004
3145000,1,0000009c,00000098,00000098,00000060,00000060,004cd007,0000009c,0,00000,000f0f0f,xxxxxxxx,xxxxxxxx,00000000,00000000,00000014,00000014,0,00000,0,00000004
3155000,1,000000a0,0000009c,00000098,00000098,00000060,004cd007,000000a0,0,00000,000ff0f0,xxxxxxxx,xxxxxxxx,00000000,00000000,000c0000,000c0000,0,00000,0,000c0000
3165000,1,000000a0,0000009c,0000009c,00000098,00000098,275b0044,000000a0,0,00000,000f0f0f,xxxxxxxx,xxxxxxxx,00000000,00000000,000c0000,000c0000,0,00000,0,000c0000
3175000,1,000000a4,000000a0,0000009c,0000009c,00000098,275b0044,000000a4,0,00000,000ff0f0,xxxxxxxx,xxxxxxxx,00000000,00000000,0000000c,0000000c,0,00000,0,000c0000
3185000,1,000000a4,000000a0,000000a0,0000009c,0000009c,0360f809,000000a4,0,00000,000f0f0f,xxxxxxxx,xxxxxxxx,00000000,00000000,0000000c,0000000c,0,00000,0,000c0000
3195000,1,000000a8,000000a4,000000a0,000000a0,0000009c,0360f809,000000a8,0,00000,000ff0f0,xxxxxxxx,xxxxxxxx,00000000,00000000,00000050,00000050,0,00000,0,00000050
3205000,1,000000a8,000000a4,000000a0,000000a0,000000a0,24010008,000000a8,0,00000,000ff00f,xxxxxxxx,xxxxxxxx,00000000,00000000,00000050,00000050,0,00000,0,00000050
3215000,1,00000050,000000a8,000000a4,000000a0,000000a0,24010008,00000050,0,00000,000fff00,xxxxxxxx,xxxxxxxx,00000000,00000000,00000050,00000050,0,00000,0,00000050
3225000,1,00000050,000000a8,000000a8,000000a4,000000a0,00411821,00000050,0,00000,000f0ff0,xxxxxxxx,xxxxxxxx,00000000,00000000,000000ac,000000ac,0,00000,0,00000000
3235000,1,00000054,00000050,000000a8,000000a8,000000a4,00411821,00000054,0,00000,000ff0ff,xxxxxxxx,xxxxxxxx,00000000,00000000,00000008,00000008,0,00000,0,00000008
3245000,1,00000054,00000050,00000050,000000a8,000000a8,00022082,00000054,0,00000,000f0f0f,xxxxxxxx,xxxxxxxx,00000000,00000000,00000008,00000008,0,00000,0,00000008
3255000,1,00000058,00000054,00000050,00000050,000000a8,00022082,00000058,0,00000,000ff0f0,xxxxxxxx,xxxxxxxx,00000000,00000000,00000018,00000018,0,00000,0,00000008
3265000,1,00000058,00000054,00000054,00000050,00000050,28990005,00000058,0,00000,000f0f0f,xxxxxxxx,xxxxxxxx,00000000,00000000,00000018,00000018,0,00000,0,00000008
3275000,1,0000005c,00000058,00000054,00000054,00000050,28990005,0000005c,0,00000,000ff0f0,xxxxxxxx,xxxxxxxx,00000000,00000000,00000004,00000004,0,00000,0,00000010
3285000,1,0000005c,00000058,00000058,00000054,00000054,0721000e,0000005c,0,00000,000f0f0f,xxxxxxxx,xxxxxxxx,00000000,00000000,00000004,00000004,0,00000,0,00000010
3295000,1,00000060,0000005c,00000058,00000058,00000054,0721000e,00000060,0,00000,000ff0f0,xxxxxxxx,xxxxxxxx,00000000,00000000,00000001,00000001,0,00000,0,00000100
3305000,1,00000060,0000005c,00000058,00000058,00000058,00642823,00000060,0,00000,000ff00f,xxxxxxxx,xxxxxxxx,00000000,00000000,00000001,00000001,0,00000,0,00000100
3315000,1,00000098,00000060,0000005c,00000058,00000058,00642823,00000098,0,00000,000fff00,xxxxxxxx,xxxxxxxx,00000000,00000000,00000001,00000001,0,00000,0,00000100
3325000,1,00000098,00000060,00000060,0000005c,00000058,3c0c000c,00000098,0,00000,000f0ff0,xxxxxxxx,xxxxxxxx,00000000,00000000,00000000,00000000,0,00000,0,00000008
3335000,1,0000009c,00000098,00000060,00000060,0000005c,3c0c000c,0000009c,0,00000,000ff0ff,xxxxxxxx,xxxxxxxx,00000000,00000000,00000014,00000014,0,00000,0,00000004
3345000,1,0000009c,00000098,00000098,00000060,00000060,004cd007,0000009c,0,00000,000f0f0f,xxxxxxxx,xxxxxxxx,00000000,00000000,00000014,00000014,0,00000,0,00000004
3355000,1,000000a0,0000009c,00000098,00000098,00000060,004cd007,000000a0,0,00000,000ff0f0,xxxxxxxx,xxxxxxxx,00000000,00000000,000c0000,000c0000,0,00000,0,000c0000
3365000,1,000000a0,0000009c,0000009c,00000098,00000098,275b0044,000000a0,0,00000,000f0f0f,xxxxxxxx,xxxxxxxx,00000000,00000000,000c0000,000c0000,0,00000,0,000c0000
3375000,1,000000a4,000000a0,0000009c,0000009c,00000098,275b0044,000000a4,0,00000,000ff0f0,xxxxxxxx,xxxxxxxx,00000000,00000000,0000000c,0000000c,0,00000,0,000c0000
3385000,1,000000a4,000000a0,000000a0,0000009c,0000009c,0360f809,000000a4,0,00000,000f0f0f,xxxxxxxx,xxxxxxxx,00000000,00000000,0000000c,0000000c,0,00000,0,000c0000
3395000,1,000000a8,000000a4,000000a0,000000a0,0000009c,0360f809,000000a8,0,00000,000ff0f0,xxxxxxxx,xxxxxxxx,00000000,00000000,00000050,00000050,0,00000,0,00000050
3405000,1,000000a8,000000a4,000000a0,000000a0,000000a0,24010008,000000a8,0,00000,000ff00f,xxxxxxxx,xxxxxxxx,00000000,00000000,00000050,00000050,0,00000,0,00000050
3415000,1,00000050,000000a8,000000a4,000000a0,000000a0,24010008,00000050,0,00000,000fff00,xxxxxxxx,xxxxxxxx,00000000,00000000,00000050,00000050,0,00000,0,00000050
3425000,1,00000050,000000a8,000000a8,000000a4,000000a0,00411821,00000050,0,00000,000f0ff0,xxxxxxxx,xxxxxxxx,00000000,00000000,000000ac,000000ac,0,00000,0,00000000
3435000,1,00000054,00000050,000000a8,000000a8,000000a4,00411821,00000054,0,00000,000ff0ff,xxxxxxxx,xxxxxxxx,00000000,00000000,00000008,00000008,0,00000,0,00000008
3445000,1,00000054,00000050,00000050,000000a8,000000a8,00022082,00000054,0,00000,000f0f0f,xxxxxxxx,xxxxxxxx,00000000,00000000,00000008,00000008,0,00000,0,00000008
3455000,1,00000058,00000054,00000050,00000050,000000a8,00022082,00000058,0,00000,000ff0f0,xxxxxxxx,xxxxxxxx,00000000,00000000,00000018,00000018,0,00000,0,00000008
3465000,1,00000058,00000054,00000054,00000050,00000050,28990005,00000058,0,00000,000f0f0f,xxxxxxxx,xxxxxxxx,00000000,00000000,00000018,00000018,0,00000,0,00000008
3475000,1,0000005c,00000058,00000054,00000054,00000050,28990005,0000005c,0,00000,000ff0f0,xxxxxxxx,xxxxxxxx,00000000,00000000,00000004,00000004,0,00000,0,00000010
3485000,1,0000005c,00000058,00000058,00000054,00000054,0721000e,0000005c,0,00000,000f0f0f,xxxxxxxx,xxxxxxxx,00000000,00000000,00000004,00000004,0,00000,0,00000010
3495000,1,00000060,0000005c,00000058,00000058,00000054,0721000e,00000060,0,00000,000ff0f0,xxxxxxxx,xxxxxxxx,00000000,00000000,00000001,00000001,0,00000,0,00000100
3505000,1,00000060,0000005c,00000058,00000058,00000058,00642823,00000060,0,00000,000ff00f,xxxxxxxx,xxxxxxxx,00000000,00000000,00000001,00000001,0,00000,0,00000100
3515000,1,00000098,00000060,0000005c,00000058,00000058,00642823,00000098,0,00000,000fff00,xxxxxxxx,xxxxxxxx,00000000,00000000,00000001,00000001,0,00000,0,00000100
3525000,1,00000098,00000060,00000060,0000005c,00000058,3c0c000c,00000098,0,00000,000f0ff0,xxxxxxxx,xxxxxxxx,00000000,00000000,00000000,00000000,0,00000,0,00000008
3535000,1,0000009c,00000098,00000060,00000060,0000005c,3c0c000c,0000009c,0,00000,000ff0ff,xxxxxxxx,xxxxxxxx,00000000,00000000,00000014,00000014,0,00000,0,00000004
3545000,1,0000009c,00000098,00000098,00000060,00000060,004cd007,0000009c,0,00000,000f0f0f,xxxxxxxx,xxxxxxxx,00000000,00000000,00000014,00000014,0,00000,0,00000004
3555000,1,000000a0,0000009c,00000098,00000098,00000060,004cd007,000000a0,0,00000,000ff0f0,xxxxxxxx,xxxxxxxx,00000000,00000000,000c0000,000c0000,0,00000,0,000c0000
3565000,1,000000a0,0000009c,0000009c,00000098,00000098,275b0044,000000a0,0,00000,000f0f0f,xxxxxxxx,xxxxxxxx,00000000,00000000,000c0000,000c0000,0,00000,0,000c0000
3575000,1,000000a4,000000a0,0000009c,0000009c,00000098,275b0044,000000a4,0,00000,000ff0f0,xxxxxxxx,xxxxxxxx,00000000,00000000,0000000c,0000000c,0,00000,0,000c0000
3585000,1,000000a4,000000a0,000000a0,0000009c,0000009c,0360f809,000000a4,0,00000,000f0f0f,xxxxxxxx,xxxxxxxx,00000000,00000000,0000000c,0000000c,0,00000,0,000c0000
3595000,1,000000a8,000000a4,000000a0,000000a0,0000009c,0360f809,000000a8,0,00000,000ff0f0,xxxxxxxx,xxxxxxxx,00000000,00000000,00000050,00000050,0,00000,0,00000050
3605000,1,000000a8,000000a4,000000a0,000000a0,000000a0,24010008,000000a8,0,00000,000ff00f,xxxxxxxx,xxxxxxxx,00000000,00000000,00000050,00000050,0,00000,0,00000050
3615000,1,00000050,000000a8,000000a4,000000a0,000000a0,24010008,00000050,0,00000,000fff00,xxxxxxxx,xxxxxxxx,00000000,00000000,00000050,00000050,0,00000,0,00000050
3625000,1,00000050,000000a8,000000a8,000000a4,000000a0,00411821,00000050,0,00000,000f0ff0,xxxxxxxx,xxxxxxxx,00000000,00000000,000000ac,000000ac,0,00000,0,00000000
3635000,1,00000054,00000050,000000a8,000000a8,000000a4,00411821,00000054,0,00000,000ff0ff,xxxxxxxx,xxxxxxxx,00000000,00000000,00000008,00000008,0,00000,0,00000008
3645000,1,00000054,00000050,00000050,000000a8,000000a8,00022082,00000054,0,00000,000f0f0f,xxxxxxxx,xxxxxxxx,00000000,00000000,00000008,00000008,0,00000,0,00000008
3655000,1,00000058,00000054,00000050,00000050,000000a8,00022082,00000058,0,00000,000ff0f0,xxxxxxxx,xxxxxxxx,00000000,00000000,00000018,00000018,0,00000,0,00000008
3665000,1,00000058,00000054,00000054,00000050,00000050,28990005,00000058,0,00000,000f0f0f,xxxxxxxx,xxxxxxxx,00000000,00000000,00000018,00000018,0,00000,0,00000008
3675000,1,0000005c,00000058,00000054,00000054,00000050,28990005,0000005c,0,00000,000ff0f0,xxxxxxxx,xxxxxxxx,00000000,00000000,00000004,00000004,0,00000,0,00000010
3685000,1,0000005c,00000058,00000058,00000054,00000054,0721000e,0000005c,0,00000,000f0f0f,xxxxxxxx,xxxxxxxx,00000000,00000000,00000004,00000004,0,00000,0,00000010
3695000,1,00000060,0000005c,00000058,00000058,00000054,0721000e,00000060,0,00000,000ff0f0,xxxxxxxx,xxxxxxxx,00000000,00000000,00000001,00000001,0,00000,0,00000100
3705000,1,00000060,0000005c,00000058,00000058,00000058,00642823,00000060,0,00000,000ff00f,xxxxxxxx,xxxxxxxx,00000000,00000000,00000001,00000001,0,00000,0,00000100
3715000,1,00000098,00000060,0000005c,00000058,00000058,00642823,00000098,0,00000,000fff00,xxxxxxxx,xxxxxxxx,00000000,00000000,00000001,00000001,0,00000,0,00000100
3725000,1,00000098,00000060,00000060,0000005c,00000058,3c0c000c,00000098,0,00000,000f0ff0,xxxxxxxx,xxxxxxxx,00000000,00000000,00000000,00000000,0,00000,0,00000008
3735000,1,0000009c,00000098,00000060,00000060,0000005c,3c0c000c,0000009c,0,00000,000ff0ff,xxxxxxxx,xxxxxxxx,00000000,00000000,00000014,00000014,0,00000,0,00000004
3745000,1,0000009c,00000098,00000098,00000060,00000060,004cd007,0000009c,0,00000,000f0f0f,xxxxxxxx,xxxxxxxx,00000000,00000000,00000014,00000014,0,00000,0,00000004
3755000,1,000000a0,0000009c,00000098,00000098,00000060,004cd007,000000a0,0,00000,000ff0f0,xxxxxxxx,xxxxxxxx,00000000,00000000,000c0000,000c0000,0,00000,0,000c0000
3765000,1,000000a0,0000009c,0000009c,00000098,00000098,275b0044,000000a0,0,00000,000f0f0f,xxxxxxxx,xxxxxxxx,00000000,00000000,000c0000,000c0000,0,00000,0,000c0000
3775000,1,000000a4,000000a0,0000009c,0000009c,00000098,275b0044,000000a4,0,00000,000ff0f0,xxxxxxxx,xxxxxxxx,00000000,00000000,0000000c,0000000c,0,00000,0,000c0000
3785000,1,000000a4,000000a0,000000a0,0000009c,0000009c,0360f809,000000a4,0,00000,000f0f0f,xxxxxxxx,xxxxxxxx,00000000,00000000,0000000c,0000000c,0,00000,0,000c0000
3795000,1,000000a8,000000a4,000000a0,000000a0,0000009c,0360f809,000000a8,0,00000,000ff0f0,xxxxxxxx,xxxxxxxx,00000000,00000000,00000050,00000050,0,00000,0,00000050
3805000,1,000000a8,000000a4,000000a0,000000a0,000000a0,24010008,000000a8,0,00000,000ff00f,xxxxxxxx,xxxxxxxx,00000000,00000000,00000050,00000050,0,00000,0,00000050
3815000,1,00000050,000000a8,000000a4,000000a0,000000a0,24010008,00000050,0,00000,000fff00,xxxxxxxx,xxxxxxxx,00000000,00000000,00000050,00000050,0,00000,0,00000050
3825000,1,00000050,000000a8,000000a8,000000a4,000000a0,00411821,00000050,0,00000,000f0ff0,xxxxxxxx,xxxxxxxx,00000000,00000000,000000ac,000000ac,0,00000,0,00000000
3835000,1,00000054,00000050,000000a8,000000a8,000000a4,00411821,00000054,0,00000,000ff0ff,xxxxxxxx,xxxxxxxx,00000000,00000000,00000008,00000008,0,00000,0,00000008
3845000,1,00000054,00000050,00000050,000000a8,000000a8,00022082,00000054,0,00000,000f0f0f,xxxxxxxx,xxxxxxxx,00000000,00000000,00000008,00000008,0,00000,0,00000008
3855000,1,00000058,00000054,00000050,00000050,000000a8,00022082,00000058,0,00000,000ff0f0,xxxxxxxx,xxxxxxxx,00000000,00000000,00000018,00000018,0,00000,0,00000008
3865000,1,00000058,00000054,00000054,00000050,00000050,28990005,00000058,0,00000,000f0f0f,xxxxxxxx,xxxxxxxx,00000000,00000000,00000018,00000018,0,00000,0,00000008
3875000,1,0000005c,00000058,00000054,00000054,00000050,28990005,0000005c,0,00000,000ff0f0,xxxxxxxx,xxxxxxxx,00000000,00000000,00000004,00000004,0,00000,0,00000010
3885000,1,0000005c,00000058,00000058,00000054,00000054,0721000e,0000005c,0,00000,000f0f0f,xxxxxxxx,xxxxxxxx,00000000,00000000,00000004,00000004,0,00000,0,00000010
3895000,1,00000060,0000005c,00000058,00000058,00000054,0721000e,00000060,0,00000,000ff0f0,xxxxxxxx,xxxxxxxx,00000000,00000000,00000001,00000001,0,00000,0,00000100
3905000,1,00000060,0000005c,00000058,00000058,00000058,00642823,00000060,0,00000,000ff00f,xxxxxxxx,xxxxxxxx,00000000,00000000,00000001,00000001,0,00000,0,00000100
3915000,1,00000098,00000060,0000005c,00000058,00000058,00642823,00000098,0,00000,000fff00,xxxxxxxx,xxxxxxxx,00000000,00000000,00000001,00000001,0,00000,0,00000100
3925000,1,00000098,00000060,00000060,0000005c,00000058,3c0c000c,00000098,0,00000,000f0ff0,xxxxxxxx,xxxxxxxx,00000000,00000000,00000000,00000000,0,00000,0,00000008
3935000,1,0000009c,00000098,00000060,00000060,0000005c,3c0c000c,0000009c,0,00000,000ff0ff,xxxxxxxx,xxxxxxxx,00000000,00000000,00000014,00000014,0,00000,0,00000004
3945000,1,0000009c,00000098,00000098,00000060,00000060,004cd007,0000009c,0,00000,000f0f0f,xxxxxxxx,xxxxxxxx,00000000,00000000,00000014,00000014,0,00000,0,00000004
3955000,1,000000a0,0000009c,00000098,00000098,00000060,004cd007,000000a0,0,00000,000ff0f0,xxxxxxxx,xxxxxxxx,00000000,00000000,000c0000,000c0000,0,00000,0,000c0000
3965000,1,000000a0,0000009c,0000009c,00000098,00000098,275b0044,000000a0,0,00000,000f0f0f,xxxxxxxx,xxxxxxxx,00000000,00000000,000c0000,000c0000,0,00000,0,000c0000
3975000,1,000000a4,000000a0,0000009c,0000009c,00000098,275b0044,000000a4,0,00000,000ff0f0,xxxxxxxx,xxxxxxxx,00000000,00000000,0000000c,0000000c,0,00000,0,000c0000
3985000,1,000000a4,000000a0,000000a0,0000009c,0000009c,0360f809,000000a4,0,00000,000f0f0f,xxxxxxxx,xxxxxxxx,00000000,00000000,0000000c,0000000c,0,00000,0,000c0000
3995000,1,000000a8,000000a4,000000a0,000000a0,0000009c,0360f809,000000a8,0,00000,000ff0f0,xxxxxxxx,xxxxxxxx,00000000,00000000,00000050,00000050,0,00000,0,00000050
4005000,1,000000a8,000000a4,000000a0,000000a0,000000a0,24010008,000000a8,0,00000,000ff00f,xxxxxxxx,xxxxxxxx,00000000,00000000,00000050,00000050,0,00000,0,00000050
4015000,1,00000050,000000a8,000000a4,000000a0,000000a0,24010008,00000050,0,00000,000fff00,xxxxxxxx,xxxxxxxx,00000000,00000000,00000050,00000050,0,00000,0,00000050
4025000,1,00000050,000000a8,000000a8,000000a4,000000a0,00411821,00000050,0,00000,000f0ff0,xxxxxxxx,xxxxxxxx,00000000,00000000,000000ac,000000ac,0,00000,0,00000000
4035000,1,00000054,00000050,000000a8,000000a8,000000a4,00411821,00000054,0,00000,000ff0ff,xxxxxxxx,xxxxxxxx,00000000,00000000,00000008,00000008,0,00000,0,00000008
4045000,1,00000054,00000050,00000050,000000a8,000000a8,00022082,00000054,0,00000,000f0f0f,xxxxxxxx,xxxxxxxx,00000000,00000000,00000008,00000008,0,00000,0,00000008
4055000,1,00000058,00000054,00000050,00000050,000000a8,00022082,00000058,0,00000,000ff0f0,xxxxxxxx,xxxxxxxx,00000000,00000000,00000018,00000018,0,00000,0,00000008
4065000,1,00000058,00000054,00000054,00000050,00000050,28990005,00000058,0,00000,000f0f0f,xxxxxxxx,xxxxxxxx,00000000,00000000,00000018,00000018,0,00000,0,00000008
4075000,1,0000005c,00000058,00000054,00000054,00000050,28990005,0000005c,0,00000,000ff0f0,xxxxxxxx,xxxxxxxx,00000000,00000000,00000004,00000004,0,00000,0,00000010
4085000,1,0000005c,00000058,00000058,00000054,00000054,0721000e,0000005c,0,00000,000f0f0f,xxxxxxxx,xxxxxxxx,00000000,00000000,00000004,00000004,0,00000,0,00000010
4095000,1,00000060,0000005c,00000058,00000058,00000054,0721000e,00000060,0,00000,000ff0f0,xxxxxxxx,xxxxxxxx,00000000,00000000,00000001,00000001,0,00000,0,00000100
4105000,1,00000060,0000005c,00000058,00000058,00000058,00642823,00000060,0,00000,000ff00f,xxxxxxxx,xxxxxxxx,00000000,00000000,00000001,00000001,0,00000,0,00000100
4115000,1,00000098,00000060,0000005c,00000058,00000058,00642823,00000098,0,00000,000fff00,xxxxxxxx,xxxxxxxx,00000000,00000000,00000001,00000001,0,00000,0,00000100
4125000,1,00000098,00000060,00000060,0000005c,00000058,3c0c000c,00000098,0,00000,000f0ff0,xxxxxxxx,xxxxxxxx,00000000,00000000,00000000,00000000,0,00000,0,00000008
4135000,1,0000009c,00000098,00000060,00000060,0000005c,3c0c000c,0000009c,0,00000,000ff0ff,xxxxxxxx,xxxxxxxx,00000000,00000000,00000014,00000014,0,00000,0,00000004
4145000,1,0000009c,00000098,00000098,00000060,00000060,004cd007,0000009c,0,00000,000f0f0f,xxxxxxxx,xxxxxxxx,00000000,00000000,00000014,00000014,0,00000,0,00000004
4155000,1,000000a0,0000009c,00000098,00000098,00000060,004cd007,000000a0,0,00000,000ff0f0,xxxxxxxx,xxxxxxxx,00000000,00000000,000c0000,000c0000,0,00000,0,000c0000
4165000,1,000000a0,0000009c,0000009c,00000098,00000098,275b0044,000000a0,0,00000,000f0f0f,xxxxxxxx,xxxxxxxx,00000000,00000000,000c0000,000c0000,0,00000,0,000c0000
4175000,1,000000a4,000000a0,0000009c,0000009c,00000098,275b0044,000000a4,0,00000,000ff0f0,xxxxxxxx,xxxxxxxx,00000000,00000000,0000000c,0000000c,0,00000,0,000c0000
4185000,1,000000a4,000000a0,000000a0,0000009c,0000009c,0360f809,000000a4,0,00000,000f0f0f,xxxxxxxx,xxxxxxxx,00000000,00000000,0000000c,0000000c,0,00000,0,000c0000
4195000,1,000000a8,000000a4,000000a0,000000a0,0000009c,0360f809,000000a8,0,00000,000ff0f0,xxxxxxxx,xxxxxxxx,00000000,00000000,00000050,00000050,0,00000,0,00000050
4205000,1,000000a8,000000a4,000000a0,000000a0,000000a0,24010008,000000a8,0,00000,000ff00f,xxxxxxxx,xxxxxxxx,00000000,00000000,00000050,00000050,0,00000,0,00000050
4215000,1,00000050,000000a8,000000a4,000000a0,000000a0,24010008,00000050,0,00000,000fff00,xxxxxxxx,xxxxxxxx,00000000,00000000,00000050,00000050,0,00000,0,00000050
4225000,1,00000050,000000a8,000000a8,000000a4,000000a0,00411821,00000050,0,00000,000f0ff0,xxxxxxxx,xxxxxxxx,00000000,00000000,000000ac,000000ac,0,00000,0,00000000
4235000,1,00000054,00000050,000000a8,000000a8,000000a4,00411821,00000054,0,00000,000ff0ff,xxxxxxxx,xxxxxxxx,00000000,00000000,00000008,00000008,0,00000,0,00000008
4245000,1,00000054,00000050,00000050,000000a8,000000a8,00022082,00000054,0,00000,000f0f0f,xxxxxxxx,xxxxxxxx,00000000,00000000,00000008,00000008,0,00000,0,00000008
4255000,1,00000058,00000054,00000050,00000050,000000a8,00022082,00000058,0,00000,000ff0f0,xxxxxxxx,xxxxxxxx,00000000,00000000,00000018,00000018,0,00000,0,00000008
4265000,1,00000058,00000054,00000054,00000050,00000050,28990005,00000058,0,00000,000f0f0f,xxxxxxxx,xxxxxxxx,00000000,00000000,00000018,00000018,0,00000,0,00000008
4275000,1,0000005c,00000058,00000054,00000054,00000050,28990005,0000005c,0,00000,000ff0f0,xxxxxxxx,xxxxxxxx,00000000,00000000,00000004,00000004,0,00000,0,00000010
4285000,1,0000005c,00000058,00000058,00000054,00000054,0721000e,0000005c,0,00000,000f0f0f,xxxxxxxx,xxxxxxxx,00000000,00000000,00000004,00000004,0,00000,0,00000010
4295000,1,00000060,0000005c,00000058,00000058,00000054,0721000e,00000060,0,00000,000ff0f0,xxxxxxxx,xxxxxxxx,00000000,00000000,00000001,00000001,0,00000,0,00000100
4305000,1,00000060,0000005c,00000058,00000058,00000058,00642823,00000060,0,00000,000ff00f,xxxxxxxx,xxxxxxxx,00000000,00000000,00000001,00000001,0,00000,0,00000100
4315000,1,00000098,00000060,0000005c,00000058,00000058,00642823,00000098,0,00000,000fff00,xxxxxxxx,xxxxxxxx,00000000,00000000,00000001,00000001,0,00000,0,00000100
4325000,1,00000098,00000060,00000060,0000005c,00000058,3c0c000c,00000098,0,00000,000f0ff0,xxxxxxxx,xxxxxxxx,00000000,00000000,00000000,00000000,0,00000,0,00000008
4335000,1,0000009c,00000098,00000060,00000060,0000005c,3c0c000c,0000009c,0,00000,000ff0ff,xxxxxxxx,xxxxxxxx,00000000,00000000,00000014,00000014,0,00000,0,00000004
4345000,1,0000009c,00000098,00000098,00000060,00000060,004cd007,0000009c,0,00000,000f0f0f,xxxxxxxx,xxxxxxxx,00000000,00000000,00000014,00000014,0,00000,0,00000004
4355000,1,000000a0,0000009c,00000098,00000098,00000060,004cd007,000000a0,0,00000,000ff0f0,xxxxxxxx,xxxxxxxx,00000000,00000000,000c0000,000c0000,0,00000,0,000c0000
4365000,1,000000a0,0000009c,0000009c,00000098,00000098,275b0044,000000a0,0,00000,000f0f0f,xxxxxxxx,xxxxxxxx,00000000,00000000,000c0000,000c0000,0,00000,0,000c0000
4375000,1,000000a4,000000a0,0000009c,0000009c,00000098,275b0044,000000a4,0,00000,000ff0f0,xxxxxxxx,xxxxxxxx,00000000,00000000,0000000c,0000000c,0,00000,0,000c0000
4385000,1,000000a4,000000a0,000000a0,0000009c,0000009c,0360f809,000000a4,0,00000,000f0f0f,xxxxxxxx,xxxxxxxx,00000000,00000000,0000000c,0000000c,0,00000,0,000c0000
4395000,1,000000a8,000000a4,000000a0,000000a0,0000009c,0360f809,000000a8,0,00000,000ff0f0,xxxxxxxx,xxxxxxxx,00000000,00000000,00000050,00000050,0,00000,0,00000050
4405000,1,000000a8,000000a4,000000a0,000000a0,000000a0,24010008,000000a8,0,00000,000ff00f,xxxxxxxx,xxxxxxxx,00000000,00000000,00000050,00000050,0,00000,0,00000050
4415000,1,00000050,000000a8,000000a4,000000a0,000000a0,24010008,00000050,0,00000,000fff00,xxxxxxxx,xxxxxxxx,00000000,00000000,00000050,00000050,0,00000,0,00000050
4425000,1,00000050,000000a8,000000a8,000000a4,000000a0,00411821,00000050,0,00000,000f0ff0,xxxxxxxx,xxxxxxxx,00000000,00000000,000000ac,000000ac,0,00000,0,00000000
4435000,1,00000054,00000050,000000a8,000000a8,000000a4,00411821,00000054,0,00000,000ff0ff,xxxxxxxx,xxxxxxxx,00000000,00000000,00000008,00000008,0,00000,0,00000008
4445000,1,00000054,00000050,00000050,000000a8,000000a8,00022082,00000054,0,00000,000f0f0f,xxxxxxxx,xxxxxxxx,00000000,00000000,00000008,00000008,0,00000,0,00000008
4455000,1,00000058,00000054,00000050,00000050,000000a8,00022082,00000058,0,00000,000ff0f0,xxxxxxxx,xxxxxxxx,00000000,00000000,00000018,00000018,0,00000,0,00000008
4465000,1,00000058,00000054,00000054,00000050,00000050,28990005,00000058,0,00000,000f0f0f,xxxxxxxx,xxxxxxxx,00000000,00000000,00000018,00000018,0,00000,0,00000008
4475000,1,0000005c,00000058,00000054,00000054,00000050,28990005,0000005c,0,00000,000ff0f0,xxxxxxxx,xxxxxxxx,00000000,00000000,00000004,00000004,0,00000,0,00000010
4485000,1,0000005c,00000058,00000058,00000054,00000054,0721000e,0000005c,0,00000,000f0f0f,xxxxxxxx,xxxxxxxx,00000000,00000000,00000004,00000004,0,00000,0,00000010
4495000,1,00000060,0000005c,00000058,00000058,00000054,0721000e,00000060,0,00000,000ff0f0,xxxxxxxx,xxxxxxxx,00000000,00000000,00000001,00000001,0,00000,0,00000100
4505000,1,00000060,0000005c,00000058,00000058,00000058,00642823,00000060,0,00000,000ff00f,xxxxxxxx,xxxxxxxx,00000000,00000000,00000001,00000001,0,00000,0,00000100
4515000,1,00000098,00000060,0000005c,00000058,00000058,00642823,00000098,0,00000,000fff00,xxxxxxxx,xxxxxxxx,00000000,00000000,00000001,00000001,0,00000,0,00000100
4525000,1,00000098,00000060,00000060,0000005c,00000058,3c0c000c,00000098,0,00000,000f0ff0,xxxxxxxx,xxxxxxxx,00000000,00000000,00000000,00000000,0,00000,0,00000008
4535000,1,0000009c,00000098,00000060,00000060,0000005c,3c0c000c,0000009c,0,00000,000ff0ff,xxxxxxxx,xxxxxxxx,00000000,00000000,00000014,00000014,0,00000,0,00000004
4545000,1,0000009c,00000098,00000098,00000060,00000060,004cd007,0000009c,0,00000,000f0f0f,xxxxxxxx,xxxxxxxx,00000000,00000000,00000014,00000014,0,00000,0,00000004
4555000,1,000000a0,0000009c,00000098,00000098,00000060,004cd007,000000a0,0,00000,000ff0f0,xxxxxxxx,xxxxxxxx,00000000,00000000,000c0000,000c0000,0,00000,0,000c0000
4565000,1,000000a0,0000009c,0000009c,00000098,00000098,275b0044,000000a0,0,00000,000f0f0f,xxxxxxxx,xxxxxxxx,00000000,00000000,000c0000,000c0000,0,00000,0,000c0000
4575000,1,000000a4,000000a0,0000009c,0000009c,00000098,275b0044,000000a4,0,00000,000ff0f0,xxxxxxxx,xxxxxxxx,00000000,00000000,0000000c,0000000c,0,00000,0,000c0000
4585000,1,000000a4,000000a0,000000a0,0000009c,0000009c,0360f809,000000a4,0,00000,000f0f0f,xxxxxxxx,xxxxxxxx,00000000,00000000,0000000c,0000000c,0,00000,0,000c0000
4595000,1,000000a8,000000a4,000000a0,000000a0,0000009c,0360f809,000000a8,0,00000,000ff0f0,xxxxxxxx,xxxxxxxx,00000000,00000000,00000050,00000050,0,00000,0,00000050
4605000,1,000000a8,000000a4,000000a0,000000a0,000000a0,24010008,000000a8,0,00000,000ff00f,xxxxxxxx,xxxxxxxx,00000000,00000000,00000050,00000050,0,00000,0,00000050
4615000,1,00000050,000000a8,000000a4,000000a0,000000a0,24010008,00000050,0,00000,000fff00,xxxxxxxx,xxxxxxxx,00000000,00000000,00000050,00000050,0,00000,0,00000050
4625000,1,00000050,000000a8,000000a8,000000a4,000000a0,00411821,00000050,0,00000,000f0ff0,xxxxxxxx,xxxxxxxx,00000000,00000000,000000ac,000000ac,0,00000,0,00000000
4635000,1,00000054,00000050,000000a8,000000a8,000000a4,00411821,00000054,0,00000,000ff0ff,xxxxxxxx,xxxxxxxx,00000000,00000000,00000008,00000008,0,00000,0,00000008
4645000,1,00000054,00000050,00000050,000000a8,000000a8,00022082,00000054,0,00000,000f0f0f,xxxxxxxx,xxxxxxxx,00000000,00000000,00000008,00000008,0,00000,0,00000008
4655000,1,00000058,00000054,00000050,00000050,000000a8,00022082,00000058,0,00000,000ff0f0,xxxxxxxx,xxxxxxxx,00000000,00000000,00000018,00000018,0,00000,0,00000008
4665000,1,00000058,00000054,00000054,00000050,00000050,28990005,00000058,0,00000,000f0f0f,xxxxxxxx,xxxxxxxx,00000000,00000000,00000018,00000018,0,00000,0,00000008
4675000,1,0000005c,00000058,00000054,00000054,00000050,28990005,0000005c,0,00000,000ff0f0,xxxxxxxx,xxxxxxxx,00000000,00000000,00000004,00000004,0,00000,0,00000010
4685000,1,0000005c,00000058,00000058,00000054,00000054,0721000e,0000005c,0,00000,000f0f0f,xxxxxxxx,xxxxxxxx,00000000,00000000,00000004,00000004,0,00000,0,00000010
4695000,1,00000060,0000005c,00000058,00000058,00000054,0721000e,00000060,0,00000,000ff0f0,xxxxxxxx,xxxxxxxx,00000000,00000000,00000001,00000001,0,00000,0,00000100
4705000,1,00000060,0000005c,00000058,00000058,00000058,00642823,00000060,0,00000,000ff00f,xxxxxxxx,xxxxxxxx,00000000,00000000,00000001,00000001,0,00000,0,00000100
4715000,1,00000098,00000060,0000005c,00000058,00000058,00642823,00000098,0,00000,000fff00,xxxxxxxx,xxxxxxxx,00000000,00000000,00000001,00000001,0,00000,0,00000100
4725000,1,00000098,00000060,00000060,0000005c,00000058,3c0c000c,00000098,0,00000,000f0ff0,xxxxxxxx,xxxxxxxx,00000000,00000000,00000000,00000000,0,00000,0,00000008
4735000,1,0000009c,00000098,00000060,00000060,0000005c,3c0c000c,0000009c,0,00000,000ff0ff,xxxxxxxx,xxxxxxxx,00000000,00000000,00000014,00000014,0,00000,0,00000004
4745000,1,0000009c,00000098,00000098,00000060,00000060,004cd007,0000009c,0,00000,000f0f0f,xxxxxxxx,xxxxxxxx,00000000,00000000,00000014,00000014,0,00000,0,00000004
4755000,1,000000a0,0000009c,00000098,00000098,00000060,004cd007,000000a0,0,00000,000ff0f0,xxxxxxxx,xxxxxxxx,00000000,00000000,000c0000,000c0000,0,00000,0,000c0000
4765000,1,000000a0,0000009c,0000009c,00000098,00000098,275b0044,000000a0,0,00000,000f0f0f,xxxxxxxx,xxxxxxxx,00000000,00000000,000c0000,000c0000,0,00000,0,000c0000
4775000,1,000000a4,000000a0,0000009c,0000009c,00000098,275b0044,000000a4,0,00000,000ff0f0,xxxxxxxx,xxxxxxxx,00000000,00000000,0000000c,0000000c,0,00000,0,000c0000
4785000,1,000000a4,000000a0,000000a0,0000009c,0000009c,0360f809,000000a4,0,00000,000f0f0f,xxxxxxxx,xxxxxxxx,00000000,00000000,0000000c,0000000c,0,00000,0,000c0000
4795000,1,000000a8,000000a4,000000a0,000000a0,0000009c,0360f809,000000a8,0,00000,000ff0f0,xxxxxxxx,xxxxxxxx,00000000,00000000,00000050,00000050,0,00000,0,00000050
4805000,1,000000a8,000000a4,000000a0,000000a0,000000a0,24010008,000000a8,0,00000,000ff00f,xxxxxxxx,xxxxxxxx,00000000,00000000,00000050,00000050,0,00000,0,00000050
4815000,1,00000050,000000a8,000000a4,000000a0,000000a0,24010008,00000050,0,00000,000fff00,xxxxxxxx,xxxxxxxx,00000000,00000000,00000050,00000050,0,00000,0,00000050
4825000,1,00000050,000000a8,000000a8,000000a4,000000a0,00411821,00000050,0,00000,000f0ff0,xxxxxxxx,xxxxxxxx,00000000,00000000,000000ac,000000ac,0,00000,0,00000000
4835000,1,00000054,00000050,000000a8,000000a8,000000a4,00411821,00000054,0,00000,000ff0ff,xxxxxxxx,xxxxxxxx,00000000,00000000,00000008,00000008,0,00000,0,00000008
4845000,1,00000054,00000050,00000050,000000a8,000000a8,00022082,00000054,0,00000,000f0f0f,xxxxxxxx,xxxxxxxx,00000000,00000000,00000008,00000008,0,00000,0,00000008
4855000,1,00000058,00000054,00000050,00000050,000000a8,00022082,00000058,0,00000,000ff0f0,xxxxxxxx,xxxxxxxx,00000000,00000000,00000018,00000018,0,00000,0,00000008
4865000,1,00000058,00000054,00000054,00000050,00000050,28990005,00000058,0,00000,000f0f0f,xxxxxxxx,xxxxxxxx,00000000,00000000,00000018,00000018,0,00000,0,00000008
4875000,1,0000005c,00000058,00000054,00000054,00000050,28990005,0000005c,0,00000,000ff0f0,xxxxxxxx,xxxxxxxx,00000000,00000000,00000004,00000004,0,00000,0,00000010
4885000,1,0000005c,00000058,00000058,00000054,00000054,0721000e,0000005c,0,00000,000f0f0f,xxxxxxxx,xxxxxxxx,00000000,00000000,00000004,00000004,0,00000,0,00000010
4895000,1,00000060,0000005c,00000058,00000058,00000054,0721000e,00000060,0,00000,000ff0f0,xxxxxxxx,xxxxxxxx,00000000,00000000,00000001,00000001,0,00000,0,00000100
4905000,1,00000060,0000005c,00000058,00000058,00000058,00642823,00000060,0,00000,000ff00f,xxxxxxxx,xxxxxxxx,00000000,00000000,00000001,00000001,0,00000,0,00000100
4915000,1,00000098,00000060,0000005c,00000058,00000058,00642823,00000098,0,00000,000fff00,xxxxxxxx,xxxxxxxx,00000000,00000000,00000001,00000001,0,00000,0,00000100
4925000,1,00000098,00000060,00000060,0000005c,00000058,3c0c000c,00000098,0,00000,000f0ff0,xxxxxxxx,xxxxxxxx,00000000,00000000,00000000,00000000,0,00000,0,00000008
4935000,1,0000009c,00000098,00000060,00000060,0000005c,3c0c000c,0000009c,0,00000,000ff0ff,xxxxxxxx,xxxxxxxx,00000000,00000000,00000014,00000014,0,00000,0,00000004
4945000,1,0000009c,00000098,00000098,00000060,00000060,004cd007,0000009c,0,00000,000f0f0f,xxxxxxxx,xxxxxxxx,00000000,00000000,00000014,00000014,0,00000,0,00000004
4955000,1,000000a0,0000009c,00000098,00000098,00000060,004cd007,000000a0,0,00000,000ff0f0,xxxxxxxx,xxxxxxxx,00000000,00000000,000c0000,000c0000,0,00000,0,000c0000
4965000,1,000000a0,0000009c,0000009c,00000098,00000098,275b0044,000000a0,0,00000,000f0f0f,xxxxxxxx,xxxxxxxx,00000000,00000000,000c0000,000c0000,0,00000,0,000c0000
4975000,1,000000a4,000000a0,0000009c,0000009c,00000098,275b0044,000000a4,0,00000,000ff0f0,xxxxxxxx,xxxxxxxx,00000000,00000000,0000000c,0000000c,0,00000,0,000c0000
4985000,1,000000a4,000000a0,000000a0,0000009c,0000009c,0360f809,000000a4,0,00000,000f0f0f,xxxxxxxx,xxxxxxxx,00000000,00000000,0000000c,0000000c,0,00000,0,000c0000
4995000,1,000000a8,000000a4,000000a0,000000a0,0000009c,0360f809,000000a8,0,00000,000ff0f0,xxxxxxxx,xxxxxxxx,00000000,00000000,00000050,00000050,0,00000,0,00000050
5005000,1,000000a8,000000a4,000000a0,000000a0,000000a0,24010008,000000a8,0,00000,000ff00f,xxxxxxxx,xxxxxxxx,00000000,00000000,00000050,00000050,0,00000,0,00000050
5015000,1,00000050,000000a8,000000a4,000000a0,000000a0,24010008,00000050,0,00000,000fff00,xxxxxxxx,xxxxxxxx,00000000,00000000,00000050,00000050,0,00000,0,00000050
5025000,1,00000050,000000a8,000000a8,000000a4,000000a0,00411821,00000050,0,00000,000f0ff0,xxxxxxxx,xxxxxxxx,00000000,00000000,000000ac,000000ac,0,00000,0,00000000
5035000,1,00000054,00000050,000000a8,000000a8,000000a4,00411821,00000054,0,00000,000ff0ff,xxxxxxxx,xxxxxxxx,00000000,00000000,00000008,00000008,0,00000,0,00000008
5045000,1,00000054,00000050,00000050,000000a8,000000a8,00022082,00000054,0,00000,000f0f0f,xxxxxxxx,xxxxxxxx,00000000,00000000,00000008,00000008,0,00000,0,00000008
5055000,1,00000058,00000054,00000050,00000050,000000a8,00022082,00000058,0,00000,000ff0f0,xxxxxxxx,xxxxxxxx,00000000,00000000,00000018,00000018,0,00000,0,00000008
5065000,1,00000058,00000054,00000054,00000050,00000050,28990005,00000058,0,00000,000f0f0f,xxxxxxxx,xxxxxxxx,00000000,00000000,00000018,00000018,0,00000,0,00000008
5075000,1,0000005c,00000058,00000054,00000054,00000050,28990005,0000005c,0,00000,000ff0f0,xxxxxxxx,xxxxxxxx,00000000,00000000,00000004,00000004,0,00000,0,00000010
5085000,1,0000005c,00000058,00000058,00000054,00000054,0721000e,0000005c,0,00000,000f0f0f,xxxxxxxx,xxxxxxxx,00000000,00000000,00000004,00000004,0,00000,0,00000010
5095000,1,00000060,0000005c,00000058,00000058,00000054,0721000e,00000060,0,00000,000ff0f0,xxxxxxxx,xxxxxxxx,00000000,00000000,00000001,00000001,0,00000,0,00000100
5105000,1,00000060,0000005c,00000058,00000058,00000058,00642823,00000060,0,00000,000ff00f,xxxxxxxx,xxxxxxxx,00000000,00000000,00000001,00000001,0,00000,0,00000100
5115000,1,00000098,00000060,0000005c,00000058,00000058,00642823,00000098,0,00000,000fff00,xxxxxxxx,xxxxxxxx,00000000,00000000,00000001,00000001,0,00000,0,00000100
5125000,1,00000098,00000060,00000060,0000005c,00000058,3c0c000c,00000098,0,00000,000f0ff0,xxxxxxxx,xxxxxxxx,00000000,00000000,00000000,00000000,0,00000,0,00000008
5135000,1,0000009c,00000098,00000060,00000060,0000005c,3c0c000c,0000009c,0,00000,000ff0ff,xxxxxxxx,xxxxxxxx,00000000,00000000,00000014,00000014,0,00000,0,00000004
5145000,1,0000009c,00000098,00000098,00000060,00000060,004cd007,0000009c,0,00000,000f0f0f,xxxxxxxx,xxxxxxxx,00000000,00000000,00000014,00000014,0,00000,0,00000004
5155000,1,000000a0,0000009c,00000098,00000098,00000060,004cd007,000000a0,0,00000,000ff0f0,xxxxxxxx,xxxxxxxx,00000000,00000000,000c0000,000c0000,0,00000,0,000c0000
5165000,1,000000a0,0000009c,0000009c,00000098,00000098,275b0044,000000a0,0,00000,000f0f0f,xxxxxxxx,xxxxxxxx,00000000,00000000,000c0000,000c0000,0,00000,0,000c0000
5175000,1,000000a4,000000a0,0000009c,0000009c,00000098,275b0044,000000a4,0,00000,000ff0f0,xxxxxxxx,xxxxxxxx,00000000,00000000,0000000c,0000000c,0,00000,0,000c0000
5185000,1,000000a4,000000a0,000000a0,0000009c,0000009c,0360f809,000000a4,0,00000,000f0f0f,xxxxxxxx,xxxxxxxx,00000000,00000000,0000000c,0000000c,0,00000,0,000c0000
5195000,1,000000a8,000000a4,000000a0,000000a0,0000009c,0360f809,000000a8,0,00000,000ff0f0,xxxxxxxx,xxxxxxxx,00000000,00000000,00000050,00000050,0,00000,0,00000050
5205000,1,000000a8,000000a4,000000a0,000000a0,000000a0,24010008,000000a8,0,00000,000ff00f,xxxxxxxx,xxxxxxxx,00000000,00000000,00000050,00000050,0,00000,0,00000050
5215000,1,00000050,000000a8,000000a4,000000a0,000000a0,24010008,00000050,0,00000,000fff00,xxxxxxxx,xxxxxxxx,00000000,00000000,00000050,00000050,0,00000,0,00000050
5225000,1,00000050,000000a8,000000a8,000000a4,000000a0,00411821,00000050,0,00000,000f0ff0,xxxxxxxx,xxxxxxxx,00000000,00000000,000000ac,000000ac,0,00000,0,00000000
5235000,1,00000054,00000050,000000a8,000000a8,000000a4,00411821,00000054,0,00000,000ff0ff,xxxxxxxx,xxxxxxxx,00000000,00000000,00000008,00000008,0,00000,0,00000008
5245000,1,00000054,00000050,00000050,000000a8,000000a8,00022082,00000054,0,00000,000f0f0f,xxxxxxxx,xxxxxxxx,00000000,00000000,00000008,00000008,0,00000,0,00000008
5255000,1,00000058,00000054,00000050,00000050,000000a8,00022082,00000058,0,00000,000ff0f0,xxxxxxxx,xxxxxxxx,00000000,00000000,00000018,00000018,0,00000,0,00000008
5265000,1,00000058,00000054,00000054,00000050,00000050,28990005,00000058,0,00000,000f0f0f,xxxxxxxx,xxxxxxxx,00000000,00000000,00000018,00000018,0,00000,0,00000008
5275000,1,0000005c,00000058,00000054,00000054,00000050,28990005,0000005c,0,00000,000ff0f0,xxxxxxxx,xxxxxxxx,00000000,00000000,00000004,00000004,0,00000,0,00000010
5285000,1,0000005c,00000058,00000058,00000054,00000054,0721000e,0000005c,0,00000,000f0f0f,xxxxxxxx,xxxxxxxx,00000000,00000000,00000004,00000004,0,00000,0,00000010
5295000,1,00000060,0000005c,00000058,00000058,00000054,0721000e,00000060,0,00000,000ff0f0,xxxxxxxx,xxxxxxxx,00000000,00000000,00000001,00000001,0,00000,0,00000100
5305000,1,00000060,0000005c,00000058,00000058,00000058,00642823,00000060,0,00000,000ff00f,xxxxxxxx,xxxxxxxx,00000000,00000000,00000001,00000001,0,00000,0,00000100
5315000,1,00000098,00000060,0000005c,00000058,00000058,00642823,00000098,0,00000,000fff00,xxxxxxxx,xxxxxxxx,00000000,00000000,00000001,00000001,0,00000,0,00000100
5325000,1,00000098,00000060,00000060,0000005c,00000058,3c0c000c,00000098,0,00000,000f0ff0,xxxxxxxx,xxxxxxxx,00000000,00000000,00000000,00000000,0,00000,0,00000008
5335000,1,0000009c,00000098,00000060,00000060,0000005c,3c0c000c,0000009c,0,00000,000ff0ff,xxxxxxxx,xxxxxxxx,00000000,00000000,00000014,00000014,0,00000,0,00000004
5345000,1,0000009c,00000098,00000098,00000060,00000060,004cd007,0000009c,0,00000,000f0f0f,xxxxxxxx,xxxxxxxx,00000000,00000000,00000014,00000014,0,00000,0,00000004
5355000,1,000000a0,0000009c,00000098,00000098,00000060,004cd007,000000a0,0,00000,000ff0f0,xxxxxxxx,xxxxxxxx,00000000,00000000,000c0000,000c0000,0,00000,0,000c0000
5365000,1,000000a0,0000009c,0000009c,00000098,00000098,275b0044,000000a0,0,00000,000f0f0f,xxxxxxxx,xxxxxxxx,00000000,00000000,000c0000,000c0000,0,00000,0,000c0000
5375000,1,000000a4,000000a0,0000009c,0000009c,00000098,275b0044,000000a4,0,00000,000ff0f0,xxxxxxxx,xxxxxxxx,00000000,00000000,0000000c,0000000c,0,00000,0,000c0000
5385000,1,000000a4,000000a0,000000a0,0000009c,0000009c,0360f809,000000a4,0,00000,000f0f0f,xxxxxxxx,xxxxxxxx,00000000,00000000,0000000c,0000000c,0,00000,0,000c0000
5395000,1,000000a8,000000a4,000000a0,000000a0,0000009c,0360f809,000000a8,0,00000,000ff0f0,xxxxxxxx,xxxxxxxx,00000000,00000000,00000050,00000050,0,00000,0,00000050
5405000,1,000000a8,000000a4,000000a0,000000a0,000000a0,24010008,000000a8,0,00000,000ff00f,xxxxxxxx,xxxxxxxx,00000000,00000000,00000050,00000050,0,00000,0,00000050
5415000,1,00000050,000000a8,000000a4,000000a0,000000a0,24010008,00000050,0,00000,000fff00,xxxxxxxx,xxxxxxxx,00000000,00000000,00000050,00000050,0,00000,0,00000050
5425000,1,00000050,000000a8,000000a8,000000a4,000000a0,00411821,00000050,0,00000,000f0ff0,xxxxxxxx,xxxxxxxx,00000000,00000000,000000ac,000000ac,0,00000,0,00000000
5435000,1,00000054,00000050,000000a8,000000a8,000000a4,00411821,00000054,0,00000,000ff0ff,xxxxxxxx,xxxxxxxx,00000000,00000000,00000008,00000008,0,00000,0,00000008
5445000,1,00000054,00000050,00000050,000000a8,000000a8,00022082,00000054,0,00000,000f0f0f,xxxxxxxx,xxxxxxxx,00000000,00000000,00000008,00000008,0,00000,0,00000008
5455000,1,00000058,00000054,00000050,00000050,000000a8,00022082,00000058,0,00000,000ff0f0,xxxxxxxx,xxxxxxxx,00000000,00000000,00000018,00000018,0,00000,0,00000008
5465000,1,00000058,00000054,00000054,00000050,00000050,28990005,00000058,0,00000,000f0f0f,xxxxxxxx,xxxxxxxx,00000000,00000000,00000018,00000018,0,00000,0,00000008
5475000,1,0000005c,00000058,00000054,00000054,00000050,28990005,0000005c,0,00000,000ff0f0,xxxxxxxx,xxxxxxxx,00000000,00000000,00000004,00000004,0,00000,0,00000010
5485000,1,0000005c,00000058,00000058,00000054,00000054,0721000e,0000005c,0,00000,000f0f0f,xxxxxxxx,xxxxxxxx,00000000,00000000,00000004,00000004,0,00000,0,00000010
5495000,1,00000060,0000005c,00000058,00000058,00000054,0721000e,00000060,0,00000,000ff0f0,xxxxxxxx,xxxxxxxx,00000000,00000000,00000001,00000001,0,00000,0,00000100
5505000,1,00000060,0000005c,00000058,00000058,00000058,00642823,00000060,0,00000,000ff00f,xxxxxxxx,xxxxxxxx,00000000,00000000,00000001,00000001,0,00000,0,00000100
5515000,1,00000098,00000060,0000005c,00000058,00000058,00642823,00000098,0,00000,000fff00,xxxxxxxx,xxxxxxxx,00000000,00000000,00000001,00000001,0,00000,0,00000100
5525000,1,00000098,00000060,00000060,0000005c,00000058,3c0c000c,00000098,0,00000,000f0ff0,xxxxxxxx,xxxxxxxx,00000000,00000000,00000000,00000000,0,00000,0,00000008
5535000,1,0000009c,00000098,00000060,00000060,0000005c,3c0c000c,0000009c,0,00000,000ff0ff,xxxxxxxx,xxxxxxxx,00000000,00000000,00000014,00000014,0,00000,0,00000004
5545000,1,0000009c,00000098,00000098,00000060,00000060,004cd007,0000009c,0,00000,000f0f0f,xxxxxxxx,xxxxxxxx,00000000,00000000,00000014,00000014,0,00000,0,00000004
5555000,1,000000a0,0000009c,00000098,00000098,00000060,004cd007,000000a0,0,00000,000ff0f0,xxxxxxxx,xxxxxxxx,00000000,00000000,000c0000,000c0000,0,00000,0,000c0000
5565000,1,000000a0,0000009c,0000009c,00000098,00000098,275b0044,000000a0,0,00000,000f0f0f,xxxxxxxx,xxxxxxxx,00000000,00000000,000c0000,000c0000,0,00000,0,000c0000
5575000,1,000000a4,000000a0,0000009c,0000009c,00000098,275b0044,000000a4,0,00000,000ff0f0,xxxxxxxx,xxxxxxxx,00000000,00000000,0000000c,0000000c,0,00000,0,000c0000
5585000,1,000000a4,000000a0,000000a0,0000009c,0000009c,0360f809,000000a4,0,00000,000f0f0f,xxxxxxxx,xxxxxxxx,00000000,00000000,0000000c,0000000c,0,00000,0,000c0000
5595000,1,000000a8,000000a4,000000a0,000000a0,0000009c,0360f809,000000a8,0,00000,000ff0f0,xxxxxxxx,xxxxxxxx,00000000,00000000,00000050,00000050,0,00000,0,00000050
5605000,1,000000a8,000000a4,000000a0,000000a0,000000a0,24010008,000000a8,0,00000,000ff00f,xxxxxxxx,xxxxxxxx,00000000,00000000,00000050,00000050,0,00000,0,00000050
5615000,1,00000050,000000a8,000000a4,000000a0,000000a0,24010008,00000050,0,00000,000fff00,xxxxxxxx,xxxxxxxx,00000000,00000000,00000050,00000050,0,00000,0,00000050
5625000,1,00000050,000000a8,000000a8,000000a4,000000a0,00411821,00000050,0,00000,000f0ff0,xxxxxxxx,xxxxxxxx,00000000,00000000,000000ac,000000ac,0,00000,0,00000000
5635000,1,00000054,00000050,000000a8,000000a8,000000a4,00411821,00000054,0,00000,000ff0ff,xxxxxxxx,xxxxxxxx,00000000,00000000,00000008,00000008,0,00000,0,00000008
5645000,1,00000054,00000050,00000050,000000a8,000000a8,00022082,00000054,0,00000,000f0f0f,xxxxxxxx,xxxxxxxx,00000000,00000000,00000008,00000008,0,00000,0,00000008
5655000,1,00000058,00000054,00000050,00000050,000000a8,00022082,00000058,0,00000,000ff0f0,xxxxxxxx,xxxxxxxx,00000000,00000000,00000018,00000018,0,00000,0,00000008
5665000,1,00000058,00000054,00000054,00000050,00000050,28990005,00000058,0,00000,000f0f0f,xxxxxxxx,xxxxxxxx,00000000,00000000,00000018,00000018,0,00000,0,00000008
5675000,1,0000005c,00000058,00000054,00000054,00000050,28990005,0000005c,0,00000,000ff0f0,xxxxxxxx,xxxxxxxx,00000000,00000000,00000004,00000004,0,00000,0,00000010
5685000,1,0000005c,00000058,00000058,00000054,00000054,0721000e,0000005c,0,00000,000f0f0f,xxxxxxxx,xxxxxxxx,00000000,00000000,00000004,00000004,0,00000,0,00000010
5695000,1,00000060,0000005c,00000058,00000058,00000054,0721000e,00000060,0,00000,000ff0f0,xxxxxxxx,xxxxxxxx,00000000,00000000,00000001,00000001,0,00000,0,00000100
5705000,1,00000060,0000005c,00000058,00000058,00000058,00642823,00000060,0,00000,000ff00f,xxxxxxxx,xxxxxxxx,00000000,00000000,00000001,00000001,0,00000,0,00000100
5715000,1,00000098,00000060,0000005c,00000058,00000058,00642823,00000098,0,00000,000fff00,xxxxxxxx,xxxxxxxx,00000000,00000000,00000001,00000001,0,00000,0,00000100
5725000,1,00000098,00000060,00000060,0000005c,00000058,3c0c000c,00000098,0,00000,000f0ff0,xxxxxxxx,xxxxxxxx,00000000,00000000,00000000,00000000,0,00000,0,00000008
5735000,1,0000009c,00000098,00000060,00000060,0000005c,3c0c000c,0000009c,0,00000,000ff0ff,xxxxxxxx,xxxxxxxx,00000000,00000000,00000014,00000014,0,00000,0,00000004
5745000,1,0000009c,00000098,00000098,00000060,00000060,004cd007,0000009c,0,00000,000f0f0f,xxxxxxxx,xxxxxxxx,00000000,00000000,00000014,00000014,0,00000,0,00000004
5755000,1,000000a0,0000009c,00000098,00000098,00000060,004cd007,000000a0,0,00000,000ff0f0,xxxxxxxx,xxxxxxxx,00000000,00000000,000c0000,000c0000,0,00000,0,000c0000
5765000,1,000000a0,0000009c,0000009c,00000098,00000098,275b0044,000000a0,0,00000,000f0f0f,xxxxxxxx,xxxxxxxx,00000000,00000000,000c0000,000c0000,0,00000,0,000c0000
5775000,1,000000a4,000000a0,0000009c,0000009c,00000098,275b0044,000000a4,0,00000,000ff0f0,xxxxxxxx,xxxxxxxx,00000000,00000000,0000000c,0000000c,0,00000,0,000c0000
5785000,1,000000a4,000000a0,000000a0,0000009c,0000009c,0360f809,000000a4,0,00000,000f0f0f,xxxxxxxx,xxxxxxxx,00000000,00000000,0000000c,0000000c,0,00000,0,000c0000
5795000,1,000000a8,000000a4,000000a0,000000a0,0000009c,0360f809,000000a8,0,00000,000ff0f0,xxxxxxxx,xxxxxxxx,00000000,00000000,00000050,00000050,0,00000,0,00000050
5805000,1,000000a8,000000a4,000000a0,000000a0,000000a0,24010008,000000a8,0,00000,000ff00f,xxxxxxxx,xxxxxxxx,00000000,00000000,00000050,00000050,0,00000,0,00000050
5815000,1,00000050,000000a8,000000a4,000000a0,000000a0,24010008,00000050,0,00000,000fff00,xxxxxxxx,xxxxxxxx,00000000,00000000,00000050,00000050,0,00000,0,00000050
5825000,1,00000050,000000a8,000000a8,000000a4,000000a0,00411821,00000050,0,00000,000f0ff0,xxxxxxxx,xxxxxxxx,00000000,00000000,000000ac,000000ac,0,00000,0,00000000
5835000,1,00000054,00000050,000000a8,000000a8,000000a4,00411821,00000054,0,00000,000ff0ff,xxxxxxxx,xxxxxxxx,00000000,00000000,00000008,00000008,0,00000,0,00000008
5845000,1,00000054,00000050,00000050,000000a8,000000a8,00022082,00000054,0,00000,000f0f0f,xxxxxxxx,xxxxxxxx,00000000,00000000,00000008,00000008,0,00000,0,00000008
5855000,1,00000058,00000054,00000050,00000050,000000a8,00022082,00000058,0,00000,000ff0f0,xxxxxxxx,xxxxxxxx,00000000,00000000,00000018,00000018,0,00000,0,00000008
5865000,1,00000058,00000054,00000054,00000050,00000050,28990005,00000058,0,00000,000f0f0f,xxxxxxxx,xxxxxxxx,00000000,00000000,00000018,00000018,0,00000,0,00000008
5875000,1,0000005c,00000058,00000054,00000054,00000050,28990005,0000005c,0,00000,000ff0f0,xxxxxxxx,xxxxxxxx,00000000,00000000,00000004,00000004,0,00000,0,00000010
5885000,1,0000005c,00000058,00000058,00000054,00000054,0721000e,0000005c,0,00000,000f0f0f,xxxxxxxx,xxxxxxxx,00000000,00000000,00000004,00000004,0,00000,0,00000010
5895000,1,00000060,0000005c,00000058,00000058,00000054,0721000e,00000060,0,00000,000ff0f0,xxxxxxxx,xxxxxxxx,00000000,00000000,00000001,00000001,0,00000,0,00000100
5905000,1,00000060,0000005c,00000058,00000058,00000058,00642823,00000060,0,00000,000ff00f,xxxxxxxx,xxxxxxxx,00000000,00000000,00000001,00000001,0,00000,0,00000100
5915000,1,00000098,00000060,0000005c,00000058,00000058,00642823,00000098,0,00000,000fff00,xxxxxxxx,xxxxxxxx,00000000,00000000,00000001,00000001,0,00000,0,00000100
5925000,1,00000098,00000060,00000060,0000005c,00000058,3c0c000c,00000098,0,00000,000f0ff0,xxxxxxxx,xxxxxxxx,00000000,00000000,00000000,00000000,0,00000,0,00000008
5935000,1,0000009c,00000098,00000060,00000060,0000005c,3c0c000c,0000009c,0,00000,000ff0ff,xxxxxxxx,xxxxxxxx,00000000,00000000,00000014,00000014,0,00000,0,00000004
5945000,1,0000009c,00000098,00000098,00000060,00000060,004cd007,0000009c,0,00000,000f0f0f,xxxxxxxx,xxxxxxxx,00000000,00000000,00000014,00000014,0,00000,0,00000004
5955000,1,000000a0,0000009c,00000098,00000098,00000060,004cd007,000000a0,0,00000,000ff0f0,xxxxxxxx,xxxxxxxx,00000000,00000000,000c0000,000c0000,0,00000,0,000c0000
5965000,1,000000a0,0000009c,0000009c,00000098,00000098,275b0044,000000a0,0,00000,000f0f0f,xxxxxxxx,xxxxxxxx,00000000,00000000,000c0000,000c0000,0,00000,0,000c0000
5975000,1,000000a4,000000a0,0000009c,0000009c,00000098,275b0044,000000a4,0,00000,000ff0f0,xxxxxxxx,xxxxxxxx,00000000,00000000,0000000c,0000000c,0,00000,0,000c0000
5985000,1,000000a4,000000a0,000000a0,0000009c,0000009c,0360f809,000000a4,0,00000,000f0f0f,xxxxxxxx,xxxxxxxx,00000000,00000000,0000000c,0000000c,0,00000,0,000c0000
5995000,1,000000a8,000000a4,000000a0,000000a0,0000009c,0360f809,000000a8,0,00000,000ff0f0,xxxxxxxx,xxxxxxxx,00000000,00000000,00000050,00000050,0,00000,0,00000050
6005000,1,000000a8,000000a4,000000a0,000000a0,000000a0,24010008,000000a8,0,00000,000ff00f,xxxxxxxx,xxxxxxxx,00000000,00000000,00000050,00000050,0,00000,0,00000050
6015000,1,00000050,000000a8,000000a4,000000a0,000000a0,24010008,00000050,0,00000,000fff00,xxxxxxxx,xxxxxxxx,00000000,00000000,00000050,00000050,0,00000,0,00000050
6025000,1,00000050,000000a8,000000a8,000000a4,000000a0,00411821,00000050,0,00000,000f0ff0,xxxxxxxx,xxxxxxxx,00000000,00000000,000000ac,000000ac,0,00000,0,00000000
6035000,1,00000054,00000050,000000a8,000000a8,000000a4,00411821,00000054,0,00000,000ff0ff,xxxxxxxx,xxxxxxxx,00000000,00000000,00000008,00000008,0,00000,0,00000008
6045000,1,00000054,00000050,00000050,000000a8,000000a8,00022082,00000054,0,00000,000f0f0f,xxxxxxxx,xxxxxxxx,00000000,00000000,00000008,00000008,0,00000,0,00000008
6055000,1,00000058,00000054,00000050,00000050,000000a8,00022082,00000058,0,00000,000ff0f0,xxxxxxxx,xxxxxxxx,00000000,00000000,00000018,00000018,0,00000,0,00000008
6065000,1,00000058,00000054,00000054,00000050,00000050,28990005,00000058,0,00000,000f0f0f,xxxxxxxx,xxxxxxxx,00000000,00000000,00000018,00000018,0,00000,0,00000008
6075000,1,0000005c,00000058,00000054,00000054,00000050,28990005,0000005c,0,00000,000ff0f0,xxxxxxxx,xxxxxxxx,00000000,00000000,00000004,00000004,0,00000,0,00000010
6085000,1,0000005c,00000058,00000058,00000054,00000054,0721000e,0000005c,0,00000,000f0f0f,xxxxxxxx,xxxxxxxx,00000000,00000000,00000004,00000004,0,00000,0,00000010
6095000,1,00000060,0000005c,00000058,00000058,00000054,0721000e,00000060,0,00000,000ff0f0,xxxxxxxx,xxxxxxxx,00000000,00000000,00000001,00000001,0,00000,0,00000100
6105000,1,00000060,0000005c,00000058,00000058,00000058,00642823,00000060,0,00000,000ff00f,xxxxxxxx,xxxxxxxx,00000000,00000000,00000001,00000001,0,00000,0,00000100
6115000,1,00000098,00000060,0000005c,00000058,00000058,00642823,00000098,0,00000,000fff00,xxxxxxxx,xxxxxxxx,00000000,00000000,00000001,00000001,0,00000,0,00000100
6125000,1,00000098,00000060,00000060,0000005c,00000058,3c0c000c,00000098,0,00000,000f0ff0,xxxxxxxx,xxxxxxxx,00000000,00000000,00000000,00000000,0,00000,0,00000008
6135000,1,0000009c,00000098,00000060,00000060,0000005c,3c0c000c,0000009c,0,00000,000ff0ff,xxxxxxxx,xxxxxxxx,00000000,00000000,00000014,00000014,0,00000,0,00000004
6145000,1,0000009c,00000098,00000098,00000060,00000060,004cd007,0000009c,0,00000,000f0f0f,xxxxxxxx,xxxxxxxx,00000000,00000000,00000014,00000014,0,00000,0,00000004
6155000,1,000000a0,0000009c,00000098,00000098,00000060,004cd007,000000a0,0,00000,000ff0f0,xxxxxxxx,xxxxxxxx,00000000,00000000,000c0000,000c0000,0,00000,0,000c0000
6165000,1,000000a0,0000009c,0000009c,00000098,00000098,275b0044,000000a0,0,00000,000f0f0f,xxxxxxxx,xxxxxxxx,00000000,00000000,000c0000,000c0000,0,00000,0,000c0000
6175000,1,000000a4,000000a0,0000009c,0000009c,00000098,275b0044,000000a4,0,00000,000ff0f0,xxxxxxxx,xxxxxxxx,00000000,00000000,0000000c,0000000c,0,00000,0,000c0000
6185000,1,000000a4,000000a0,000000a0,0000009c,0000009c,0360f809,000000a4,0,00000,000f0f0f,xxxxxxxx,xxxxxxxx,00000000,00000000,0000000c,0000000c,0,00000,0,000c0000
6195000,1,000000a8,000000a4,000000a0,000000a0,0000009c,0360f809,000000a8,0,00000,000ff0f0,xxxxxxxx,xxxxxxxx,00000000,00000000,00000050,00000050,0,00000,0,00000050
6205000,1,000000a8,000000a4,000000a0,000000a0,000000a0,24010008,000000a8,0,00000,000ff00f,xxxxxxxx,xxxxxxxx,00000000,00000000,00000050,00000050,0,00000,0,00000050
6215000,1,00000050,000000a8,000000a4,000000a0,000000a0,24010008,00000050,0,00000,000fff00,xxxxxxxx,xxxxxxxx,00000000,00000000,00000050,00000050,0,00000,0,00000050
6225000,1,00000050,000000a8,000000a8,000000a4,000000a0,00411821,00000050,0,00000,000f0ff0,xxxxxxxx,xxxxxxxx,00000000,00000000,000000ac,000000ac,0,00000,0,00000000
6235000,1,00000054,00000050,000000a8,000000a8,000000a4,00411821,00000054,0,00000,000ff0ff,xxxxxxxx,xxxxxxxx,00000000,00000000,00000008,00000008,0,00000,0,00000008
6245000,1,00000054,00000050,00000050,000000a8,000000a8,00022082,00000054,0,00000,000f0f0f,xxxxxxxx,xxxxxxxx,00000000,00000000,00000008,00000008,0,00000,0,00000008
6255000,1,00000058,00000054,00000050,00000050,000000a8,00022082,00000058,0,00000,000ff0f0,xxxxxxxx,xxxxxxxx,00000000,00000000,00000018,00000018,0,00000,0,00000008
6265000,1,00000058,00000054,00000054,00000050,00000050,28990005,00000058,0,00000,000f0f0f,xxxxxxxx,xxxxxxxx,00000000,00000000,00000018,00000018,0,00000,0,00000008
6275000,1,0000005c,00000058,00000054,00000054,00000050,28990005,0000005c,0,00000,000ff0f0,xxxxxxxx,xxxxxxxx,00000000,00000000,00000004,00000004,0,00000,0,00000010
6285000,1,0000005c,00000058,00000058,00000054,00000054,0721000e,0000005c,0,00000,000f0f0f,xxxxxxxx,xxxxxxxx,00000000,00000000,00000004,00000004,0,00000,0,00000010
6295000,1,00000060,0000005c,00000058,00000058,00000054,0721000e,00000060,0,00000,000ff0f0,xxxxxxxx,xxxxxxxx,00000000,00000000,00000001,00000001,0,00000,0,00000100
6305000,1,00000060,0000005c,00000058,00000058,00000058,00642823,00000060,0,00000,000ff00f,xxxxxxxx,xxxxxxxx,00000000,00000000,00000001,00000001,0,00000,0,00000100
6315000,1,00000098,00000060,0000005c,00000058,00000058,00642823,00000098,0,00000,000fff00,xxxxxxxx,xxxxxxxx,00000000,00000000,00000001,00000001,0,00000,0,00000100
6325000,1,00000098,00000060,00000060,0000005c,00000058,3c0c000c,00000098,0,00000,000f0ff0,xxxxxxxx,xxxxxxxx,00000000,00000000,00000000,00000000,0,00000,0,00000008
6335000,1,0000009c,00000098,00000060,00000060,0000005c,3c0c000c,0000009c,0,00000,000ff0ff,xxxxxxxx,xxxxxxxx,00000000,00000000,00000014,00000014,0,00000,0,00000004
6345000,1,0000009c,00000098,00000098,00000060,00000060,004cd007,0000009c,0,00000,000f0f0f,xxxxxxxx,xxxxxxxx,00000000,00000000,00000014,00000014,0,00000,0,00000004
6355000,1,000000a0,0000009c,00000098,00000098,00000060,004cd007,000000a0,0,00000,000ff0f0,xxxxxxxx,xxxxxxxx,00000000,00000000,000c0000,000c0000,0,00000,0,000c0000
6365000,1,000000a0,0000009c,0000009c,00000098,00000098,275b0044,000000a0,0,00000,000f0f0f,xxxxxxxx,xxxxxxxx,00000000,00000000,000c0000,000c0000,0,00000,0,000c0000
6375000,1,000000a4,000000a0,0000009c,0000009c,00000098,275b0044,000000a4,0,00000,000ff0f0,xxxxxxxx,xxxxxxxx,00000000,00000000,0000000c,0000000c,0,00000,0,000c0000
6385000,1,000000a4,000000a0,000000a0,0000009c,0000009c,0360f809,000000a4,0,00000,000f0f0f,xxxxxxxx,xxxxxxxx,00000000,00000000,0000000c,0000000c,0,00000,0,000c0000
6395000,1,000000a8,000000a4,000000a0,000000a0,0000009c,0360f809,000000a8,0,00000,000ff0f0,xxxxxxxx,xxxxxxxx,00000000,00000000,00000050,00000050,0,00000,0,00000050
6405000,1,000000a8,000000a4,000000a0,000000a0,000000a0,24010008,000000a8,0,00000,000ff00f,xxxxxxxx,xxxxxxxx,00000000,00000000,00000050,00000050,0,00000,0,00000050
6415000,1,00000050,000000a8,000000a4,000000a0,000000a0,24010008,00000050,0,00000,000fff00,xxxxxxxx,xxxxxxxx,00000000,00000000,00000050,00000050,0,00000,0,00000050
6425000,1,00000050,000000a8,000000a8,000000a4,000000a0,00411821,00000050,0,00000,000f0ff0,xxxxxxxx,xxxxxxxx,00000000,00000000,000000ac,000000ac,0,00000,0,00000000
6435000,1,00000054,00000050,000000a8,000000a8,000000a4,00411821,00000054,0,00000,000ff0ff,xxxxxxxx,xxxxxxxx,00000000,00000000,00000008,00000008,0,00000,0,00000008
6445000,1,00000054,00000050,00000050,000000a8,000000a8,00022082,00000054,0,00000,000f0f0f,xxxxxxxx,xxxxxxxx,00000000,00000000,00000008,00000008,0,00000,0,00000008
6455000,1,00000058,00000054,00000050,00000050,000000a8,00022082,00000058,0,00000,000ff0f0,xxxxxxxx,xxxxxxxx,00000000,00000000,00000018,00000018,0,00000,0,00000008
6465000,1,00000058,00000054,00000054,00000050,00000050,28990005,00000058,0,00000,000f0f0f,xxxxxxxx,xxxxxxxx,00000000,00000000,00000018,00000018,0,00000,0,00000008
6475000,1,0000005c,00000058,00000054,00000054,00000050,28990005,0000005c,0,00000,000ff0f0,xxxxxxxx,xxxxxxxx,00000000,00000000,00000004,00000004,0,00000,0,00000010
6485000,1,0000005c,00000058,00000058,00000054,00000054,0721000e,0000005c,0,00000,000f0f0f,xxxxxxxx,xxxxxxxx,00000000,00000000,00000004,00000004,0,00000,0,00000010
6495000,1,00000060,0000005c,00000058,00000058,00000054,0721000e,00000060,0,00000,000ff0f0,xxxxxxxx,xxxxxxxx,00000000,00000000,00000001,00000001,0,00000,0,00000100
6505000,1,00000060,0000005c,00000058,00000058,00000058,00642823,00000060,0,00000,000ff00f,xxxxxxxx,xxxxxxxx,00000000,00000000,00000001,00000001,0,00000,0,00000100
6515000,1,00000098,00000060,0000005c,00000058,00000058,00642823,00000098,0,00000,000fff00,xxxxxxxx,xxxxxxxx,00000000,00000000,00000001,00000001,0,00000,0,00000100
6525000,1,00000098,00000060,00000060,0000005c,00000058,3c0c000c,00000098,0,00000,000f0ff0,xxxxxxxx,xxxxxxxx,00000000,00000000,00000000,00000000,0,00000,0,00000008
6535000,1,0000009c,00000098,00000060,00000060,0000005c,3c0c000c,0000009c,0,00000,000ff0ff,xxxxxxxx,xxxxxxxx,00000000,00000000,00000014,00000014,0,00000,0,00000004
6545000,1,0000009c,00000098,00000098,00000060,00000060,004cd007,0000009c,0,00000,000f0f0f,xxxxxxxx,xxxxxxxx,00000000,00000000,00000014,00000014,0,00000,0,00000004
6555000,1,000000a0,0000009c,00000098,00000098,00000060,004cd007,000000a0,0,00000,000ff0f0,xxxxxxxx,xxxxxxxx,00000000,00000000,000c0000,000c0000,0,00000,0,000c0000
6565000,1,000000a0,0000009c,0000009c,00000098,00000098,275b0044,000000a0,0,00000,000f0f0f,xxxxxxxx,xxxxxxxx,00000000,00000000,000c0000,000c0000,0,00000,0,000c0000
6575000,1,000000a4,000000a0,0000009c,0000009c,00000098,275b0044,000000a4,0,00000,000ff0f0,xxxxxxxx,xxxxxxxx,00000000,00000000,0000000c,0000000c,0,00000,0,000c0000
6585000,1,000000a4,000000a0,000000a0,0000009c,0000009c,0360f809,000000a4,0,00000,000f0f0f,xxxxxxxx,xxxxxxxx,00000000,00000000,0000000c,0000000c,0,00000,0,000c0000
6595000,1,000000a8,000000a4,000000a0,000000a0,0000009c,0360f809,000000a8,0,00000,000ff0f0,xxxxxxxx,xxxxxxxx,00000000,00000000,00000050,00000050,0,00000,0,00000050
6605000,1,000000a8,000000a4,000000a0,000000a0,000000a0,24010008,000000a8,0,00000,000ff00f,xxxxxxxx,xxxxxxxx,00000000,00000000,00000050,00000050,0,00000,0,00000050
6615000,1,00000050,000000a8,000000a4,000000a0,000000a0,24010008,00000050,0,00000,000fff00,xxxxxxxx,xxxxxxxx,00000000,00000000,00000050,00000050,0,00000,0,00000050
6625000,1,00000050,000000a8,000000a8,000000a4,000000a0,00411821,00000050,0,00000,000f0ff0,xxxxxxxx,xxxxxxxx,00000000,00000000,000000ac,000000ac,0,00000,0,00000000
6635000,1,00000054,00000050,000000a8,000000a8,000000a4,00411821,00000054,0,00000,000ff0ff,xxxxxxxx,xxxxxxxx,00000000,00000000,00000008,00000008,0,00000,0,00000008
6645000,1,00000054,00000050,00000050,000000a8,000000a8,00022082,00000054,0,00000,000f0f0f,xxxxxxxx,xxxxxxxx,00000000,00000000,00000008,00000008,0,00000,0,00000008
6655000,1,00000058,00000054,00000050,00000050,000000a8,00022082,00000058,0,00000,000ff0f0,xxxxxxxx,xxxxxxxx,00000000,00000000,00000018,00000018,0,00000,0,00000008
6665000,1,00000058,00000054,00000054,00000050,00000050,28990005,00000058,0,00000,000f0f0f,xxxxxxxx,xxxxxxxx,00000000,00000000,00000018,00000018,0,00000,0,00000008
6675000,1,0000005c,00000058,00000054,00000054,00000050,28990005,0000005c,0,00000,000ff0f0,xxxxxxxx,xxxxxxxx,00000000,00000000,00000004,00000004,0,00000,0,00000010
6685000,1,0000005c,00000058,00000058,00000054,00000054,0721000e,0000005c,0,00000,000f0f0f,xxxxxxxx,xxxxxxxx,00000000,00000000,00000004,00000004,0,00000,0,00000010
6695000,1,00000060,0000005c,00000058,00000058,00000054,0721000e,00000060,0,00000,000ff0f0,xxxxxxxx,xxxxxxxx,00000000,00000000,00000001,00000001,0,00000,0,00000100
6705000,1,00000060,0000005c,00000058,00000058,00000058,00642823,00000060,0,00000,000ff00f,xxxxxxxx,xxxxxxxx,00000000,00000000,00000001,00000001,0,00000,0,00000100
6715000,1,00000098,00000060,0000005c,00000058,00000058,00642823,00000098,0,00000,000fff00,xxxxxxxx,xxxxxxxx,00000000,00000000,00000001,00000001,0,00000,0,00000100
6725000,1,00000098,00000060,00000060,0000005c,00000058,3c0c000c,00000098,0,00000,000f0ff0,xxxxxxxx,xxxxxxxx,00000000,00000000,00000000,00000000,0,00000,0,00000008
6735000,1,0000009c,00000098,00000060,00000060,0000005c,3c0c000c,0000009c,0,00000,000ff0ff,xxxxxxxx,xxxxxxxx,00000000,00000000,00000014,00000014,0,00000,0,00000004
6745000,1,0000009c,00000098,00000098,00000060,00000060,004cd007,0000009c,0,00000,000f0f0f,xxxxxxxx,xxxxxxxx,00000000,00000000,00000014,00000014,0,00000,0,00000004
6755000,1,000000a0,0000009c,00000098,00000098,00000060,004cd007,000000a0,0,00000,000ff0f0,xxxxxxxx,xxxxxxxx,00000000,00000000,000c0000,000c0000,0,00000,0,000c0000
6765000,1,000000a0,0000009c,0000009c,00000098,00000098,275b0044,000000a0,0,00000,000f0f0f,xxxxxxxx,xxxxxxxx,00000000,00000000,000c0000,000c0000,0,00000,0,000c0000
6775000,1,000000a4,000000a0,0000009c,0000009c,00000098,275b0044,000000a4,0,00000,000ff0f0,xxxxxxxx,xxxxxxxx,00000000,00000000,0000000c,0000000c,0,00000,0,000c0000
6785000,1,000000a4,000000a0,000000a0,0000009c,0000009c,0360f809,000000a4,0,00000,000f0f0f,xxxxxxxx,xxxxxxxx,00000000,00000000,0000000c,0000000c,0,00000,0,000c0000
6795000,1,000000a8,000000a4,000000a0,000000a0,0000009c,0360f809,000000a8,0,00000,000ff0f0,xxxxxxxx,xxxxxxxx,00000000,00000000,00000050,00000050,0,00000,0,00000050
6805000,1,000000a8,000000a4,000000a0,000000a0,000000a0,24010008,000000a8,0,00000,000ff00f,xxxxxxxx,xxxxxxxx,00000000,00000000,00000050,00000050,0,00000,0,00000050
6815000,1,00000050,000000a8,000000a4,000000a0,000000a0,24010008,00000050,0,00000,000fff00,xxxxxxxx,xxxxxxxx,00000000,00000000,00000050,00000050,0,00000,0,00000050
6825000,1,00000050,000000a8,000000a8,000000a4,000000a0,00411821,00000050,0,00000,000f0ff0,xxxxxxxx,xxxxxxxx,00000000,00000000,000000ac,000000ac,0,00000,0,00000000
6835000,1,00000054,00000050,000000a8,000000a8,000000a4,00411821,00000054,0,00000,000ff0ff,xxxxxxxx,xxxxxxxx,00000000,00000000,00000008,00000008,0,00000,0,00000008
6845000,1,00000054,00000050,00000050,000000a8,000000a8,00022082,00000054,0,00000,000f0f0f,xxxxxxxx,xxxxxxxx,00000000,00000000,00000008,00000008,0,00000,0,00000008
6855000,1,00000058,00000054,00000050,00000050,000000a8,00022082,00000058,0,00000,000ff0f0,xxxxxxxx,xxxxxxxx,00000000,00000000,00000018,00000018,0,00000,0,00000008
6865000,1,00000058,00000054,00000054,00000050,00000050,28990005,00000058,0,00000,000f0f0f,xxxxxxxx,xxxxxxxx,00000000,00000000,00000018,00000018,0,00000,0,00000008
6875000,1,0000005c,00000058,00000054,00000054,00000050,28990005,0000005c,0,00000,000ff0f0,xxxxxxxx,xxxxxxxx,00000000,00000000,00000004,00000004,0,00000,0,00000010
6885000,1,0000005c,00000058,00000058,00000054,00000054,0721000e,0000005c,0,00000,000f0f0f,xxxxxxxx,xxxxxxxx,00000000,00000000,00000004,00000004,0,00000,0,00000010
6895000,1,00000060,0000005c,00000058,00000058,00000054,0721000e,00000060,0,00000,000ff0f0,xxxxxxxx,xxxxxxxx,00000000,00000000,00000001,00000001,0,00000,0,00000100
6905000,1,00000060,0000005c,00000058,00000058,00000058,00642823,00000060,0,00000,000ff00f,xxxxxxxx,xxxxxxxx,00000000,00000000,00000001,00000001,0,00000,0,00000100
6915000,1,00000098,00000060,0000005c,00000058,00000058,00642823,00000098,0,00000,000fff00,xxxxxxxx,xxxxxxxx,00000000,00000000,00000001,00000001,0,00000,0,00000100
6925000,1,00000098,00000060,00000060,0000005c,00000058,3c0c000c,00000098,0,00000,000f0ff0,xxxxxxxx,xxxxxxxx,00000000,00000000,00000000,00000000,0,00000,0,00000008
6935000,1,0000009c,00000098,00000060,00000060,0000005c,3c0c000c,0000009c,0,00000,000ff0ff,xxxxxxxx,xxxxxxxx,00000000,00000000,00000014,00000014,0,00000,0,00000004
6945000,1,0000009c,00000098,00000098,00000060,00000060,004cd007,0000009c,0,00000,000f0f0f,xxxxxxxx,xxxxxxxx,00000000,00000000,00000014,00000014,0,00000,0,00000004
6955000,1,000000a0,0000009c,00000098,00000098,00000060,004cd007,000000a0,0,00000,000ff0f0,xxxxxxxx,xxxxxxxx,00000000,00000000,000c0000,000c0000,0,00000,0,000c0000
6965000,1,000000a0,0000009c,0000009c,00000098,00000098,275b0044,000000a0,0,00000,000f0f0f,xxxxxxxx,xxxxxxxx,00000000,00000000,000c0000,000c0000,0,00000,0,000c0000
6975000,1,000000a4,000000a0,0000009c,0000009c,00000098,275b0044,000000a4,0,00000,000ff0f0,xxxxxxxx,xxxxxxxx,00000000,00000000,0000000c,0000000c,0,00000,0,000c0000
6985000,1,000000a4,000000a0,000000a0,0000009c,0000009c,0360f809,000000a4,0,00000,000f0f0f,xxxxxxxx,xxxxxxxx,00000000,00000000,0000000c,0000000c,0,00000,0,000c0000
6995000,1,000000a8,000000a4,000000a0,000000a0,0000009c,0360f809,000000a8,0,00000,000ff0f0,xxxxxxxx,xxxxxxxx,00000000,00000000,00000050,00000050,0,00000,0,00000050
7005000,1,000000a8,000000a4,000000a0,000000a0,000000a0,24010008,000000a8,0,00000,000ff00f,xxxxxxxx,xxxxxxxx,00000000,00000000,00000050,00000050,0,00000,0,00000050
7015000,1,00000050,000000a8,000000a4,000000a0,000000a0,24010008,00000050,0,00000,000fff00,xxxxxxxx,xxxxxxxx,00000000,00000000,00000050,00000050,0,00000,0,00000050
7025000,1,00000050,000000a8,000000a8,000000a4,000000a0,00411821,00000050,0,00000,000f0ff0,xxxxxxxx,xxxxxxxx,00000000,00000000,000000ac,000000ac,0,00000,0,00000000
7035000,1,00000054,00000050,000000a8,000000a8,000000a4,00411821,00000054,0,00000,000ff0ff,xxxxxxxx,xxxxxxxx,00000000,00000000,00000008,00000008,0,00000,0,00000008
7045000,1,00000054,00000050,00000050,000000a8,000000a8,00022082,00000054,0,00000,000f0f0f,xxxxxxxx,xxxxxxxx,00000000,00000000,00000008,00000008,0,00000,0,00000008
7055000,1,00000058,00000054,00000050,00000050,000000a8,00022082,00000058,0,00000,000ff0f0,xxxxxxxx,xxxxxxxx,00000000,00000000,00000018,00000018,0,00000,0,00000008
7065000,1,00000058,00000054,00000054,00000050,00000050,28990005,00000058,0,00000,000f0f0f,xxxxxxxx,xxxxxxxx,00000000,00000000,00000018,00000018,0,00000,0,00000008
7075000,1,0000005c,00000058,00000054,00000054,00000050,28990005,0000005c,0,00000,000ff0f0,xxxxxxxx,xxxxxxxx,00000000,00000000,00000004,00000004,0,00000,0,00000010
7085000,1,0000005c,00000058,00000058,00000054,00000054,0721000e,0000005c,0,00000,000f0f0f,xxxxxxxx,xxxxxxxx,00000000,00000000,00000004,00000004,0,00000,0,00000010
7095000,1,00000060,0000005c,00000058,00000058,00000054,0721000e,00000060,0,00000,000ff0f0,xxxxxxxx,xxxxxxxx,00000000,00000000,00000001,00000001,0,00000,0,00000100
7105000,1,00000060,0000005c,00000058,00000058,00000058,00642823,00000060,0,00000,000ff00f,xxxxxxxx,xxxxxxxx,00000000,00000000,00000001,00000001,0,00000,0,00000100
7115000,1,00000098,00000060,0000005c,00000058,00000058,00642823,00000098,0,00000,000fff00,xxxxxxxx,xxxxxxxx,00000000,00000000,00000001,00000001,0,00000,0,00000100
7125000,1,00000098,00000060,00000060,0000005c,00000058,3c0c000c,00000098,0,00000,000f0ff0,xxxxxxxx,xxxxxxxx,00000000,00000000,00000000,00000000,0,00000,0,00000008
7135000,1,0000009c,00000098,00000060,00000060,0000005c,3c0c000c,0000009c,0,00000,000ff0ff,xxxxxxxx,xxxxxxxx,00000000,00000000,00000014,00000014,0,00000,0,00000004
7145000,1,0000009c,00000098,00000098,00000060,00000060,004cd007,0000009c,0,00000,000f0f0f,xxxxxxxx,xxxxxxxx,00000000,00000000,00000014,00000014,0,00000,0,00000004
7155000,1,000000a0,0000009c,00000098,00000098,00000060,004cd007,000000a0,0,00000,000ff0f0,xxxxxxxx,xxxxxxxx,00000000,00000000,000c0000,000c0000,0,00000,0,000c0000
7165000,1,000000a0,0000009c,0000009c,00000098,00000098,275b0044,000000a0,0,00000,000f0f0f,xxxxxxxx,xxxxxxxx,00000000,00000000,000c0000,000c0000,0,00000,0,000c0000
7175000,1,000000a4,000000a0,0000009c,0000009c,00000098,275b0044,000000a4,0,00000,000ff0f0,xxxxxxxx,xxxxxxxx,00000000,00000000,0000000c,0000000c,0,00000,0,000c0000
7185000,1,000000a4,000000a0,000000a0,0000009c,0000009c,0360f809,000000a4,0,00000,000f0f0f,xxxxxxxx,xxxxxxxx,00000000,00000000,0000000c,0000000c,0,00000,0,000c0000
7195000,1,000000a8,000000a4,000000a0,000000a0,0000009c,0360f809,000000a8,0,00000,000ff0f0,xxxxxxxx,xxxxxxxx,00000000,00000000,00000050,00000050,0,00000,0,00000050
7205000,1,000000a8,000000a4,000000a0,000000a0,000000a0,24010008,000000a8,0,00000,000ff00f,xxxxxxxx,xxxxxxxx,00000000,00000000,00000050,00000050,0,00000,0,00000050
7215000,1,00000050,000000a8,000000a4,000000a0,000000a0,24010008,00000050,0,00000,000fff00,xxxxxxxx,xxxxxxxx,00000000,00000000,00000050,00000050,0,00000,0,00000050
7225000,1,00000050,000000a8,000000a8,000000a4,000000a0,00411821,00000050,0,00000,000f0ff0,xxxxxxxx,xxxxxxxx,00000000,00000000,000000ac,000000ac,0,00000,0,00000000
7235000,1,00000054,00000050,000000a8,000000a8,000000a4,00411821,00000054,0,00000,000ff0ff,xxxxxxxx,xxxxxxxx,00000000,00000000,00000008,00000008,0,00000,0,00000008
7245000,1,00000054,00000050,00000050,000000a8,000000a8,00022082,00000054,0,00000,000f0f0f,xxxxxxxx,xxxxxxxx,00000000,00000000,00000008,00000008,0,00000,0,00000008
7255000,1,00000058,00000054,00000050,00000050,000000a8,00022082,00000058,0,00000,000ff0f0,xxxxxxxx,xxxxxxxx,00000000,00000000,00000018,00000018,0,00000,0,00000008
7265000,1,00000058,00000054,00000054,00000050,00000050,28990005,00000058,0,00000,000f0f0f,xxxxxxxx,xxxxxxxx,00000000,00000000,00000018,00000018,0,00000,0,00000008
7275000,1,0000005c,00000058,00000054,00000054,00000050,28990005,0000005c,0,00000,000ff0f0,xxxxxxxx,xxxxxxxx,00000000,00000000,00000004,00000004,0,00000,0,00000010
7285000,1,0000005c,00000058,00000058,00000054,00000054,0721000e,0000005c,0,00000,000f0f0f,xxxxxxxx,xxxxxxxx,00000000,00000000,00000004,00000004,0,00000,0,00000010
7295000,1,00000060,0000005c,00000058,00000058,00000054,0721000e,00000060,0,00000,000ff0f0,xxxxxxxx,xxxxxxxx,00000000,00000000,00000001,00000001,0,00000,0,00000100
7305000,1,00000060,0000005c,00000058,00000058,00000058,00642823,00000060,0,00000,000ff00f,xxxxxxxx,xxxxxxxx,00000000,00000000,00000001,00000001,0,00000,0,00000100
7315000,1,00000098,00000060,0000005c,00000058,00000058,00642823,00000098,0,00000,000fff00,xxxxxxxx,xxxxxxxx,00000000,00000000,00000001,00000001,0,00000,0,00000100
7325000,1,00000098,00000060,00000060,0000005c,00000058,3c0c000c,00000098,0,00000,000f0ff0,xxxxxxxx,xxxxxxxx,00000000,00000000,00000000,00000000,0,00000,0,00000008
7335000,1,0000009c,00000098,00000060,00000060,0000005c,3c0c000c,0000009c,0,00000,000ff0ff,xxxxxxxx,xxxxxxxx,00000000,00000000,00000014,00000014,0,00000,0,00000004
7345000,1,0000009c,00000098,00000098,00000060,00000060,004cd007,0000009c,0,00000,000f0f0f,xxxxxxxx,xxxxxxxx,00000000,00000000,00000014,00000014,0,00000,0,00000004
7355000,1,000000a0,0000009c,00000098,00000098,00000060,004cd007,000000a0,0,00000,000ff0f0,xxxxxxxx,xxxxxxxx,00000000,00000000,000c0000,000c0000,0,00000,0,000c0000
7365000,1,000000a0,0000009c,0000009c,00000098,00000098,275b0044,000000a0,0,00000,000f0f0f,xxxxxxxx,xxxxxxxx,00000000,00000000,000c0000,000c0000,0,00000,0,000c0000
7375000,1,000000a4,000000a0,0000009c,0000009c,00000098,275b0044,000000a4,0,00000,000ff0f0,xxxxxxxx,xxxxxxxx,00000000,00000000,0000000c,0000000c,0,00000,0,000c0000
7385000,1,000000a4,000000a0,000000a0,0000009c,0000009c,0360f809,000000a4,0,00000,000f0f0f,xxxxxxxx,xxxxxxxx,00000000,00000000,0000000c,0000000c,0,00000,0,000c0000
7395000,1,000000a8,000000a4,000000a0,000000a0,0000009c,0360f809,000000a8,0,00000,000ff0f0,xxxxxxxx,xxxxxxxx,00000000,00000000,00000050,00000050,0,00000,0,00000050
7405000,1,000000a8,000000a4,000000a0,000000a0,000000a0,24010008,000000a8,0,00000,000ff00f,xxxxxxxx,xxxxxxxx,00000000,00000000,00000050,00000050,0,00000,0,00000050
7415000,1,00000050,000000a8,000000a4,000000a0,000000a0,24010008,00000050,0,00000,000fff00,xxxxxxxx,xxxxxxxx,00000000,00000000,00000050,00000050,0,00000,0,00000050
7425000,1,00000050,000000a8,000000a8,000000a4,000000a0,00411821,00000050,0,00000,000f0ff0,xxxxxxxx,xxxxxxxx,00000000,00000000,000000ac,000000ac,0,00000,0,00000000
7435000,1,00000054,00000050,000000a8,000000a8,000000a4,00411821,00000054,0,00000,000ff0ff,xxxxxxxx,xxxxxxxx,00000000,00000000,00000008,00000008,0,00000,0,00000008
7445000,1,00000054,00000050,00000050,000000a8,000000a8,00022082,00000054,0,00000,000f0f0f,xxxxxxxx,xxxxxxxx,00000000,00000000,00000008,00000008,0,00000,0,00000008
7455000,1,00000058,00000054,00000050,00000050,000000a8,00022082,00000058,0,00000,000ff0f0,xxxxxxxx,xxxxxxxx,00000000,00000000,00000018,00000018,0,00000,0,00000008
7465000,1,00000058,00000054,00000054,00000050,00000050,28990005,00000058,0,00000,000f0f0f,xxxxxxxx,xxxxxxxx,00000000,00000000,00000018,00000018,0,00000,0,00000008
7475000,1,0000005c,00000058,00000054,00000054,00000050,28990005,0000005c,0,00000,000ff0f0,xxxxxxxx,xxxxxxxx,00000000,00000000,00000004,00000004,0,00000,0,00000010
7485000,1,0000005c,00000058,00000058,00000054,00000054,0721000e,0000005c,0,00000,000f0f0f,xxxxxxxx,xxxxxxxx,00000000,00000000,00000004,00000004,0,00000,0,00000010
7495000,1,00000060,0000005c,00000058,00000058,00000054,0721000e,00000060,0,00000,000ff0f0,xxxxxxxx,xxxxxxxx,00000000,00000000,00000001,00000001,0,00000,0,00000100
7505000,1,00000060,0000005c,00000058,00000058,00000058,00642823,00000060,0,00000,000ff00f,xxxxxxxx,xxxxxxxx,00000000,00000000,00000001,00000001,0,00000,0,00000100
7515000,1,00000098,00000060,0000005c,00000058,00000058,00642823,00000098,0,00000,000fff00,xxxxxxxx,xxxxxxxx,00000000,00000000,00000001,00000001,0,00000,0,00000100
7525000,1,00000098,00000060,00000060,0000005c,00000058,3c0c000c,00000098,0,00000,000f0ff0,xxxxxxxx,xxxxxxxx,00000000,00000000,00000000,00000000,0,00000,0,00000008
7535000,1,0000009c,00000098,00000060,00000060,0000005c,3c0c000c,0000009c,0,00000,000ff0ff,xxxxxxxx,xxxxxxxx,00000000,00000000,00000014,00000014,0,00000,0,00000004
7545000,1,0000009c,00000098,00000098,00000060,00000060,004cd007,0000009c,0,00000,000f0f0f,xxxxxxxx,xxxxxxxx,00000000,00000000,00000014,00000014,0,00000,0,00000004
7555000,1,000000a0,0000009c,00000098,00000098,00000060,004cd007,000000a0,0,00000,000ff0f0,xxxxxxxx,xxxxxxxx,00000000,00000000,000c0000,000c0000,0,00000,0,000c0000
7565000,1,000000a0,0000009c,0000009c,00000098,00000098,275b0044,000000a0,0,00000,000f0f0f,xxxxxxxx,xxxxxxxx,00000000,00000000,000c0000,000c0000,0,00000,0,000c0000
7575000,1,000000a4,000000a0,0000009c,0000009c,00000098,275b0044,000000a4,0,00000,000ff0f0,xxxxxxxx,xxxxxxxx,00000000,00000000,0000000c,0000000c,0,00000,0,000c0000
7585000,1,000000a4,000000a0,000000a0,0000009c,0000009c,0360f809,000000a4,0,00000,000f0f0f,xxxxxxxx,xxxxxxxx,00000000,00000000,0000000c,0000000c,0,00000,0,000c0000
7595000,1,000000a8,000000a4,000000a0,000000a0,0000009c,0360f809,000000a8,0,00000,000ff0f0,xxxxxxxx,xxxxxxxx,00000000,00000000,00000050,00000050,0,00000,0,00000050
7605000,1,000000a8,000000a4,000000a0,000000a0,000000a0,24010008,000000a8,0,00000,000ff00f,xxxxxxxx,xxxxxxxx,00000000,00000000,00000050,00000050,0,00000,0,00000050
7615000,1,00000050,000000a8,000000a4,000000a0,000000a0,24010008,00000050,0,00000,000fff00,xxxxxxxx,xxxxxxxx,00000000,00000000,00000050,00000050,0,00000,0,00000050
7625000,1,00000050,000000a8,000000a8,000000a4,000000a0,00411821,00000050,0,00000,000f0ff0,xxxxxxxx,xxxxxxxx,00000000,00000000,000000ac,000000ac,0,00000,0,00000000
7635000,1,00000054,00000050,000000a8,000000a8,000000a4,00411821,00000054,0,00000,000ff0ff,xxxxxxxx,xxxxxxxx,00000000,00000000,00000008,00000008,0,00000,0,00000008
7645000,1,00000054,00000050,00000050,000000a8,000000a8,00022082,00000054,0,00000,000f0f0f,xxxxxxxx,xxxxxxxx,00000000,00000000,00000008,00000008,0,00000,0,00000008
7655000,1,00000058,00000054,00000050,00000050,000000a8,00022082,00000058,0,00000,000ff0f0,xxxxxxxx,xxxxxxxx,00000000,00000000,00000018,00000018,0,00000,0,00000008
7665000,1,00000058,00000054,00000054,00000050,00000050,28990005,00000058,0,00000,000f0f0f,xxxxxxxx,xxxxxxxx,00000000,00000000,00000018,00000018,0,00000,0,00000008
7675000,1,0000005c,00000058,00000054,00000054,00000050,28990005,0000005c,0,00000,000ff0f0,xxxxxxxx,xxxxxxxx,00000000,00000000,00000004,00000004,0,00000,0,00000010
7685000,1,0000005c,00000058,00000058,00000054,00000054,0721000e,0000005c,0,00000,000f0f0f,xxxxxxxx,xxxxxxxx,00000000,00000000,00000004,00000004,0,00000,0,00000010
7695000,1,00000060,0000005c,00000058,00000058,00000054,0721000e,00000060,0,00000,000ff0f0,xxxxxxxx,xxxxxxxx,00000000,00000000,00000001,00000001,0,00000,0,00000100
7705000,1,00000060,0000005c,00000058,00000058,00000058,00642823,00000060,0,00000,000ff00f,xxxxxxxx,xxxxxxxx,00000000,00000000,00000001,00000001,0,00000,0,00000100
7715000,1,00000098,00000060,0000005c,00000058,00000058,00642823,00000098,0,00000,000fff00,xxxxxxxx,xxxxxxxx,00000000,00000000,00000001,00000001,0,00000,0,00000100
7725000,1,00000098,00000060,00000060,0000005c,00000058,3c0c000c,00000098,0,00000,000f0ff0,xxxxxxxx,xxxxxxxx,00000000,00000000,00000000,00000000,0,00000,0,00000008
7735000,1,0000009c,00000098,00000060,00000060,0000005c,3c0c000c,0000009c,0,00000,000ff0ff,xxxxxxxx,xxxxxxxx,00000000,00000000,00000014,00000014,0,00000,0,00000004
7745000,1,0000009c,00000098,00000098,00000060,00000060,004cd007,0000009c,0,00000,000f0f0f,xxxxxxxx,xxxxxxxx,00000000,00000000,00000014,00000014,0,00000,0,00000004
7755000,1,000000a0,0000009c,00000098,00000098,00000060,004cd007,000000a0,0,00000,000ff0f0,xxxxxxxx,xxxxxxxx,00000000,00000000,000c0000,000c0000,0,00000,0,000c0000
7765000,1,000000a0,0000009c,0000009c,00000098,00000098,275b0044,000000a0,0,00000,000f0f0f,xxxxxxxx,xxxxxxxx,00000000,00000000,000c0000,000c0000,0,00000,0,000c0000
7775000,1,000000a4,000000a0,0000009c,0000009c,00000098,275b0044,000000a4,0,00000,000ff0f0,xxxxxxxx,xxxxxxxx,00000000,00000000,0000000c,0000000c,0,00000,0,000c0000
7785000,1,000000a4,000000a0,000000a0,0000009c,0000009c,0360f809,000000a4,0,00000,000f0f0f,xxxxxxxx,xxxxxxxx,00000000,00000000,0000000c,0000000c,0,00000,0,000c0000
7795000,1,000000a8,000000a4,000000a0,000000a0,0000009c,0360f809,000000a8,0,00000,000ff0f0,xxxxxxxx,xxxxxxxx,00000000,00000000,00000050,00000050,0,00000,0,00000050
7805000,1,000000a8,000000a4,000000a0,000000a0,000000a0,24010008,000000a8,0,00000,000ff00f,xxxxxxxx,xxxxxxxx,00000000,00000000,00000050,00000050,0,00000,0,00000050
7815000,1,00000050,000000a8,000000a4,000000a0,000000a0,24010008,00000050,0,00000,000fff00,xxxxxxxx,xxxxxxxx,00000000,00000000,00000050,00000050,0,00000,0,00000050
7825000,1,00000050,000000a8,000000a8,000000a4,000000a0,00411821,00000050,0,00000,000f0ff0,xxxxxxxx,xxxxxxxx,00000000,00000000,000000ac,000000ac,0,00000,0,00000000
7835000,1,00000054,00000050,000000a8,000000a8,000000a4,00411821,00000054,0,00000,000ff0ff,xxxxxxxx,xxxxxxxx,00000000,00000000,00000008,00000008,0,00000,0,00000008
7845000,1,00000054,00000050,00000050,000000a8,000000a8,00022082,00000054,0,00000,000f0f0f,xxxxxxxx,xxxxxxxx,00000000,00000000,00000008,00000008,0,00000,0,00000008
7855000,1,00000058,00000054,00000050,00000050,000000a8,00022082,00000058,0,00000,000ff0f0,xxxxxxxx,xxxxxxxx,00000000,00000000,00000018,00000018,0,00000,0,00000008
7865000,1,00000058,00000054,00000054,00000050,00000050,28990005,00000058,0,00000,000f0f0f,xxxxxxxx,xxxxxxxx,00000000,00000000,00000018,00000018,0,00000,0,00000008
7875000,1,0000005c,00000058,00000054,00000054,00000050,28990005,0000005c,0,00000,000ff0f0,xxxxxxxx,xxxxxxxx,00000000,00000000,00000004,00000004,0,00000,0,00000010
7885000,1,0000005c,00000058,00000058,00000054,00000054,0721000e,0000005c,0,00000,000f0f0f,xxxxxxxx,xxxxxxxx,00000000,00000000,00000004,00000004,0,00000,0,00000010
7895000,1,00000060,0000005c,00000058,00000058,00000054,0721000e,00000060,0,00000,000ff0f0,xxxxxxxx,xxxxxxxx,00000000,00000000,00000001,00000001,0,00000,0,00000100
7905000,1,00000060,0000005c,00000058,00000058,00000058,00642823,00000060,0,00000,000ff00f,xxxxxxxx,xxxxxxxx,00000000,00000000,00000001,00000001,0,00000,0,00000100
7915000,1,00000098,00000060,0000005c,00000058,00000058,00642823,00000098,0,00000,000fff00,xxxxxxxx,xxxxxxxx,00000000,00000000,00000001,00000001,0,00000,0,00000100
7925000,1,00000098,00000060,00000060,0000005c,00000058,3c0c000c,00000098,0,00000,000f0ff0,xxxxxxxx,xxxxxxxx,00000000,00000000,00000000,00000000,0,00000,0,00000008
7935000,1,0000009c,00000098,00000060,00000060,0000005c,3c0c000c,0000009c,0,00000,000ff0ff,xxxxxxxx,xxxxxxxx,00000000,00000000,00000014,00000014,0,00000,0,00000004
7945000,1,0000009c,00000098,00000098,00000060,00000060,004cd007,0000009c,0,00000,000f0f0f,xxxxxxxx,xxxxxxxx,00000000,00000000,00000014,00000014,0,00000,0,00000004
7955000,1,000000a0,0000009c,00000098,00000098,00000060,004cd007,000000a0,0,00000,000ff0f0,xxxxxxxx,xxxxxxxx,00000000,00000000,000c0000,000c0000,0,00000,0,000c0000
7965000,1,000000a0,0000009c,0000009c,00000098,00000098,275b0044,000000a0,0,00000,000f0f0f,xxxxxxxx,xxxxxxxx,00000000,00000000,000c0000,000c0000,0,00000,0,000c0000
7975000,1,000000a4,000000a0,0000009c,0000009c,00000098,275b0044,000000a4,0,00000,000ff0f0,xxxxxxxx,xxxxxxxx,00000000,00000000,0000000c,0000000c,0,00000,0,000c0000
7985000,1,000000a4,000000a0,000000a0,0000009c,0000009c,0360f809,000000a4,0,00000,000f0f0f,xxxxxxxx,xxxxxxxx,00000000,00000000,0000000c,0000000c,0,00000,0,000c0000
7995000,1,000000a8,000000a4,000000a0,000000a0,0000009c,0360f809,000000a8,0,00000,000ff0f0,xxxxxxxx,xxxxxxxx,00000000,00000000,00000050,00000050,0,00000,0,00000050
8005000,1,000000a8,000000a4,000000a0,000000a0,000000a0,24010008,000000a8,0,00000,000ff00f,xxxxxxxx,xxxxxxxx,00000000,00000000,00000050,00000050,0,00000,0,00000050
8015000,1,00000050,000000a8,000000a4,000000a0,000000a0,24010008,00000050,0,00000,000fff00,xxxxxxxx,xxxxxxxx,00000000,00000000,00000050,00000050,0,00000,0,00000050
8025000,1,00000050,000000a8,000000a8,000000a4,000000a0,00411821,00000050,0,00000,000f0ff0,xxxxxxxx,xxxxxxxx,00000000,00000000,000000ac,000000ac,0,00000,0,00000000
8035000,1,00000054,00000050,000000a8,000000a8,000000a4,00411821,00000054,0,00000,000ff0ff,xxxxxxxx,xxxxxxxx,00000000,00000000,00000008,00000008,0,00000,0,00000008
8045000,1,00000054,00000050,00000050,000000a8,000000a8,00022082,00000054,0,00000,000f0f0f,xxxxxxxx,xxxxxxxx,00000000,00000000,00000008,00000008,0,00000,0,00000008
8055000,1,00000058,00000054,00000050,00000050,000000a8,00022082,00000058,0,00000,000ff0f0,xxxxxxxx,xxxxxxxx,00000000,00000000,00000018,00000018,0,00000,0,00000008
8065000,1,00000058,00000054,00000054,00000050,00000050,28990005,00000058,0,00000,000f0f0f,xxxxxxxx,xxxxxxxx,00000000,00000000,00000018,00000018,0,00000,0,00000008
8075000,1,0000005c,00000058,00000054,00000054,00000050,28990005,0000005c,0,00000,000ff0f0,xxxxxxxx,xxxxxxxx,00000000,00000000,00000004,00000004,0,00000,0,00000010
8085000,1,0000005c,00000058,00000058,00000054,00000054,0721000e,0000005c,0,00000,000f0f0f,xxxxxxxx,xxxxxxxx,00000000,00000000,00000004,00000004,0,00000,0,00000010
8095000,1,00000060,0000005c,00000058,00000058,00000054,0721000e,00000060,0,00000,000ff0f0,xxxxxxxx,xxxxxxxx,00000000,00000000,00000001,00000001,0,00000,0,00000100
8105000,1,00000060,0000005c,00000058,00000058,00000058,00642823,00000060,0,00000,000ff00f,xxxxxxxx,xxxxxxxx,00000000,00000000,00000001,00000001,0,00000,0,00000100
8115000,1,00000098,00000060,0000005c,00000058,00000058,00642823,00000098,0,00000,000fff00,xxxxxxxx,xxxxxxxx,00000000,00000000,00000001,00000001,0,00000,0,00000100
8125000,1,00000098,00000060,00000060,0000005c,00000058,3c0c000c,00000098,0,00000,000f0ff0,xxxxxxxx,xxxxxxxx,00000000,00000000,00000000,00000000,0,00000,0,00000008
8135000,1,0000009c,00000098,00000060,00000060,0000005c,3c0c000c,0000009c,0,00000,000ff0ff,xxxxxxxx,xxxxxxxx,00000000,00000000,00000014,00000014,0,00000,0,00000004
8145000,1,0000009c,00000098,00000098,00000060,00000060,004cd007,0000009c,0,00000,000f0f0f,xxxxxxxx,xxxxxxxx,00000000,00000000,00000014,00000014,0,00000,0,00000004
8155000,1,000000a0,0000009c,00000098,00000098,00000060,004cd007,000000a0,0,00000,000ff0f0,xxxxxxxx,xxxxxxxx,00000000,00000000,000c0000,000c0000,0,00000,0,000c0000
8165000,1,000000a0,0000009c,0000009c,00000098,00000098,275b0044,000000a0,0,00000,000f0f0f,xxxxxxxx,xxxxxxxx,00000000,00000000,000c0000,000c0000,0,00000,0,000c0000
8175000,1,000000a4,000000a0,0000009c,0000009c,00000098,275b0044,000000a4,0,00000,000ff0f0,xxxxxxxx,xxxxxxxx,00000000,00000000,0000000c,0000000c,0,00000,0,000c0000
8185000,1,000000a4,000000a0,000000a0,0000009c,0000009c,0360f809,000000a4,0,00000,000f0f0f,xxxxxxxx,xxxxxxxx,00000000,00000000,0000000c,0000000c,0,00000,0,000c0000
8195000,1,000000a8,000000a4,000000a0,000000a0,0000009c,0360f809,000000a8,0,00000,000ff0f0,xxxxxxxx,xxxxxxxx,00000000,00000000,00000050,00000050,0,00000,0,00000050
8205000,1,000000a8,000000a4,000000a0,000000a0,000000a0,24010008,000000a8,0,00000,000ff00f,xxxxxxxx,xxxxxxxx,00000000,00000000,00000050,00000050,0,00000,0,00000050
8215000,1,00000050,000000a8,000000a4,000000a0,000000a0,24010008,00000050,0,00000,000fff00,xxxxxxxx,xxxxxxxx,00000000,00000000,00000050,00000050,0,00000,0,00000050
8225000,1,00000050,000000a8,000000a8,000000a4,000000a0,00411821,00000050,0,00000,000f0ff0,xxxxxxxx,xxxxxxxx,00000000,00000000,000000ac,000000ac,0,00000,0,00000000
8235000,1,00000054,00000050,000000a8,000000a8,000000a4,00411821,00000054,0,00000,000ff0ff,xxxxxxxx,xxxxxxxx,00000000,00000000,00000008,00000008,0,00000,0,00000008
8245000,1,00000054,00000050,00000050,000000a8,000000a8,00022082,00000054,0,00000,000f0f0f,xxxxxxxx,xxxxxxxx,00000000,00000000,00000008,00000008,0,00000,0,00000008
8255000,1,00000058,00000054,00000050,00000050,000000a8,00022082,00000058,0,00000,000ff0f0,xxxxxxxx,xxxxxxxx,00000000,00000000,00000018,00000018,0,00000,0,00000008
8265000,1,00000058,00000054,00000054,00000050,00000050,28990005,00000058,0,00000,000f0f0f,xxxxxxxx,xxxxxxxx,00000000,00000000,00000018,00000018,0,00000,0,00000008
8275000,1,0000005c,00000058,00000054,00000054,00000050,28990005,0000005c,0,00000,000ff0f0,xxxxxxxx,xxxxxxxx,00000000,00000000,00000004,00000004,0,00000,0,00000010
8285000,1,0000005c,00000058,00000058,00000054,00000054,0721000e,0000005c,0,00000,000f0f0f,xxxxxxxx,xxxxxxxx,00000000,00000000,00000004,00000004,0,00000,0,00000010
8295000,1,00000060,0000005c,00000058,00000058,00000054,0721000e,00000060,0,00000,000ff0f0,xxxxxxxx,xxxxxxxx,00000000,00000000,00000001,00000001,0,00000,0,00000100
8305000,1,00000060,0000005c,00000058,00000058,00000058,00642823,00000060,0,00000,000ff00f,xxxxxxxx,xxxxxxxx,00000000,00000000,00000001,00000001,0,00000,0,00000100
8315000,1,00000098,00000060,0000005c,00000058,00000058,00642823,00000098,0,00000,000fff00,xxxxxxxx,xxxxxxxx,00000000,00000000,00000001,00000001,0,00000,0,00000100
8325000,1,00000098,00000060,00000060,0000005c,00000058,3c0c000c,00000098,0,00000,000f0ff0,xxxxxxxx,xxxxxxxx,00000000,00000000,00000000,00000000,0,00000,0,00000008
8335000,1,0000009c,00000098,00000060,00000060,0000005c,3c0c000c,0000009c,0,00000,000ff0ff,xxxxxxxx,xxxxxxxx,00000000,00000000,00000014,00000014,0,00000,0,00000004
8345000,1,0000009c,00000098,00000098,00000060,00000060,004cd007,0000009c,0,00000,000f0f0f,xxxxxxxx,xxxxxxxx,00000000,00000000,00000014,00000014,0,00000,0,00000004
8355000,1,000000a0,0000009c,00000098,00000098,00000060,004cd007,000000a0,0,00000,000ff0f0,xxxxxxxx,xxxxxxxx,00000000,00000000,000c0000,000c0000,0,00000,0,000c0000
8365000,1,000000a0,0000009c,0000009c,00000098,00000098,275b0044,000000a0,0,00000,000f0f0f,xxxxxxxx,xxxxxxxx,00000000,00000000,000c0000,000c0000,0,00000,0,000c0000
8375000,1,000000a4,000000a0,0000009c,0000009c,00000098,275b0044,000000a4,0,00000,000ff0f0,xxxxxxxx,xxxxxxxx,00000000,00000000,0000000c,0000000c,0,00000,0,000c0000
8385000,1,000000a4,000000a0,000000a0,0000009c,0000009c,0360f809,000000a4,0,00000,000f0f0f,xxxxxxxx,xxxxxxxx,00000000,00000000,0000000c,0000000c,0,00000,0,000c0000
8395000,1,000000a8,000000a4,000000a0,000000a0,0000009c,0360f809,000000a8,0,00000,000ff0f0,xxxxxxxx,xxxxxxxx,00000000,00000000,00000050,00000050,0,00000,0,00000050
8405000,1,000000a8,000000a4,000000a0,000000a0,000000a0,24010008,000000a8,0,00000,000ff00f,xxxxxxxx,xxxxxxxx,00000000,00000000,00000050,00000050,0,00000,0,00000050
8415000,1,00000050,000000a8,000000a4,000000a0,000000a0,24010008,00000050,0,00000,000fff00,xxxxxxxx,xxxxxxxx,00000000,00000000,00000050,00000050,0,00000,0,00000050
8425000,1,00000050,000000a8,000000a8,000000a4,000000a0,00411821,00000050,0,00000,000f0ff0,xxxxxxxx,xxxxxxxx,00000000,00000000,000000ac,000000ac,0,00000,0,00000000
8435000,1,00000054,00000050,000000a8,000000a8,000000a4,00411821,00000054,0,00000,000ff0ff,xxxxxxxx,xxxxxxxx,00000000,00000000,00000008,00000008,0,00000,0,00000008
8445000,1,00000054,00000050,00000050,000000a8,000000a8,00022082,00000054,0,00000,000f0f0f,xxxxxxxx,xxxxxxxx,00000000,00000000,00000008,00000008,0,00000,0,00000008
8455000,1,00000058,00000054,00000050,00000050,000000a8,00022082,00000058,0,00000,000ff0f0,xxxxxxxx,xxxxxxxx,00000000,00000000,00000018,00000018,0,00000,0,00000008
8465000,1,00000058,00000054,00000054,00000050,00000050,28990005,00000058,0,00000,000f0f0f,xxxxxxxx,xxxxxxxx,00000000,00000000,00000018,00000018,0,00000,0,00000008
8475000,1,0000005c,00000058,00000054,00000054,00000050,28990005,0000005c,0,00000,000ff0f0,xxxxxxxx,xxxxxxxx,00000000,00000000,00000004,00000004,0,00000,0,00000010
8485000,1,0000005c,00000058,00000058,00000054,00000054,0721000e,0000005c,0,00000,000f0f0f,xxxxxxxx,xxxxxxxx,00000000,00000000,00000004,00000004,0,00000,0,00000010
8495000,1,00000060,0000005c,00000058,00000058,00000054,0721000e,00000060,0,00000,000ff0f0,xxxxxxxx,xxxxxxxx,00000000,00000000,00000001,00000001,0,00000,0,00000100
8505000,1,00000060,0000005c,00000058,00000058,00000058,00642823,00000060,0,00000,000ff00f,xxxxxxxx,xxxxxxxx,00000000,00000000,00000001,00000001,0,00000,0,00000100
8515000,1,00000098,00000060,0000005c,00000058,00000058,00642823,00000098,0,00000,000fff00,xxxxxxxx,xxxxxxxx,00000000,00000000,00000001,00000001,0,00000,0,00000100
8525000,1,00000098,00000060,00000060,0000005c,00000058,3c0c000c,00000098,0,00000,000f0ff0,xxxxxxxx,xxxxxxxx,00000000,00000000,00000000,00000000,0,00000,0,00000008
8535000,1,0000009c,00000098,00000060,00000060,0000005c,3c0c000c,0000009c,0,00000,000ff0ff,xxxxxxxx,xxxxxxxx,00000000,00000000,00000014,00000014,0,00000,0,00000004
8545000,1,0000009c,00000098,00000098,00000060,00000060,004cd007,0000009c,0,00000,000f0f0f,xxxxxxxx,xxxxxxxx,00000000,00000000,00000014,00000014,0,00000,0,00000004
8555000,1,000000a0,0000009c,00000098,00000098,00000060,004cd007,000000a0,0,00000,000ff0f0,xxxxxxxx,xxxxxxxx,00000000,00000000,000c0000,000c0000,0,00000,0,000c0000
8565000,1,000000a0,0000009c,0000009c,00000098,00000098,275b0044,000000a0,0,00000,000f0f0f,xxxxxxxx,xxxxxxxx,00000000,00000000,000c0000,000c0000,0,00000,0,000c0000
8575000,1,000000a4,000000a0,0000009c,0000009c,00000098,275b0044,000000a4,0,00000,000ff0f0,xxxxxxxx,xxxxxxxx,00000000,00000000,0000000c,0000000c,0,00000,0,000c0000
8585000,1,000000a4,000000a0,000000a0,0000009c,0000009c,0360f809,000000a4,0,00000,000f0f0f,xxxxxxxx,xxxxxxxx,00000000,00000000,0000000c,0000000c,0,00000,0,000c0000
8595000,1,000000a8,000000a4,000000a0,000000a0,0000009c,0360f809,000000a8,0,00000,000ff0f0,xxxxxxxx,xxxxxxxx,00000000,00000000,00000050,00000050,0,00000,0,00000050
8605000,1,000000a8,000000a4,000000a0,000000a0,000000a0,24010008,000000a8,0,00000,000ff00f,xxxxxxxx,xxxxxxxx,00000000,00000000,00000050,00000050,0,00000,0,00000050
8615000,1,00000050,000000a8,000000a4,000000a0,000000a0,24010008,00000050,0,00000,000fff00,xxxxxxxx,xxxxxxxx,00000000,00000000,00000050,00000050,0,00000,0,00000050
8625000,1,00000050,000000a8,000000a8,000000a4,000000a0,00411821,00000050,0,00000,000f0ff0,xxxxxxxx,xxxxxxxx,00000000,00000000,000000ac,000000ac,0,00000,0,00000000
8635000,1,00000054,00000050,000000a8,000000a8,000000a4,00411821,00000054,0,00000,000ff0ff,xxxxxxxx,xxxxxxxx,00000000,00000000,00000008,00000008,0,00000,0,00000008
8645000,1,00000054,00000050,00000050,000000a8,000000a8,00022082,00000054,0,00000,000f0f0f,xxxxxxxx,xxxxxxxx,00000000,00000000,00000008,00000008,0,00000,0,00000008
8655000,1,00000058,00000054,00000050,00000050,000000a8,00022082,00000058,0,00000,000ff0f0,xxxxxxxx,xxxxxxxx,00000000,00000000,00000018,00000018,0,00000,0,00000008
8665000,1,00000058,00000054,00000054,00000050,00000050,28990005,00000058,0,00000,000f0f0f,xxxxxxxx,xxxxxxxx,00000000,00000000,00000018,00000018,0,00000,0,00000008
8675000,1,0000005c,00000058,00000054,00000054,00000050,28990005,0000005c,0,00000,000ff0f0,xxxxxxxx,xxxxxxxx,00000000,00000000,00000004,00000004,0,00000,0,00000010
8685000,1,0000005c,00000058,00000058,00000054,00000054,0721000e,0000005c,0,00000,000f0f0f,xxxxxxxx,xxxxxxxx,00000000,00000000,00000004,00000004,0,00000,0,00000010
8695000,1,00000060,0000005c,00000058,00000058,00000054,0721000e,00000060,0,00000,000ff0f0,xxxxxxxx,xxxxxxxx,00000000,00000000,00000001,00000001,0,00000,0,00000100
8705000,1,00000060,0000005c,00000058,00000058,00000058,00642823,00000060,0,00000,000ff00f,xxxxxxxx,xxxxxxxx,00000000,00000000,00000001,00000001,0,00000,0,00000100
8715000,1,00000098,00000060,0000005c,00000058,00000058,00642823,00000098,0,00000,000fff00,xxxxxxxx,xxxxxxxx,00000000,00000000,00000001,00000001,0,00000,0,00000100
8725000,1,00000098,00000060,00000060,0000005c,00000058,3c0c000c,00000098,0,00000,000f0ff0,xxxxxxxx,xxxxxxxx,00000000,00000000,00000000,00000000,0,00000,0,00000008
8735000,1,0000009c,00000098,00000060,00000060,0000005c,3c0c000c,0000009c,0,00000,000ff0ff,xxxxxxxx,xxxxxxxx,00000000,00000000,00000014,00000014,0,00000,0,00000004
8745000,1,0000009c,00000098,00000098,00000060,00000060,004cd007,0000009c,0,00000,000f0f0f,xxxxxxxx,xxxxxxxx,00000000,00000000,00000014,00000014,0,00000,0,00000004
8755000,1,000000a0,0000009c,00000098,00000098,00000060,004cd007,000000a0,0,00000,000ff0f0,xxxxxxxx,xxxxxxxx,00000000,00000000,000c0000,000c0000,0,00000,0,000c0000
8765000,1,000000a0,0000009c,0000009c,00000098,00000098,275b0044,000000a0,0,00000,000f0f0f,xxxxxxxx,xxxxxxxx,00000000,00000000,000c0000,000c0000,0,00000,0,000c0000
8775000,1,000000a4,000000a0,0000009c,0000009c,00000098,275b0044,000000a4,0,00000,000ff0f0,xxxxxxxx,xxxxxxxx,00000000,00000000,0000000c,0000000c,0,00000,0,000c0000
8785000,1,000000a4,000000a0,000000a0,0000009c,0000009c,0360f809,000000a4,0,00000,000f0f0f,xxxxxxxx,xxxxxxxx,00000000,00000000,0000000c,0000000c,0,00000,0,000c0000
8795000,1,000000a8,000000a4,000000a0,000000a0,0000009c,0360f809,000000a8,0,00000,000ff0f0,xxxxxxxx,xxxxxxxx,00000000,00000000,00000050,00000050,0,00000,0,00000050
8805000,1,000000a8,000000a4,000000a0,000000a0,000000a0,24010008,000000a8,0,00000,000ff00f,xxxxxxxx,xxxxxxxx,00000000,00000000,00000050,00000050,0,00000,0,00000050
8815000,1,00000050,000000a8,000000a4,000000a0,000000a0,24010008,00000050,0,00000,000fff00,xxxxxxxx,xxxxxxxx,00000000,00000000,00000050,00000050,0,00000,0,00000050
8825000,1,00000050,000000a8,000000a8,000000a4,000000a0,00411821,00000050,0,00000,000f0ff0,xxxxxxxx,xxxxxxxx,00000000,00000000,000000ac,000000ac,0,00000,0,00000000
8835000,1,00000054,00000050,000000a8,000000a8,000000a4,00411821,00000054,0,00000,000ff0ff,xxxxxxxx,xxxxxxxx,00000000,00000000,00000008,00000008,0,00000,0,00000008
8845000,1,00000054,00000050,00000050,000000a8,000000a8,00022082,00000054,0,00000,000f0f0f,xxxxxxxx,xxxxxxxx,00000000,00000000,00000008,00000008,0,00000,0,00000008
8855000,1,00000058,00000054,00000050,00000050,000000a8,00022082,00000058,0,00000,000ff0f0,xxxxxxxx,xxxxxxxx,00000000,00000000,00000018,00000018,0,00000,0,00000008
8865000,1,00000058,00000054,00000054,00000050,00000050,28990005,00000058,0,00000,000f0f0f,xxxxxxxx,xxxxxxxx,00000000,00000000,00000018,00000018,0,00000,0,00000008
8875000,1,0000005c,00000058,00000054,00000054,00000050,28990005,0000005c,0,00000,000ff0f0,xxxxxxxx,xxxxxxxx,00000000,00000000,00000004,00000004,0,00000,0,00000010
8885000,1,0000005c,00000058,00000058,00000054,00000054,0721000e,0000005c,0,00000,000f0f0f,xxxxxxxx,xxxxxxxx,00000000,00000000,00000004,00000004,0,00000,0,00000010
8895000,1,00000060,0000005c,00000058,00000058,00000054,0721000e,00000060,0,00000,000ff0f0,xxxxxxxx,xxxxxxxx,00000000,00000000,00000001,00000001,0,00000,0,00000100
8905000,1,00000060,0000005c,00000058,00000058,00000058,00642823,00000060,0,00000,000ff00f,xxxxxxxx,xxxxxxxx,00000000,00000000,00000001,00000001,0,00000,0,00000100
8915000,1,00000098,00000060,0000005c,00000058,00000058,00642823,00000098,0,00000,000fff00,xxxxxxxx,xxxxxxxx,00000000,00000000,00000001,00000001,0,00000,0,00000100
8925000,1,00000098,00000060,00000060,0000005c,00000058,3c0c000c,00000098,0,00000,000f0ff0,xxxxxxxx,xxxxxxxx,00000000,00000000,00000000,00000000,0,00000,0,00000008
8935000,1,0000009c,00000098,00000060,00000060,0000005c,3c0c000c,0000009c,0,00000,000ff0ff,xxxxxxxx,xxxxxxxx,00000000,00000000,00000014,00000014,0,00000,0,00000004
8945000,1,0000009c,00000098,00000098,00000060,00000060,004cd007,0000009c,0,00000,000f0f0f,xxxxxxxx,xxxxxxxx,00000000,00000000,00000014,00000014,0,00000,0,00000004
8955000,1,000000a0,0000009c,00000098,00000098,00000060,004cd007,000000a0,0,00000,000ff0f0,xxxxxxxx,xxxxxxxx,00000000,00000000,000c0000,000c0000,0,00000,0,000c0000
8965000,1,000000a0,0000009c,0000009c,00000098,00000098,275b0044,000000a0,0,00000,000f0f0f,xxxxxxxx,xxxxxxxx,00000000,00000000,000c0000,000c0000,0,00000,0,000c0000
8975000,1,000000a4,000000a0,0000009c,0000009c,00000098,275b0044,000000a4,0,00000,000ff0f0,xxxxxxxx,xxxxxxxx,00000000,00000000,0000000c,0000000c,0,00000,0,000c0000
8985000,1,000000a4,000000a0,000000a0,0000009c,0000009c,0360f809,000000a4,0,00000,000f0f0f,xxxxxxxx,xxxxxxxx,00000000,00000000,0000000c,0000000c,0,00000,0,000c0000
8995000,1,000000a8,000000a4,000000a0,000000a0,0000009c,0360f809,000000a8,0,00000,000ff0f0,xxxxxxxx,xxxxxxxx,00000000,00000000,00000050,00000050,0,00000,0,00000050
9005000,1,000000a8,000000a4,000000a0,000000a0,000000a0,24010008,000000a8,0,00000,000ff00f,xxxxxxxx,xxxxxxxx,00000000,00000000,00000050,00000050,0,00000,0,00000050
9015000,1,00000050,000000a8,000000a4,000000a0,000000a0,24010008,00000050,0,00000,000fff00,xxxxxxxx,xxxxxxxx,00000000,00000000,00000050,00000050,0,00000,0,00000050
9025000,1,00000050,000000a8,000000a8,000000a4,000000a0,00411821,00000050,0,00000,000f0ff0,xxxxxxxx,xxxxxxxx,00000000,00000000,000000ac,000000ac,0,00000,0,00000000
9035000,1,00000054,00000050,000000a8,000000a8,000000a4,00411821,00000054,0,00000,000ff0ff,xxxxxxxx,xxxxxxxx,00000000,00000000,00000008,00000008,0,00000,0,00000008
9045000,1,00000054,00000050,00000050,000000a8,000000a8,00022082,00000054,0,00000,000f0f0f,xxxxxxxx,xxxxxxxx,00000000,00000000,00000008,00000008,0,00000,0,00000008
9055000,1,00000058,00000054,00000050,00000050,000000a8,00022082,00000058,0,00000,000ff0f0,xxxxxxxx,xxxxxxxx,00000000,00000000,00000018,00000018,0,00000,0,00000008
9065000,1,00000058,00000054,00000054,00000050,00000050,28990005,00000058,0,00000,000f0f0f,xxxxxxxx,xxxxxxxx,00000000,00000000,00000018,00000018,0,00000,0,00000008
9075000,1,0000005c,00000058,00000054,00000054,00000050,28990005,0000005c,0,00000,000ff0f0,xxxxxxxx,xxxxxxxx,00000000,00000000,00000004,00000004,0,00000,0,00000010
9085000,1,0000005c,00000058,00000058,00000054,00000054,0721000e,0000005c,0,00000,000f0f0f,xxxxxxxx,xxxxxxxx,00000000,00000000,00000004,00000004,0,00000,0,00000010
9095000,1,00000060,0000005c,00000058,00000058,00000054,0721000e,00000060,0,00000,000ff0f0,xxxxxxxx,xxxxxxxx,00000000,00000000,00000001,00000001,0,00000,0,00000100
9105000,1,00000060,0000005c,00000058,00000058,00000058,00642823,00000060,0,00000,000ff00f,xxxxxxxx,xxxxxxxx,00000000,00000000,00000001,00000001,0,00000,0,00000100
9115000,1,00000098,00000060,0000005c,00000058,00000058,00642823,00000098,0,00000,000fff00,xxxxxxxx,xxxxxxxx,00000000,00000000,00000001,00000001,0,00000,0,00000100
9125000,1,00000098,00000060,00000060,0000005c,00000058,3c0c000c,00000098,0,00000,000f0ff0,xxxxxxxx,xxxxxxxx,00000000,00000000,00000000,00000000,0,00000,0,00000008
9135000,1,0000009c,00000098,00000060,00000060,0000005c,3c0c000c,0000009c,0,00000,000ff0ff,xxxxxxxx,xxxxxxxx,00000000,00000000,00000014,00000014,0,00000,0,00000004
9145000,1,0000009c,00000098,00000098,00000060,00000060,004cd007,0000009c,0,00000,000f0f0f,xxxxxxxx,xxxxxxxx,00000000,00000000,00000014,00000014,0,00000,0,00000004
9155000,1,000000a0,0000009c,00000098,00000098,00000060,004cd007,000000a0,0,00000,000ff0f0,xxxxxxxx,xxxxxxxx,00000000,00000000,000c0000,000c0000,0,00000,0,000c0000
9165000,1,000000a0,0000009c,0000009c,00000098,00000098,275b0044,000000a0,0,00000,000f0f0f,xxxxxxxx,xxxxxxxx,00000000,00000000,000c0000,000c0000,0,00000,0,000c0000
9175000,1,000000a4,000000a0,0000009c,0000009c,00000098,275b0044,000000a4,0,00000,000ff0f0,xxxxxxxx,xxxxxxxx,00000000,00000000,0000000c,0000000c,0,00000,0,000c0000
9185000,1,000000a4,000000a0,000000a0,0000009c,0000009c,0360f809,000000a4,0,00000,000f0f0f,xxxxxxxx,xxxxxxxx,00000000,00000000,0000000c,0000000c,0,00000,0,000c0000
9195000,1,000000a8,000000a4,000000a0,000000a0,0000009c,0360f809,000000a8,0,00000,000ff0f0,xxxxxxxx,xxxxxxxx,00000000,00000000,00000050,00000050,0,00000,0,00000050
9205000,1,000000a8,000000a4,000000a0,000000a0,000000a0,24010008,000000a8,0,00000,000ff00f,xxxxxxxx,xxxxxxxx,00000000,00000000,00000050,00000050,0,00000,0,00000050
9215000,1,00000050,000000a8,000000a4,000000a0,000000a0,24010008,00000050,0,00000,000fff00,xxxxxxxx,xxxxxxxx,00000000,00000000,00000050,00000050,0,00000,0,00000050
9225000,1,00000050,000000a8,000000a8,000000a4,000000a0,00411821,00000050,0,00000,000f0ff0,xxxxxxxx,xxxxxxxx,00000000,00000000,000000ac,000000ac,0,00000,0,00000000
9235000,1,00000054,00000050,000000a8,000000a8,000000a4,00411821,00000054,0,00000,000ff0ff,xxxxxxxx,xxxxxxxx,00000000,00000000,00000008,00000008,0,00000,0,00000008
9245000,1,00000054,00000050,00000050,000000a8,000000a8,00022082,00000054,0,00000,000f0f0f,xxxxxxxx,xxxxxxxx,00000000,00000000,00000008,00000008,0,00000,0,00000008
9255000,1,00000058,00000054,00000050,00000050,000000a8,00022082,00000058,0,00000,000ff0f0,xxxxxxxx,xxxxxxxx,00000000,00000000,00000018,00000018,0,00000,0,00000008
9265000,1,00000058,00000054,00000054,00000050,00000050,28990005,00000058,0,00000,000f0f0f,xxxxxxxx,xxxxxxxx,00000000,00000000,00000018,00000018,0,00000,0,00000008
9275000,1,0000005c,00000058,00000054,00000054,00000050,28990005,0000005c,0,00000,000ff0f0,xxxxxxxx,xxxxxxxx,00000000,00000000,00000004,00000004,0,00000,0,00000010
9285000,1,0000005c,00000058,00000058,00000054,00000054,0721000e,0000005c,0,00000,000f0f0f,xxxxxxxx,xxxxxxxx,00000000,00000000,00000004,00000004,0,00000,0,00000010
9295000,1,00000060,0000005c,00000058,00000058,00000054,0721000e,00000060,0,00000,000ff0f0,xxxxxxxx,xxxxxxxx,00000000,00000000,00000001,00000001,0,00000,0,00000100
9305000,1,00000060,0000005c,00000058,00000058,00000058,00642823,00000060,0,00000,000ff00f,xxxxxxxx,xxxxxxxx,00000000,00000000,00000001,00000001,0,00000,0,00000100
9315000,1,00000098,00000060,0000005c,00000058,00000058,00642823,00000098,0,00000,000fff00,xxxxxxxx,xxxxxxxx,00000000,00000000,00000001,00000001,0,00000,0,00000100
9325000,1,00000098,00000060,00000060,0000005c,00000058,3c0c000c,00000098,0,00000,000f0ff0,xxxxxxxx,xxxxxxxx,00000000,00000000,00000000,00000000,0,00000,0,00000008
9335000,1,0000009c,00000098,00000060,00000060,0000005c,3c0c000c,0000009c,0,00000,000ff0ff,xxxxxxxx,xxxxxxxx,00000000,00000000,00000014,00000014,0,00000,0,00000004
9345000,1,0000009c,00000098,00000098,00000060,00000060,004cd007,0000009c,0,00000,000f0f0f,xxxxxxxx,xxxxxxxx,00000000,00000000,00000014,00000014,0,00000,0,00000004
9355000,1,000000a0,0000009c,00000098,00000098,00000060,004cd007,000000a0,0,00000,000ff0f0,xxxxxxxx,xxxxxxxx,00000000,00000000,000c0000,000c0000,0,00000,0,000c0000
9365000,1,000000a0,0000009c,0000009c,00000098,00000098,275b0044,000000a0,0,00000,000f0f0f,xxxxxxxx,xxxxxxxx,00000000,00000000,000c0000,000c0000,0,00000,0,000c0000
9375000,1,000000a4,000000a0,0000009c,0000009c,00000098,275b0044,000000a4,0,00000,000ff0f0,xxxxxxxx,xxxxxxxx,00000000,00000000,0000000c,0000000c,0,00000,0,000c0000
9385000,1,000000a4,000000a0,000000a0,0000009c,0000009c,0360f809,000000a4,0,00000,000f0f0f,xxxxxxxx,xxxxxxxx,00000000,00000000,0000000c,0000000c,0,00000,0,000c0000
9395000,1,000000a8,000000a4,000000a0,000000a0,0000009c,0360f809,000000a8,0,00000,000ff0f0,xxxxxxxx,xxxxxxxx,00000000,00000000,00000050,00000050,0,00000,0,00000050
9405000,1,000000a8,000000a4,000000a0,000000a0,000000a0,24010008,000000a8,0,00000,000ff00f,xxxxxxxx,xxxxxxxx,00000000,00000000,00000050,00000050,0,00000,0,00000050
9415000,1,00000050,000000a8,000000a4,000000a0,000000a0,24010008,00000050,0,00000,000fff00,xxxxxxxx,xxxxxxxx,00000000,00000000,00000050,00000050,0,00000,0,00000050
9425000,1,00000050,000000a8,000000a8,000000a4,000000a0,00411821,00000050,0,00000,000f0ff0,xxxxxxxx,xxxxxxxx,00000000,00000000,000000ac,000000ac,0,00000,0,00000000
9435000,1,00000054,00000050,000000a8,000000a8,000000a4,00411821,00000054,0,00000,000ff0ff,xxxxxxxx,xxxxxxxx,00000000,00000000,00000008,00000008,0,00000,0,00000008
9445000,1,00000054,00000050,00000050,000000a8,000000a8,00022082,00000054,0,00000,000f0f0f,xxxxxxxx,xxxxxxxx,00000000,00000000,00000008,00000008,0,00000,0,00000008
9455000,1,00000058,00000054,00000050,00000050,000000a8,00022082,00000058,0,00000,000ff0f0,xxxxxxxx,xxxxxxxx,00000000,00000000,00000018,00000018,0,00000,0,00000008
9465000,1,00000058,00000054,00000054,00000050,00000050,28990005,00000058,0,00000,000f0f0f,xxxxxxxx,xxxxxxxx,00000000,00000000,00000018,00000018,0,00000,0,00000008
9475000,1,0000005c,00000058,00000054,00000054,00000050,28990005,0000005c,0,00000,000ff0f0,xxxxxxxx,xxxxxxxx,00000000,00000000,00000004,00000004,0,00000,0,00000010
9485000,1,0000005c,00000058,00000058,00000054,00000054,0721000e,0000005c,0,00000,000f0f0f,xxxxxxxx,xxxxxxxx,00000000,00000000,00000004,00000004,0,00000,0,00000010
9495000,1,00000060,0000005c,00000058,00000058,00000054,0721000e,00000060,0,00000,000ff0f0,xxxxxxxx,xxxxxxxx,00000000,00000000,00000001,00000001,0,00000,0,00000100
9505000,1,00000060,0000005c,00000058,00000058,00000058,00642823,00000060,0,00000,000ff00f,xxxxxxxx,xxxxxxxx,00000000,00000000,00000001,00000001,0,00000,0,00000100
9515000,1,00000098,00000060,0000005c,00000058,00000058,00642823,00000098,0,00000,000fff00,xxxxxxxx,xxxxxxxx,00000000,00000000,00000001,00000001,0,00000,0,00000100
9525000,1,00000098,00000060,00000060,0000005c,00000058,3c0c000c,00000098,0,00000,000f0ff0,xxxxxxxx,xxxxxxxx,00000000,00000000,00000000,00000000,0,00000,0,00000008
9535000,1,0000009c,00000098,00000060,00000060,0000005c,3c0c000c,0000009c,0,00000,000ff0ff,xxxxxxxx,xxxxxxxx,00000000,00000000,00000014,00000014,0,00000,0,00000004
9545000,1,0000009c,00000098,00000098,00000060,00000060,004cd007,0000009c,0,00000,000f0f0f,xxxxxxxx,xxxxxxxx,00000000,00000000,00000014,00000014,0,00000,0,00000004
9555000,1,000000a0,0000009c,00000098,00000098,00000060,004cd007,000000a0,0,00000,000ff0f0,xxxxxxxx,xxxxxxxx,00000000,00000000,000c0000,000c0000,0,00000,0,000c0000
9565000,1,000000a0,0000009c,0000009c,00000098,00000098,275b0044,000000a0,0,00000,000f0f0f,xxxxxxxx,xxxxxxxx,00000000,00000000,000c0000,000c0000,0,00000,0,000c0000
9575000,1,000000a4,000000a0,0000009c,0000009c,00000098,275b0044,000000a4,0,00000,000ff0f0,xxxxxxxx,xxxxxxxx,00000000,00000000,0000000c,0000000c,0,00000,0,000c0000
9585000,1,000000a4,000000a0,000000a0,0000009c,0000009c,0360f809,000000a4,0,00000,000f0f0f,xxxxxxxx,xxxxxxxx,00000000,00000000,0000000c,0000000c,0,00000,0,000c0000
9595000,1,000000a8,000000a4,000000a0,000000a0,0000009c,0360f809,000000a8,0,00000,000ff0f0,xxxxxxxx,xxxxxxxx,00000000,00000000,00000050,00000050,0,00000,0,00000050
9605000,1,000000a8,000000a4,000000a0,000000a0,000000a0,24010008,000000a8,0,00000,000ff00f,xxxxxxxx,xxxxxxxx,00000000,00000000,00000050,00000050,0,00000,0,00000050
9615000,1,00000050,000000a8,000000a4,000000a0,000000a0,24010008,00000050,0,00000,000fff00,xxxxxxxx,xxxxxxxx,00000000,00000000,00000050,00000050,0,00000,0,00000050
9625000,1,00000050,000000a8,000000a8,000000a4,000000a0,00411821,00000050,0,00000,000f0ff0,xxxxxxxx,xxxxxxxx,00000000,00000000,000000ac,000000ac,0,00000,0,00000000
9635000,1,00000054,00000050,000000a8,000000a8,000000a4,00411821,00000054,0,00000,000ff0ff,xxxxxxxx,xxxxxxxx,00000000,00000000,00000008,00000008,0,00000,0,00000008
9645000,1,00000054,00000050,00000050,000000a8,000000a8,00022082,00000054,0,00000,000f0f0f,xxxxxxxx,xxxxxxxx,00000000,00000000,00000008,00000008,0,00000,0,00000008
9655000,1,00000058,00000054,00000050,00000050,000000a8,00022082,00000058,0,00000,000ff0f0,xxxxxxxx,xxxxxxxx,00000000,00000000,00000018,00000018,0,00000,0,00000008
9665000,1,00000058,00000054,00000054,00000050,00000050,28990005,00000058,0,00000,000f0f0f,xxxxxxxx,xxxxxxxx,00000000,00000000,00000018,00000018,0,00000,0,00000008
9675000,1,0000005c,00000058,00000054,00000054,00000050,28990005,0000005c,0,00000,000ff0f0,xxxxxxxx,xxxxxxxx,00000000,00000000,00000004,00000004,0,00000,0,00000010
9685000,1,0000005c,00000058,00000058,00000054,00000054,0721000e,0000005c,0,00000,000f0f0f,xxxxxxxx,xxxxxxxx,00000000,00000000,00000004,00000004,0,00000,0,00000010
9695000,1,00000060,0000005c,00000058,00000058,00000054,0721000e,00000060,0,00000,000ff0f0,xxxxxxxx,xxxxxxxx,00000000,00000000,00000001,00000001,0,00000,0,00000100
9705000,1,00000060,0000005c,00000058,00000058,00000058,00642823,00000060,0,00000,000ff00f,xxxxxxxx,xxxxxxxx,00000000,00000000,00000001,00000001,0,00000,0,00000100
9715000,1,00000098,00000060,0000005c,00000058,00000058,00642823,00000098,0,00000,000fff00,xxxxxxxx,xxxxxxxx,00000000,00000000,00000001,00000001,0,00000,0,00000100
9725000,1,00000098,00000060,00000060,0000005c,00000058,3c0c000c,00000098,0,00000,000f0ff0,xxxxxxxx,xxxxxxxx,00000000,00000000,00000000,00000000,0,00000,0,00000008
9735000,1,0000009c,00000098,00000060,00000060,0000005c,3c0c000c,0000009c,0,00000,000ff0ff,xxxxxxxx,xxxxxxxx,00000000,00000000,00000014,00000014,0,00000,0,00000004
9745000,1,0000009c,00000098,00000098,00000060,00000060,004cd007,0000009c,0,00000,000f0f0f,xxxxxxxx,xxxxxxxx,00000000,00000000,00000014,00000014,0,00000,0,00000004
9755000,1,000000a0,0000009c,00000098,00000098,00000060,004cd007,000000a0,0,00000,000ff0f0,xxxxxxxx,xxxxxxxx,00000000,00000000,000c0000,000c0000,0,00000,0,000c0000
9765000,1,000000a0,0000009c,0000009c,00000098,00000098,275b0044,000000a0,0,00000,000f0f0f,xxxxxxxx,xxxxxxxx,00000000,00000000,000c0000,000c0000,0,00000,0,000c0000
9775000,1,000000a4,000000a0,0000009c,0000009c,00000098,275b0044,000000a4,0,00000,000ff0f0,xxxxxxxx,xxxxxxxx,00000000,00000000,0000000c,0000000c,0,00000,0,000c0000
9785000,1,000000a4,000000a0,000000a0,0000009c,0000009c,0360f809,000000a4,0,00000,000f0f0f,xxxxxxxx,xxxxxxxx,00000000,00000000,0000000c,0000000c,0,00000,0,000c0000
9795000,1,000000a8,000000a4,000000a0,000000a0,0000009c,0360f809,000000a8,0,00000,000ff0f0,xxxxxxxx,xxxxxxxx,00000000,00000000,00000050,00000050,0,00000,0,00000050
9805000,1,000000a8,000000a4,000000a0,000000a0,000000a0,24010008,000000a8,0,00000,000ff00f,xxxxxxxx,xxxxxxxx,00000000,00000000,00000050,00000050,0,00000,0,00000050
9815000,1,00000050,000000a8,000000a4,000000a0,000000a0,24010008,00000050,0,00000,000fff00,xxxxxxxx,xxxxxxxx,00000000,00000000,00000050,00000050,0,00000,0,00000050
9825000,1,00000050,000000a8,000000a8,000000a4,000000a0,00411821,00000050,0,00000,000f0ff0,xxxxxxxx,xxxxxxxx,00000000,00000000,000000ac,000000ac,0,00000,0,00000000
9835000,1,00000054,00000050,000000a8,000000a8,000000a4,00411821,00000054,0,00000,000ff0ff,xxxxxxxx,xxxxxxxx,00000000,00000000,00000008,00000008,0,00000,0,00000008
9845000,1,00000054,00000050,00000050,000000a8,000000a8,00022082,00000054,0,00000,000f0f0f,xxxxxxxx,xxxxxxxx,00000000,00000000,00000008,00000008,0,00000,0,00000008
9855000,1,00000058,00000054,00000050,00000050,000000a8,00022082,00000058,0,00000,000ff0f0,xxxxxxxx,xxxxxxxx,00000000,00000000,00000018,00000018,0,00000,0,00000008
9865000,1,00000058,00000054,00000054,00000050,00000050,28990005,00000058,0,00000,000f0f0f,xxxxxxxx,xxxxxxxx,00000000,00000000,00000018,00000018,0,00000,0,00000008
9875000,1,0000005c,00000058,00000054,00000054,00000050,28990005,0000005c,0,00000,000ff0f0,xxxxxxxx,xxxxxxxx,00000000,00000000,00000004,00000004,0,00000,0,00000010
9885000,1,0000005c,00000058,00000058,00000054,00000054,0721000e,0000005c,0,00000,000f0f0f,xxxxxxxx,xxxxxxxx,00000000,00000000,00000004,00000004,0,00000,0,00000010
9895000,1,00000060,0000005c,00000058,00000058,00000054,0721000e,00000060,0,00000,000ff0f0,xxxxxxxx,xxxxxxxx,00000000,00000000,00000001,00000001,0,00000,0,00000100
9905000,1,00000060,0000005c,00000058,00000058,00000058,00642823,00000060,0,00000,000ff00f,xxxxxxxx,xxxxxxxx,00000000,00000000,00000001,00000001,0,00000,0,00000100
9915000,1,00000098,00000060,0000005c,00000058,00000058,00642823,00000098,0,00000,000fff00,xxxxxxxx,xxxxxxxx,00000000,00000000,00000001,00000001,0,00000,0,00000100
9925000,1,00000098,00000060,00000060,0000005c,00000058,3c0c000c,00000098,0,00000,000f0ff0,xxxxxxxx,xxxxxxxx,00000000,00000000,00000000,00000000,0,00000,0,00000008
9935000,1,0000009c,00000098,00000060,00000060,0000005c,3c0c000c,0000009c,0,00000,000ff0ff,xxxxxxxx,xxxxxxxx,00000000,00000000,00000014,00000014,0,00000,0,00000004
9945000,1,0000009c,00000098,00000098,00000060,00000060,004cd007,0000009c,0,00000,000f0f0f,xxxxxxxx,xxxxxxxx,00000000,00000000,00000014,00000014,0,00000,0,00000004
9955000,1,000000a0,0000009c,00000098,00000098,00000060,004cd007,000000a0,0,00000,000ff0f0,xxxxxxxx,xxxxxxxx,00000000,00000000,000c0000,000c0000,0,00000,0,000c0000
9965000,1,000000a0,0000009c,0000009c,00000098,00000098,275b0044,000000a0,0,00000,000f0f0f,xxxxxxxx,xxxxxxxx,00000000,00000000,000c0000,000c0000,0,00000,0,000c0000
9975000,1,000000a4,000000a0,0000009c,0000009c,00000098,275b0044,000000a4,0,00000,000ff0f0,xxxxxxxx,xxxxxxxx,00000000,00000000,0000000c,0000000c,0,00000,0,000c0000
9985000,1,000000a4,000000a0,000000a0,0000009c,0000009c,0360f809,000000a4,0,00000,000f0f0f,xxxxxxxx,xxxxxxxx,00000000,00000000,0000000c,0000000c,0,00000,0,000c0000
9995000,1,000000a8,000000a4,000000a0,000000a0,0000009c,0360f809,000000a8,0,00000,000ff0f0,xxxxxxxx,xxxxxxxx,00000000,00000000,00000050,00000050,0,00000,0,00000050
10005000,1,000000a8,000000a4,000000a0,000000a0,000000a0,24010008,000000a8,0,00000,000ff00f,xxxxxxxx,xxxxxxxx,00000000,00000000,00000050,00000050,0,00000,0,00000050
10015000,1,00000050,000000a8,000000a4,000000a0,000000a0,24010008,00000050,0,00000,000fff00,xxxxxxxx,xxxxxxxx,00000000,00000000,00000050,00000050,0,00000,0,00000050
10025000,1,00000050,000000a8,000000a8,000000a4,000000a0,00411821,00000050,0,00000,000f0ff0,xxxxxxxx,xxxxxxxx,00000000,00000000,000000ac,000000ac,0,00000,0,00000000
10035000,1,00000054,00000050,000000a8,000000a8,000000a4,00411821,00000054,0,00000,000ff0ff,xxxxxxxx,xxxxxxxx,00000000,00000000,00000008,00000008,0,00000,0,00000008
10045000,1,00000054,00000050,00000050,000000a8,000000a8,00022082,00000054,0,00000,000f0f0f,xxxxxxxx,xxxxxxxx,00000000,00000000,00000008,00000008,0,00000,0,00000008
10055000,1,00000058,00000054,00000050,00000050,000000a8,00022082,00000058,0,00000,000ff0f0,xxxxxxxx,xxxxxxxx,00000000,00000000,00000018,00000018,0,00000,0,00000008
10065000,1,00000058,00000054,00000054,00000050,00000050,28990005,00000058,0,00000,000f0f0f,xxxxxxxx,xxxxxxxx,00000000,00000000,00000018,00000018,0,00000,0,00000008
10075000,1,0000005c,00000058,00000054,00000054,00000050,28990005,0000005c,0,00000,000ff0f0,xxxxxxxx,xxxxxxxx,00000000,00000000,00000004,00000004,0,00000,0,00000010
10085000,1,0000005c,00000058,00000058,00000054,00000054,0721000e,0000005c,0,00000,000f0f0f,xxxxxxxx,xxxxxxxx,00000000,00000000,00000004,00000004,0,00000,0,00000010
10095000,1,00000060,0000005c,00000058,00000058,00000054,0721000e,00000060,0,00000,000ff0f0,xxxxxxxx,xxxxxxxx,00000000,00000000,00000001,00000001,0,00000,0,00000100
10105000,1,00000060,0000005c,00000058,00000058,00000058,00642823,00000060,0,00000,000ff00f,xxxxxxxx,xxxxxxxx,00000000,00000000,00000001,00000001,0,00000,0,00000100
10115000,1,00000098,00000060,0000005c,00000058,00000058,00642823,00000098,0,00000,000fff00,xxxxxxxx,xxxxxxxx,00000000,00000000,00000001,00000001,0,00000,0,00000100
10125000,1,00000098,00000060,00000060,0000005c,00000058,3c0c000c,00000098,0,00000,000f0ff0,xxxxxxxx,xxxxxxxx,00000000,00000000,00000000,00000000,0,00000,0,00000008
10135000,1,0000009c,00000098,00000060,00000060,0000005c,3c0c000c,0000009c,0,00000,000ff0ff,xxxxxxxx,xxxxxxxx,00000000,00000000,00000014,00000014,0,00000,0,00000004
10145000,1,0000009c,00000098,00000098,00000060,00000060,004cd007,0000009c,0,00000,000f0f0f,xxxxxxxx,xxxxxxxx,00000000,00000000,00000014,00000014,0,00000,0,00000004
10155000,1,000000a0,0000009c,00000098,00000098,00000060,004cd007,000000a0,0,00000,000ff0f0,xxxxxxxx,xxxxxxxx,00000000,00000000,000c0000,000c0000,0,00000,0,000c0000
10165000,1,000000a0,0000009c,0000009c,00000098,00000098,275b0044,000000a0,0,00000,000f0f0f,xxxxxxxx,xxxxxxxx,00000000,00000000,000c0000,000c0000,0,00000,0,000c0000
10175000,1,000000a4,000000a0,0000009c,0000009c,00000098,275b0044,000000a4,0,00000,000ff0f0,xxxxxxxx,xxxxxxxx,00000000,00000000,0000000c,0000000c,0,00000,0,000c0000
10185000,1,000000a4,000000a0,000000a0,0000009c,0000009c,0360f809,000000a4,0,00000,000f0f0f,xxxxxxxx,xxxxxxxx,00000000,00000000,0000000c,0000000c,0,00000,0,000c0000
10195000,1,000000a8,000000a4,000000a0,000000a0,0000009c,0360f809,000000a8,0,00000,000ff0f0,xxxxxxxx,xxxxxxxx,00000000,00000000,00000050,00000050,0,00000,0,00000050
10205000,1,000000a8,000000a4,000000a0,000000a0,000000a0,24010008,000000a8,0,00000,000ff00f,xxxxxxxx,xxxxxxxx,00000000,00000000,00000050,00000050,0,00000,0,00000050
10215000,1,00000050,000000a8,000000a4,000000a0,000000a0,24010008,00000050,0,00000,000fff00,xxxxxxxx,xxxxxxxx,00000000,00000000,00000050,00000050,0,00000,0,00000050
10225000,1,00000050,000000a8,000000a8,000000a4,000000a0,00411821,00000050,0,00000,000f0ff0,xxxxxxxx,xxxxxxxx,00000000,00000000,000000ac,000000ac,0,00000,0,00000000
10235000,1,00000054,00000050,000000a8,000000a8,000000a4,00411821,00000054,0,00000,000ff0ff,xxxxxxxx,xxxxxxxx,00000000,00000000,00000008,00000008,0,00000,0,00000008
10245000,1,00000054,00000050,00000050,000000a8,000000a8,00022082,00000054,0,00000,000f0f0f,xxxxxxxx,xxxxxxxx,00000000,00000000,00000008,00000008,0,00000,0,00000008
10255000,1,00000058,00000054,00000050,00000050,000000a8,00022082,00000058,0,00000,000ff0f0,xxxxxxxx,xxxxxxxx,00000000,00000000,00000018,00000018,0,00000,0,00000008
10265000,1,00000058,00000054,00000054,00000050,00000050,28990005,00000058,0,00000,000f0f0f,xxxxxxxx,xxxxxxxx,00000000,00000000,00000018,00000018,0,00000,0,00000008
10275000,1,0000005c,00000058,00000054,00000054,00000050,28990005,0000005c,0,00000,000ff0f0,xxxxxxxx,xxxxxxxx,00000000,00000000,00000004,00000004,0,00000,0,00000010
10285000,1,0000005c,00000058,00000058,00000054,00000054,0721000e,0000005c,0,00000,000f0f0f,xxxxxxxx,xxxxxxxx,00000000,00000000,00000004,00000004,0,00000,0,00000010
10295000,1,00000060,0000005c,00000058,00000058,00000054,0721000e,00000060,0,00000,000ff0f0,xxxxxxxx,xxxxxxxx,00000000,00000000,00000001,00000001,0,00000,0,00000100
10305000,1,00000060,0000005c,00000058,00000058,00000058,00642823,00000060,0,00000,000ff00f,xxxxxxxx,xxxxxxxx,00000000,00000000,00000001,00000001,0,00000,0,00000100
10315000,1,00000098,00000060,0000005c,00000058,00000058,00642823,00000098,0,00000,000fff00,xxxxxxxx,xxxxxxxx,00000000,00000000,00000001,00000001,0,00000,0,00000100
10325000,1,00000098,00000060,00000060,0000005c,00000058,3c0c000c,00000098,0,00000,000f0ff0,xxxxxxxx,xxxxxxxx,00000000,00000000,00000000,00000000,0,00000,0,00000008
10335000,1,0000009c,00000098,00000060,00000060,0000005c,3c0c000c,0000009c,0,00000,000ff0ff,xxxxxxxx,xxxxxxxx,00000000,00000000,00000014,00000014,0,00000,0,00000004
10345000,1,0000009c,00000098,00000098,00000060,00000060,004cd007,0000009c,0,00000,000f0f0f,xxxxxxxx,xxxxxxxx,00000000,00000000,00000014,00000014,0,00000,0,00000004
10355000,1,000000a0,0000009c,00000098,00000098,00000060,004cd007,000000a0,0,00000,000ff0f0,xxxxxxxx,xxxxxxxx,00000000,00000000,000c0000,000c0000,0,00000,0,000c0000
10365000,1,000000a0,0000009c,0000009c,00000098,00000098,275b0044,000000a0,0,00000,000f0f0f,xxxxxxxx,xxxxxxxx,00000000,00000000,000c0000,000c0000,0,00000,0,000c0000
10375000,1,000000a4,000000a0,0000009c,0000009c,00000098,275b0044,000000a4,0,00000,000ff0f0,xxxxxxxx,xxxxxxxx,00000000,00000000,0000000c,0000000c,0,00000,0,000c0000
10385000,1,000000a4,000000a0,000000a0,0000009c,0000009c,0360f809,000000a4,0,00000,000f0f0f,xxxxxxxx,xxxxxxxx,00000000,00000000,0000000c,0000000c,0,00000,0,000c0000
10395000,1,000000a8,000000a4,000000a0,000000a0,0000009c,0360f809,000000a8,0,00000,000ff0f0,xxxxxxxx,xxxxxxxx,00000000,00000000,00000050,00000050,0,00000,0,00000050
10405000,1,000000a8,000000a4,000000a0,000000a0,000000a0,24010008,000000a8,0,00000,000ff00f,xxxxxxxx,xxxxxxxx,00000000,00000000,00000050,00000050,0,00000,0,00000050
10415000,1,00000050,000000a8,000000a4,000000a0,000000a0,24010008,00000050,0,00000,000fff00,xxxxxxxx,xxxxxxxx,00000000,00000000,00000050,00000050,0,00000,0,00000050
10425000,1,00000050,000000a8,000000a8,000000a4,000000a0,00411821,00000050,0,00000,000f0ff0,xxxxxxxx,xxxxxxxx,00000000,00000000,000000ac,000000ac,0,00000,0,00000000
10435000,1,00000054,00000050,000000a8,000000a8,000000a4,00411821,00000054,0,00000,000ff0ff,xxxxxxxx,xxxxxxxx,00000000,00000000,00000008,00000008,0,00000,0,00000008
10445000,1,00000054,00000050,00000050,000000a8,000000a8,00022082,00000054,0,00000,000f0f0f,xxxxxxxx,xxxxxxxx,00000000,00000000,00000008,00000008,0,00000,0,00000008
10455000,1,00000058,00000054,00000050,00000050,000000a8,00022082,00000058,0,00000,000ff0f0,xxxxxxxx,xxxxxxxx,00000000,00000000,00000018,00000018,0,00000,0,00000008
10465000,1,00000058,00000054,00000054,00000050,00000050,28990005,00000058,0,00000,000f0f0f,xxxxxxxx,xxxxxxxx,00000000,00000000,00000018,00000018,0,00000,0,00000008
10475000,1,0000005c,00000058,00000054,00000054,00000050,28990005,0000005c,0,00000,000ff0f0,xxxxxxxx,xxxxxxxx,00000000,00000000,00000004,00000004,0,00000,0,00000010
10485000,1,0000005c,00000058,00000058,00000054,00000054,0721000e,0000005c,0,00000,000f0f0f,xxxxxxxx,xxxxxxxx,00000000,00000000,00000004,00000004,0,00000,0,00000010
10495000,1,00000060,0000005c,00000058,00000058,00000054,0721000e,00000060,0,00000,000ff0f0,xxxxxxxx,xxxxxxxx,00000000,00000000,00000001,00000001,0,00000,0,00000100
10505000,1,00000060,0000005c,00000058,00000058,00000058,00642823,00000060,0,00000,000ff00f,xxxxxxxx,xxxxxxxx,00000000,00000000,00000001,00000001,0,00000,0,00000100
10515000,1,00000098,00000060,0000005c,00000058,00000058,00642823,00000098,0,00000,000fff00,xxxxxxxx,xxxxxxxx,00000000,00000000,00000001,00000001,0,00000,0,00000100
10525000,1,00000098,00000060,00000060,0000005c,00000058,3c0c000c,00000098,0,00000,000f0ff0,xxxxxxxx,xxxxxxxx,00000000,00000000,00000000,00000000,0,00000,0,00000008
10535000,1,0000009c,00000098,00000060,00000060,0000005c,3c0c000c,0000009c,0,00000,000ff0ff,xxxxxxxx,xxxxxxxx,00000000,00000000,00000014,00000014,0,00000,0,00000004
10545000,1,0000009c,00000098,00000098,00000060,00000060,004cd007,0000009c,0,00000,000f0f0f,xxxxxxxx,xxxxxxxx,00000000,00000000,00000014,00000014,0,00000,0,00000004
10555000,1,000000a0,0000009c,00000098,00000098,00000060,004cd007,000000a0,0,00000,000ff0f0,xxxxxxxx,xxxxxxxx,00000000,00000000,000c0000,000c0000,0,00000,0,000c0000
10565000,1,000000a0,0000009c,0000009c,00000098,00000098,275b0044,000000a0,0,00000,000f0f0f,xxxxxxxx,xxxxxxxx,00000000,00000000,000c0000,000c0000,0,00000,0,000c0000
10575000,1,000000a4,000000a0,0000009c,0000009c,00000098,275b0044,000000a4,0,00000,000ff0f0,xxxxxxxx,xxxxxxxx,00000000,00000000,0000000c,0000000c,0,00000,0,000c0000
10585000,1,000000a4,000000a0,000000a0,0000009c,0000009c,0360f809,000000a4,0,00000,000f0f0f,xxxxxxxx,xxxxxxxx,00000000,00000000,0000000c,0000000c,0,00000,0,000c0000
10595000,1,000000a8,000000a4,000000a0,000000a0,0000009c,0360f809,000000a8,0,00000,000ff0f0,xxxxxxxx,xxxxxxxx,00000000,00000000,00000050,00000050,0,00000,0,00000050
10605000,1,000000a8,000000a4,000000a0,000000a0,000000a0,24010008,000000a8,0,00000,000ff00f,xxxxxxxx,xxxxxxxx,00000000,00000000,00000050,00000050,0,00000,0,00000050
10615000,1,00000050,000000a8,000000a4,000000a0,000000a0,24010008,00000050,0,00000,000fff00,xxxxxxxx,xxxxxxxx,00000000,00000000,00000050,00000050,0,00000,0,00000050
10625000,1,00000050,000000a8,000000a8,000000a4,000000a0,00411821,00000050,0,00000,000f0ff0,xxxxxxxx,xxxxxxxx,00000000,00000000,000000ac,000000ac,0,00000,0,00000000
10635000,1,00000054,00000050,000000a8,000000a8,000000a4,00411821,00000054,0,00000,000ff0ff,xxxxxxxx,xxxxxxxx,00000000,00000000,00000008,00000008,0,00000,0,00000008
10645000,1,00000054,00000050,00000050,000000a8,000000a8,00022082,00000054,0,00000,000f0f0f,xxxxxxxx,xxxxxxxx,00000000,00000000,00000008,00000008,0,00000,0,00000008
10655000,1,00000058,00000054,00000050,00000050,000000a8,00022082,00000058,0,00000,000ff0f0,xxxxxxxx,xxxxxxxx,00000000,00000000,00000018,00000018,0,00000,0,00000008
10665000,1,00000058,00000054,00000054,00000050,00000050,28990005,00000058,0,00000,000f0f0f,xxxxxxxx,xxxxxxxx,00000000,00000000,00000018,00000018,0,00000,0,00000008
10675000,1,0000005c,00000058,00000054,00000054,00000050,28990005,0000005c,0,00000,000ff0f0,xxxxxxxx,xxxxxxxx,00000000,00000000,00000004,00000004,0,00000,0,00000010
10685000,1,0000005c,00000058,00000058,00000054,00000054,0721000e,0000005c,0,00000,000f0f0f,xxxxxxxx,xxxxxxxx,00000000,00000000,00000004,00000004,0,00000,0,00000010
10695000,1,00000060,0000005c,00000058,00000058,00000054,0721000e,00000060,0,00000,000ff0f0,xxxxxxxx,xxxxxxxx,00000000,00000000,00000001,00000001,0,00000,0,00000100
10705000,1,00000060,0000005c,00000058,00000058,00000058,00642823,00000060,0,00000,000ff00f,xxxxxxxx,xxxxxxxx,00000000,00000000,00000001,00000001,0,00000,0,00000100
10715000,1,00000098,00000060,0000005c,00000058,00000058,00642823,00000098,0,00000,000fff00,xxxxxxxx,xxxxxxxx,00000000,00000000,00000001,00000001,0,00000,0,00000100
10725000,1,00000098,00000060,00000060,0000005c,00000058,3c0c000c,00000098,0,00000,000f0ff0,xxxxxxxx,xxxxxxxx,00000000,00000000,00000000,00000000,0,00000,0,00000008
10735000,1,0000009c,00000098,00000060,00000060,0000005c,3c0c000c,0000009c,0,00000,000ff0ff,xxxxxxxx,xxxxxxxx,00000000,00000000,00000014,00000014,0,00000,0,00000004
10745000,1,0000009c,00000098,00000098,00000060,00000060,004cd007,0000009c,0,00000,000f0f0f,xxxxxxxx,xxxxxxxx,00000000,00000000,00000014,00000014,0,00000,0,00000004
10755000,1,000000a0,0000009c,00000098,00000098,00000060,004cd007,000000a0,0,00000,000ff0f0,xxxxxxxx,xxxxxxxx,00000000,00000000,000c0000,000c0000,0,00000,0,000c0000
10765000,1,000000a0,0000009c,0000009c,00000098,00000098,275b0044,000000a0,0,00000,000f0f0f,xxxxxxxx,xxxxxxxx,00000000,00000000,000c0000,000c0000,0,00000,0,000c0000
10775000,1,000000a4,000000a0,0000009c,0000009c,00000098,275b0044,000000a4,0,00000,000ff0f0,xxxxxxxx,xxxxxxxx,00000000,00000000,0000000c,0000000c,0,00000,0,000c0000
10785000,1,000000a4,000000a0,000000a0,0000009c,0000009c,0360f809,000000a4,0,00000,000f0f0f,xxxxxxxx,xxxxxxxx,00000000,00000000,0000000c,0000000c,0,00000,0,000c0000
10795000,1,000000a8,000000a4,000000a0,000000a0,0000009c,0360f809,000000a8,0,00000,000ff0f0,xxxxxxxx,xxxxxxxx,00000000,00000000,00000050,00000050,0,00000,0,00000050
10805000,1,000000a8,000000a4,000000a0,000000a0,000000a0,24010008,000000a8,0,00000,000ff00f,xxxxxxxx,xxxxxxxx,00000000,00000000,00000050,00000050,0,00000,0,00000050
10815000,1,00000050,000000a8,000000a4,000000a0,000000a0,24010008,00000050,0,00000,000fff00,xxxxxxxx,xxxxxxxx,00000000,00000000,00000050,00000050,0,00000,0,00000050
10825000,1,00000050,000000a8,000000a8,000000a4,000000a0,00411821,00000050,0,00000,000f0ff0,xxxxxxxx,xxxxxxxx,00000000,00000000,000000ac,000000ac,0,00000,0,00000000
10835000,1,00000054,00000050,000000a8,000000a8,000000a4,00411821,00000054,0,00000,000ff0ff,xxxxxxxx,xxxxxxxx,00000000,00000000,00000008,00000008,0,00000,0,00000008
10845000,1,00000054,00000050,00000050,000000a8,000000a8,00022082,00000054,0,00000,000f0f0f,xxxxxxxx,xxxxxxxx,00000000,00000000,00000008,00000008,0,00000,0,00000008
10855000,1,00000058,00000054,00000050,00000050,000000a8,00022082,00000058,0,00000,000ff0f0,xxxxxxxx,xxxxxxxx,00000000,00000000,00000018,00000018,0,00000,0,00000008
10865000,1,00000058,00000054,00000054,00000050,00000050,28990005,00000058,0,00000,000f0f0f,xxxxxxxx,xxxxxxxx,00000000,00000000,00000018,00000018,0,00000,0,00000008
10875000,1,0000005c,00000058,00000054,00000054,00000050,28990005,0000005c,0,00000,000ff0f0,xxxxxxxx,xxxxxxxx,00000000,00000000,00000004,00000004,0,00000,0,00000010
10885000,1,0000005c,00000058,00000058,00000054,00000054,0721000e,0000005c,0,00000,000f0f0f,xxxxxxxx,xxxxxxxx,00000000,00000000,00000004,00000004,0,00000,0,00000010
10895000,1,00000060,0000005c,00000058,00000058,00000054,0721000e,00000060,0,00000,000ff0f0,xxxxxxxx,xxxxxxxx,00000000,00000000,00000001,00000001,0,00000,0,00000100
10905000,1,00000060,0000005c,00000058,00000058,00000058,00642823,00000060,0,00000,000ff00f,xxxxxxxx,xxxxxxxx,00000000,00000000,00000001,00000001,0,00000,0,00000100
10915000,1,00000098,00000060,0000005c,00000058,00000058,00642823,00000098,0,00000,000fff00,xxxxxxxx,xxxxxxxx,00000000,00000000,00000001,00000001,0,00000,0,00000100
10925000,1,00000098,00000060,00000060,0000005c,00000058,3c0c000c,00000098,0,00000,000f0ff0,xxxxxxxx,xxxxxxxx,00000000,00000000,00000000,00000000,0,00000,0,00000008
10935000,1,0000009c,00000098,00000060,00000060,0000005c,3c0c000c,0000009c,0,00000,000ff0ff,xxxxxxxx,xxxxxxxx,00000000,00000000,00000014,00000014,0,00000,0,00000004
10945000,1,0000009c,00000098,00000098,00000060,00000060,004cd007,0000009c,0,00000,000f0f0f,xxxxxxxx,xxxxxxxx,00000000,00000000,00000014,00000014,0,00000,0,00000004
10955000,1,000000a0,0000009c,00000098,00000098,00000060,004cd007,000000a0,0,00000,000ff0f0,xxxxxxxx,xxxxxxxx,00000000,00000000,000c0000,000c0000,0,00000,0,000c0000
10965000,1,000000a0,0000009c,0000009c,00000098,00000098,275b0044,000000a0,0,00000,000f0f0f,xxxxxxxx,xxxxxxxx,00000000,00000000,000c0000,000c0000,0,00000,0,000c0000
10975000,1,000000a4,000000a0,0000009c,0000009c,00000098,275b0044,000000a4,0,00000,000ff0f0,xxxxxxxx,xxxxxxxx,00000000,00000000,0000000c,0000000c,0,00000,0,000c0000
10985000,1,000000a4,000000a0,000000a0,0000009c,0000009c,0360f809,000000a4,0,00000,000f0f0f,xxxxxxxx,xxxxxxxx,00000000,00000000,0000000c,0000000c,0,00000,0,000c0000
10995000,1,000000a8,000000a4,000000a0,000000a0,0000009c,0360f809,000000a8,0,00000,000ff0f0,xxxxxxxx,xxxxxxxx,00000000,00000000,00000050,00000050,0,00000,0,00000050
11005000,1,000000a8,000000a4,000000a0,000000a0,000000a0,24010008,000000a8,0,00000,000ff00f,xxxxxxxx,xxxxxxxx,00000000,00000000,00000050,00000050,0,00000,0,00000050
11015000,1,00000050,000000a8,000000a4,000000a0,000000a0,24010008,00000050,0,00000,000fff00,xxxxxxxx,xxxxxxxx,00000000,00000000,00000050,00000050,0,00000,0,00000050
11025000,1,00000050,000000a8,000000a8,000000a4,000000a0,00411821,00000050,0,00000,000f0ff0,xxxxxxxx,xxxxxxxx,00000000,00000000,000000ac,000000ac,0,00000,0,00000000
11035000,1,00000054,00000050,000000a8,000000a8,000000a4,00411821,00000054,0,00000,000ff0ff,xxxxxxxx,xxxxxxxx,00000000,00000000,00000008,00000008,0,00000,0,00000008
11045000,1,00000054,00000050,00000050,000000a8,000000a8,00022082,00000054,0,00000,000f0f0f,xxxxxxxx,xxxxxxxx,00000000,00000000,00000008,00000008,0,00000,0,00000008
11055000,1,00000058,00000054,00000050,00000050,000000a8,00022082,00000058,0,00000,000ff0f0,xxxxxxxx,xxxxxxxx,00000000,00000000,00000018,00000018,0,00000,0,00000008
11065000,1,00000058,00000054,00000054,00000050,00000050,28990005,00000058,0,00000,000f0f0f,xxxxxxxx,xxxxxxxx,00000000,00000000,00000018,00000018,0,00000,0,00000008
11075000,1,0000005c,00000058,00000054,00000054,00000050,28990005,0000005c,0,00000,000ff0f0,xxxxxxxx,xxxxxxxx,00000000,00000000,00000004,00000004,0,00000,0,00000010
11085000,1,0000005c,00000058,00000058,00000054,00000054,0721000e,0000005c,0,00000,000f0f0f,xxxxxxxx,xxxxxxxx,00000000,00000000,00000004,00000004,0,00000,0,00000010
11095000,1,00000060,0000005c,00000058,00000058,00000054,0721000e,00000060,0,00000,000ff0f0,xxxxxxxx,xxxxxxxx,00000000,00000000,00000001,00000001,0,00000,0,00000100
11105000,1,00000060,0000005c,00000058,00000058,00000058,00642823,00000060,0,00000,000ff00f,xxxxxxxx,xxxxxxxx,00000000,00000000,00000001,00000001,0,00000,0,00000100
11115000,1,00000098,00000060,0000005c,00000058,00000058,00642823,00000098,0,00000,000fff00,xxxxxxxx,xxxxxxxx,00000000,00000000,00000001,00000001,0,00000,0,00000100
11125000,1,00000098,00000060,00000060,0000005c,00000058,3c0c000c,00000098,0,00000,000f0ff0,xxxxxxxx,xxxxxxxx,00000000,00000000,00000000,00000000,0,00000,0,00000008
11135000,1,0000009c,00000098,00000060,00000060,0000005c,3c0c000c,0000009c,0,00000,000ff0ff,xxxxxxxx,xxxxxxxx,00000000,00000000,00000014,00000014,0,00000,0,00000004
11145000,1,0000009c,00000098,00000098,00000060,00000060,004cd007,0000009c,0,00000,000f0f0f,xxxxxxxx,xxxxxxxx,00000000,00000000,00000014,00000014,0,00000,0,00000004
11155000,1,000000a0,0000009c,00000098,00000098,00000060,004cd007,000000a0,0,00000,000ff0f0,xxxxxxxx,xxxxxxxx,00000000,00000000,000c0000,000c0000,0,00000,0,000c0000
11165000,1,000000a0,0000009c,0000009c,00000098,00000098,275b0044,000000a0,0,00000,000f0f0f,xxxxxxxx,xxxxxxxx,00000000,00000000,000c0000,000c0000,0,00000,0,000c0000
11175000,1,000000a4,000000a0,0000009c,0000009c,00000098,275b0044,000000a4,0,00000,000ff0f0,xxxxxxxx,xxxxxxxx,00000000,00000000,0000000c,0000000c,0,00000,0,000c0000
11185000,1,000000a4,000000a0,000000a0,0000009c,0000009c,0360f809,000000a4,0,00000,000f0f0f,xxxxxxxx,xxxxxxxx,00000000,00000000,0000000c,0000000c,0,00000,0,000c0000
11195000,1,000000a8,000000a4,000000a0,000000a0,0000009c,0360f809,000000a8,0,00000,000ff0f0,xxxxxxxx,xxxxxxxx,00000000,00000000,00000050,00000050,0,00000,0,00000050
11205000,1,000000a8,000000a4,000000a0,000000a0,000000a0,24010008,000000a8,0,00000,000ff00f,xxxxxxxx,xxxxxxxx,00000000,00000000,00000050,00000050,0,00000,0,00000050
11215000,1,00000050,000000a8,000000a4,000000a0,000000a0,24010008,00000050,0,00000,000fff00,xxxxxxxx,xxxxxxxx,00000000,00000000,00000050,00000050,0,00000,0,00000050
11225000,1,00000050,000000a8,000000a8,000000a4,000000a0,00411821,00000050,0,00000,000f0ff0,xxxxxxxx,xxxxxxxx,00000000,00000000,000000ac,000000ac,0,00000,0,00000000
11235000,1,00000054,00000050,000000a8,000000a8,000000a4,00411821,00000054,0,00000,000ff0ff,xxxxxxxx,xxxxxxxx,00000000,00000000,00000008,00000008,0,00000,0,00000008
11245000,1,00000054,00000050,00000050,000000a8,000000a8,00022082,00000054,0,00000,000f0f0f,xxxxxxxx,xxxxxxxx,00000000,00000000,00000008,00000008,0,00000,0,00000008
11255000,1,00000058,00000054,00000050,00000050,000000a8,00022082,00000058,0,00000,000ff0f0,xxxxxxxx,xxxxxxxx,00000000,00000000,00000018,00000018,0,00000,0,00000008
11265000,1,00000058,00000054,00000054,00000050,00000050,28990005,00000058,0,00000,000f0f0f,xxxxxxxx,xxxxxxxx,00000000,00000000,00000018,00000018,0,00000,0,00000008
11275000,1,0000005c,00000058,00000054,00000054,00000050,28990005,0000005c,0,00000,000ff0f0,xxxxxxxx,xxxxxxxx,00000000,00000000,00000004,00000004,0,00000,0,00000010
11285000,1,0000005c,00000058,00000058,00000054,00000054,0721000e,0000005c,0,00000,000f0f0f,xxxxxxxx,xxxxxxxx,00000000,00000000,00000004,00000004,0,00000,0,00000010
11295000,1,00000060,0000005c,00000058,00000058,00000054,0721000e,00000060,0,00000,000ff0f0,xxxxxxxx,xxxxxxxx,00000000,00000000,00000001,00000001,0,00000,0,00000100
11305000,1,00000060,0000005c,00000058,00000058,00000058,00642823,00000060,0,00000,000ff00f,xxxxxxxx,xxxxxxxx,00000000,00000000,00000001,00000001,0,00000,0,00000100
11315000,1,00000098,00000060,0000005c,00000058,00000058,00642823,00000098,0,00000,000fff00,xxxxxxxx,xxxxxxxx,00000000,00000000,00000001,00000001,0,00000,0,00000100
11325000,1,00000098,00000060,00000060,0000005c,00000058,3c0c000c,00000098,0,00000,000f0ff0,xxxxxxxx,xxxxxxxx,00000000,00000000,00000000,00000000,0,00000,0,00000008
11335000,1,0000009c,00000098,00000060,00000060,0000005c,3c0c000c,0000009c,0,00000,000ff0ff,xxxxxxxx,xxxxxxxx,00000000,00000000,00000014,00000014,0,00000,0,00000004
11345000,1,0000009c,00000098,00000098,00000060,00000060,004cd007,0000009c,0,00000,000f0f0f,xxxxxxxx,xxxxxxxx,00000000,00000000,00000014,00000014,0,00000,0,00000004
11355000,1,000000a0,0000009c,00000098,00000098,00000060,004cd007,000000a0,0,00000,000ff0f0,xxxxxxxx,xxxxxxxx,00000000,00000000,000c0000,000c0000,0,00000,0,000c0000
11365000,1,000000a0,0000009c,0000009c,00000098,00000098,275b0044,000000a0,0,00000,000f0f0f,xxxxxxxx,xxxxxxxx,00000000,00000000,000c0000,000c0000,0,00000,0,000c0000
11375000,1,000000a4,000000a0,0000009c,0000009c,00000098,275b0044,000000a4,0,00000,000ff0f0,xxxxxxxx,xxxxxxxx,00000000,00000000,0000000c,0000000c,0,00000,0,000c0000
11385000,1,000000a4,000000a0,000000a0,0000009c,0000009c,0360f809,000000a4,0,00000,000f0f0f,xxxxxxxx,xxxxxxxx,00000000,00000000,0000000c,0000000c,0,00000,0,000c0000
11395000,1,000000a8,000000a4,000000a0,000000a0,0000009c,0360f809,000000a8,0,00000,000ff0f0,xxxxxxxx,xxxxxxxx,00000000,00000000,00000050,00000050,0,00000,0,00000050
11405000,1,000000a8,000000a4,000000a0,000000a0,000000a0,24010008,000000a8,0,00000,000ff00f,xxxxxxxx,xxxxxxxx,00000000,00000000,00000050,00000050,0,00000,0,00000050
11415000,1,00000050,000000a8,000000a4,000000a0,000000a0,24010008,00000050,0,00000,000fff00,xxxxxxxx,xxxxxxxx,00000000,00000000,00000050,00000050,0,00000,0,00000050
11425000,1,00000050,000000a8,000000a8,000000a4,000000a0,00411821,00000050,0,00000,000f0ff0,xxxxxxxx,xxxxxxxx,00000000,00000000,000000ac,000000ac,0,00000,0,00000000
11435000,1,00000054,00000050,000000a8,000000a8,000000a4,00411821,00000054,0,00000,000ff0ff,xxxxxxxx,xxxxxxxx,00000000,00000000,00000008,00000008,0,00000,0,00000008
11445000,1,00000054,00000050,00000050,000000a8,000000a8,00022082,00000054,0,00000,000f0f0f,xxxxxxxx,xxxxxxxx,00000000,00000000,00000008,00000008,0,00000,0,00000008
11455000,1,00000058,00000054,00000050,00000050,000000a8,00022082,00000058,0,00000,000ff0f0,xxxxxxxx,xxxxxxxx,00000000,00000000,00000018,00000018,0,00000,0,00000008
11465000,1,00000058,00000054,00000054,00000050,00000050,28990005,00000058,0,00000,000f0f0f,xxxxxxxx,xxxxxxxx,00000000,00000000,00000018,00000018,0,00000,0,00000008
11475000,1,0000005c,00000058,00000054,00000054,00000050,28990005,0000005c,0,00000,000ff0f0,xxxxxxxx,xxxxxxxx,00000000,00000000,00000004,00000004,0,00000,0,00000010
11485000,1,0000005c,00000058,00000058,00000054,00000054,0721000e,0000005c,0,00000,000f0f0f,xxxxxxxx,xxxxxxxx,00000000,00000000,00000004,00000004,0,00000,0,00000010
11495000,1,00000060,0000005c,00000058,00000058,00000054,0721000e,00000060,0,00000,000ff0f0,xxxxxxxx,xxxxxxxx,00000000,00000000,00000001,00000001,0,00000,0,00000100
11505000,1,00000060,0000005c,00000058,00000058,00000058,00642823,00000060,0,00000,000ff00f,xxxxxxxx,xxxxxxxx,00000000,00000000,00000001,00000001,0,00000,0,00000100
11515000,1,00000098,00000060,0000005c,00000058,00000058,00642823,00000098,0,00000,000fff00,xxxxxxxx,xxxxxxxx,00000000,00000000,00000001,00000001,0,00000,0,00000100
11525000,1,00000098,00000060,00000060,0000005c,00000058,3c0c000c,00000098,0,00000,000f0ff0,xxxxxxxx,xxxxxxxx,00000000,00000000,00000000,00000000,0,00000,0,00000008
11535000,1,0000009c,00000098,00000060,00000060,0000005c,3c0c000c,0000009c,0,00000,000ff0ff,xxxxxxxx,xxxxxxxx,00000000,00000000,00000014,00000014,0,00000,0,00000004
11545000,1,0000009c,00000098,00000098,00000060,00000060,004cd007,0000009c,0,00000,000f0f0f,xxxxxxxx,xxxxxxxx,00000000,00000000,00000014,00000014,0,00000,0,00000004
11555000,1,000000a0,0000009c,00000098,00000098,00000060,004cd007,000000a0,0,00000,000ff0f0,xxxxxxxx,xxxxxxxx,00000000,00000000,000c0000,000c0000,0,00000,0,000c0000
11565000,1,000000a0,0000009c,0000009c,00000098,00000098,275b0044,000000a0,0,00000,000f0f0f,xxxxxxxx,xxxxxxxx,00000000,00000000,000c0000,000c0000,0,00000,0,000c0000
11575000,1,000000a4,000000a0,0000009c,0000009c,00000098,275b0044,000000a4,0,00000,000ff0f0,xxxxxxxx,xxxxxxxx,00000000,00000000,0000000c,0000000c,0,00000,0,000c0000
11585000,1,000000a4,000000a0,000000a0,0000009c,0000009c,0360f809,000000a4,0,00000,000f0f0f,xxxxxxxx,xxxxxxxx,00000000,00000000,0000000c,0000000c,0,00000,0,000c0000
11595000,1,000000a8,000000a4,000000a0,000000a0,0000009c,0360f809,000000a8,0,00000,000ff0f0,xxxxxxxx,xxxxxxxx,00000000,00000000,00000050,00000050,0,00000,0,00000050
11605000,1,000000a8,000000a4,000000a0,000000a0,000000a0,24010008,000000a8,0,00000,000ff00f,xxxxxxxx,xxxxxxxx,00000000,00000000,00000050,00000050,0,00000,0,00000050
11615000,1,00000050,000000a8,000000a4,000000a0,000000a0,24010008,00000050,0,00000,000fff00,xxxxxxxx,xxxxxxxx,00000000,00000000,00000050,00000050,0,00000,0,00000050
11625000,1,00000050,000000a8,000000a8,000000a4,000000a0,00411821,00000050,0,00000,000f0ff0,xxxxxxxx,xxxxxxxx,00000000,00000000,000000ac,000000ac,0,00000,0,00000000
11635000,1,00000054,00000050,000000a8,000000a8,000000a4,00411821,00000054,0,00000,000ff0ff,xxxxxxxx,xxxxxxxx,00000000,00000000,00000008,00000008,0,00000,0,00000008
11645000,1,00000054,00000050,00000050,000000a8,000000a8,00022082,00000054,0,00000,000f0f0f,xxxxxxxx,xxxxxxxx,00000000,00000000,00000008,00000008,0,00000,0,00000008
11655000,1,00000058,00000054,00000050,00000050,000000a8,00022082,00000058,0,00000,000ff0f0,xxxxxxxx,xxxxxxxx,00000000,00000000,00000018,00000018,0,00000,0,00000008
11665000,1,00000058,00000054,00000054,00000050,00000050,28990005,00000058,0,00000,000f0f0f,xxxxxxxx,xxxxxxxx,00000000,00000000,00000018,00000018,0,00000,0,00000008
11675000,1,0000005c,00000058,00000054,00000054,00000050,28990005,0000005c,0,00000,000ff0f0,xxxxxxxx,xxxxxxxx,00000000,00000000,00000004,00000004,0,00000,0,00000010
11685000,1,0000005c,00000058,00000058,00000054,00000054,0721000e,0000005c,0,00000,000f0f0f,xxxxxxxx,xxxxxxxx,00000000,00000000,00000004,00000004,0,00000,0,00000010
11695000,1,00000060,0000005c,00000058,00000058,00000054,0721000e,00000060,0,00000,000ff0f0,xxxxxxxx,xxxxxxxx,00000000,00000000,00000001,00000001,0,00000,0,00000100
11705000,1,00000060,0000005c,00000058,00000058,00000058,00642823,00000060,0,00000,000ff00f,xxxxxxxx,xxxxxxxx,00000000,00000000,00000001,00000001,0,00000,0,00000100
11715000,1,00000098,00000060,0000005c,00000058,00000058,00642823,00000098,0,00000,000fff00,xxxxxxxx,xxxxxxxx,00000000,00000000,00000001,00000001,0,00000,0,00000100
11725000,1,00000098,00000060,00000060,0000005c,00000058,3c0c000c,00000098,0,00000,000f0ff0,xxxxxxxx,xxxxxxxx,00000000,00000000,00000000,00000000,0,00000,0,00000008
11735000,1,0000009c,00000098,00000060,00000060,0000005c,3c0c000c,0000009c,0,00000,000ff0ff,xxxxxxxx,xxxxxxxx,00000000,00000000,00000014,00000014,0,00000,0,00000004
11745000,1,0000009c,00000098,00000098,00000060,00000060,004cd007,0000009c,0,00000,000f0f0f,xxxxxxxx,xxxxxxxx,00000000,00000000,00000014,00000014,0,00000,0,00000004
11755000,1,000000a0,0000009c,00000098,00000098,00000060,004cd007,000000a0,0,00000,000ff0f0,xxxxxxxx,xxxxxxxx,00000000,00000000,000c0000,000c0000,0,00000,0,000c0000
11765000,1,000000a0,0000009c,0000009c,00000098,00000098,275b0044,000000a0,0,00000,000f0f0f,xxxxxxxx,xxxxxxxx,00000000,00000000,000c0000,000c0000,0,00000,0,000c0000
11775000,1,000000a4,000000a0,0000009c,0000009c,00000098,275b0044,000000a4,0,00000,000ff0f0,xxxxxxxx,xxxxxxxx,00000000,00000000,0000000c,0000000c,0,00000,0,000c0000
11785000,1,000000a4,000000a0,000000a0,0000009c,0000009c,0360f809,000000a4,0,00000,000f0f0f,xxxxxxxx,xxxxxxxx,00000000,00000000,0000000c,0000000c,0,00000,0,000c0000
11795000,1,000000a8,000000a4,000000a0,000000a0,0000009c,0360f809,000000a8,0,00000,000ff0f0,xxxxxxxx,xxxxxxxx,00000000,00000000,00000050,00000050,0,00000,0,00000050
11805000,1,000000a8,000000a4,000000a0,000000a0,000000a0,24010008,000000a8,0,00000,000ff00f,xxxxxxxx,xxxxxxxx,00000000,00000000,00000050,00000050,0,00000,0,00000050
11815000,1,00000050,000000a8,000000a4,000000a0,000000a0,24010008,00000050,0,00000,000fff00,xxxxxxxx,xxxxxxxx,00000000,00000000,00000050,00000050,0,00000,0,00000050
11825000,1,00000050,000000a8,000000a8,000000a4,000000a0,00411821,00000050,0,00000,000f0ff0,xxxxxxxx,xxxxxxxx,00000000,00000000,000000ac,000000ac,0,00000,0,00000000
11835000,1,00000054,00000050,000000a8,000000a8,000000a4,00411821,00000054,0,00000,000ff0ff,xxxxxxxx,xxxxxxxx,00000000,00000000,00000008,00000008,0,00000,0,00000008
11845000,1,00000054,00000050,00000050,000000a8,000000a8,00022082,00000054,0,00000,000f0f0f,xxxxxxxx,xxxxxxxx,00000000,00000000,00000008,00000008,0,00000,0,00000008
11855000,1,00000058,00000054,00000050,00000050,000000a8,00022082,00000058,0,00000,000ff0f0,xxxxxxxx,xxxxxxxx,00000000,00000000,00000018,00000018,0,00000,0,00000008
11865000,1,00000058,00000054,00000054,00000050,00000050,28990005,00000058,0,00000,000f0f0f,xxxxxxxx,xxxxxxxx,00000000,00000000,00000018,00000018,0,00000,0,00000008
11875000,1,0000005c,00000058,00000054,00000054,00000050,28990005,0000005c,0,00000,000ff0f0,xxxxxxxx,xxxxxxxx,00000000,00000000,00000004,00000004,0,00000,0,00000010
11885000,1,0000005c,00000058,00000058,00000054,00000054,0721000e,0000005c,0,00000,000f0f0f,xxxxxxxx,xxxxxxxx,00000000,00000000,00000004,00000004,0,00000,0,00000010
11895000,1,00000060,0000005c,00000058,00000058,00000054,0721000e,00000060,0,00000,000ff0f0,xxxxxxxx,xxxxxxxx,00000000,00000000,00000001,00000001,0,00000,0,00000100
11905000,1,00000060,0000005c,00000058,00000058,00000058,00642823,00000060,0,00000,000ff00f,xxxxxxxx,xxxxxxxx,00000000,00000000,00000001,00000001,0,00000,0,00000100
11915000,1,00000098,00000060,0000005c,00000058,00000058,00642823,00000098,0,00000,000fff00,xxxxxxxx,xxxxxxxx,00000000,00000000,00000001,00000001,0,00000,0,00000100
11925000,1,00000098,00000060,00000060,0000005c,00000058,3c0c000c,00000098,0,00000,000f0ff0,xxxxxxxx,xxxxxxxx,00000000,00000000,00000000,00000000,0,00000,0,00000008
11935000,1,0000009c,00000098,00000060,00000060,0000005c,3c0c000c,0000009c,0,00000,000ff0ff,xxxxxxxx,xxxxxxxx,00000000,00000000,00000014,00000014,0,00000,0,00000004
11945000,1,0000009c,00000098,00000098,00000060,00000060,004cd007,0000009c,0,00000,000f0f0f,xxxxxxxx,xxxxxxxx,00000000,00000000,00000014,00000014,0,00000,0,00000004
11955000,1,000000a0,0000009c,00000098,00000098,00000060,004cd007,000000a0,0,00000,000ff0f0,xxxxxxxx,xxxxxxxx,00000000,00000000,000c0000,000c0000,0,00000,0,000c0000
11965000,1,000000a0,0000009c,0000009c,00000098,00000098,275b0044,000000a0,0,00000,000f0f0f,xxxxxxxx,xxxxxxxx,00000000,00000000,000c0000,000c0000,0,00000,0,000c0000
11975000,1,000000a4,000000a0,0000009c,0000009c,00000098,275b0044,000000a4,0,00000,000ff0f0,xxxxxxxx,xxxxxxxx,00000000,00000000,0000000c,0000000c,0,00000,0,000c0000
11985000,1,000000a4,000000a0,000000a0,0000009c,0000009c,0360f809,000000a4,0,00000,000f0f0f,xxxxxxxx,xxxxxxxx,00000000,00000000,0000000c,0000000c,0,00000,0,000c0000
11995000,1,000000a8,000000a4,000000a0,000000a0,0000009c,0360f809,000000a8,0,00000,000ff0f0,xxxxxxxx,xxxxxxxx,00000000,00000000,00000050,00000050,0,00000,0,00000050
12005000,1,000000a8,000000a4,000000a0,000000a0,000000a0,24010008,000000a8,0,00000,000ff00f,xxxxxxxx,xxxxxxxx,00000000,00000000,00000050,00000050,0,00000,0,00000050
12015000,1,00000050,000000a8,000000a4,000000a0,000000a0,24010008,00000050,0,00000,000fff00,xxxxxxxx,xxxxxxxx,00000000,00000000,00000050,00000050,0,00000,0,00000050
12025000,1,00000050,000000a8,000000a8,000000a4,000000a0,00411821,00000050,0,00000,000f0ff0,xxxxxxxx,xxxxxxxx,00000000,00000000,000000ac,000000ac,0,00000,0,00000000
12035000,1,00000054,00000050,000000a8,000000a8,000000a4,00411821,00000054,0,00000,000ff0ff,xxxxxxxx,xxxxxxxx,00000000,00000000,00000008,00000008,0,00000,0,00000008
12045000,1,00000054,00000050,00000050,000000a8,000000a8,00022082,00000054,0,00000,000f0f0f,xxxxxxxx,xxxxxxxx,00000000,00000000,00000008,00000008,0,00000,0,00000008
12055000,1,00000058,00000054,00000050,00000050,000000a8,00022082,00000058,0,00000,000ff0f0,xxxxxxxx,xxxxxxxx,00000000,00000000,00000018,00000018,0,00000,0,00000008
12065000,1,00000058,00000054,00000054,00000050,00000050,28990005,00000058,0,00000,000f0f0f,xxxxxxxx,xxxxxxxx,00000000,00000000,00000018,00000018,0,00000,0,00000008
12075000,1,0000005c,00000058,00000054,00000054,00000050,28990005,0000005c,0,00000,000ff0f0,xxxxxxxx,xxxxxxxx,00000000,00000000,00000004,00000004,0,00000,0,00000010
12085000,1,0000005c,00000058,00000058,00000054,00000054,0721000e,0000005c,0,00000,000f0f0f,xxxxxxxx,xxxxxxxx,00000000,00000000,00000004,00000004,0,00000,0,00000010
12095000,1,00000060,0000005c,00000058,00000058,00000054,0721000e,00000060,0,00000,000ff0f0,xxxxxxxx,xxxxxxxx,00000000,00000000,00000001,00000001,0,00000,0,00000100
12105000,1,00000060,0000005c,00000058,00000058,00000058,00642823,00000060,0,00000,000ff00f,xxxxxxxx,xxxxxxxx,00000000,00000000,00000001,00000001,0,00000,0,00000100
12115000,1,00000098,00000060,0000005c,00000058,00000058,00642823,00000098,0,00000,000fff00,xxxxxxxx,xxxxxxxx,00000000,00000000,00000001,00000001,0,00000,0,00000100
12125000,1,00000098,00000060,00000060,0000005c,00000058,3c0c000c,00000098,0,00000,000f0ff0,xxxxxxxx,xxxxxxxx,00000000,00000000,00000000,00000000,0,00000,0,00000008
12135000,1,0000009c,00000098,00000060,00000060,0000005c,3c0c000c,0000009c,0,00000,000ff0ff,xxxxxxxx,xxxxxxxx,00000000,00000000,00000014,00000014,0,00000,0,00000004
12145000,1,0000009c,00000098,00000098,00000060,00000060,004cd007,0000009c,0,00000,000f0f0f,xxxxxxxx,xxxxxxxx,00000000,00000000,00000014,00000014,0,00000,0,00000004
12155000,1,000000a0,0000009c,00000098,00000098,00000060,004cd007,000000a0,0,00000,000ff0f0,xxxxxxxx,xxxxxxxx,00000000,00000000,000c0000,000c0000,0,00000,0,000c0000
12165000,1,000000a0,0000009c,0000009c,00000098,00000098,275b0044,000000a0,0,00000,000f0f0f,xxxxxxxx,xxxxxxxx,00000000,00000000,000c0000,000c0000,0,00000,0,000c0000
12175000,1,000000a4,000000a0,0000009c,0000009c,00000098,275b0044,000000a4,0,00000,000ff0f0,xxxxxxxx,xxxxxxxx,00000000,00000000,0000000c,0000000c,0,00000,0,000c0000
12185000,1,000000a4,000000a0,000000a0,0000009c,0000009c,0360f809,000000a4,0,00000,000f0f0f,xxxxxxxx,xxxxxxxx,00000000,00000000,0000000c,0000000c,0,00000,0,000c0000
12195000,1,000000a8,000000a4,000000a0,000000a0,0000009c,0360f809,000000a8,0,00000,000ff0f0,xxxxxxxx,xxxxxxxx,00000000,00000000,00000050,00000050,0,00000,0,00000050
12205000,1,000000a8,000000a4,000000a0,000000a0,000000a0,24010008,000000a8,0,00000,000ff00f,xxxxxxxx,xxxxxxxx,00000000,00000000,00000050,00000050,0,00000,0,00000050
12215000,1,00000050,000000a8,000000a4,000000a0,000000a0,24010008,00000050,0,00000,000fff00,xxxxxxxx,xxxxxxxx,00000000,00000000,00000050,00000050,0,00000,0,00000050
12225000,1,00000050,000000a8,000000a8,000000a4,000000a0,00411821,00000050,0,00000,000f0ff0,xxxxxxxx,xxxxxxxx,00000000,00000000,000000ac,000000ac,0,00000,0,00000000
12235000,1,00000054,00000050,000000a8,000000a8,000000a4,00411821,00000054,0,00000,000ff0ff,xxxxxxxx,xxxxxxxx,00000000,00000000,00000008,00000008,0,00000,0,00000008
12245000,1,00000054,00000050,00000050,000000a8,000000a8,00022082,00000054,0,00000,000f0f0f,xxxxxxxx,xxxxxxxx,00000000,00000000,00000008,00000008,0,00000,0,00000008
12255000,1,00000058,00000054,00000050,00000050,000000a8,00022082,00000058,0,00000,000ff0f0,xxxxxxxx,xxxxxxxx,00000000,00000000,00000018,00000018,0,00000,0,00000008
12265000,1,00000058,00000054,00000054,00000050,00000050,28990005,00000058,0,00000,000f0f0f,xxxxxxxx,xxxxxxxx,00000000,00000000,00000018,00000018,0,00000,0,00000008
12275000,1,0000005c,00000058,00000054,00000054,00000050,28990005,0000005c,0,00000,000ff0f0,xxxxxxxx,xxxxxxxx,00000000,00000000,00000004,00000004,0,00000,0,00000010
12285000,1,0000005c,00000058,00000058,00000054,00000054,0721000e,0000005c,0,00000,000f0f0f,xxxxxxxx,xxxxxxxx,00000000,00000000,00000004,00000004,0,00000,0,00000010
12295000,1,00000060,0000005c,00000058,00000058,00000054,0721000e,00000060,0,00000,000ff0f0,xxxxxxxx,xxxxxxxx,00000000,00000000,00000001,00000001,0,00000,0,00000100
12305000,1,00000060,0000005c,00000058,00000058,00000058,00642823,00000060,0,00000,000ff00f,xxxxxxxx,xxxxxxxx,00000000,00000000,00000001,00000001,0,00000,0,00000100
12315000,1,00000098,00000060,0000005c,00000058,00000058,00642823,00000098,0,00000,000fff00,xxxxxxxx,xxxxxxxx,00000000,00000000,00000001,00000001,0,00000,0,00000100
12325000,1,00000098,00000060,00000060,0000005c,00000058,3c0c000c,00000098,0,00000,000f0ff0,xxxxxxxx,xxxxxxxx,00000000,00000000,00000000,00000000,0,00000,0,00000008
12335000,1,0000009c,00000098,00000060,00000060,0000005c,3c0c000c,0000009c,0,00000,000ff0ff,xxxxxxxx,xxxxxxxx,00000000,00000000,00000014,00000014,0,00000,0,00000004
12345000,1,0000009c,00000098,00000098,00000060,00000060,004cd007,0000009c,0,00000,000f0f0f,xxxxxxxx,xxxxxxxx,00000000,00000000,00000014,00000014,0,00000,0,00000004
12355000,1,000000a0,0000009c,00000098,00000098,00000060,004cd007,000000a0,0,00000,000ff0f0,xxxxxxxx,xxxxxxxx,00000000,00000000,000c0000,000c0000,0,00000,0,000c0000
12365000,1,000000a0,0000009c,0000009c,00000098,00000098,275b0044,000000a0,0,00000,000f0f0f,xxxxxxxx,xxxxxxxx,00000000,00000000,000c0000,000c0000,0,00000,0,000c0000
12375000,1,000000a4,000000a0,0000009c,0000009c,00000098,275b0044,000000a4,0,00000,000ff0f0,xxxxxxxx,xxxxxxxx,00000000,00000000,0000000c,0000000c,0,00000,0,000c0000
12385000,1,000000a4,000000a0,000000a0,0000009c,0000009c,0360f809,000000a4,0,00000,000f0f0f,xxxxxxxx,xxxxxxxx,00000000,00000000,0000000c,0000000c,0,00000,0,000c0000
12395000,1,000000a8,000000a4,000000a0,000000a0,0000009c,0360f809,000000a8,0,00000,000ff0f0,xxxxxxxx,xxxxxxxx,00000000,00000000,00000050,00000050,0,00000,0,00000050
12405000,1,000000a8,000000a4,000000a0,000000a0,000000a0,24010008,000000a8,0,00000,000ff00f,xxxxxxxx,xxxxxxxx,00000000,00000000,00000050,00000050,0,00000,0,00000050
12415000,1,00000050,000000a8,000000a4,000000a0,000000a0,24010008,00000050,0,00000,000fff00,xxxxxxxx,xxxxxxxx,00000000,00000000,00000050,00000050,0,00000,0,00000050
12425000,1,00000050,000000a8,000000a8,000000a4,000000a0,00411821,00000050,0,00000,000f0ff0,xxxxxxxx,xxxxxxxx,00000000,00000000,000000ac,000000ac,0,00000,0,00000000
12435000,1,00000054,00000050,000000a8,000000a8,000000a4,00411821,00000054,0,00000,000ff0ff,xxxxxxxx,xxxxxxxx,00000000,00000000,00000008,00000008,0,00000,0,00000008
12445000,1,00000054,00000050,00000050,000000a8,000000a8,00022082,00000054,0,00000,000f0f0f,xxxxxxxx,xxxxxxxx,00000000,00000000,00000008,00000008,0,00000,0,00000008
12455000,1,00000058,00000054,00000050,00000050,000000a8,00022082,00000058,0,00000,000ff0f0,xxxxxxxx,xxxxxxxx,00000000,00000000,00000018,00000018,0,00000,0,00000008
12465000,1,00000058,00000054,00000054,00000050,00000050,28990005,00000058,0,00000,000f0f0f,xxxxxxxx,xxxxxxxx,00000000,00000000,00000018,00000018,0,00000,0,00000008
12475000,1,0000005c,00000058,00000054,00000054,00000050,28990005,0000005c,0,00000,000ff0f0,xxxxxxxx,xxxxxxxx,00000000,00000000,00000004,00000004,0,00000,0,00000010
12485000,1,0000005c,00000058,00000058,00000054,00000054,0721000e,0000005c,0,00000,000f0f0f,xxxxxxxx,xxxxxxxx,00000000,00000000,00000004,00000004,0,00000,0,00000010
12495000,1,00000060,0000005c,00000058,00000058,00000054,0721000e,00000060,0,00000,000ff0f0,xxxxxxxx,xxxxxxxx,00000000,00000000,00000001,00000001,0,00000,0,00000100
12505000,1,00000060,0000005c,00000058,00000058,00000058,00642823,00000060,0,00000,000ff00f,xxxxxxxx,xxxxxxxx,00000000,00000000,00000001,00000001,0,00000,0,00000100
12515000,1,00000098,00000060,0000005c,00000058,00000058,00642823,00000098,0,00000,000fff00,xxxxxxxx,xxxxxxxx,00000000,00000000,00000001,00000001,0,00000,0,00000100
12525000,1,00000098,00000060,00000060,0000005c,00000058,3c0c000c,00000098,0,00000,000f0ff0,xxxxxxxx,xxxxxxxx,00000000,00000000,00000000,00000000,0,00000,0,00000008
12535000,1,0000009c,00000098,00000060,00000060,0000005c,3c0c000c,0000009c,0,00000,000ff0ff,xxxxxxxx,xxxxxxxx,00000000,00000000,00000014,00000014,0,00000,0,00000004
12545000,1,0000009c,00000098,00000098,00000060,00000060,004cd007,0000009c,0,00000,000f0f0f,xxxxxxxx,xxxxxxxx,00000000,00000000,00000014,00000014,0,00000,0,00000004
12555000,1,000000a0,0000009c,00000098,00000098,00000060,004cd007,000000a0,0,00000,000ff0f0,xxxxxxxx,xxxxxxxx,00000000,00000000,000c0000,000c0000,0,00000,0,000c0000
12565000,1,000000a0,0000009c,0000009c,00000098,00000098,275b0044,000000a0,0,00000,000f0f0f,xxxxxxxx,xxxxxxxx,00000000,00000000,000c0000,000c0000,0,00000,0,000c0000
12575000,1,000000a4,000000a0,0000009c,0000009c,00000098,275b0044,000000a4,0,00000,000ff0f0,xxxxxxxx,xxxxxxxx,00000000,00000000,0000000c,0000000c,0,00000,0,000c0000
12585000,1,000000a4,000000a0,000000a0,0000009c,0000009c,0360f809,000000a4,0,00000,000f0f0f,xxxxxxxx,xxxxxxxx,00000000,00000000,0000000c,0000000c,0,00000,0,000c0000
12595000,1,000000a8,000000a4,000000a0,000000a0,0000009c,0360f809,000000a8,0,00000,000ff0f0,xxxxxxxx,xxxxxxxx,00000000,00000000,00000050,00000050,0,00000,0,00000050
12605000,1,000000a8,000000a4,000000a0,000000a0,000000a0,24010008,000000a8,0,00000,000ff00f,xxxxxxxx,xxxxxxxx,00000000,00000000,00000050,00000050,0,00000,0,00000050
12615000,1,00000050,000000a8,000000a4,000000a0,000000a0,24010008,00000050,0,00000,000fff00,xxxxxxxx,xxxxxxxx,00000000,00000000,00000050,00000050,0,00000,0,00000050
12625000,1,00000050,000000a8,000000a8,000000a4,000000a0,00411821,00000050,0,00000,000f0ff0,xxxxxxxx,xxxxxxxx,00000000,00000000,000000ac,000000ac,0,00000,0,00000000
12635000,1,00000054,00000050,000000a8,000000a8,000000a4,00411821,00000054,0,00000,000ff0ff,xxxxxxxx,xxxxxxxx,00000000,00000000,00000008,00000008,0,00000,0,00000008
12645000,1,00000054,00000050,00000050,000000a8,000000a8,00022082,00000054,0,00000,000f0f0f,xxxxxxxx,xxxxxxxx,00000000,00000000,00000008,00000008,0,00000,0,00000008
12655000,1,00000058,00000054,00000050,00000050,000000a8,00022082,00000058,0,00000,000ff0f0,xxxxxxxx,xxxxxxxx,00000000,00000000,00000018,00000018,0,00000,0,00000008
12665000,1,00000058,00000054,00000054,00000050,00000050,28990005,00000058,0,00000,000f0f0f,xxxxxxxx,xxxxxxxx,00000000,00000000,00000018,00000018,0,00000,0,00000008
12675000,1,0000005c,00000058,00000054,00000054,00000050,28990005,0000005c,0,00000,000ff0f0,xxxxxxxx,xxxxxxxx,00000000,00000000,00000004,00000004,0,00000,0,00000010
12685000,1,0000005c,00000058,00000058,00000054,00000054,0721000e,0000005c,0,00000,000f0f0f,xxxxxxxx,xxxxxxxx,00000000,00000000,00000004,00000004,0,00000,0,00000010
12695000,1,00000060,0000005c,00000058,00000058,00000054,0721000e,00000060,0,00000,000ff0f0,xxxxxxxx,xxxxxxxx,00000000,00000000,00000001,00000001,0,00000,0,00000100
12705000,1,00000060,0000005c,00000058,00000058,00000058,00642823,00000060,0,00000,000ff00f,xxxxxxxx,xxxxxxxx,00000000,00000000,00000001,00000001,0,00000,0,00000100
12715000,1,00000098,00000060,0000005c,00000058,00000058,00642823,00000098,0,00000,000fff00,xxxxxxxx,xxxxxxxx,00000000,00000000,00000001,00000001,0,00000,0,00000100
12725000,1,00000098,00000060,00000060,0000005c,00000058,3c0c000c,00000098,0,00000,000f0ff0,xxxxxxxx,xxxxxxxx,00000000,00000000,00000000,00000000,0,00000,0,00000008
12735000,1,0000009c,00000098,00000060,00000060,0000005c,3c0c000c,0000009c,0,00000,000ff0ff,xxxxxxxx,xxxxxxxx,00000000,00000000,00000014,00000014,0,00000,0,00000004
12745000,1,0000009c,00000098,00000098,00000060,00000060,004cd007,0000009c,0,00000,000f0f0f,xxxxxxxx,xxxxxxxx,00000000,00000000,00000014,00000014,0,00000,0,00000004
12755000,1,000000a0,0000009c,00000098,00000098,00000060,004cd007,000000a0,0,00000,000ff0f0,xxxxxxxx,xxxxxxxx,00000000,00000000,000c0000,000c0000,0,00000,0,000c0000
12765000,1,000000a0,0000009c,0000009c,00000098,00000098,275b0044,000000a0,0,00000,000f0f0f,xxxxxxxx,xxxxxxxx,00000000,00000000,000c0000,000c0000,0,00000,0,000c0000
12775000,1,000000a4,000000a0,0000009c,0000009c,00000098,275b0044,000000a4,0,00000,000ff0f0,xxxxxxxx,xxxxxxxx,00000000,00000000,0000000c,0000000c,0,00000,0,000c0000
12785000,1,000000a4,000000a0,000000a0,0000009c,0000009c,0360f809,000000a4,0,00000,000f0f0f,xxxxxxxx,xxxxxxxx,00000000,00000000,0000000c,0000000c,0,00000,0,000c0000
12795000,1,000000a8,000000a4,000000a0,000000a0,0000009c,0360f809,000000a8,0,00000,000ff0f0,xxxxxxxx,xxxxxxxx,00000000,00000000,00000050,00000050,0,00000,0,00000050
12805000,1,000000a8,000000a4,000000a0,000000a0,000000a0,24010008,000000a8,0,00000,000ff00f,xxxxxxxx,xxxxxxxx,00000000,00000000,00000050,00000050,0,00000,0,00000050
12815000,1,00000050,000000a8,000000a4,000000a0,000000a0,24010008,00000050,0,00000,000fff00,xxxxxxxx,xxxxxxxx,00000000,00000000,00000050,00000050,0,00000,0,00000050
12825000,1,00000050,000000a8,000000a8,000000a4,000000a0,00411821,00000050,0,00000,000f0ff0,xxxxxxxx,xxxxxxxx,00000000,00000000,000000ac,000000ac,0,00000,0,00000000
12835000,1,00000054,00000050,000000a8,000000a8,000000a4,00411821,00000054,0,00000,000ff0ff,xxxxxxxx,xxxxxxxx,00000000,00000000,00000008,00000008,0,00000,0,00000008
12845000,1,00000054,00000050,00000050,000000a8,000000a8,00022082,00000054,0,00000,000f0f0f,xxxxxxxx,xxxxxxxx,00000000,00000000,00000008,00000008,0,00000,0,00000008
12855000,1,00000058,00000054,00000050,00000050,000000a8,00022082,00000058,0,00000,000ff0f0,xxxxxxxx,xxxxxxxx,00000000,00000000,00000018,00000018,0,00000,0,00000008
12865000,1,00000058,00000054,00000054,00000050,00000050,28990005,00000058,0,00000,000f0f0f,xxxxxxxx,xxxxxxxx,00000000,00000000,00000018,00000018,0,00000,0,00000008
12875000,1,0000005c,00000058,00000054,00000054,00000050,28990005,0000005c,0,00000,000ff0f0,xxxxxxxx,xxxxxxxx,00000000,00000000,00000004,00000004,0,00000,0,00000010
12885000,1,0000005c,00000058,00000058,00000054,00000054,0721000e,0000005c,0,00000,000f0f0f,xxxxxxxx,xxxxxxxx,00000000,00000000,00000004,00000004,0,00000,0,00000010
12895000,1,00000060,0000005c,00000058,00000058,00000054,0721000e,00000060,0,00000,000ff0f0,xxxxxxxx,xxxxxxxx,00000000,00000000,00000001,00000001,0,00000,0,00000100
12905000,1,00000060,0000005c,00000058,00000058,00000058,00642823,00000060,0,00000,000ff00f,xxxxxxxx,xxxxxxxx,00000000,00000000,00000001,00000001,0,00000,0,00000100
12915000,1,00000098,00000060,0000005c,00000058,00000058,00642823,00000098,0,00000,000fff00,xxxxxxxx,xxxxxxxx,00000000,00000000,00000001,00000001,0,00000,0,00000100
12925000,1,00000098,00000060,00000060,0000005c,00000058,3c0c000c,00000098,0,00000,000f0ff0,xxxxxxxx,xxxxxxxx,00000000,00000000,00000000,00000000,0,00000,0,00000008
12935000,1,0000009c,00000098,00000060,00000060,0000005c,3c0c000c,0000009c,0,00000,000ff0ff,xxxxxxxx,xxxxxxxx,00000000,00000000,00000014,00000014,0,00000,0,00000004
12945000,1,0000009c,00000098,00000098,00000060,00000060,004cd007,0000009c,0,00000,000f0f0f,xxxxxxxx,xxxxxxxx,00000000,00000000,00000014,00000014,0,00000,0,00000004
12955000,1,000000a0,0000009c,00000098,00000098,00000060,004cd007,000000a0,0,00000,000ff0f0,xxxxxxxx,xxxxxxxx,00000000,00000000,000c0000,000c0000,0,00000,0,000c0000
12965000,1,000000a0,0000009c,0000009c,00000098,00000098,275b0044,000000a0,0,00000,000f0f0f,xxxxxxxx,xxxxxxxx,00000000,00000000,000c0000,000c0000,0,00000,0,000c0000
12975000,1,000000a4,000000a0,0000009c,0000009c,00000098,275b0044,000000a4,0,00000,000ff0f0,xxxxxxxx,xxxxxxxx,00000000,00000000,0000000c,0000000c,0,00000,0,000c0000
12985000,1,000000a4,000000a0,000000a0,0000009c,0000009c,0360f809,000000a4,0,00000,000f0f0f,xxxxxxxx,xxxxxxxx,00000000,00000000,0000000c,0000000c,0,00000,0,000c0000
12995000,1,000000a8,000000a4,000000a0,000000a0,0000009c,0360f809,000000a8,0,00000,000ff0f0,xxxxxxxx,xxxxxxxx,00000000,00000000,00000050,00000050,0,00000,0,00000050
13005000,1,000000a8,000000a4,000000a0,000000a0,000000a0,24010008,000000a8,0,00000,000ff00f,xxxxxxxx,xxxxxxxx,00000000,00000000,00000050,00000050,0,00000,0,00000050
13015000,1,00000050,000000a8,000000a4,000000a0,000000a0,24010008,00000050,0,00000,000fff00,xxxxxxxx,xxxxxxxx,00000000,00000000,00000050,00000050,0,00000,0,00000050
13025000,1,00000050,000000a8,000000a8,000000a4,000000a0,00411821,00000050,0,00000,000f0ff0,xxxxxxxx,xxxxxxxx,00000000,00000000,000000ac,000000ac,0,00000,0,00000000
13035000,1,00000054,00000050,000000a8,000000a8,000000a4,00411821,00000054,0,00000,000ff0ff,xxxxxxxx,xxxxxxxx,00000000,00000000,00000008,00000008,0,00000,0,00000008
13045000,1,00000054,00000050,00000050,000000a8,000000a8,00022082,00000054,0,00000,000f0f0f,xxxxxxxx,xxxxxxxx,00000000,00000000,00000008,00000008,0,00000,0,00000008
13055000,1,00000058,00000054,00000050,00000050,000000a8,00022082,00000058,0,00000,000ff0f0,xxxxxxxx,xxxxxxxx,00000000,00000000,00000018,00000018,0,00000,0,00000008
13065000,1,00000058,00000054,00000054,00000050,00000050,28990005,00000058,0,00000,000f0f0f,xxxxxxxx,xxxxxxxx,00000000,00000000,00000018,00000018,0,00000,0,00000008
13075000,1,0000005c,00000058,00000054,00000054,00000050,28990005,0000005c,0,00000,000ff0f0,xxxxxxxx,xxxxxxxx,00000000,00000000,00000004,00000004,0,00000,0,00000010
13085000,1,0000005c,00000058,00000058,00000054,00000054,0721000e,0000005c,0,00000,000f0f0f,xxxxxxxx,xxxxxxxx,00000000,00000000,00000004,00000004,0,00000,0,00000010
13095000,1,00000060,0000005c,00000058,00000058,00000054,0721000e,00000060,0,00000,000ff0f0,xxxxxxxx,xxxxxxxx,00000000,00000000,00000001,00000001,0,00000,0,00000100
13105000,1,00000060,0000005c,00000058,00000058,00000058,00642823,00000060,0,00000,000ff00f,xxxxxxxx,xxxxxxxx,00000000,00000000,00000001,00000001,0,00000,0,00000100
13115000,1,00000098,00000060,0000005c,00000058,00000058,00642823,00000098,0,00000,000fff00,xxxxxxxx,xxxxxxxx,00000000,00000000,00000001,00000001,0,00000,0,00000100
13125000,1,00000098,00000060,00000060,0000005c,00000058,3c0c000c,00000098,0,00000,000f0ff0,xxxxxxxx,xxxxxxxx,00000000,00000000,00000000,00000000,0,00000,0,00000008
13135000,1,0000009c,00000098,00000060,00000060,0000005c,3c0c000c,0000009c,0,00000,000ff0ff,xxxxxxxx,xxxxxxxx,00000000,00000000,00000014,00000014,0,00000,0,00000004
13145000,1,0000009c,00000098,00000098,00000060,00000060,004cd007,0000009c,0,00000,000f0f0f,xxxxxxxx,xxxxxxxx,00000000,00000000,00000014,00000014,0,00000,0,00000004
13155000,1,000000a0,0000009c,00000098,00000098,00000060,004cd007,000000a0,0,00000,000ff0f0,xxxxxxxx,xxxxxxxx,00000000,00000000,000c0000,000c0000,0,00000,0,000c0000
13165000,1,000000a0,0000009c,0000009c,00000098,00000098,275b0044,000000a0,0,00000,000f0f0f,xxxxxxxx,xxxxxxxx,00000000,00000000,000c0000,000c0000,0,00000,0,000c0000
13175000,1,000000a4,000000a0,0000009c,0000009c,00000098,275b0044,000000a4,0,00000,000ff0f0,xxxxxxxx,xxxxxxxx,00000000,00000000,0000000c,0000000c,0,00000,0,000c0000
13185000,1,000000a4,000000a0,000000a0,0000009c,0000009c,0360f809,000000a4,0,00000,000f0f0f,xxxxxxxx,xxxxxxxx,00000000,00000000,0000000c,0000000c,0,00000,0,000c0000
13195000,1,000000a8,000000a4,000000a0,000000a0,0000009c,0360f809,000000a8,0,00000,000ff0f0,xxxxxxxx,xxxxxxxx,00000000,00000000,00000050,00000050,0,00000,0,00000050
13205000,1,000000a8,000000a4,000000a0,000000a0,000000a0,24010008,000000a8,0,00000,000ff00f,xxxxxxxx,xxxxxxxx,00000000,00000000,00000050,00000050,0,00000,0,00000050
13215000,1,00000050,000000a8,000000a4,000000a0,000000a0,24010008,00000050,0,00000,000fff00,xxxxxxxx,xxxxxxxx,00000000,00000000,00000050,00000050,0,00000,0,00000050
13225000,1,00000050,000000a8,000000a8,000000a4,000000a0,00411821,00000050,0,00000,000f0ff0,xxxxxxxx,xxxxxxxx,00000000,00000000,000000ac,000000ac,0,00000,0,00000000
13235000,1,00000054,00000050,000000a8,000000a8,000000a4,00411821,00000054,0,00000,000ff0ff,xxxxxxxx,xxxxxxxx,00000000,00000000,00000008,00000008,0,00000,0,00000008
13245000,1,00000054,00000050,00000050,000000a8,000000a8,00022082,00000054,0,00000,000f0f0f,xxxxxxxx,xxxxxxxx,00000000,00000000,00000008,00000008,0,00000,0,00000008
13255000,1,00000058,00000054,00000050,00000050,000000a8,00022082,00000058,0,00000,000ff0f0,xxxxxxxx,xxxxxxxx,00000000,00000000,00000018,00000018,0,00000,0,00000008
13265000,1,00000058,00000054,00000054,00000050,00000050,28990005,00000058,0,00000,000f0f0f,xxxxxxxx,xxxxxxxx,00000000,00000000,00000018,00000018,0,00000,0,00000008
13275000,1,0000005c,00000058,00000054,00000054,00000050,28990005,0000005c,0,00000,000ff0f0,xxxxxxxx,xxxxxxxx,00000000,00000000,00000004,00000004,0,00000,0,00000010
13285000,1,0000005c,00000058,00000058,00000054,00000054,0721000e,0000005c,0,00000,000f0f0f,xxxxxxxx,xxxxxxxx,00000000,00000000,00000004,00000004,0,00000,0,00000010
13295000,1,00000060,0000005c,00000058,00000058,00000054,0721000e,00000060,0,00000,000ff0f0,xxxxxxxx,xxxxxxxx,00000000,00000000,00000001,00000001,0,00000,0,00000100
13305000,1,00000060,0000005c,00000058,00000058,00000058,00642823,00000060,0,00000,000ff00f,xxxxxxxx,xxxxxxxx,00000000,00000000,00000001,00000001,0,00000,0,00000100
13315000,1,00000098,00000060,0000005c,00000058,00000058,00642823,00000098,0,00000,000fff00,xxxxxxxx,xxxxxxxx,00000000,00000000,00000001,00000001,0,00000,0,00000100
13325000,1,00000098,00000060,00000060,0000005c,00000058,3c0c000c,00000098,0,00000,000f0ff0,xxxxxxxx,xxxxxxxx,00000000,00000000,00000000,00000000,0,00000,0,00000008
13335000,1,0000009c,00000098,00000060,00000060,0000005c,3c0c000c,0000009c,0,00000,000ff0ff,xxxxxxxx,xxxxxxxx,00000000,00000000,00000014,00000014,0,00000,0,00000004
13345000,1,0000009c,00000098,00000098,00000060,00000060,004cd007,0000009c,0,00000,000f0f0f,xxxxxxxx,xxxxxxxx,00000000,00000000,00000014,00000014,0,00000,0,00000004
13355000,1,000000a0,0000009c,00000098,00000098,00000060,004cd007,000000a0,0,00000,000ff0f0,xxxxxxxx,xxxxxxxx,00000000,00000000,000c0000,000c0000,0,00000,0,000c0000
13365000,1,000000a0,0000009c,0000009c,00000098,00000098,275b0044,000000a0,0,00000,000f0f0f,xxxxxxxx,xxxxxxxx,00000000,00000000,000c0000,000c0000,0,00000,0,000c0000
13375000,1,000000a4,000000a0,0000009c,0000009c,00000098,275b0044,000000a4,0,00000,000ff0f0,xxxxxxxx,xxxxxxxx,00000000,00000000,0000000c,0000000c,0,00000,0,000c0000
13385000,1,000000a4,000000a0,000000a0,0000009c,0000009c,0360f809,000000a4,0,00000,000f0f0f,xxxxxxxx,xxxxxxxx,00000000,00000000,0000000c,0000000c,0,00000,0,000c0000
13395000,1,000000a8,000000a4,000000a0,000000a0,0000009c,0360f809,000000a8,0,00000,000ff0f0,xxxxxxxx,xxxxxxxx,00000000,00000000,00000050,00000050,0,00000,0,00000050
13405000,1,000000a8,000000a4,000000a0,000000a0,000000a0,24010008,000000a8,0,00000,000ff00f,xxxxxxxx,xxxxxxxx,00000000,00000000,00000050,00000050,0,00000,0,00000050
13415000,1,00000050,000000a8,000000a4,000000a0,000000a0,24010008,00000050,0,00000,000fff00,xxxxxxxx,xxxxxxxx,00000000,00000000,00000050,00000050,0,00000,0,00000050
13425000,1,00000050,000000a8,000000a8,000000a4,000000a0,00411821,00000050,0,00000,000f0ff0,xxxxxxxx,xxxxxxxx,00000000,00000000,000000ac,000000ac,0,00000,0,00000000
13435000,1,00000054,00000050,000000a8,000000a8,000000a4,00411821,00000054,0,00000,000ff0ff,xxxxxxxx,xxxxxxxx,00000000,00000000,00000008,00000008,0,00000,0,00000008
13445000,1,00000054,00000050,00000050,000000a8,000000a8,00022082,00000054,0,00000,000f0f0f,xxxxxxxx,xxxxxxxx,00000000,00000000,00000008,00000008,0,00000,0,00000008
13455000,1,00000058,00000054,00000050,00000050,000000a8,00022082,00000058,0,00000,000ff0f0,xxxxxxxx,xxxxxxxx,00000000,00000000,00000018,00000018,0,00000,0,00000008
13465000,1,00000058,00000054,00000054,00000050,00000050,28990005,00000058,0,00000,000f0f0f,xxxxxxxx,xxxxxxxx,00000000,00000000,00000018,00000018,0,00000,0,00000008
13475000,1,0000005c,00000058,00000054,00000054,00000050,28990005,0000005c,0,00000,000ff0f0,xxxxxxxx,xxxxxxxx,00000000,00000000,00000004,00000004,0,00000,0,00000010
13485000,1,0000005c,00000058,00000058,00000054,00000054,0721000e,0000005c,0,00000,000f0f0f,xxxxxxxx,xxxxxxxx,00000000,00000000,00000004,00000004,0,00000,0,00000010
13495000,1,00000060,0000005c,00000058,00000058,00000054,0721000e,00000060,0,00000,000ff0f0,xxxxxxxx,xxxxxxxx,00000000,00000000,00000001,00000001,0,00000,0,00000100
13505000,1,00000060,0000005c,00000058,00000058,00000058,00642823,00000060,0,00000,000ff00f,xxxxxxxx,xxxxxxxx,00000000,00000000,00000001,00000001,0,00000,0,00000100
13515000,1,00000098,00000060,0000005c,00000058,00000058,00642823,00000098,0,00000,000fff00,xxxxxxxx,xxxxxxxx,00000000,00000000,00000001,00000001,0,00000,0,00000100
13525000,1,00000098,00000060,00000060,0000005c,00000058,3c0c000c,00000098,0,00000,000f0ff0,xxxxxxxx,xxxxxxxx,00000000,00000000,00000000,00000000,0,00000,0,00000008
13535000,1,0000009c,00000098,00000060,00000060,0000005c,3c0c000c,0000009c,0,00000,000ff0ff,xxxxxxxx,xxxxxxxx,00000000,00000000,00000014,00000014,0,00000,0,00000004
13545000,1,0000009c,00000098,00000098,00000060,00000060,004cd007,0000009c,0,00000,000f0f0f,xxxxxxxx,xxxxxxxx,00000000,00000000,00000014,00000014,0,00000,0,00000004
13555000,1,000000a0,0000009c,00000098,00000098,00000060,004cd007,000000a0,0,00000,000ff0f0,xxxxxxxx,xxxxxxxx,00000000,00000000,000c0000,000c0000,0,00000,0,000c0000
13565000,1,000000a0,0000009c,0000009c,00000098,00000098,275b0044,000000a0,0,00000,000f0f0f,xxxxxxxx,xxxxxxxx,00000000,00000000,000c0000,000c0000,0,00000,0,000c0000
13575000,1,000000a4,000000a0,0000009c,0000009c,00000098,275b0044,000000a4,0,00000,000ff0f0,xxxxxxxx,xxxxxxxx,00000000,00000000,0000000c,0000000c,0,00000,0,000c0000
13585000,1,000000a4,000000a0,000000a0,0000009c,0000009c,0360f809,000000a4,0,00000,000f0f0f,xxxxxxxx,xxxxxxxx,00000000,00000000,0000000c,0000000c,0,00000,0,000c0000
13595000,1,000000a8,000000a4,000000a0,000000a0,0000009c,0360f809,000000a8,0,00000,000ff0f0,xxxxxxxx,xxxxxxxx,00000000,00000000,00000050,00000050,0,00000,0,00000050
13605000,1,000000a8,000000a4,000000a0,000000a0,000000a0,24010008,000000a8,0,00000,000ff00f,xxxxxxxx,xxxxxxxx,00000000,00000000,00000050,00000050,0,00000,0,00000050
13615000,1,00000050,000000a8,000000a4,000000a0,000000a0,24010008,00000050,0,00000,000fff00,xxxxxxxx,xxxxxxxx,00000000,00000000,00000050,00000050,0,00000,0,00000050
13625000,1,00000050,000000a8,000000a8,000000a4,000000a0,00411821,00000050,0,00000,000f0ff0,xxxxxxxx,xxxxxxxx,00000000,00000000,000000ac,000000ac,0,00000,0,00000000
13635000,1,00000054,00000050,000000a8,000000a8,000000a4,00411821,00000054,0,00000,000ff0ff,xxxxxxxx,xxxxxxxx,00000000,00000000,00000008,00000008,0,00000,0,00000008
13645000,1,00000054,00000050,00000050,000000a8,000000a8,00022082,00000054,0,00000,000f0f0f,xxxxxxxx,xxxxxxxx,00000000,00000000,00000008,00000008,0,00000,0,00000008
13655000,1,00000058,00000054,00000050,00000050,000000a8,00022082,00000058,0,00000,000ff0f0,xxxxxxxx,xxxxxxxx,00000000,00000000,00000018,00000018,0,00000,0,00000008
13665000,1,00000058,00000054,00000054,00000050,00000050,28990005,00000058,0,00000,000f0f0f,xxxxxxxx,xxxxxxxx,00000000,00000000,00000018,00000018,0,00000,0,00000008
13675000,1,0000005c,00000058,00000054,00000054,00000050,28990005,0000005c,0,00000,000ff0f0,xxxxxxxx,xxxxxxxx,00000000,00000000,00000004,00000004,0,00000,0,00000010
13685000,1,0000005c,00000058,00000058,00000054,00000054,0721000e,0000005c,0,00000,000f0f0f,xxxxxxxx,xxxxxxxx,00000000,00000000,00000004,00000004,0,00000,0,00000010
13695000,1,00000060,0000005c,00000058,00000058,00000054,0721000e,00000060,0,00000,000ff0f0,xxxxxxxx,xxxxxxxx,00000000,00000000,00000001,00000001,0,00000,0,00000100
13705000,1,00000060,0000005c,00000058,00000058,00000058,00642823,00000060,0,00000,000ff00f,xxxxxxxx,xxxxxxxx,00000000,00000000,00000001,00000001,0,00000,0,00000100
13715000,1,00000098,00000060,0000005c,00000058,00000058,00642823,00000098,0,00000,000fff00,xxxxxxxx,xxxxxxxx,00000000,00000000,00000001,00000001,0,00000,0,00000100
13725000,1,00000098,00000060,00000060,0000005c,00000058,3c0c000c,00000098,0,00000,000f0ff0,xxxxxxxx,xxxxxxxx,00000000,00000000,00000000,00000000,0,00000,0,00000008
13735000,1,0000009c,00000098,00000060,00000060,0000005c,3c0c000c,0000009c,0,00000,000ff0ff,xxxxxxxx,xxxxxxxx,00000000,00000000,00000014,00000014,0,00000,0,00000004
13745000,1,0000009c,00000098,00000098,00000060,00000060,004cd007,0000009c,0,00000,000f0f0f,xxxxxxxx,xxxxxxxx,00000000,00000000,00000014,00000014,0,00000,0,00000004
13755000,1,000000a0,0000009c,00000098,00000098,00000060,004cd007,000000a0,0,00000,000ff0f0,xxxxxxxx,xxxxxxxx,00000000,00000000,000c0000,000c0000,0,00000,0,000c0000
13765000,1,000000a0,0000009c,0000009c,00000098,00000098,275b0044,000000a0,0,00000,000f0f0f,xxxxxxxx,xxxxxxxx,00000000,00000000,000c0000,000c0000,0,00000,0,000c0000
13775000,1,000000a4,000000a0,0000009c,0000009c,00000098,275b0044,000000a4,0,00000,000ff0f0,xxxxxxxx,xxxxxxxx,00000000,00000000,0000000c,0000000c,0,00000,0,000c0000
13785000,1,000000a4,000000a0,000000a0,0000009c,0000009c,0360f809,000000a4,0,00000,000f0f0f,xxxxxxxx,xxxxxxxx,00000000,00000000,0000000c,0000000c,0,00000,0,000c0000
13795000,1,000000a8,000000a4,000000a0,000000a0,0000009c,0360f809,000000a8,0,00000,000ff0f0,xxxxxxxx,xxxxxxxx,00000000,00000000,00000050,00000050,0,00000,0,00000050
13805000,1,000000a8,000000a4,000000a0,000000a0,000000a0,24010008,000000a8,0,00000,000ff00f,xxxxxxxx,xxxxxxxx,00000000,00000000,00000050,00000050,0,00000,0,00000050
13815000,1,00000050,000000a8,000000a4,000000a0,000000a0,24010008,00000050,0,00000,000fff00,xxxxxxxx,xxxxxxxx,00000000,00000000,00000050,00000050,0,00000,0,00000050
13825000,1,00000050,000000a8,000000a8,000000a4,000000a0,00411821,00000050,0,00000,000f0ff0,xxxxxxxx,xxxxxxxx,00000000,00000000,000000ac,000000ac,0,00000,0,00000000
13835000,1,00000054,00000050,000000a8,000000a8,000000a4,00411821,00000054,0,00000,000ff0ff,xxxxxxxx,xxxxxxxx,00000000,00000000,00000008,00000008,0,00000,0,00000008
13845000,1,00000054,00000050,00000050,000000a8,000000a8,00022082,00000054,0,00000,000f0f0f,xxxxxxxx,xxxxxxxx,00000000,00000000,00000008,00000008,0,00000,0,00000008
13855000,1,00000058,00000054,00000050,00000050,000000a8,00022082,00000058,0,00000,000ff0f0,xxxxxxxx,xxxxxxxx,00000000,00000000,00000018,00000018,0,00000,0,00000008
13865000,1,00000058,00000054,00000054,00000050,00000050,28990005,00000058,0,00000,000f0f0f,xxxxxxxx,xxxxxxxx,00000000,00000000,00000018,00000018,0,00000,0,00000008
13875000,1,0000005c,00000058,00000054,00000054,00000050,28990005,0000005c,0,00000,000ff0f0,xxxxxxxx,xxxxxxxx,00000000,00000000,00000004,00000004,0,00000,0,00000010
13885000,1,0000005c,00000058,00000058,00000054,00000054,0721000e,0000005c,0,00000,000f0f0f,xxxxxxxx,xxxxxxxx,00000000,00000000,00000004,00000004,0,00000,0,00000010
13895000,1,00000060,0000005c,00000058,00000058,00000054,0721000e,00000060,0,00000,000ff0f0,xxxxxxxx,xxxxxxxx,00000000,00000000,00000001,00000001,0,00000,0,00000100
13905000,1,00000060,0000005c,00000058,00000058,00000058,00642823,00000060,0,00000,000ff00f,xxxxxxxx,xxxxxxxx,00000000,00000000,00000001,00000001,0,00000,0,00000100
13915000,1,00000098,00000060,0000005c,00000058,00000058,00642823,00000098,0,00000,000fff00,xxxxxxxx,xxxxxxxx,00000000,00000000,00000001,00000001,0,00000,0,00000100
13925000,1,00000098,00000060,00000060,0000005c,00000058,3c0c000c,00000098,0,00000,000f0ff0,xxxxxxxx,xxxxxxxx,00000000,00000000,00000000,00000000,0,00000,0,00000008
13935000,1,0000009c,00000098,00000060,00000060,0000005c,3c0c000c,0000009c,0,00000,000ff0ff,xxxxxxxx,xxxxxxxx,00000000,00000000,00000014,00000014,0,00000,0,00000004
13945000,1,0000009c,00000098,00000098,00000060,00000060,004cd007,0000009c,0,00000,000f0f0f,xxxxxxxx,xxxxxxxx,00000000,00000000,00000014,00000014,0,00000,0,00000004
13955000,1,000000a0,0000009c,00000098,00000098,00000060,004cd007,000000a0,0,00000,000ff0f0,xxxxxxxx,xxxxxxxx,00000000,00000000,000c0000,000c0000,0,00000,0,000c0000
13965000,1,000000a0,0000009c,0000009c,00000098,00000098,275b0044,000000a0,0,00000,000f0f0f,xxxxxxxx,xxxxxxxx,00000000,00000000,000c0000,000c0000,0,00000,0,000c0000
13975000,1,000000a4,000000a0,0000009c,0000009c,00000098,275b0044,000000a4,0,00000,000ff0f0,xxxxxxxx,xxxxxxxx,00000000,00000000,0000000c,0000000c,0,00000,0,000c0000
13985000,1,000000a4,000000a0,000000a0,0000009c,0000009c,0360f809,000000a4,0,00000,000f0f0f,xxxxxxxx,xxxxxxxx,00000000,00000000,0000000c,0000000c,0,00000,0,000c0000
13995000,1,000000a8,000000a4,000000a0,000000a0,0000009c,0360f809,000000a8,0,00000,000ff0f0,xxxxxxxx,xxxxxxxx,00000000,00000000,00000050,00000050,0,00000,0,00000050
14005000,1,000000a8,000000a4,000000a0,000000a0,000000a0,24010008,000000a8,0,00000,000ff00f,xxxxxxxx,xxxxxxxx,00000000,00000000,00000050,00000050,0,00000,0,00000050
14015000,1,00000050,000000a8,000000a4,000000a0,000000a0,24010008,00000050,0,00000,000fff00,xxxxxxxx,xxxxxxxx,00000000,00000000,00000050,00000050,0,00000,0,00000050
14025000,1,00000050,000000a8,000000a8,000000a4,000000a0,00411821,00000050,0,00000,000f0ff0,xxxxxxxx,xxxxxxxx,00000000,00000000,000000ac,000000ac,0,00000,0,00000000
14035000,1,00000054,00000050,000000a8,000000a8,000000a4,00411821,00000054,0,00000,000ff0ff,xxxxxxxx,xxxxxxxx,00000000,00000000,00000008,00000008,0,00000,0,00000008
14045000,1,00000054,00000050,00000050,000000a8,000000a8,00022082,00000054,0,00000,000f0f0f,xxxxxxxx,xxxxxxxx,00000000,00000000,00000008,00000008,0,00000,0,00000008
14055000,1,00000058,00000054,00000050,00000050,000000a8,00022082,00000058,0,00000,000ff0f0,xxxxxxxx,xxxxxxxx,00000000,00000000,00000018,00000018,0,00000,0,00000008
14065000,1,00000058,00000054,00000054,00000050,00000050,28990005,00000058,0,00000,000f0f0f,xxxxxxxx,xxxxxxxx,00000000,00000000,00000018,00000018,0,00000,0,00000008
14075000,1,0000005c,00000058,00000054,00000054,00000050,28990005,0000005c,0,00000,000ff0f0,xxxxxxxx,xxxxxxxx,00000000,00000000,00000004,00000004,0,00000,0,00000010
14085000,1,0000005c,00000058,00000058,00000054,00000054,0721000e,0000005c,0,00000,000f0f0f,xxxxxxxx,xxxxxxxx,00000000,00000000,00000004,00000004,0,00000,0,00000010
14095000,1,00000060,0000005c,00000058,00000058,00000054,0721000e,00000060,0,00000,000ff0f0,xxxxxxxx,xxxxxxxx,00000000,00000000,00000001,00000001,0,00000,0,00000100
14105000,1,00000060,0000005c,00000058,00000058,00000058,00642823,00000060,0,00000,000ff00f,xxxxxxxx,xxxxxxxx,00000000,00000000,00000001,00000001,0,00000,0,00000100
14115000,1,00000098,00000060,0000005c,00000058,00000058,00642823,00000098,0,00000,000fff00,xxxxxxxx,xxxxxxxx,00000000,00000000,00000001,00000001,0,00000,0,00000100
14125000,1,00000098,00000060,00000060,0000005c,00000058,3c0c000c,00000098,0,00000,000f0ff0,xxxxxxxx,xxxxxxxx,00000000,00000000,00000000,00000000,0,00000,0,00000008
14135000,1,0000009c,00000098,00000060,00000060,0000005c,3c0c000c,0000009c,0,00000,000ff0ff,xxxxxxxx,xxxxxxxx,00000000,00000000,00000014,00000014,0,00000,0,00000004
14145000,1,0000009c,00000098,00000098,00000060,00000060,004cd007,0000009c,0,00000,000f0f0f,xxxxxxxx,xxxxxxxx,00000000,00000000,00000014,00000014,0,00000,0,00000004
14155000,1,000000a0,0000009c,00000098,00000098,00000060,004cd007,000000a0,0,00000,000ff0f0,xxxxxxxx,xxxxxxxx,00000000,00000000,000c0000,000c0000,0,00000,0,000c0000
14165000,1,000000a0,0000009c,0000009c,00000098,00000098,275b0044,000000a0,0,00000,000f0f0f,xxxxxxxx,xxxxxxxx,00000000,00000000,000c0000,000c0000,0,00000,0,000c0000
14175000,1,000000a4,000000a0,0000009c,0000009c,00000098,275b0044,000000a4,0,00000,000ff0f0,xxxxxxxx,xxxxxxxx,00000000,00000000,0000000c,0000000c,0,00000,0,000c0000
14185000,1,000000a4,000000a0,000000a0,0000009c,0000009c,0360f809,000000a4,0,00000,000f0f0f,xxxxxxxx,xxxxxxxx,00000000,00000000,0000000c,0000000c,0,00000,0,000c0000
14195000,1,000000a8,000000a4,000000a0,000000a0,0000009c,0360f809,000000a8,0,00000,000ff0f0,xxxxxxxx,xxxxxxxx,00000000,00000000,00000050,00000050,0,00000,0,00000050
14205000,1,000000a8,000000a4,000000a0,000000a0,000000a0,24010008,000000a8,0,00000,000ff00f,xxxxxxxx,xxxxxxxx,00000000,00000000,00000050,00000050,0,00000,0,00000050
14215000,1,00000050,000000a8,000000a4,000000a0,000000a0,24010008,00000050,0,00000,000fff00,xxxxxxxx,xxxxxxxx,00000000,00000000,00000050,00000050,0,00000,0,00000050
14225000,1,00000050,000000a8,000000a8,000000a4,000000a0,00411821,00000050,0,00000,000f0ff0,xxxxxxxx,xxxxxxxx,00000000,00000000,000000ac,000000ac,0,00000,0,00000000
14235000,1,00000054,00000050,000000a8,000000a8,000000a4,00411821,00000054,0,00000,000ff0ff,xxxxxxxx,xxxxxxxx,00000000,00000000,00000008,00000008,0,00000,0,00000008
14245000,1,00000054,00000050,00000050,000000a8,000000a8,00022082,00000054,0,00000,000f0f0f,xxxxxxxx,xxxxxxxx,00000000,00000000,00000008,00000008,0,00000,0,00000008
14255000,1,00000058,00000054,00000050,00000050,000000a8,00022082,00000058,0,00000,000ff0f0,xxxxxxxx,xxxxxxxx,00000000,00000000,00000018,00000018,0,00000,0,00000008
14265000,1,00000058,00000054,00000054,00000050,00000050,28990005,00000058,0,00000,000f0f0f,xxxxxxxx,xxxxxxxx,00000000,00000000,00000018,00000018,0,00000,0,00000008
14275000,1,0000005c,00000058,00000054,00000054,00000050,28990005,0000005c,0,00000,000ff0f0,xxxxxxxx,xxxxxxxx,00000000,00000000,00000004,00000004,0,00000,0,00000010
14285000,1,0000005c,00000058,00000058,00000054,00000054,0721000e,0000005c,0,00000,000f0f0f,xxxxxxxx,xxxxxxxx,00000000,00000000,00000004,00000004,0,00000,0,00000010
14295000,1,00000060,0000005c,00000058,00000058,00000054,0721000e,00000060,0,00000,000ff0f0,xxxxxxxx,xxxxxxxx,00000000,00000000,00000001,00000001,0,00000,0,00000100
14305000,1,00000060,0000005c,00000058,00000058,00000058,00642823,00000060,0,00000,000ff00f,xxxxxxxx,xxxxxxxx,00000000,00000000,00000001,00000001,0,00000,0,00000100
14315000,1,00000098,00000060,0000005c,00000058,00000058,00642823,00000098,0,00000,000fff00,xxxxxxxx,xxxxxxxx,00000000,00000000,00000001,00000001,0,00000,0,00000100
14325000,1,00000098,00000060,00000060,0000005c,00000058,3c0c000c,00000098,0,00000,000f0ff0,xxxxxxxx,xxxxxxxx,00000000,00000000,00000000,00000000,0,00000,0,00000008
14335000,1,0000009c,00000098,00000060,00000060,0000005c,3c0c000c,0000009c,0,00000,000ff0ff,xxxxxxxx,xxxxxxxx,00000000,00000000,00000014,00000014,0,00000,0,00000004
14345000,1,0000009c,00000098,00000098,00000060,00000060,004cd007,0000009c,0,00000,000f0f0f,xxxxxxxx,xxxxxxxx,00000000,00000000,00000014,00000014,0,00000,0,00000004
14355000,1,000000a0,0000009c,00000098,00000098,00000060,004cd007,000000a0,0,00000,000ff0f0,xxxxxxxx,xxxxxxxx,00000000,00000000,000c0000,000c0000,0,00000,0,000c0000
14365000,1,000000a0,0000009c,0000009c,00000098,00000098,275b0044,000000a0,0,00000,000f0f0f,xxxxxxxx,xxxxxxxx,00000000,00000000,000c0000,000c0000,0,00000,0,000c0000
14375000,1,000000a4,000000a0,0000009c,0000009c,00000098,275b0044,000000a4,0,00000,000ff0f0,xxxxxxxx,xxxxxxxx,00000000,00000000,0000000c,0000000c,0,00000,0,000c0000
14385000,1,000000a4,000000a0,000000a0,0000009c,0000009c,0360f809,000000a4,0,00000,000f0f0f,xxxxxxxx,xxxxxxxx,00000000,00000000,0000000c,0000000c,0,00000,0,000c0000
14395000,1,000000a8,000000a4,000000a0,000000a0,0000009c,0360f809,000000a8,0,00000,000ff0f0,xxxxxxxx,xxxxxxxx,00000000,00000000,00000050,00000050,0,00000,0,00000050
14405000,1,000000a8,000000a4,000000a0,000000a0,000000a0,24010008,000000a8,0,00000,000ff00f,xxxxxxxx,xxxxxxxx,00000000,00000000,00000050,00000050,0,00000,0,00000050
14415000,1,00000050,000000a8,000000a4,000000a0,000000a0,24010008,00000050,0,00000,000fff00,xxxxxxxx,xxxxxxxx,00000000,00000000,00000050,00000050,0,00000,0,00000050
14425000,1,00000050,000000a8,000000a8,000000a4,000000a0,00411821,00000050,0,00000,000f0ff0,xxxxxxxx,xxxxxxxx,00000000,00000000,000000ac,000000ac,0,00000,0,00000000
14435000,1,00000054,00000050,000000a8,000000a8,000000a4,00411821,00000054,0,00000,000ff0ff,xxxxxxxx,xxxxxxxx,00000000,00000000,00000008,00000008,0,00000,0,00000008
14445000,1,00000054,00000050,00000050,000000a8,000000a8,00022082,00000054,0,00000,000f0f0f,xxxxxxxx,xxxxxxxx,00000000,00000000,00000008,00000008,0,00000,0,00000008
14455000,1,00000058,00000054,00000050,00000050,000000a8,00022082,00000058,0,00000,000ff0f0,xxxxxxxx,xxxxxxxx,00000000,00000000,00000018,00000018,0,00000,0,00000008
14465000,1,00000058,00000054,00000054,00000050,00000050,28990005,00000058,0,00000,000f0f0f,xxxxxxxx,xxxxxxxx,00000000,00000000,00000018,00000018,0,00000,0,00000008
14475000,1,0000005c,00000058,00000054,00000054,00000050,28990005,0000005c,0,00000,000ff0f0,xxxxxxxx,xxxxxxxx,00000000,00000000,00000004,00000004,0,00000,0,00000010
14485000,1,0000005c,00000058,00000058,00000054,00000054,0721000e,0000005c,0,00000,000f0f0f,xxxxxxxx,xxxxxxxx,00000000,00000000,00000004,00000004,0,00000,0,00000010
14495000,1,00000060,0000005c,00000058,00000058,00000054,0721000e,00000060,0,00000,000ff0f0,xxxxxxxx,xxxxxxxx,00000000,00000000,00000001,00000001,0,00000,0,00000100
14505000,1,00000060,0000005c,00000058,00000058,00000058,00642823,00000060,0,00000,000ff00f,xxxxxxxx,xxxxxxxx,00000000,00000000,00000001,00000001,0,00000,0,00000100
14515000,1,00000098,00000060,0000005c,00000058,00000058,00642823,00000098,0,00000,000fff00,xxxxxxxx,xxxxxxxx,00000000,00000000,00000001,00000001,0,00000,0,00000100
14525000,1,00000098,00000060,00000060,0000005c,00000058,3c0c000c,00000098,0,00000,000f0ff0,xxxxxxxx,xxxxxxxx,00000000,00000000,00000000,00000000,0,00000,0,00000008
14535000,1,0000009c,00000098,00000060,00000060,0000005c,3c0c000c,0000009c,0,00000,000ff0ff,xxxxxxxx,xxxxxxxx,00000000,00000000,00000014,00000014,0,00000,0,00000004
14545000,1,0000009c,00000098,00000098,00000060,00000060,004cd007,0000009c,0,00000,000f0f0f,xxxxxxxx,xxxxxxxx,00000000,00000000,00000014,00000014,0,00000,0,00000004
14555000,1,000000a0,0000009c,00000098,00000098,00000060,004cd007,000000a0,0,00000,000ff0f0,xxxxxxxx,xxxxxxxx,00000000,00000000,000c0000,000c0000,0,00000,0,000c0000
14565000,1,000000a0,0000009c,0000009c,00000098,00000098,275b0044,000000a0,0,00000,000f0f0f,xxxxxxxx,xxxxxxxx,00000000,00000000,000c0000,000c0000,0,00000,0,000c0000
14575000,1,000000a4,000000a0,0000009c,0000009c,00000098,275b0044,000000a4,0,00000,000ff0f0,xxxxxxxx,xxxxxxxx,00000000,00000000,0000000c,0000000c,0,00000,0,000c0000
14585000,1,000000a4,000000a0,000000a0,0000009c,0000009c,0360f809,000000a4,0,00000,000f0f0f,xxxxxxxx,xxxxxxxx,00000000,00000000,0000000c,0000000c,0,00000,0,000c0000
14595000,1,000000a8,000000a4,000000a0,000000a0,0000009c,0360f809,000000a8,0,00000,000ff0f0,xxxxxxxx,xxxxxxxx,00000000,00000000,00000050,00000050,0,00000,0,00000050
14605000,1,000000a8,000000a4,000000a0,000000a0,000000a0,24010008,000000a8,0,00000,000ff00f,xxxxxxxx,xxxxxxxx,00000000,00000000,00000050,00000050,0,00000,0,00000050
14615000,1,00000050,000000a8,000000a4,000000a0,000000a0,24010008,00000050,0,00000,000fff00,xxxxxxxx,xxxxxxxx,00000000,00000000,00000050,00000050,0,00000,0,00000050
14625000,1,00000050,000000a8,000000a8,000000a4,000000a0,00411821,00000050,0,00000,000f0ff0,xxxxxxxx,xxxxxxxx,00000000,00000000,000000ac,000000ac,0,00000,0,00000000
14635000,1,00000054,00000050,000000a8,000000a8,000000a4,00411821,00000054,0,00000,000ff0ff,xxxxxxxx,xxxxxxxx,00000000,00000000,00000008,00000008,0,00000,0,00000008
14645000,1,00000054,00000050,00000050,000000a8,000000a8,00022082,00000054,0,00000,000f0f0f,xxxxxxxx,xxxxxxxx,00000000,00000000,00000008,00000008,0,00000,0,00000008
14655000,1,00000058,00000054,00000050,00000050,000000a8,00022082,00000058,0,00000,000ff0f0,xxxxxxxx,xxxxxxxx,00000000,00000000,00000018,00000018,0,00000,0,00000008
14665000,1,00000058,00000054,00000054,00000050,00000050,28990005,00000058,0,00000,000f0f0f,xxxxxxxx,xxxxxxxx,00000000,00000000,00000018,00000018,0,00000,0,00000008
14675000,1,0000005c,00000058,00000054,00000054,00000050,28990005,0000005c,0,00000,000ff0f0,xxxxxxxx,xxxxxxxx,00000000,00000000,00000004,00000004,0,00000,0,00000010
14685000,1,0000005c,00000058,00000058,00000054,00000054,0721000e,0000005c,0,00000,000f0f0f,xxxxxxxx,xxxxxxxx,00000000,00000000,00000004,00000004,0,00000,0,00000010
14695000,1,00000060,0000005c,00000058,00000058,00000054,0721000e,00000060,0,00000,000ff0f0,xxxxxxxx,xxxxxxxx,00000000,00000000,00000001,00000001,0,00000,0,00000100
14705000,1,00000060,0000005c,00000058,00000058,00000058,00642823,00000060,0,00000,000ff00f,xxxxxxxx,xxxxxxxx,00000000,00000000,00000001,00000001,0,00000,0,00000100
14715000,1,00000098,00000060,0000005c,00000058,00000058,00642823,00000098,0,00000,000fff00,xxxxxxxx,xxxxxxxx,00000000,00000000,00000001,00000001,0,00000,0,00000100
14725000,1,00000098,00000060,00000060,0000005c,00000058,3c0c000c,00000098,0,00000,000f0ff0,xxxxxxxx,xxxxxxxx,00000000,00000000,00000000,00000000,0,00000,0,00000008
14735000,1,0000009c,00000098,00000060,00000060,0000005c,3c0c000c,0000009c,0,00000,000ff0ff,xxxxxxxx,xxxxxxxx,00000000,00000000,00000014,00000014,0,00000,0,00000004
14745000,1,0000009c,00000098,00000098,00000060,00000060,004cd007,0000009c,0,00000,000f0f0f,xxxxxxxx,xxxxxxxx,00000000,00000000,00000014,00000014,0,00000,0,00000004
14755000,1,000000a0,0000009c,00000098,00000098,00000060,004cd007,000000a0,0,00000,000ff0f0,xxxxxxxx,xxxxxxxx,00000000,00000000,000c0000,000c0000,0,00000,0,000c0000
14765000,1,000000a0,0000009c,0000009c,00000098,00000098,275b0044,000000a0,0,00000,000f0f0f,xxxxxxxx,xxxxxxxx,00000000,00000000,000c0000,000c0000,0,00000,0,000c0000
14775000,1,000000a4,000000a0,0000009c,0000009c,00000098,275b0044,000000a4,0,00000,000ff0f0,xxxxxxxx,xxxxxxxx,00000000,00000000,0000000c,0000000c,0,00000,0,000c0000
14785000,1,000000a4,000000a0,000000a0,0000009c,0000009c,0360f809,000000a4,0,00000,000f0f0f,xxxxxxxx,xxxxxxxx,00000000,00000000,0000000c,0000000c,0,00000,0,000c0000
14795000,1,000000a8,000000a4,000000a0,000000a0,0000009c,0360f809,000000a8,0,00000,000ff0f0,xxxxxxxx,xxxxxxxx,00000000,00000000,00000050,00000050,0,00000,0,00000050
14805000,1,000000a8,000000a4,000000a0,000000a0,000000a0,24010008,000000a8,0,00000,000ff00f,xxxxxxxx,xxxxxxxx,00000000,00000000,00000050,00000050,0,00000,0,00000050
14815000,1,00000050,000000a8,000000a4,000000a0,000000a0,24010008,00000050,0,00000,000fff00,xxxxxxxx,xxxxxxxx,00000000,00000000,00000050,00000050,0,00000,0,00000050
14825000,1,00000050,000000a8,000000a8,000000a4,000000a0,00411821,00000050,0,00000,000f0ff0,xxxxxxxx,xxxxxxxx,00000000,00000000,000000ac,000000ac,0,00000,0,00000000
14835000,1,00000054,00000050,000000a8,000000a8,000000a4,00411821,00000054,0,00000,000ff0ff,xxxxxxxx,xxxxxxxx,00000000,00000000,00000008,00000008,0,00000,0,00000008
14845000,1,00000054,00000050,00000050,000000a8,000000a8,00022082,00000054,0,00000,000f0f0f,xxxxxxxx,xxxxxxxx,00000000,00000000,00000008,00000008,0,00000,0,00000008
14855000,1,00000058,00000054,00000050,00000050,000000a8,00022082,00000058,0,00000,000ff0f0,xxxxxxxx,xxxxxxxx,00000000,00000000,00000018,00000018,0,00000,0,00000008
14865000,1,00000058,00000054,00000054,00000050,00000050,28990005,00000058,0,00000,000f0f0f,xxxxxxxx,xxxxxxxx,00000000,00000000,00000018,00000018,0,00000,0,00000008
14875000,1,0000005c,00000058,00000054,00000054,00000050,28990005,0000005c,0,00000,000ff0f0,xxxxxxxx,xxxxxxxx,00000000,00000000,00000004,00000004,0,00000,0,00000010
14885000,1,0000005c,00000058,00000058,00000054,00000054,0721000e,0000005c,0,00000,000f0f0f,xxxxxxxx,xxxxxxxx,00000000,00000000,00000004,00000004,0,00000,0,00000010
14895000,1,00000060,0000005c,00000058,00000058,00000054,0721000e,00000060,0,00000,000ff0f0,xxxxxxxx,xxxxxxxx,00000000,00000000,00000001,00000001,0,00000,0,00000100
14905000,1,00000060,0000005c,00000058,00000058,00000058,00642823,00000060,0,00000,000ff00f,xxxxxxxx,xxxxxxxx,00000000,00000000,00000001,00000001,0,00000,0,00000100
14915000,1,00000098,00000060,0000005c,00000058,00000058,00642823,00000098,0,00000,000fff00,xxxxxxxx,xxxxxxxx,00000000,00000000,00000001,00000001,0,00000,0,00000100
14925000,1,00000098,00000060,00000060,0000005c,00000058,3c0c000c,00000098,0,00000,000f0ff0,xxxxxxxx,xxxxxxxx,00000000,00000000,00000000,00000000,0,00000,0,00000008
14935000,1,0000009c,00000098,00000060,00000060,0000005c,3c0c000c,0000009c,0,00000,000ff0ff,xxxxxxxx,xxxxxxxx,00000000,00000000,00000014,00000014,0,00000,0,00000004
14945000,1,0000009c,00000098,00000098,00000060,00000060,004cd007,0000009c,0,00000,000f0f0f,xxxxxxxx,xxxxxxxx,00000000,00000000,00000014,00000014,0,00000,0,00000004
14955000,1,000000a0,0000009c,00000098,00000098,00000060,004cd007,000000a0,0,00000,000ff0f0,xxxxxxxx,xxxxxxxx,00000000,00000000,000c0000,000c0000,0,00000,0,000c0000
14965000,1,000000a0,0000009c,0000009c,00000098,00000098,275b0044,000000a0,0,00000,000f0f0f,xxxxxxxx,xxxxxxxx,00000000,00000000,000c0000,000c0000,0,00000,0,000c0000
14975000,1,000000a4,000000a0,0000009c,0000009c,00000098,275b0044,000000a4,0,00000,000ff0f0,xxxxxxxx,xxxxxxxx,00000000,00000000,0000000c,0000000c,0,00000,0,000c0000
14985000,1,000000a4,000000a0,000000a0,0000009c,0000009c,0360f809,000000a4,0,00000,000f0f0f,xxxxxxxx,xxxxxxxx,00000000,00000000,0000000c,0000000c,0,00000,0,000c0000
14995000,1,000000a8,000000a4,000000a0,000000a0,0000009c,0360f809,000000a8,0,00000,000ff0f0,xxxxxxxx,xxxxxxxx,00000000,00000000,00000050,00000050,0,00000,0,00000050
15005000,1,000000a8,000000a4,000000a0,000000a0,000000a0,24010008,000000a8,0,00000,000ff00f,xxxxxxxx,xxxxxxxx,00000000,00000000,00000050,00000050,0,00000,0,00000050
15015000,1,00000050,000000a8,000000a4,000000a0,000000a0,24010008,00000050,0,00000,000fff00,xxxxxxxx,xxxxxxxx,00000000,00000000,00000050,00000050,0,00000,0,00000050
15025000,1,00000050,000000a8,000000a8,000000a4,000000a0,00411821,00000050,0,00000,000f0ff0,xxxxxxxx,xxxxxxxx,00000000,00000000,000000ac,000000ac,0,00000,0,00000000
15035000,1,00000054,00000050,000000a8,000000a8,000000a4,00411821,00000054,0,00000,000ff0ff,xxxxxxxx,xxxxxxxx,00000000,00000000,00000008,00000008,0,00000,0,00000008
15045000,1,00000054,00000050,00000050,000000a8,000000a8,00022082,00000054,0,00000,000f0f0f,xxxxxxxx,xxxxxxxx,00000000,00000000,00000008,00000008,0,00000,0,00000008
15055000,1,00000058,00000054,00000050,00000050,000000a8,00022082,00000058,0,00000,000ff0f0,xxxxxxxx,xxxxxxxx,00000000,00000000,00000018,00000018,0,00000,0,00000008
15065000,1,00000058,00000054,00000054,00000050,00000050,28990005,00000058,0,00000,000f0f0f,xxxxxxxx,xxxxxxxx,00000000,00000000,00000018,00000018,0,00000,0,00000008
15075000,1,0000005c,00000058,00000054,00000054,00000050,28990005,0000005c,0,00000,000ff0f0,xxxxxxxx,xxxxxxxx,00000000,00000000,00000004,00000004,0,00000,0,00000010
15085000,1,0000005c,00000058,00000058,00000054,00000054,0721000e,0000005c,0,00000,000f0f0f,xxxxxxxx,xxxxxxxx,00000000,00000000,00000004,00000004,0,00000,0,00000010
15095000,1,00000060,0000005c,00000058,00000058,00000054,0721000e,00000060,0,00000,000ff0f0,xxxxxxxx,xxxxxxxx,00000000,00000000,00000001,00000001,0,00000,0,00000100
15105000,1,00000060,0000005c,00000058,00000058,00000058,00642823,00000060,0,00000,000ff00f,xxxxxxxx,xxxxxxxx,00000000,00000000,00000001,00000001,0,00000,0,00000100
15115000,1,00000098,00000060,0000005c,00000058,00000058,00642823,00000098,0,00000,000fff00,xxxxxxxx,xxxxxxxx,00000000,00000000,00000001,00000001,0,00000,0,00000100
15125000,1,00000098,00000060,00000060,0000005c,00000058,3c0c000c,00000098,0,00000,000f0ff0,xxxxxxxx,xxxxxxxx,00000000,00000000,00000000,00000000,0,00000,0,00000008
15135000,1,0000009c,00000098,00000060,00000060,0000005c,3c0c000c,0000009c,0,00000,000ff0ff,xxxxxxxx,xxxxxxxx,00000000,00000000,00000014,00000014,0,00000,0,00000004
15145000,1,0000009c,00000098,00000098,00000060,00000060,004cd007,0000009c,0,00000,000f0f0f,xxxxxxxx,xxxxxxxx,00000000,00000000,00000014,00000014,0,00000,0,00000004
15155000,1,000000a0,0000009c,00000098,00000098,00000060,004cd007,000000a0,0,00000,000ff0f0,xxxxxxxx,xxxxxxxx,00000000,00000000,000c0000,000c0000,0,00000,0,000c0000
15165000,1,000000a0,0000009c,0000009c,00000098,00000098,275b0044,000000a0,0,00000,000f0f0f,xxxxxxxx,xxxxxxxx,00000000,00000000,000c0000,000c0000,0,00000,0,000c0000
15175000,1,000000a4,000000a0,0000009c,0000009c,00000098,275b0044,000000a4,0,00000,000ff0f0,xxxxxxxx,xxxxxxxx,00000000,00000000,0000000c,0000000c,0,00000,0,000c0000
15185000,1,000000a4,000000a0,000000a0,0000009c,0000009c,0360f809,000000a4,0,00000,000f0f0f,xxxxxxxx,xxxxxxxx,00000000,00000000,0000000c,0000000c,0,00000,0,000c0000
15195000,1,000000a8,000000a4,000000a0,000000a0,0000009c,0360f809,000000a8,0,00000,000ff0f0,xxxxxxxx,xxxxxxxx,00000000,00000000,00000050,00000050,0,00000,0,00000050
15205000,1,000000a8,000000a4,000000a0,000000a0,000000a0,24010008,000000a8,0,00000,000ff00f,xxxxxxxx,xxxxxxxx,00000000,00000000,00000050,00000050,0,00000,0,00000050
15215000,1,00000050,000000a8,000000a4,000000a0,000000a0,24010008,00000050,0,00000,000fff00,xxxxxxxx,xxxxxxxx,00000000,00000000,00000050,00000050,0,00000,0,00000050
15225000,1,00000050,000000a8,000000a8,000000a4,000000a0,00411821,00000050,0,00000,000f0ff0,xxxxxxxx,xxxxxxxx,00000000,00000000,000000ac,000000ac,0,00000,0,00000000
15235000,1,00000054,00000050,000000a8,000000a8,000000a4,00411821,00000054,0,00000,000ff0ff,xxxxxxxx,xxxxxxxx,00000000,00000000,00000008,00000008,0,00000,0,00000008
15245000,1,00000054,00000050,00000050,000000a8,000000a8,00022082,00000054,0,00000,000f0f0f,xxxxxxxx,xxxxxxxx,00000000,00000000,00000008,00000008,0,00000,0,00000008
15255000,1,00000058,00000054,00000050,00000050,000000a8,00022082,00000058,0,00000,000ff0f0,xxxxxxxx,xxxxxxxx,00000000,00000000,00000018,00000018,0,00000,0,00000008
15265000,1,00000058,00000054,00000054,00000050,00000050,28990005,00000058,0,00000,000f0f0f,xxxxxxxx,xxxxxxxx,00000000,00000000,00000018,00000018,0,00000,0,00000008
15275000,1,0000005c,00000058,00000054,00000054,00000050,28990005,0000005c,0,00000,000ff0f0,xxxxxxxx,xxxxxxxx,00000000,00000000,00000004,00000004,0,00000,0,00000010
15285000,1,0000005c,00000058,00000058,00000054,00000054,0721000e,0000005c,0,00000,000f0f0f,xxxxxxxx,xxxxxxxx,00000000,00000000,00000004,00000004,0,00000,0,00000010
15295000,1,00000060,0000005c,00000058,00000058,00000054,0721000e,00000060,0,00000,000ff0f0,xxxxxxxx,xxxxxxxx,00000000,00000000,00000001,00000001,0,00000,0,00000100
15305000,1,00000060,0000005c,00000058,00000058,00000058,00642823,00000060,0,00000,000ff00f,xxxxxxxx,xxxxxxxx,00000000,00000000,00000001,00000001,0,00000,0,00000100
15315000,1,00000098,00000060,0000005c,00000058,00000058,00642823,00000098,0,00000,000fff00,xxxxxxxx,xxxxxxxx,00000000,00000000,00000001,00000001,0,00000,0,00000100
15325000,1,00000098,00000060,00000060,0000005c,00000058,3c0c000c,00000098,0,00000,000f0ff0,xxxxxxxx,xxxxxxxx,00000000,00000000,00000000,00000000,0,00000,0,00000008
15335000,1,0000009c,00000098,00000060,00000060,0000005c,3c0c000c,0000009c,0,00000,000ff0ff,xxxxxxxx,xxxxxxxx,00000000,00000000,00000014,00000014,0,00000,0,00000004
15345000,1,0000009c,00000098,00000098,00000060,00000060,004cd007,0000009c,0,00000,000f0f0f,xxxxxxxx,xxxxxxxx,00000000,00000000,00000014,00000014,0,00000,0,00000004
15355000,1,000000a0,0000009c,00000098,00000098,00000060,004cd007,000000a0,0,00000,000ff0f0,xxxxxxxx,xxxxxxxx,00000000,00000000,000c0000,000c0000,0,00000,0,000c0000
15365000,1,000000a0,0000009c,0000009c,00000098,00000098,275b0044,000000a0,0,00000,000f0f0f,xxxxxxxx,xxxxxxxx,00000000,00000000,000c0000,000c0000,0,00000,0,000c0000
15375000,1,000000a4,000000a0,0000009c,0000009c,00000098,275b0044,000000a4,0,00000,000ff0f0,xxxxxxxx,xxxxxxxx,00000000,00000000,0000000c,0000000c,0,00000,0,000c0000
15385000,1,000000a4,000000a0,000000a0,0000009c,0000009c,0360f809,000000a4,0,00000,000f0f0f,xxxxxxxx,xxxxxxxx,00000000,00000000,0000000c,0000000c,0,00000,0,000c0000
15395000,1,000000a8,000000a4,000000a0,000000a0,0000009c,0360f809,000000a8,0,00000,000ff0f0,xxxxxxxx,xxxxxxxx,00000000,00000000,00000050,00000050,0,00000,0,00000050
15405000,1,000000a8,000000a4,000000a0,000000a0,000000a0,24010008,000000a8,0,00000,000ff00f,xxxxxxxx,xxxxxxxx,00000000,00000000,00000050,00000050,0,00000,0,00000050
15415000,1,00000050,000000a8,000000a4,000000a0,000000a0,24010008,00000050,0,00000,000fff00,xxxxxxxx,xxxxxxxx,00000000,00000000,00000050,00000050,0,00000,0,00000050
15425000,1,00000050,000000a8,000000a8,000000a4,000000a0,00411821,00000050,0,00000,000f0ff0,xxxxxxxx,xxxxxxxx,00000000,00000000,000000ac,000000ac,0,00000,0,00000000
15435000,1,00000054,00000050,000000a8,000000a8,000000a4,00411821,00000054,0,00000,000ff0ff,xxxxxxxx,xxxxxxxx,00000000,00000000,00000008,00000008,0,00000,0,00000008
15445000,1,00000054,00000050,00000050,000000a8,000000a8,00022082,00000054,0,00000,000f0f0f,xxxxxxxx,xxxxxxxx,00000000,00000000,00000008,00000008,0,00000,0,00000008
15455000,1,00000058,00000054,00000050,00000050,000000a8,00022082,00000058,0,00000,000ff0f0,xxxxxxxx,xxxxxxxx,00000000,00000000,00000018,00000018,0,00000,0,00000008
15465000,1,00000058,00000054,00000054,00000050,00000050,28990005,00000058,0,00000,000f0f0f,xxxxxxxx,xxxxxxxx,00000000,00000000,00000018,00000018,0,00000,0,00000008
15475000,1,0000005c,00000058,00000054,00000054,00000050,28990005,0000005c,0,00000,000ff0f0,xxxxxxxx,xxxxxxxx,00000000,00000000,00000004,00000004,0,00000,0,00000010
15485000,1,0000005c,00000058,00000058,00000054,00000054,0721000e,0000005c,0,00000,000f0f0f,xxxxxxxx,xxxxxxxx,00000000,00000000,00000004,00000004,0,00000,0,00000010
15495000,1,00000060,0000005c,00000058,00000058,00000054,0721000e,00000060,0,00000,000ff0f0,xxxxxxxx,xxxxxxxx,00000000,00000000,00000001,00000001,0,00000,0,00000100
15505000,1,00000060,0000005c,00000058,00000058,00000058,00642823,00000060,0,00000,000ff00f,xxxxxxxx,xxxxxxxx,00000000,00000000,00000001,00000001,0,00000,0,00000100
15515000,1,00000098,00000060,0000005c,00000058,00000058,00642823,00000098,0,00000,000fff00,xxxxxxxx,xxxxxxxx,00000000,00000000,00000001,00000001,0,00000,0,00000100
15525000,1,00000098,00000060,00000060,0000005c,00000058,3c0c000c,00000098,0,00000,000f0ff0,xxxxxxxx,xxxxxxxx,00000000,00000000,00000000,00000000,0,00000,0,00000008
15535000,1,0000009c,00000098,00000060,00000060,0000005c,3c0c000c,0000009c,0,00000,000ff0ff,xxxxxxxx,xxxxxxxx,00000000,00000000,00000014,00000014,0,00000,0,00000004
15545000,1,0000009c,00000098,00000098,00000060,00000060,004cd007,0000009c,0,00000,000f0f0f,xxxxxxxx,xxxxxxxx,00000000,00000000,00000014,00000014,0,00000,0,00000004
15555000,1,000000a0,0000009c,00000098,00000098,00000060,004cd007,000000a0,0,00000,000ff0f0,xxxxxxxx,xxxxxxxx,00000000,00000000,000c0000,000c0000,0,00000,0,000c0000
15565000,1,000000a0,0000009c,0000009c,00000098,00000098,275b0044,000000a0,0,00000,000f0f0f,xxxxxxxx,xxxxxxxx,00000000,00000000,000c0000,000c0000,0,00000,0,000c0000
15575000,1,000000a4,000000a0,0000009c,0000009c,00000098,275b0044,000000a4,0,00000,000ff0f0,xxxxxxxx,xxxxxxxx,00000000,00000000,0000000c,0000000c,0,00000,0,000c0000
15585000,1,000000a4,000000a0,000000a0,0000009c,0000009c,0360f809,000000a4,0,00000,000f0f0f,xxxxxxxx,xxxxxxxx,00000000,00000000,0000000c,0000000c,0,00000,0,000c0000
15595000,1,000000a8,000000a4,000000a0,000000a0,0000009c,0360f809,000000a8,0,00000,000ff0f0,xxxxxxxx,xxxxxxxx,00000000,00000000,00000050,00000050,0,00000,0,00000050
15605000,1,000000a8,000000a4,000000a0,000000a0,000000a0,24010008,000000a8,0,00000,000ff00f,xxxxxxxx,xxxxxxxx,00000000,00000000,00000050,00000050,0,00000,0,00000050
15615000,1,00000050,000000a8,000000a4,000000a0,000000a0,24010008,00000050,0,00000,000fff00,xxxxxxxx,xxxxxxxx,00000000,00000000,00000050,00000050,0,00000,0,00000050
15625000,1,00000050,000000a8,000000a8,000000a4,000000a0,00411821,00000050,0,00000,000f0ff0,xxxxxxxx,xxxxxxxx,00000000,00000000,000000ac,000000ac,0,00000,0,00000000
15635000,1,00000054,00000050,000000a8,000000a8,000000a4,00411821,00000054,0,00000,000ff0ff,xxxxxxxx,xxxxxxxx,00000000,00000000,00000008,00000008,0,00000,0,00000008
15645000,1,00000054,00000050,00000050,000000a8,000000a8,00022082,00000054,0,00000,000f0f0f,xxxxxxxx,xxxxxxxx,00000000,00000000,00000008,00000008,0,00000,0,00000008
15655000,1,00000058,00000054,00000050,00000050,000000a8,00022082,00000058,0,00000,000ff0f0,xxxxxxxx,xxxxxxxx,00000000,00000000,00000018,00000018,0,00000,0,00000008
15665000,1,00000058,00000054,00000054,00000050,00000050,28990005,00000058,0,00000,000f0f0f,xxxxxxxx,xxxxxxxx,00000000,00000000,00000018,00000018,0,00000,0,00000008
15675000,1,0000005c,00000058,00000054,00000054,00000050,28990005,0000005c,0,00000,000ff0f0,xxxxxxxx,xxxxxxxx,00000000,00000000,00000004,00000004,0,00000,0,00000010
15685000,1,0000005c,00000058,00000058,00000054,00000054,0721000e,0000005c,0,00000,000f0f0f,xxxxxxxx,xxxxxxxx,00000000,00000000,00000004,00000004,0,00000,0,00000010
15695000,1,00000060,0000005c,00000058,00000058,00000054,0721000e,00000060,0,00000,000ff0f0,xxxxxxxx,xxxxxxxx,00000000,00000000,00000001,00000001,0,00000,0,00000100
15705000,1,00000060,0000005c,00000058,00000058,00000058,00642823,00000060,0,00000,000ff00f,xxxxxxxx,xxxxxxxx,00000000,00000000,00000001,00000001,0,00000,0,00000100
15715000,1,00000098,00000060,0000005c,00000058,00000058,00642823,00000098,0,00000,000fff00,xxxxxxxx,xxxxxxxx,00000000,00000000,00000001,00000001,0,00000,0,00000100
15725000,1,00000098,00000060,00000060,0000005c,00000058,3c0c000c,00000098,0,00000,000f0ff0,xxxxxxxx,xxxxxxxx,00000000,00000000,00000000,00000000,0,00000,0,00000008
15735000,1,0000009c,00000098,00000060,00000060,0000005c,3c0c000c,0000009c,0,00000,000ff0ff,xxxxxxxx,xxxxxxxx,00000000,00000000,00000014,00000014,0,00000,0,00000004
15745000,1,0000009c,00000098,00000098,00000060,00000060,004cd007,0000009c,0,00000,000f0f0f,xxxxxxxx,xxxxxxxx,00000000,00000000,00000014,00000014,0,00000,0,00000004
15755000,1,000000a0,0000009c,00000098,00000098,00000060,004cd007,000000a0,0,00000,000ff0f0,xxxxxxxx,xxxxxxxx,00000000,00000000,000c0000,000c0000,0,00000,0,000c0000
15765000,1,000000a0,0000009c,0000009c,00000098,00000098,275b0044,000000a0,0,00000,000f0f0f,xxxxxxxx,xxxxxxxx,00000000,00000000,000c0000,000c0000,0,00000,0,000c0000
15775000,1,000000a4,000000a0,0000009c,0000009c,00000098,275b0044,000000a4,0,00000,000ff0f0,xxxxxxxx,xxxxxxxx,00000000,00000000,0000000c,0000000c,0,00000,0,000c0000
15785000,1,000000a4,000000a0,000000a0,0000009c,0000009c,0360f809,000000a4,0,00000,000f0f0f,xxxxxxxx,xxxxxxxx,00000000,00000000,0000000c,0000000c,0,00000,0,000c0000
15795000,1,000000a8,000000a4,000000a0,000000a0,0000009c,0360f809,000000a8,0,00000,000ff0f0,xxxxxxxx,xxxxxxxx,00000000,00000000,00000050,00000050,0,00000,0,00000050
15805000,1,000000a8,000000a4,000000a0,000000a0,000000a0,24010008,000000a8,0,00000,000ff00f,xxxxxxxx,xxxxxxxx,00000000,00000000,00000050,00000050,0,00000,0,00000050
15815000,1,00000050,000000a8,000000a4,000000a0,000000a0,24010008,00000050,0,00000,000fff00,xxxxxxxx,xxxxxxxx,00000000,00000000,00000050,00000050,0,00000,0,00000050
15825000,1,00000050,000000a8,000000a8,000000a4,000000a0,00411821,00000050,0,00000,000f0ff0,xxxxxxxx,xxxxxxxx,00000000,00000000,000000ac,000000ac,0,00000,0,00000000
15835000,1,00000054,00000050,000000a8,000000a8,000000a4,00411821,00000054,0,00000,000ff0ff,xxxxxxxx,xxxxxxxx,00000000,00000000,00000008,00000008,0,00000,0,00000008
15845000,1,00000054,00000050,00000050,000000a8,000000a8,00022082,00000054,0,00000,000f0f0f,xxxxxxxx,xxxxxxxx,00000000,00000000,00000008,00000008,0,00000,0,00000008
15855000,1,00000058,00000054,00000050,00000050,000000a8,00022082,00000058,0,00000,000ff0f0,xxxxxxxx,xxxxxxxx,00000000,00000000,00000018,00000018,0,00000,0,00000008
15865000,1,00000058,00000054,00000054,00000050,00000050,28990005,00000058,0,00000,000f0f0f,xxxxxxxx,xxxxxxxx,00000000,00000000,00000018,00000018,0,00000,0,00000008
15875000,1,0000005c,00000058,00000054,00000054,00000050,28990005,0000005c,0,00000,000ff0f0,xxxxxxxx,xxxxxxxx,00000000,00000000,00000004,00000004,0,00000,0,00000010
15885000,1,0000005c,00000058,00000058,00000054,00000054,0721000e,0000005c,0,00000,000f0f0f,xxxxxxxx,xxxxxxxx,00000000,00000000,00000004,00000004,0,00000,0,00000010
15895000,1,00000060,0000005c,00000058,00000058,00000054,0721000e,00000060,0,00000,000ff0f0,xxxxxxxx,xxxxxxxx,00000000,00000000,00000001,00000001,0,00000,0,00000100
15905000,1,00000060,0000005c,00000058,00000058,00000058,00642823,00000060,0,00000,000ff00f,xxxxxxxx,xxxxxxxx,00000000,00000000,00000001,00000001,0,00000,0,00000100
15915000,1,00000098,00000060,0000005c,00000058,00000058,00642823,00000098,0,00000,000fff00,xxxxxxxx,xxxxxxxx,00000000,00000000,00000001,00000001,0,00000,0,00000100
15925000,1,00000098,00000060,00000060,0000005c,00000058,3c0c000c,00000098,0,00000,000f0ff0,xxxxxxxx,xxxxxxxx,00000000,00000000,00000000,00000000,0,00000,0,00000008
15935000,1,0000009c,00000098,00000060,00000060,0000005c,3c0c000c,0000009c,0,00000,000ff0ff,xxxxxxxx,xxxxxxxx,00000000,00000000,00000014,00000014,0,00000,0,00000004
15945000,1,0000009c,00000098,00000098,00000060,00000060,004cd007,0000009c,0,00000,000f0f0f,xxxxxxxx,xxxxxxxx,00000000,00000000,00000014,00000014,0,00000,0,00000004
15955000,1,000000a0,0000009c,00000098,00000098,00000060,004cd007,000000a0,0,00000,000ff0f0,xxxxxxxx,xxxxxxxx,00000000,00000000,000c0000,000c0000,0,00000,0,000c0000
15965000,1,000000a0,0000009c,0000009c,00000098,00000098,275b0044,000000a0,0,00000,000f0f0f,xxxxxxxx,xxxxxxxx,00000000,00000000,000c0000,000c0000,0,00000,0,000c0000
15975000,1,000000a4,000000a0,0000009c,0000009c,00000098,275b0044,000000a4,0,00000,000ff0f0,xxxxxxxx,xxxxxxxx,00000000,00000000,0000000c,0000000c,0,00000,0,000c0000
15985000,1,000000a4,000000a0,000000a0,0000009c,0000009c,0360f809,000000a4,0,00000,000f0f0f,xxxxxxxx,xxxxxxxx,00000000,00000000,0000000c,0000000c,0,00000,0,000c0000
15995000,1,000000a8,000000a4,000000a0,000000a0,0000009c,0360f809,000000a8,0,00000,000ff0f0,xxxxxxxx,xxxxxxxx,00000000,00000000,00000050,00000050,0,00000,0,00000050
16005000,1,000000a8,000000a4,000000a0,000000a0,000000a0,24010008,000000a8,0,00000,000ff00f,xxxxxxxx,xxxxxxxx,00000000,00000000,00000050,00000050,0,00000,0,00000050
16015000,1,00000050,000000a8,000000a4,000000a0,000000a0,24010008,00000050,0,00000,000fff00,xxxxxxxx,xxxxxxxx,00000000,00000000,00000050,00000050,0,00000,0,00000050
16025000,1,00000050,000000a8,000000a8,000000a4,000000a0,00411821,00000050,0,00000,000f0ff0,xxxxxxxx,xxxxxxxx,00000000,00000000,000000ac,000000ac,0,00000,0,00000000
16035000,1,00000054,00000050,000000a8,000000a8,000000a4,00411821,00000054,0,00000,000ff0ff,xxxxxxxx,xxxxxxxx,00000000,00000000,00000008,00000008,0,00000,0,00000008
16045000,1,00000054,00000050,00000050,000000a8,000000a8,00022082,00000054,0,00000,000f0f0f,xxxxxxxx,xxxxxxxx,00000000,00000000,00000008,00000008,0,00000,0,00000008
16055000,1,00000058,00000054,00000050,00000050,000000a8,00022082,00000058,0,00000,000ff0f0,xxxxxxxx,xxxxxxxx,00000000,00000000,00000018,00000018,0,00000,0,00000008
16065000,1,00000058,00000054,00000054,00000050,00000050,28990005,00000058,0,00000,000f0f0f,xxxxxxxx,xxxxxxxx,00000000,00000000,00000018,00000018,0,00000,0,00000008
16075000,1,0000005c,00000058,00000054,00000054,00000050,28990005,0000005c,0,00000,000ff0f0,xxxxxxxx,xxxxxxxx,00000000,00000000,00000004,00000004,0,00000,0,00000010
16085000,1,0000005c,00000058,00000058,00000054,00000054,0721000e,0000005c,0,00000,000f0f0f,xxxxxxxx,xxxxxxxx,00000000,00000000,00000004,00000004,0,00000,0,00000010
16095000,1,00000060,0000005c,00000058,00000058,00000054,0721000e,00000060,0,00000,000ff0f0,xxxxxxxx,xxxxxxxx,00000000,00000000,00000001,00000001,0,00000,0,00000100
16105000,1,00000060,0000005c,00000058,00000058,00000058,00642823,00000060,0,00000,000ff00f,xxxxxxxx,xxxxxxxx,00000000,00000000,00000001,00000001,0,00000,0,00000100
16115000,1,00000098,00000060,0000005c,00000058,00000058,00642823,00000098,0,00000,000fff00,xxxxxxxx,xxxxxxxx,00000000,00000000,00000001,00000001,0,00000,0,00000100
16125000,1,00000098,00000060,00000060,0000005c,00000058,3c0c000c,00000098,0,00000,000f0ff0,xxxxxxxx,xxxxxxxx,00000000,00000000,00000000,00000000,0,00000,0,00000008
16135000,1,0000009c,00000098,00000060,00000060,0000005c,3c0c000c,0000009c,0,00000,000ff0ff,xxxxxxxx,xxxxxxxx,00000000,00000000,00000014,00000014,0,00000,0,00000004
16145000,1,0000009c,00000098,00000098,00000060,00000060,004cd007,0000009c,0,00000,000f0f0f,xxxxxxxx,xxxxxxxx,00000000,00000000,00000014,00000014,0,00000,0,00000004
16155000,1,000000a0,0000009c,00000098,00000098,00000060,004cd007,000000a0,0,00000,000ff0f0,xxxxxxxx,xxxxxxxx,00000000,00000000,000c0000,000c0000,0,00000,0,000c0000
16165000,1,000000a0,0000009c,0000009c,00000098,00000098,275b0044,000000a0,0,00000,000f0f0f,xxxxxxxx,xxxxxxxx,00000000,00000000,000c0000,000c0000,0,00000,0,000c0000
16175000,1,000000a4,000000a0,0000009c,0000009c,00000098,275b0044,000000a4,0,00000,000ff0f0,xxxxxxxx,xxxxxxxx,00000000,00000000,0000000c,0000000c,0,00000,0,000c0000
16185000,1,000000a4,000000a0,000000a0,0000009c,0000009c,0360f809,000000a4,0,00000,000f0f0f,xxxxxxxx,xxxxxxxx,00000000,00000000,0000000c,0000000c,0,00000,0,000c0000
16195000,1,000000a8,000000a4,000000a0,000000a0,0000009c,0360f809,000000a8,0,00000,000ff0f0,xxxxxxxx,xxxxxxxx,00000000,00000000,00000050,00000050,0,00000,0,00000050
16205000,1,000000a8,000000a4,000000a0,000000a0,000000a0,24010008,000000a8,0,00000,000ff00f,xxxxxxxx,xxxxxxxx,00000000,00000000,00000050,00000050,0,00000,0,00000050
16215000,1,00000050,000000a8,000000a4,000000a0,000000a0,24010008,00000050,0,00000,000fff00,xxxxxxxx,xxxxxxxx,00000000,00000000,00000050,00000050,0,00000,0,00000050
16225000,1,00000050,000000a8,000000a8,000000a4,000000a0,00411821,00000050,0,00000,000f0ff0,xxxxxxxx,xxxxxxxx,00000000,00000000,000000ac,000000ac,0,00000,0,00000000
16235000,1,00000054,00000050,000000a8,000000a8,000000a4,00411821,00000054,0,00000,000ff0ff,xxxxxxxx,xxxxxxxx,00000000,00000000,00000008,00000008,0,00000,0,00000008
16245000,1,00000054,00000050,00000050,000000a8,000000a8,00022082,00000054,0,00000,000f0f0f,xxxxxxxx,xxxxxxxx,00000000,00000000,00000008,00000008,0,00000,0,00000008
16255000,1,00000058,00000054,00000050,00000050,000000a8,00022082,00000058,0,00000,000ff0f0,xxxxxxxx,xxxxxxxx,00000000,00000000,00000018,00000018,0,00000,0,00000008
16265000,1,00000058,00000054,00000054,00000050,00000050,28990005,00000058,0,00000,000f0f0f,xxxxxxxx,xxxxxxxx,00000000,00000000,00000018,00000018,0,00000,0,00000008
16275000,1,0000005c,00000058,00000054,00000054,00000050,28990005,0000005c,0,00000,000ff0f0,xxxxxxxx,xxxxxxxx,00000000,00000000,00000004,00000004,0,00000,0,00000010
16285000,1,0000005c,00000058,00000058,00000054,00000054,0721000e,0000005c,0,00000,000f0f0f,xxxxxxxx,xxxxxxxx,00000000,00000000,00000004,00000004,0,00000,0,00000010
16295000,1,00000060,0000005c,00000058,00000058,00000054,0721000e,00000060,0,00000,000ff0f0,xxxxxxxx,xxxxxxxx,00000000,00000000,00000001,00000001,0,00000,0,00000100
16305000,1,00000060,0000005c,00000058,00000058,00000058,00642823,00000060,0,00000,000ff00f,xxxxxxxx,xxxxxxxx,00000000,00000000,00000001,00000001,0,00000,0,00000100
16315000,1,00000098,00000060,0000005c,00000058,00000058,00642823,00000098,0,00000,000fff00,xxxxxxxx,xxxxxxxx,00000000,00000000,00000001,00000001,0,00000,0,00000100
16325000,1,00000098,00000060,00000060,0000005c,00000058,3c0c000c,00000098,0,00000,000f0ff0,xxxxxxxx,xxxxxxxx,00000000,00000000,00000000,00000000,0,00000,0,00000008
16335000,1,0000009c,00000098,00000060,00000060,0000005c,3c0c000c,0000009c,0,00000,000ff0ff,xxxxxxxx,xxxxxxxx,00000000,00000000,00000014,00000014,0,00000,0,00000004
16345000,1,0000009c,00000098,00000098,00000060,00000060,004cd007,0000009c,0,00000,000f0f0f,xxxxxxxx,xxxxxxxx,00000000,00000000,00000014,00000014,0,00000,0,00000004
16355000,1,000000a0,0000009c,00000098,00000098,00000060,004cd007,000000a0,0,00000,000ff0f0,xxxxxxxx,xxxxxxxx,00000000,00000000,000c0000,000c0000,0,00000,0,000c0000
16365000,1,000000a0,0000009c,0000009c,00000098,00000098,275b0044,000000a0,0,00000,000f0f0f,xxxxxxxx,xxxxxxxx,00000000,00000000,000c0000,000c0000,0,00000,0,000c0000
16375000,1,000000a4,000000a0,0000009c,0000009c,00000098,275b0044,000000a4,0,00000,000ff0f0,xxxxxxxx,xxxxxxxx,00000000,00000000,0000000c,0000000c,0,00000,0,000c0000
16385000,1,000000a4,000000a0,000000a0,0000009c,0000009c,0360f809,000000a4,0,00000,000f0f0f,xxxxxxxx,xxxxxxxx,00000000,00000000,0000000c,0000000c,0,00000,0,000c0000
16395000,1,000000a8,000000a4,000000a0,000000a0,0000009c,0360f809,000000a8,0,00000,000ff0f0,xxxxxxxx,xxxxxxxx,00000000,00000000,00000050,00000050,0,00000,0,00000050
16405000,1,000000a8,000000a4,000000a0,000000a0,000000a0,24010008,000000a8,0,00000,000ff00f,xxxxxxxx,xxxxxxxx,00000000,00000000,00000050,00000050,0,00000,0,00000050
16415000,1,00000050,000000a8,000000a4,000000a0,000000a0,24010008,00000050,0,00000,000fff00,xxxxxxxx,xxxxxxxx,00000000,00000000,00000050,00000050,0,00000,0,00000050
16425000,1,00000050,000000a8,000000a8,000000a4,000000a0,00411821,00000050,0,00000,000f0ff0,xxxxxxxx,xxxxxxxx,00000000,00000000,000000ac,000000ac,0,00000,0,00000000
16435000,1,00000054,00000050,000000a8,000000a8,000000a4,00411821,00000054,0,00000,000ff0ff,xxxxxxxx,xxxxxxxx,00000000,00000000,00000008,00000008,0,00000,0,00000008
16445000,1,00000054,00000050,00000050,000000a8,000000a8,00022082,00000054,0,00000,000f0f0f,xxxxxxxx,xxxxxxxx,00000000,00000000,00000008,00000008,0,00000,0,00000008
16455000,1,00000058,00000054,00000050,00000050,000000a8,00022082,00000058,0,00000,000ff0f0,xxxxxxxx,xxxxxxxx,00000000,00000000,00000018,00000018,0,00000,0,00000008
16465000,1,00000058,00000054,00000054,00000050,00000050,28990005,00000058,0,00000,000f0f0f,xxxxxxxx,xxxxxxxx,00000000,00000000,00000018,00000018,0,00000,0,00000008
16475000,1,0000005c,00000058,00000054,00000054,00000050,28990005,0000005c,0,00000,000ff0f0,xxxxxxxx,xxxxxxxx,00000000,00000000,00000004,00000004,0,00000,0,00000010
16485000,1,0000005c,00000058,00000058,00000054,00000054,0721000e,0000005c,0,00000,000f0f0f,xxxxxxxx,xxxxxxxx,00000000,00000000,00000004,00000004,0,00000,0,00000010
16495000,1,00000060,0000005c,00000058,00000058,00000054,0721000e,00000060,0,00000,000ff0f0,xxxxxxxx,xxxxxxxx,00000000,00000000,00000001,00000001,0,00000,0,00000100
16505000,1,00000060,0000005c,00000058,00000058,00000058,00642823,00000060,0,00000,000ff00f,xxxxxxxx,xxxxxxxx,00000000,00000000,00000001,00000001,0,00000,0,00000100
16515000,1,00000098,00000060,0000005c,00000058,00000058,00642823,00000098,0,00000,000fff00,xxxxxxxx,xxxxxxxx,00000000,00000000,00000001,00000001,0,00000,0,00000100
16525000,1,00000098,00000060,00000060,0000005c,00000058,3c0c000c,00000098,0,00000,000f0ff0,xxxxxxxx,xxxxxxxx,00000000,00000000,00000000,00000000,0,00000,0,00000008
16535000,1,0000009c,00000098,00000060,00000060,0000005c,3c0c000c,0000009c,0,00000,000ff0ff,xxxxxxxx,xxxxxxxx,00000000,00000000,00000014,00000014,0,00000,0,00000004
16545000,1,0000009c,00000098,00000098,00000060,00000060,004cd007,0000009c,0,00000,000f0f0f,xxxxxxxx,xxxxxxxx,00000000,00000000,00000014,00000014,0,00000,0,00000004
16555000,1,000000a0,0000009c,00000098,00000098,00000060,004cd007,000000a0,0,00000,000ff0f0,xxxxxxxx,xxxxxxxx,00000000,00000000,000c0000,000c0000,0,00000,0,000c0000
16565000,1,000000a0,0000009c,0000009c,00000098,00000098,275b0044,000000a0,0,00000,000f0f0f,xxxxxxxx,xxxxxxxx,00000000,00000000,000c0000,000c0000,0,00000,0,000c0000
16575000,1,000000a4,000000a0,0000009c,0000009c,00000098,275b0044,000000a4,0,00000,000ff0f0,xxxxxxxx,xxxxxxxx,00000000,00000000,0000000c,0000000c,0,00000,0,000c0000
16585000,1,000000a4,000000a0,000000a0,0000009c,0000009c,0360f809,000000a4,0,00000,000f0f0f,xxxxxxxx,xxxxxxxx,00000000,00000000,0000000c,0000000c,0,00000,0,000c0000
16595000,1,000000a8,000000a4,000000a0,000000a0,0000009c,0360f809,000000a8,0,00000,000ff0f0,xxxxxxxx,xxxxxxxx,00000000,00000000,00000050,00000050,0,00000,0,00000050
16605000,1,000000a8,000000a4,000000a0,000000a0,000000a0,24010008,000000a8,0,00000,000ff00f,xxxxxxxx,xxxxxxxx,00000000,00000000,00000050,00000050,0,00000,0,00000050
16615000,1,00000050,000000a8,000000a4,000000a0,000000a0,24010008,00000050,0,00000,000fff00,xxxxxxxx,xxxxxxxx,00000000,00000000,00000050,00000050,0,00000,0,00000050
16625000,1,00000050,000000a8,000000a8,000000a4,000000a0,00411821,00000050,0,00000,000f0ff0,xxxxxxxx,xxxxxxxx,00000000,00000000,000000ac,000000ac,0,00000,0,00000000
16635000,1,00000054,00000050,000000a8,000000a8,000000a4,00411821,00000054,0,00000,000ff0ff,xxxxxxxx,xxxxxxxx,00000000,00000000,00000008,00000008,0,00000,0,00000008
16645000,1,00000054,00000050,00000050,000000a8,000000a8,00022082,00000054,0,00000,000f0f0f,xxxxxxxx,xxxxxxxx,00000000,00000000,00000008,00000008,0,00000,0,00000008
16655000,1,00000058,00000054,00000050,00000050,000000a8,00022082,00000058,0,00000,000ff0f0,xxxxxxxx,xxxxxxxx,00000000,00000000,00000018,00000018,0,00000,0,00000008
16665000,1,00000058,00000054,00000054,00000050,00000050,28990005,00000058,0,00000,000f0f0f,xxxxxxxx,xxxxxxxx,00000000,00000000,00000018,00000018,0,00000,0,00000008
16675000,1,0000005c,00000058,00000054,00000054,00000050,28990005,0000005c,0,00000,000ff0f0,xxxxxxxx,xxxxxxxx,00000000,00000000,00000004,00000004,0,00000,0,00000010
16685000,1,0000005c,00000058,00000058,00000054,00000054,0721000e,0000005c,0,00000,000f0f0f,xxxxxxxx,xxxxxxxx,00000000,00000000,00000004,00000004,0,00000,0,00000010
16695000,1,00000060,0000005c,00000058,00000058,00000054,0721000e,00000060,0,00000,000ff0f0,xxxxxxxx,xxxxxxxx,00000000,00000000,00000001,00000001,0,00000,0,00000100
16705000,1,00000060,0000005c,00000058,00000058,00000058,00642823,00000060,0,00000,000ff00f,xxxxxxxx,xxxxxxxx,00000000,00000000,00000001,00000001,0,00000,0,00000100
16715000,1,00000098,00000060,0000005c,00000058,00000058,00642823,00000098,0,00000,000fff00,xxxxxxxx,xxxxxxxx,00000000,00000000,00000001,00000001,0,00000,0,00000100
16725000,1,00000098,00000060,00000060,0000005c,00000058,3c0c000c,00000098,0,00000,000f0ff0,xxxxxxxx,xxxxxxxx,00000000,00000000,00000000,00000000,0,00000,0,00000008
16735000,1,0000009c,00000098,00000060,00000060,0000005c,3c0c000c,0000009c,0,00000,000ff0ff,xxxxxxxx,xxxxxxxx,00000000,00000000,00000014,00000014,0,00000,0,00000004
16745000,1,0000009c,00000098,00000098,00000060,00000060,004cd007,0000009c,0,00000,000f0f0f,xxxxxxxx,xxxxxxxx,00000000,00000000,00000014,00000014,0,00000,0,00000004
16755000,1,000000a0,0000009c,00000098,00000098,00000060,004cd007,000000a0,0,00000,000ff0f0,xxxxxxxx,xxxxxxxx,00000000,00000000,000c0000,000c0000,0,00000,0,000c0000
16765000,1,000000a0,0000009c,0000009c,00000098,00000098,275b0044,000000a0,0,00000,000f0f0f,xxxxxxxx,xxxxxxxx,00000000,00000000,000c0000,000c0000,0,00000,0,000c0000
16775000,1,000000a4,000000a0,0000009c,0000009c,00000098,275b0044,000000a4,0,00000,000ff0f0,xxxxxxxx,xxxxxxxx,00000000,00000000,0000000c,0000000c,0,00000,0,000c0000
16785000,1,000000a4,000000a0,000000a0,0000009c,0000009c,0360f809,000000a4,0,00000,000f0f0f,xxxxxxxx,xxxxxxxx,00000000,00000000,0000000c,0000000c,0,00000,0,000c0000
16795000,1,000000a8,000000a4,000000a0,000000a0,0000009c,0360f809,000000a8,0,00000,000ff0f0,xxxxxxxx,xxxxxxxx,00000000,00000000,00000050,00000050,0,00000,0,00000050
16805000,1,000000a8,000000a4,000000a0,000000a0,000000a0,24010008,000000a8,0,00000,000ff00f,xxxxxxxx,xxxxxxxx,00000000,00000000,00000050,00000050,0,00000,0,00000050
16815000,1,00000050,000000a8,000000a4,000000a0,000000a0,24010008,00000050,0,00000,000fff00,xxxxxxxx,xxxxxxxx,00000000,00000000,00000050,00000050,0,00000,0,00000050
16825000,1,00000050,000000a8,000000a8,000000a4,000000a0,00411821,00000050,0,00000,000f0ff0,xxxxxxxx,xxxxxxxx,00000000,00000000,000000ac,000000ac,0,00000,0,00000000
16835000,1,00000054,00000050,000000a8,000000a8,000000a4,00411821,00000054,0,00000,000ff0ff,xxxxxxxx,xxxxxxxx,00000000,00000000,00000008,00000008,0,00000,0,00000008
16845000,1,00000054,00000050,00000050,000000a8,000000a8,00022082,00000054,0,00000,000f0f0f,xxxxxxxx,xxxxxxxx,00000000,00000000,00000008,00000008,0,00000,0,00000008
16855000,1,00000058,00000054,00000050,00000050,000000a8,00022082,00000058,0,00000,000ff0f0,xxxxxxxx,xxxxxxxx,00000000,00000000,00000018,00000018,0,00000,0,00000008
16865000,1,00000058,00000054,00000054,00000050,00000050,28990005,00000058,0,00000,000f0f0f,xxxxxxxx,xxxxxxxx,00000000,00000000,00000018,00000018,0,00000,0,00000008
16875000,1,0000005c,00000058,00000054,00000054,00000050,28990005,0000005c,0,00000,000ff0f0,xxxxxxxx,xxxxxxxx,00000000,00000000,00000004,00000004,0,00000,0,00000010
16885000,1,0000005c,00000058,00000058,00000054,00000054,0721000e,0000005c,0,00000,000f0f0f,xxxxxxxx,xxxxxxxx,00000000,00000000,00000004,00000004,0,00000,0,00000010
16895000,1,00000060,0000005c,00000058,00000058,00000054,0721000e,00000060,0,00000,000ff0f0,xxxxxxxx,xxxxxxxx,00000000,00000000,00000001,00000001,0,00000,0,00000100
16905000,1,00000060,0000005c,00000058,00000058,00000058,00642823,00000060,0,00000,000ff00f,xxxxxxxx,xxxxxxxx,00000000,00000000,00000001,00000001,0,00000,0,00000100
16915000,1,00000098,00000060,0000005c,00000058,00000058,00642823,00000098,0,00000,000fff00,xxxxxxxx,xxxxxxxx,00000000,00000000,00000001,00000001,0,00000,0,00000100
16925000,1,00000098,00000060,00000060,0000005c,00000058,3c0c000c,00000098,0,00000,000f0ff0,xxxxxxxx,xxxxxxxx,00000000,00000000,00000000,00000000,0,00000,0,00000008
16935000,1,0000009c,00000098,00000060,00000060,0000005c,3c0c000c,0000009c,0,00000,000ff0ff,xxxxxxxx,xxxxxxxx,00000000,00000000,00000014,00000014,0,00000,0,00000004
16945000,1,0000009c,00000098,00000098,00000060,00000060,004cd007,0000009c,0,00000,000f0f0f,xxxxxxxx,xxxxxxxx,00000000,00000000,00000014,00000014,0,00000,0,00000004
16955000,1,000000a0,0000009c,00000098,00000098,00000060,004cd007,000000a0,0,00000,000ff0f0,xxxxxxxx,xxxxxxxx,00000000,00000000,000c0000,000c0000,0,00000,0,000c0000
16965000,1,000000a0,0000009c,0000009c,00000098,00000098,275b0044,000000a0,0,00000,000f0f0f,xxxxxxxx,xxxxxxxx,00000000,00000000,000c0000,000c0000,0,00000,0,000c0000
16975000,1,000000a4,000000a0,0000009c,0000009c,00000098,275b0044,000000a4,0,00000,000ff0f0,xxxxxxxx,xxxxxxxx,00000000,00000000,0000000c,0000000c,0,00000,0,000c0000
16985000,1,000000a4,000000a0,000000a0,0000009c,0000009c,0360f809,000000a4,0,00000,000f0f0f,xxxxxxxx,xxxxxxxx,00000000,00000000,0000000c,0000000c,0,00000,0,000c0000
16995000,1,000000a8,000000a4,000000a0,000000a0,0000009c,0360f809,000000a8,0,00000,000ff0f0,xxxxxxxx,xxxxxxxx,00000000,00000000,00000050,00000050,0,00000,0,00000050
17005000,1,000000a8,000000a4,000000a0,000000a0,000000a0,24010008,000000a8,0,00000,000ff00f,xxxxxxxx,xxxxxxxx,00000000,00000000,00000050,00000050,0,00000,0,00000050
17015000,1,00000050,000000a8,000000a4,000000a0,000000a0,24010008,00000050,0,00000,000fff00,xxxxxxxx,xxxxxxxx,00000000,00000000,00000050,00000050,0,00000,0,00000050
17025000,1,00000050,000000a8,000000a8,000000a4,000000a0,00411821,00000050,0,00000,000f0ff0,xxxxxxxx,xxxxxxxx,00000000,00000000,000000ac,000000ac,0,00000,0,00000000
17035000,1,00000054,00000050,000000a8,000000a8,000000a4,00411821,00000054,0,00000,000ff0ff,xxxxxxxx,xxxxxxxx,00000000,00000000,00000008,00000008,0,00000,0,00000008
17045000,1,00000054,00000050,00000050,000000a8,000000a8,00022082,00000054,0,00000,000f0f0f,xxxxxxxx,xxxxxxxx,00000000,00000000,00000008,00000008,0,00000,0,00000008
17055000,1,00000058,00000054,00000050,00000050,000000a8,00022082,00000058,0,00000,000ff0f0,xxxxxxxx,xxxxxxxx,00000000,00000000,00000018,00000018,0,00000,0,00000008
17065000,1,00000058,00000054,00000054,00000050,00000050,28990005,00000058,0,00000,000f0f0f,xxxxxxxx,xxxxxxxx,00000000,00000000,00000018,00000018,0,00000,0,00000008
17075000,1,0000005c,00000058,00000054,00000054,00000050,28990005,0000005c,0,00000,000ff0f0,xxxxxxxx,xxxxxxxx,00000000,00000000,00000004,00000004,0,00000,0,00000010
17085000,1,0000005c,00000058,00000058,00000054,00000054,0721000e,0000005c,0,00000,000f0f0f,xxxxxxxx,xxxxxxxx,00000000,00000000,00000004,00000004,0,00000,0,00000010
17095000,1,00000060,0000005c,00000058,00000058,00000054,0721000e,00000060,0,00000,000ff0f0,xxxxxxxx,xxxxxxxx,00000000,00000000,00000001,00000001,0,00000,0,00000100
17105000,1,00000060,0000005c,00000058,00000058,00000058,00642823,00000060,0,00000,000ff00f,xxxxxxxx,xxxxxxxx,00000000,00000000,00000001,00000001,0,00000,0,00000100
17115000,1,00000098,00000060,0000005c,00000058,00000058,00642823,00000098,0,00000,000fff00,xxxxxxxx,xxxxxxxx,00000000,00000000,00000001,00000001,0,00000,0,00000100
17125000,1,00000098,00000060,00000060,0000005c,00000058,3c0c000c,00000098,0,00000,000f0ff0,xxxxxxxx,xxxxxxxx,00000000,00000000,00000000,00000000,0,00000,0,00000008
17135000,1,0000009c,00000098,00000060,00000060,0000005c,3c0c000c,0000009c,0,00000,000ff0ff,xxxxxxxx,xxxxxxxx,00000000,00000000,00000014,00000014,0,00000,0,00000004
17145000,1,0000009c,00000098,00000098,00000060,00000060,004cd007,0000009c,0,00000,000f0f0f,xxxxxxxx,xxxxxxxx,00000000,00000000,00000014,00000014,0,00000,0,00000004
17155000,1,000000a0,0000009c,00000098,00000098,00000060,004cd007,000000a0,0,00000,000ff0f0,xxxxxxxx,xxxxxxxx,00000000,00000000,000c0000,000c0000,0,00000,0,000c0000
17165000,1,000000a0,0000009c,0000009c,00000098,00000098,275b0044,000000a0,0,00000,000f0f0f,xxxxxxxx,xxxxxxxx,00000000,00000000,000c0000,000c0000,0,00000,0,000c0000
17175000,1,000000a4,000000a0,0000009c,0000009c,00000098,275b0044,000000a4,0,00000,000ff0f0,xxxxxxxx,xxxxxxxx,00000000,00000000,0000000c,0000000c,0,00000,0,000c0000
17185000,1,000000a4,000000a0,000000a0,0000009c,0000009c,0360f809,000000a4,0,00000,000f0f0f,xxxxxxxx,xxxxxxxx,00000000,00000000,0000000c,0000000c,0,00000,0,000c0000
17195000,1,000000a8,000000a4,000000a0,000000a0,0000009c,0360f809,000000a8,0,00000,000ff0f0,xxxxxxxx,xxxxxxxx,00000000,00000000,00000050,00000050,0,00000,0,00000050
17205000,1,000000a8,000000a4,000000a0,000000a0,000000a0,24010008,000000a8,0,00000,000ff00f,xxxxxxxx,xxxxxxxx,00000000,00000000,00000050,00000050,0,00000,0,00000050
17215000,1,00000050,000000a8,000000a4,000000a0,000000a0,24010008,00000050,0,00000,000fff00,xxxxxxxx,xxxxxxxx,00000000,00000000,00000050,00000050,0,00000,0,00000050
17225000,1,00000050,000000a8,000000a8,000000a4,000000a0,00411821,00000050,0,00000,000f0ff0,xxxxxxxx,xxxxxxxx,00000000,00000000,000000ac,000000ac,0,00000,0,00000000
17235000,1,00000054,00000050,000000a8,000000a8,000000a4,00411821,00000054,0,00000,000ff0ff,xxxxxxxx,xxxxxxxx,00000000,00000000,00000008,00000008,0,00000,0,00000008
17245000,1,00000054,00000050,00000050,000000a8,000000a8,00022082,00000054,0,00000,000f0f0f,xxxxxxxx,xxxxxxxx,00000000,00000000,00000008,00000008,0,00000,0,00000008
17255000,1,00000058,00000054,00000050,00000050,000000a8,00022082,00000058,0,00000,000ff0f0,xxxxxxxx,xxxxxxxx,00000000,00000000,00000018,00000018,0,00000,0,00000008
17265000,1,00000058,00000054,00000054,00000050,00000050,28990005,00000058,0,00000,000f0f0f,xxxxxxxx,xxxxxxxx,00000000,00000000,00000018,00000018,0,00000,0,00000008
17275000,1,0000005c,00000058,00000054,00000054,00000050,28990005,0000005c,0,00000,000ff0f0,xxxxxxxx,xxxxxxxx,00000000,00000000,00000004,00000004,0,00000,0,00000010
17285000,1,0000005c,00000058,00000058,00000054,00000054,0721000e,0000005c,0,00000,000f0f0f,xxxxxxxx,xxxxxxxx,00000000,00000000,00000004,00000004,0,00000,0,00000010
17295000,1,00000060,0000005c,00000058,00000058,00000054,0721000e,00000060,0,00000,000ff0f0,xxxxxxxx,xxxxxxxx,00000000,00000000,00000001,00000001,0,00000,0,00000100
17305000,1,00000060,0000005c,00000058,00000058,00000058,00642823,00000060,0,00000,000ff00f,xxxxxxxx,xxxxxxxx,00000000,00000000,00000001,00000001,0,00000,0,00000100
17315000,1,00000098,00000060,0000005c,00000058,00000058,00642823,00000098,0,00000,000fff00,xxxxxxxx,xxxxxxxx,00000000,00000000,00000001,00000001,0,00000,0,00000100
17325000,1,00000098,00000060,00000060,0000005c,00000058,3c0c000c,00000098,0,00000,000f0ff0,xxxxxxxx,xxxxxxxx,00000000,00000000,00000000,00000000,0,00000,0,00000008
17335000,1,0000009c,00000098,00000060,00000060,0000005c,3c0c000c,0000009c,0,00000,000ff0ff,xxxxxxxx,xxxxxxxx,00000000,00000000,00000014,00000014,0,00000,0,00000004
17345000,1,0000009c,00000098,00000098,00000060,00000060,004cd007,0000009c,0,00000,000f0f0f,xxxxxxxx,xxxxxxxx,00000000,00000000,00000014,00000014,0,00000,0,00000004
17355000,1,000000a0,0000009c,00000098,00000098,00000060,004cd007,000000a0,0,00000,000ff0f0,xxxxxxxx,xxxxxxxx,00000000,00000000,000c0000,000c0000,0,00000,0,000c0000
17365000,1,000000a0,0000009c,0000009c,00000098,00000098,275b0044,000000a0,0,00000,000f0f0f,xxxxxxxx,xxxxxxxx,00000000,00000000,000c0000,000c0000,0,00000,0,000c0000
17375000,1,000000a4,000000a0,0000009c,0000009c,00000098,275b0044,000000a4,0,00000,000ff0f0,xxxxxxxx,xxxxxxxx,00000000,00000000,0000000c,0000000c,0,00000,0,000c0000
17385000,1,000000a4,000000a0,000000a0,0000009c,0000009c,0360f809,000000a4,0,00000,000f0f0f,xxxxxxxx,xxxxxxxx,00000000,00000000,0000000c,0000000c,0,00000,0,000c0000
17395000,1,000000a8,000000a4,000000a0,000000a0,0000009c,0360f809,000000a8,0,00000,000ff0f0,xxxxxxxx,xxxxxxxx,00000000,00000000,00000050,00000050,0,00000,0,00000050
17405000,1,000000a8,000000a4,000000a0,000000a0,000000a0,24010008,000000a8,0,00000,000ff00f,xxxxxxxx,xxxxxxxx,00000000,00000000,00000050,00000050,0,00000,0,00000050
17415000,1,00000050,000000a8,000000a4,000000a0,000000a0,24010008,00000050,0,00000,000fff00,xxxxxxxx,xxxxxxxx,00000000,00000000,00000050,00000050,0,00000,0,00000050
17425000,1,00000050,000000a8,000000a8,000000a4,000000a0,00411821,00000050,0,00000,000f0ff0,xxxxxxxx,xxxxxxxx,00000000,00000000,000000ac,000000ac,0,00000,0,00000000
17435000,1,00000054,00000050,000000a8,000000a8,000000a4,00411821,00000054,0,00000,000ff0ff,xxxxxxxx,xxxxxxxx,00000000,00000000,00000008,00000008,0,00000,0,00000008
17445000,1,00000054,00000050,00000050,000000a8,000000a8,00022082,00000054,0,00000,000f0f0f,xxxxxxxx,xxxxxxxx,00000000,00000000,00000008,00000008,0,00000,0,00000008
17455000,1,00000058,00000054,00000050,00000050,000000a8,00022082,00000058,0,00000,000ff0f0,xxxxxxxx,xxxxxxxx,00000000,00000000,00000018,00000018,0,00000,0,00000008
17465000,1,00000058,00000054,00000054,00000050,00000050,28990005,00000058,0,00000,000f0f0f,xxxxxxxx,xxxxxxxx,00000000,00000000,00000018,00000018,0,00000,0,00000008
17475000,1,0000005c,00000058,00000054,00000054,00000050,28990005,0000005c,0,00000,000ff0f0,xxxxxxxx,xxxxxxxx,00000000,00000000,00000004,00000004,0,00000,0,00000010
17485000,1,0000005c,00000058,00000058,00000054,00000054,0721000e,0000005c,0,00000,000f0f0f,xxxxxxxx,xxxxxxxx,00000000,00000000,00000004,00000004,0,00000,0,00000010
17495000,1,00000060,0000005c,00000058,00000058,00000054,0721000e,00000060,0,00000,000ff0f0,xxxxxxxx,xxxxxxxx,00000000,00000000,00000001,00000001,0,00000,0,00000100
17505000,1,00000060,0000005c,00000058,00000058,00000058,00642823,00000060,0,00000,000ff00f,xxxxxxxx,xxxxxxxx,00000000,00000000,00000001,00000001,0,00000,0,00000100
17515000,1,00000098,00000060,0000005c,00000058,00000058,00642823,00000098,0,00000,000fff00,xxxxxxxx,xxxxxxxx,00000000,00000000,00000001,00000001,0,00000,0,00000100
17525000,1,00000098,00000060,00000060,0000005c,00000058,3c0c000c,00000098,0,00000,000f0ff0,xxxxxxxx,xxxxxxxx,00000000,00000000,00000000,00000000,0,00000,0,00000008
17535000,1,0000009c,00000098,00000060,00000060,0000005c,3c0c000c,0000009c,0,00000,000ff0ff,xxxxxxxx,xxxxxxxx,00000000,00000000,00000014,00000014,0,00000,0,00000004
17545000,1,0000009c,00000098,00000098,00000060,00000060,004cd007,0000009c,0,00000,000f0f0f,xxxxxxxx,xxxxxxxx,00000000,00000000,00000014,00000014,0,00000,0,00000004
17555000,1,000000a0,0000009c,00000098,00000098,00000060,004cd007,000000a0,0,00000,000ff0f0,xxxxxxxx,xxxxxxxx,00000000,00000000,000c0000,000c0000,0,00000,0,000c0000
17565000,1,000000a0,0000009c,0000009c,00000098,00000098,275b0044,000000a0,0,00000,000f0f0f,xxxxxxxx,xxxxxxxx,00000000,00000000,000c0000,000c0000,0,00000,0,000c0000
17575000,1,000000a4,000000a0,0000009c,0000009c,00000098,275b0044,000000a4,0,00000,000ff0f0,xxxxxxxx,xxxxxxxx,00000000,00000000,0000000c,0000000c,0,00000,0,000c0000
17585000,1,000000a4,000000a0,000000a0,0000009c,0000009c,0360f809,000000a4,0,00000,000f0f0f,xxxxxxxx,xxxxxxxx,00000000,00000000,0000000c,0000000c,0,00000,0,000c0000
17595000,1,000000a8,000000a4,000000a0,000000a0,0000009c,0360f809,000000a8,0,00000,000ff0f0,xxxxxxxx,xxxxxxxx,00000000,00000000,00000050,00000050,0,00000,0,00000050
17605000,1,000000a8,000000a4,000000a0,000000a0,000000a0,24010008,000000a8,0,00000,000ff00f,xxxxxxxx,xxxxxxxx,00000000,00000000,00000050,00000050,0,00000,0,00000050
17615000,1,00000050,000000a8,000000a4,000000a0,000000a0,24010008,00000050,0,00000,000fff00,xxxxxxxx,xxxxxxxx,00000000,00000000,00000050,00000050,0,00000,0,00000050
17625000,1,00000050,000000a8,000000a8,000000a4,000000a0,00411821,00000050,0,00000,000f0ff0,xxxxxxxx,xxxxxxxx,00000000,00000000,000000ac,000000ac,0,00000,0,00000000
17635000,1,00000054,00000050,000000a8,000000a8,000000a4,00411821,00000054,0,00000,000ff0ff,xxxxxxxx,xxxxxxxx,00000000,00000000,00000008,00000008,0,00000,0,00000008
17645000,1,00000054,00000050,00000050,000000a8,000000a8,00022082,00000054,0,00000,000f0f0f,xxxxxxxx,xxxxxxxx,00000000,00000000,00000008,00000008,0,00000,0,00000008
17655000,1,00000058,00000054,00000050,00000050,000000a8,00022082,00000058,0,00000,000ff0f0,xxxxxxxx,xxxxxxxx,00000000,00000000,00000018,00000018,0,00000,0,00000008
17665000,1,00000058,00000054,00000054,00000050,00000050,28990005,00000058,0,00000,000f0f0f,xxxxxxxx,xxxxxxxx,00000000,00000000,00000018,00000018,0,00000,0,00000008
17675000,1,0000005c,00000058,00000054,00000054,00000050,28990005,0000005c,0,00000,000ff0f0,xxxxxxxx,xxxxxxxx,00000000,00000000,00000004,00000004,0,00000,0,00000010
17685000,1,0000005c,00000058,00000058,00000054,00000054,0721000e,0000005c,0,00000,000f0f0f,xxxxxxxx,xxxxxxxx,00000000,00000000,00000004,00000004,0,00000,0,00000010
17695000,1,00000060,0000005c,00000058,00000058,00000054,0721000e,00000060,0,00000,000ff0f0,xxxxxxxx,xxxxxxxx,00000000,00000000,00000001,00000001,0,00000,0,00000100
17705000,1,00000060,0000005c,00000058,00000058,00000058,00642823,00000060,0,00000,000ff00f,xxxxxxxx,xxxxxxxx,00000000,00000000,00000001,00000001,0,00000,0,00000100
17715000,1,00000098,00000060,0000005c,00000058,00000058,00642823,00000098,0,00000,000fff00,xxxxxxxx,xxxxxxxx,00000000,00000000,00000001,00000001,0,00000,0,00000100
17725000,1,00000098,00000060,00000060,0000005c,00000058,3c0c000c,00000098,0,00000,000f0ff0,xxxxxxxx,xxxxxxxx,00000000,00000000,00000000,00000000,0,00000,0,00000008
17735000,1,0000009c,00000098,00000060,00000060,0000005c,3c0c000c,0000009c,0,00000,000ff0ff,xxxxxxxx,xxxxxxxx,00000000,00000000,00000014,00000014,0,00000,0,00000004
17745000,1,0000009c,00000098,00000098,00000060,00000060,004cd007,0000009c,0,00000,000f0f0f,xxxxxxxx,xxxxxxxx,00000000,00000000,00000014,00000014,0,00000,0,00000004
17755000,1,000000a0,0000009c,00000098,00000098,00000060,004cd007,000000a0,0,00000,000ff0f0,xxxxxxxx,xxxxxxxx,00000000,00000000,000c0000,000c0000,0,00000,0,000c0000
17765000,1,000000a0,0000009c,0000009c,00000098,00000098,275b0044,000000a0,0,00000,000f0f0f,xxxxxxxx,xxxxxxxx,00000000,00000000,000c0000,000c0000,0,00000,0,000c0000
17775000,1,000000a4,000000a0,0000009c,0000009c,00000098,275b0044,000000a4,0,00000,000ff0f0,xxxxxxxx,xxxxxxxx,00000000,00000000,0000000c,0000000c,0,00000,0,000c0000
17785000,1,000000a4,000000a0,000000a0,0000009c,0000009c,0360f809,000000a4,0,00000,000f0f0f,xxxxxxxx,xxxxxxxx,00000000,00000000,0000000c,0000000c,0,00000,0,000c0000
17795000,1,000000a8,000000a4,000000a0,000000a0,0000009c,0360f809,000000a8,0,00000,000ff0f0,xxxxxxxx,xxxxxxxx,00000000,00000000,00000050,00000050,0,00000,0,00000050
17805000,1,000000a8,000000a4,000000a0,000000a0,000000a0,24010008,000000a8,0,00000,000ff00f,xxxxxxxx,xxxxxxxx,00000000,00000000,00000050,00000050,0,00000,0,00000050
17815000,1,00000050,000000a8,000000a4,000000a0,000000a0,24010008,00000050,0,00000,000fff00,xxxxxxxx,xxxxxxxx,00000000,00000000,00000050,00000050,0,00000,0,00000050
17825000,1,00000050,000000a8,000000a8,000000a4,000000a0,00411821,00000050,0,00000,000f0ff0,xxxxxxxx,xxxxxxxx,00000000,00000000,000000ac,000000ac,0,00000,0,00000000
17835000,1,00000054,00000050,000000a8,000000a8,000000a4,00411821,00000054,0,00000,000ff0ff,xxxxxxxx,xxxxxxxx,00000000,00000000,00000008,00000008,0,00000,0,00000008
17845000,1,00000054,00000050,00000050,000000a8,000000a8,00022082,00000054,0,00000,000f0f0f,xxxxxxxx,xxxxxxxx,00000000,00000000,00000008,00000008,0,00000,0,00000008
17855000,1,00000058,00000054,00000050,00000050,000000a8,00022082,00000058,0,00000,000ff0f0,xxxxxxxx,xxxxxxxx,00000000,00000000,00000018,00000018,0,00000,0,00000008
17865000,1,00000058,00000054,00000054,00000050,00000050,28990005,00000058,0,00000,000f0f0f,xxxxxxxx,xxxxxxxx,00000000,00000000,00000018,00000018,0,00000,0,00000008
17875000,1,0000005c,00000058,00000054,00000054,00000050,28990005,0000005c,0,00000,000ff0f0,xxxxxxxx,xxxxxxxx,00000000,00000000,00000004,00000004,0,00000,0,00000010
17885000,1,0000005c,00000058,00000058,00000054,00000054,0721000e,0000005c,0,00000,000f0f0f,xxxxxxxx,xxxxxxxx,00000000,00000000,00000004,00000004,0,00000,0,00000010
17895000,1,00000060,0000005c,00000058,00000058,00000054,0721000e,00000060,0,00000,000ff0f0,xxxxxxxx,xxxxxxxx,00000000,00000000,00000001,00000001,0,00000,0,00000100
17905000,1,00000060,0000005c,00000058,00000058,00000058,00642823,00000060,0,00000,000ff00f,xxxxxxxx,xxxxxxxx,00000000,00000000,00000001,00000001,0,00000,0,00000100
17915000,1,00000098,00000060,0000005c,00000058,00000058,00642823,00000098,0,00000,000fff00,xxxxxxxx,xxxxxxxx,00000000,00000000,00000001,00000001,0,00000,0,00000100
17925000,1,00000098,00000060,00000060,0000005c,00000058,3c0c000c,00000098,0,00000,000f0ff0,xxxxxxxx,xxxxxxxx,00000000,00000000,00000000,00000000,0,00000,0,00000008
17935000,1,0000009c,00000098,00000060,00000060,0000005c,3c0c000c,0000009c,0,00000,000ff0ff,xxxxxxxx,xxxxxxxx,00000000,00000000,00000014,00000014,0,00000,0,00000004
17945000,1,0000009c,00000098,00000098,00000060,00000060,004cd007,0000009c,0,00000,000f0f0f,xxxxxxxx,xxxxxxxx,00000000,00000000,00000014,00000014,0,00000,0,00000004
17955000,1,000000a0,0000009c,00000098,00000098,00000060,004cd007,000000a0,0,00000,000ff0f0,xxxxxxxx,xxxxxxxx,00000000,00000000,000c0000,000c0000,0,00000,0,000c0000
17965000,1,000000a0,0000009c,0000009c,00000098,00000098,275b0044,000000a0,0,00000,000f0f0f,xxxxxxxx,xxxxxxxx,00000000,00000000,000c0000,000c0000,0,00000,0,000c0000
17975000,1,000000a4,000000a0,0000009c,0000009c,00000098,275b0044,000000a4,0,00000,000ff0f0,xxxxxxxx,xxxxxxxx,00000000,00000000,0000000c,0000000c,0,00000,0,000c0000
17985000,1,000000a4,000000a0,000000a0,0000009c,0000009c,0360f809,000000a4,0,00000,000f0f0f,xxxxxxxx,xxxxxxxx,00000000,00000000,0000000c,0000000c,0,00000,0,000c0000
17995000,1,000000a8,000000a4,000000a0,000000a0,0000009c,0360f809,000000a8,0,00000,000ff0f0,xxxxxxxx,xxxxxxxx,00000000,00000000,00000050,00000050,0,00000,0,00000050
18005000,1,000000a8,000000a4,000000a0,000000a0,000000a0,24010008,000000a8,0,00000,000ff00f,xxxxxxxx,xxxxxxxx,00000000,00000000,00000050,00000050,0,00000,0,00000050
18015000,1,00000050,000000a8,000000a4,000000a0,000000a0,24010008,00000050,0,00000,000fff00,xxxxxxxx,xxxxxxxx,00000000,00000000,00000050,00000050,0,00000,0,00000050
18025000,1,00000050,000000a8,000000a8,000000a4,000000a0,00411821,00000050,0,00000,000f0ff0,xxxxxxxx,xxxxxxxx,00000000,00000000,000000ac,000000ac,0,00000,0,00000000
18035000,1,00000054,00000050,000000a8,000000a8,000000a4,00411821,00000054,0,00000,000ff0ff,xxxxxxxx,xxxxxxxx,00000000,00000000,00000008,00000008,0,00000,0,00000008
18045000,1,00000054,00000050,00000050,000000a8,000000a8,00022082,00000054,0,00000,000f0f0f,xxxxxxxx,xxxxxxxx,00000000,00000000,00000008,00000008,0,00000,0,00000008
18055000,1,00000058,00000054,00000050,00000050,000000a8,00022082,00000058,0,00000,000ff0f0,xxxxxxxx,xxxxxxxx,00000000,00000000,00000018,00000018,0,00000,0,00000008
18065000,1,00000058,00000054,00000054,00000050,00000050,28990005,00000058,0,00000,000f0f0f,xxxxxxxx,xxxxxxxx,00000000,00000000,00000018,00000018,0,00000,0,00000008
18075000,1,0000005c,00000058,00000054,00000054,00000050,28990005,0000005c,0,00000,000ff0f0,xxxxxxxx,xxxxxxxx,00000000,00000000,00000004,00000004,0,00000,0,00000010
18085000,1,0000005c,00000058,00000058,00000054,00000054,0721000e,0000005c,0,00000,000f0f0f,xxxxxxxx,xxxxxxxx,00000000,00000000,00000004,00000004,0,00000,0,00000010
18095000,1,00000060,0000005c,00000058,00000058,00000054,0721000e,00000060,0,00000,000ff0f0,xxxxxxxx,xxxxxxxx,00000000,00000000,00000001,00000001,0,00000,0,00000100
18105000,1,00000060,0000005c,00000058,00000058,00000058,00642823,00000060,0,00000,000ff00f,xxxxxxxx,xxxxxxxx,00000000,00000000,00000001,00000001,0,00000,0,00000100
18115000,1,00000098,00000060,0000005c,00000058,00000058,00642823,00000098,0,00000,000fff00,xxxxxxxx,xxxxxxxx,00000000,00000000,00000001,00000001,0,00000,0,00000100
18125000,1,00000098,00000060,00000060,0000005c,00000058,3c0c000c,00000098,0,00000,000f0ff0,xxxxxxxx,xxxxxxxx,00000000,00000000,00000000,00000000,0,00000,0,00000008
18135000,1,0000009c,00000098,00000060,00000060,0000005c,3c0c000c,0000009c,0,00000,000ff0ff,xxxxxxxx,xxxxxxxx,00000000,00000000,00000014,00000014,0,00000,0,00000004
18145000,1,0000009c,00000098,00000098,00000060,00000060,004cd007,0000009c,0,00000,000f0f0f,xxxxxxxx,xxxxxxxx,00000000,00000000,00000014,00000014,0,00000,0,00000004
18155000,1,000000a0,0000009c,00000098,00000098,00000060,004cd007,000000a0,0,00000,000ff0f0,xxxxxxxx,xxxxxxxx,00000000,00000000,000c0000,000c0000,0,00000,0,000c0000
18165000,1,000000a0,0000009c,0000009c,00000098,00000098,275b0044,000000a0,0,00000,000f0f0f,xxxxxxxx,xxxxxxxx,00000000,00000000,000c0000,000c0000,0,00000,0,000c0000
18175000,1,000000a4,000000a0,0000009c,0000009c,00000098,275b0044,000000a4,0,00000,000ff0f0,xxxxxxxx,xxxxxxxx,00000000,00000000,0000000c,0000000c,0,00000,0,000c0000
18185000,1,000000a4,000000a0,000000a0,0000009c,0000009c,0360f809,000000a4,0,00000,000f0f0f,xxxxxxxx,xxxxxxxx,00000000,00000000,0000000c,0000000c,0,00000,0,000c0000
18195000,1,000000a8,000000a4,000000a0,000000a0,0000009c,0360f809,000000a8,0,00000,000ff0f0,xxxxxxxx,xxxxxxxx,00000000,00000000,00000050,00000050,0,00000,0,00000050
18205000,1,000000a8,000000a4,000000a0,000000a0,000000a0,24010008,000000a8,0,00000,000ff00f,xxxxxxxx,xxxxxxxx,00000000,00000000,00000050,00000050,0,00000,0,00000050
18215000,1,00000050,000000a8,000000a4,000000a0,000000a0,24010008,00000050,0,00000,000fff00,xxxxxxxx,xxxxxxxx,00000000,00000000,00000050,00000050,0,00000,0,00000050
18225000,1,00000050,000000a8,000000a8,000000a4,000000a0,00411821,00000050,0,00000,000f0ff0,xxxxxxxx,xxxxxxxx,00000000,00000000,000000ac,000000ac,0,00000,0,00000000
18235000,1,00000054,00000050,000000a8,000000a8,000000a4,00411821,00000054,0,00000,000ff0ff,xxxxxxxx,xxxxxxxx,00000000,00000000,00000008,00000008,0,00000,0,00000008
18245000,1,00000054,00000050,00000050,000000a8,000000a8,00022082,00000054,0,00000,000f0f0f,xxxxxxxx,xxxxxxxx,00000000,00000000,00000008,00000008,0,00000,0,00000008
18255000,1,00000058,00000054,00000050,00000050,000000a8,00022082,00000058,0,00000,000ff0f0,xxxxxxxx,xxxxxxxx,00000000,00000000,00000018,00000018,0,00000,0,00000008
18265000,1,00000058,00000054,00000054,00000050,00000050,28990005,00000058,0,00000,000f0f0f,xxxxxxxx,xxxxxxxx,00000000,00000000,00000018,00000018,0,00000,0,00000008
18275000,1,0000005c,00000058,00000054,00000054,00000050,28990005,0000005c,0,00000,000ff0f0,xxxxxxxx,xxxxxxxx,00000000,00000000,00000004,00000004,0,00000,0,00000010
18285000,1,0000005c,00000058,00000058,00000054,00000054,0721000e,0000005c,0,00000,000f0f0f,xxxxxxxx,xxxxxxxx,00000000,00000000,00000004,00000004,0,00000,0,00000010
18295000,1,00000060,0000005c,00000058,00000058,00000054,0721000e,00000060,0,00000,000ff0f0,xxxxxxxx,xxxxxxxx,00000000,00000000,00000001,00000001,0,00000,0,00000100
18305000,1,00000060,0000005c,00000058,00000058,00000058,00642823,00000060,0,00000,000ff00f,xxxxxxxx,xxxxxxxx,00000000,00000000,00000001,00000001,0,00000,0,00000100
18315000,1,00000098,00000060,0000005c,00000058,00000058,00642823,00000098,0,00000,000fff00,xxxxxxxx,xxxxxxxx,00000000,00000000,00000001,00000001,0,00000,0,00000100
18325000,1,00000098,00000060,00000060,0000005c,00000058,3c0c000c,00000098,0,00000,000f0ff0,xxxxxxxx,xxxxxxxx,00000000,00000000,00000000,00000000,0,00000,0,00000008
18335000,1,0000009c,00000098,00000060,00000060,0000005c,3c0c000c,0000009c,0,00000,000ff0ff,xxxxxxxx,xxxxxxxx,00000000,00000000,00000014,00000014,0,00000,0,00000004
18345000,1,0000009c,00000098,00000098,00000060,00000060,004cd007,0000009c,0,00000,000f0f0f,xxxxxxxx,xxxxxxxx,00000000,00000000,00000014,00000014,0,00000,0,00000004
18355000,1,000000a0,0000009c,00000098,00000098,00000060,004cd007,000000a0,0,00000,000ff0f0,xxxxxxxx,xxxxxxxx,00000000,00000000,000c0000,000c0000,0,00000,0,000c0000
18365000,1,000000a0,0000009c,0000009c,00000098,00000098,275b0044,000000a0,0,00000,000f0f0f,xxxxxxxx,xxxxxxxx,00000000,00000000,000c0000,000c0000,0,00000,0,000c0000
18375000,1,000000a4,000000a0,0000009c,0000009c,00000098,275b0044,000000a4,0,00000,000ff0f0,xxxxxxxx,xxxxxxxx,00000000,00000000,0000000c,0000000c,0,00000,0,000c0000
18385000,1,000000a4,000000a0,000000a0,0000009c,0000009c,0360f809,000000a4,0,00000,000f0f0f,xxxxxxxx,xxxxxxxx,00000000,00000000,0000000c,0000000c,0,00000,0,000c0000
18395000,1,000000a8,000000a4,000000a0,000000a0,0000009c,0360f809,000000a8,0,00000,000ff0f0,xxxxxxxx,xxxxxxxx,00000000,00000000,00000050,00000050,0,00000,0,00000050
18405000,1,000000a8,000000a4,000000a0,000000a0,000000a0,24010008,000000a8,0,00000,000ff00f,xxxxxxxx,xxxxxxxx,00000000,00000000,00000050,00000050,0,00000,0,00000050
18415000,1,00000050,000000a8,000000a4,000000a0,000000a0,24010008,00000050,0,00000,000fff00,xxxxxxxx,xxxxxxxx,00000000,00000000,00000050,00000050,0,00000,0,00000050
18425000,1,00000050,000000a8,000000a8,000000a4,000000a0,00411821,00000050,0,00000,000f0ff0,xxxxxxxx,xxxxxxxx,00000000,00000000,000000ac,000000ac,0,00000,0,00000000
18435000,1,00000054,00000050,000000a8,000000a8,000000a4,00411821,00000054,0,00000,000ff0ff,xxxxxxxx,xxxxxxxx,00000000,00000000,00000008,00000008,0,00000,0,00000008
18445000,1,00000054,00000050,00000050,000000a8,000000a8,00022082,00000054,0,00000,000f0f0f,xxxxxxxx,xxxxxxxx,00000000,00000000,00000008,00000008,0,00000,0,00000008
18455000,1,00000058,00000054,00000050,00000050,000000a8,00022082,00000058,0,00000,000ff0f0,xxxxxxxx,xxxxxxxx,00000000,00000000,00000018,00000018,0,00000,0,00000008
18465000,1,00000058,00000054,00000054,00000050,00000050,28990005,00000058,0,00000,000f0f0f,xxxxxxxx,xxxxxxxx,00000000,00000000,00000018,00000018,0,00000,0,00000008
18475000,1,0000005c,00000058,00000054,00000054,00000050,28990005,0000005c,0,00000,000ff0f0,xxxxxxxx,xxxxxxxx,00000000,00000000,00000004,00000004,0,00000,0,00000010
18485000,1,0000005c,00000058,00000058,00000054,00000054,0721000e,0000005c,0,00000,000f0f0f,xxxxxxxx,xxxxxxxx,00000000,00000000,00000004,00000004,0,00000,0,00000010
18495000,1,00000060,0000005c,00000058,00000058,00000054,0721000e,00000060,0,00000,000ff0f0,xxxxxxxx,xxxxxxxx,00000000,00000000,00000001,00000001,0,00000,0,00000100
18505000,1,00000060,0000005c,00000058,00000058,00000058,00642823,00000060,0,00000,000ff00f,xxxxxxxx,xxxxxxxx,00000000,00000000,00000001,00000001,0,00000,0,00000100
18515000,1,00000098,00000060,0000005c,00000058,00000058,00642823,00000098,0,00000,000fff00,xxxxxxxx,xxxxxxxx,00000000,00000000,00000001,00000001,0,00000,0,00000100
18525000,1,00000098,00000060,00000060,0000005c,00000058,3c0c000c,00000098,0,00000,000f0ff0,xxxxxxxx,xxxxxxxx,00000000,00000000,00000000,00000000,0,00000,0,00000008
18535000,1,0000009c,00000098,00000060,00000060,0000005c,3c0c000c,0000009c,0,00000,000ff0ff,xxxxxxxx,xxxxxxxx,00000000,00000000,00000014,00000014,0,00000,0,00000004
18545000,1,0000009c,00000098,00000098,00000060,00000060,004cd007,0000009c,0,00000,000f0f0f,xxxxxxxx,xxxxxxxx,00000000,00000000,00000014,00000014,0,00000,0,00000004
18555000,1,000000a0,0000009c,00000098,00000098,00000060,004cd007,000000a0,0,00000,000ff0f0,xxxxxxxx,xxxxxxxx,00000000,00000000,000c0000,000c0000,0,00000,0,000c0000
18565000,1,000000a0,0000009c,0000009c,00000098,00000098,275b0044,000000a0,0,00000,000f0f0f,xxxxxxxx,xxxxxxxx,00000000,00000000,000c0000,000c0000,0,00000,0,000c0000
18575000,1,000000a4,000000a0,0000009c,0000009c,00000098,275b0044,000000a4,0,00000,000ff0f0,xxxxxxxx,xxxxxxxx,00000000,00000000,0000000c,0000000c,0,00000,0,000c0000
18585000,1,000000a4,000000a0,000000a0,0000009c,0000009c,0360f809,000000a4,0,00000,000f0f0f,xxxxxxxx,xxxxxxxx,00000000,00000000,0000000c,0000000c,0,00000,0,000c0000
18595000,1,000000a8,000000a4,000000a0,000000a0,0000009c,0360f809,000000a8,0,00000,000ff0f0,xxxxxxxx,xxxxxxxx,00000000,00000000,00000050,00000050,0,00000,0,00000050
18605000,1,000000a8,000000a4,000000a0,000000a0,000000a0,24010008,000000a8,0,00000,000ff00f,xxxxxxxx,xxxxxxxx,00000000,00000000,00000050,00000050,0,00000,0,00000050
18615000,1,00000050,000000a8,000000a4,000000a0,000000a0,24010008,00000050,0,00000,000fff00,xxxxxxxx,xxxxxxxx,00000000,00000000,00000050,00000050,0,00000,0,00000050
18625000,1,00000050,000000a8,000000a8,000000a4,000000a0,00411821,00000050,0,00000,000f0ff0,xxxxxxxx,xxxxxxxx,00000000,00000000,000000ac,000000ac,0,00000,0,00000000
18635000,1,00000054,00000050,000000a8,000000a8,000000a4,00411821,00000054,0,00000,000ff0ff,xxxxxxxx,xxxxxxxx,00000000,00000000,00000008,00000008,0,00000,0,00000008
18645000,1,00000054,00000050,00000050,000000a8,000000a8,00022082,00000054,0,00000,000f0f0f,xxxxxxxx,xxxxxxxx,00000000,00000000,00000008,00000008,0,00000,0,00000008
18655000,1,00000058,00000054,00000050,00000050,000000a8,00022082,00000058,0,00000,000ff0f0,xxxxxxxx,xxxxxxxx,00000000,00000000,00000018,00000018,0,00000,0,00000008
18665000,1,00000058,00000054,00000054,00000050,00000050,28990005,00000058,0,00000,000f0f0f,xxxxxxxx,xxxxxxxx,00000000,00000000,00000018,00000018,0,00000,0,00000008
18675000,1,0000005c,00000058,00000054,00000054,00000050,28990005,0000005c,0,00000,000ff0f0,xxxxxxxx,xxxxxxxx,00000000,00000000,00000004,00000004,0,00000,0,00000010
18685000,1,0000005c,00000058,00000058,00000054,00000054,0721000e,0000005c,0,00000,000f0f0f,xxxxxxxx,xxxxxxxx,00000000,00000000,00000004,00000004,0,00000,0,00000010
18695000,1,00000060,0000005c,00000058,00000058,00000054,0721000e,00000060,0,00000,000ff0f0,xxxxxxxx,xxxxxxxx,00000000,00000000,00000001,00000001,0,00000,0,00000100
18705000,1,00000060,0000005c,00000058,00000058,00000058,00642823,00000060,0,00000,000ff00f,xxxxxxxx,xxxxxxxx,00000000,00000000,00000001,00000001,0,00000,0,00000100
18715000,1,00000098,00000060,0000005c,00000058,00000058,00642823,00000098,0,00000,000fff00,xxxxxxxx,xxxxxxxx,00000000,00000000,00000001,00000001,0,00000,0,00000100
18725000,1,00000098,00000060,00000060,0000005c,00000058,3c0c000c,00000098,0,00000,000f0ff0,xxxxxxxx,xxxxxxxx,00000000,00000000,00000000,00000000,0,00000,0,00000008
18735000,1,0000009c,00000098,00000060,00000060,0000005c,3c0c000c,0000009c,0,00000,000ff0ff,xxxxxxxx,xxxxxxxx,00000000,00000000,00000014,00000014,0,00000,0,00000004
18745000,1,0000009c,00000098,00000098,00000060,00000060,004cd007,0000009c,0,00000,000f0f0f,xxxxxxxx,xxxxxxxx,00000000,00000000,00000014,00000014,0,00000,0,00000004
18755000,1,000000a0,0000009c,00000098,00000098,00000060,004cd007,000000a0,0,00000,000ff0f0,xxxxxxxx,xxxxxxxx,00000000,00000000,000c0000,000c0000,0,00000,0,000c0000
18765000,1,000000a0,0000009c,0000009c,00000098,00000098,275b0044,000000a0,0,00000,000f0f0f,xxxxxxxx,xxxxxxxx,00000000,00000000,000c0000,000c0000,0,00000,0,000c0000
18775000,1,000000a4,000000a0,0000009c,0000009c,00000098,275b0044,000000a4,0,00000,000ff0f0,xxxxxxxx,xxxxxxxx,00000000,00000000,0000000c,0000000c,0,00000,0,000c0000
18785000,1,000000a4,000000a0,000000a0,0000009c,0000009c,0360f809,000000a4,0,00000,000f0f0f,xxxxxxxx,xxxxxxxx,00000000,00000000,0000000c,0000000c,0,00000,0,000c0000
18795000,1,000000a8,000000a4,000000a0,000000a0,0000009c,0360f809,000000a8,0,00000,000ff0f0,xxxxxxxx,xxxxxxxx,00000000,00000000,00000050,00000050,0,00000,0,00000050
18805000,1,000000a8,000000a4,000000a0,000000a0,000000a0,24010008,000000a8,0,00000,000ff00f,xxxxxxxx,xxxxxxxx,00000000,00000000,00000050,00000050,0,00000,0,00000050
18815000,1,00000050,000000a8,000000a4,000000a0,000000a0,24010008,00000050,0,00000,000fff00,xxxxxxxx,xxxxxxxx,00000000,00000000,00000050,00000050,0,00000,0,00000050
18825000,1,00000050,000000a8,000000a8,000000a4,000000a0,00411821,00000050,0,00000,000f0ff0,xxxxxxxx,xxxxxxxx,00000000,00000000,000000ac,000000ac,0,00000,0,00000000
18835000,1,00000054,00000050,000000a8,000000a8,000000a4,00411821,00000054,0,00000,000ff0ff,xxxxxxxx,xxxxxxxx,00000000,00000000,00000008,00000008,0,00000,0,00000008
18845000,1,00000054,00000050,00000050,000000a8,000000a8,00022082,00000054,0,00000,000f0f0f,xxxxxxxx,xxxxxxxx,00000000,00000000,00000008,00000008,0,00000,0,00000008
18855000,1,00000058,00000054,00000050,00000050,000000a8,00022082,00000058,0,00000,000ff0f0,xxxxxxxx,xxxxxxxx,00000000,00000000,00000018,00000018,0,00000,0,00000008
18865000,1,00000058,00000054,00000054,00000050,00000050,28990005,00000058,0,00000,000f0f0f,xxxxxxxx,xxxxxxxx,00000000,00000000,00000018,00000018,0,00000,0,00000008
18875000,1,0000005c,00000058,00000054,00000054,00000050,28990005,0000005c,0,00000,000ff0f0,xxxxxxxx,xxxxxxxx,00000000,00000000,00000004,00000004,0,00000,0,00000010
18885000,1,0000005c,00000058,00000058,00000054,00000054,0721000e,0000005c,0,00000,000f0f0f,xxxxxxxx,xxxxxxxx,00000000,00000000,00000004,00000004,0,00000,0,00000010
18895000,1,00000060,0000005c,00000058,00000058,00000054,0721000e,00000060,0,00000,000ff0f0,xxxxxxxx,xxxxxxxx,00000000,00000000,00000001,00000001,0,00000,0,00000100
18905000,1,00000060,0000005c,00000058,00000058,00000058,00642823,00000060,0,00000,000ff00f,xxxxxxxx,xxxxxxxx,00000000,00000000,00000001,00000001,0,00000,0,00000100
18915000,1,00000098,00000060,0000005c,00000058,00000058,00642823,00000098,0,00000,000fff00,xxxxxxxx,xxxxxxxx,00000000,00000000,00000001,00000001,0,00000,0,00000100
18925000,1,00000098,00000060,00000060,0000005c,00000058,3c0c000c,00000098,0,00000,000f0ff0,xxxxxxxx,xxxxxxxx,00000000,00000000,00000000,00000000,0,00000,0,00000008
18935000,1,0000009c,00000098,00000060,00000060,0000005c,3c0c000c,0000009c,0,00000,000ff0ff,xxxxxxxx,xxxxxxxx,00000000,00000000,00000014,00000014,0,00000,0,00000004
18945000,1,0000009c,00000098,00000098,00000060,00000060,004cd007,0000009c,0,00000,000f0f0f,xxxxxxxx,xxxxxxxx,00000000,00000000,00000014,00000014,0,00000,0,00000004
18955000,1,000000a0,0000009c,00000098,00000098,00000060,004cd007,000000a0,0,00000,000ff0f0,xxxxxxxx,xxxxxxxx,00000000,00000000,000c0000,000c0000,0,00000,0,000c0000
18965000,1,000000a0,0000009c,0000009c,00000098,00000098,275b0044,000000a0,0,00000,000f0f0f,xxxxxxxx,xxxxxxxx,00000000,00000000,000c0000,000c0000,0,00000,0,000c0000
18975000,1,000000a4,000000a0,0000009c,0000009c,00000098,275b0044,000000a4,0,00000,000ff0f0,xxxxxxxx,xxxxxxxx,00000000,00000000,0000000c,0000000c,0,00000,0,000c0000
18985000,1,000000a4,000000a0,000000a0,0000009c,0000009c,0360f809,000000a4,0,00000,000f0f0f,xxxxxxxx,xxxxxxxx,00000000,00000000,0000000c,0000000c,0,00000,0,000c0000
18995000,1,000000a8,000000a4,000000a0,000000a0,0000009c,0360f809,000000a8,0,00000,000ff0f0,xxxxxxxx,xxxxxxxx,00000000,00000000,00000050,00000050,0,00000,0,00000050
19005000,1,000000a8,000000a4,000000a0,000000a0,000000a0,24010008,000000a8,0,00000,000ff00f,xxxxxxxx,xxxxxxxx,00000000,00000000,00000050,00000050,0,00000,0,00000050
19015000,1,00000050,000000a8,000000a4,000000a0,000000a0,24010008,00000050,0,00000,000fff00,xxxxxxxx,xxxxxxxx,00000000,00000000,00000050,00000050,0,00000,0,00000050
19025000,1,00000050,000000a8,000000a8,000000a4,000000a0,00411821,00000050,0,00000,000f0ff0,xxxxxxxx,xxxxxxxx,00000000,00000000,000000ac,000000ac,0,00000,0,00000000
19035000,1,00000054,00000050,000000a8,000000a8,000000a4,00411821,00000054,0,00000,000ff0ff,xxxxxxxx,xxxxxxxx,00000000,00000000,00000008,00000008,0,00000,0,00000008
19045000,1,00000054,00000050,00000050,000000a8,000000a8,00022082,00000054,0,00000,000f0f0f,xxxxxxxx,xxxxxxxx,00000000,00000000,00000008,00000008,0,00000,0,00000008
19055000,1,00000058,00000054,00000050,00000050,000000a8,00022082,00000058,0,00000,000ff0f0,xxxxxxxx,xxxxxxxx,00000000,00000000,00000018,00000018,0,00000,0,00000008
19065000,1,00000058,00000054,00000054,00000050,00000050,28990005,00000058,0,00000,000f0f0f,xxxxxxxx,xxxxxxxx,00000000,00000000,00000018,00000018,0,00000,0,00000008
19075000,1,0000005c,00000058,00000054,00000054,00000050,28990005,0000005c,0,00000,000ff0f0,xxxxxxxx,xxxxxxxx,00000000,00000000,00000004,00000004,0,00000,0,00000010
19085000,1,0000005c,00000058,00000058,00000054,00000054,0721000e,0000005c,0,00000,000f0f0f,xxxxxxxx,xxxxxxxx,00000000,00000000,00000004,00000004,0,00000,0,00000010
19095000,1,00000060,0000005c,00000058,00000058,00000054,0721000e,00000060,0,00000,000ff0f0,xxxxxxxx,xxxxxxxx,00000000,00000000,00000001,00000001,0,00000,0,00000100
19105000,1,00000060,0000005c,00000058,00000058,00000058,00642823,00000060,0,00000,000ff00f,xxxxxxxx,xxxxxxxx,00000000,00000000,00000001,00000001,0,00000,0,00000100
19115000,1,00000098,00000060,0000005c,00000058,00000058,00642823,00000098,0,00000,000fff00,xxxxxxxx,xxxxxxxx,00000000,00000000,00000001,00000001,0,00000,0,00000100
19125000,1,00000098,00000060,00000060,0000005c,00000058,3c0c000c,00000098,0,00000,000f0ff0,xxxxxxxx,xxxxxxxx,00000000,00000000,00000000,00000000,0,00000,0,00000008
19135000,1,0000009c,00000098,00000060,00000060,0000005c,3c0c000c,0000009c,0,00000,000ff0ff,xxxxxxxx,xxxxxxxx,00000000,00000000,00000014,00000014,0,00000,0,00000004
19145000,1,0000009c,00000098,00000098,00000060,00000060,004cd007,0000009c,0,00000,000f0f0f,xxxxxxxx,xxxxxxxx,00000000,00000000,00000014,00000014,0,00000,0,00000004
19155000,1,000000a0,0000009c,00000098,00000098,00000060,004cd007,000000a0,0,00000,000ff0f0,xxxxxxxx,xxxxxxxx,00000000,00000000,000c0000,000c0000,0,00000,0,000c0000
19165000,1,000000a0,0000009c,0000009c,00000098,00000098,275b0044,000000a0,0,00000,000f0f0f,xxxxxxxx,xxxxxxxx,00000000,00000000,000c0000,000c0000,0,00000,0,000c0000
19175000,1,000000a4,000000a0,0000009c,0000009c,00000098,275b0044,000000a4,0,00000,000ff0f0,xxxxxxxx,xxxxxxxx,00000000,00000000,0000000c,0000000c,0,00000,0,000c0000
19185000,1,000000a4,000000a0,000000a0,0000009c,0000009c,0360f809,000000a4,0,00000,000f0f0f,xxxxxxxx,xxxxxxxx,00000000,00000000,0000000c,0000000c,0,00000,0,000c0000
19195000,1,000000a8,000000a4,000000a0,000000a0,0000009c,0360f809,000000a8,0,00000,000ff0f0,xxxxxxxx,xxxxxxxx,00000000,00000000,00000050,00000050,0,00000,0,00000050
19205000,1,000000a8,000000a4,000000a0,000000a0,000000a0,24010008,000000a8,0,00000,000ff00f,xxxxxxxx,xxxxxxxx,00000000,00000000,00000050,00000050,0,00000,0,00000050
19215000,1,00000050,000000a8,000000a4,000000a0,000000a0,24010008,00000050,0,00000,000fff00,xxxxxxxx,xxxxxxxx,00000000,00000000,00000050,00000050,0,00000,0,00000050
19225000,1,00000050,000000a8,000000a8,000000a4,000000a0,00411821,00000050,0,00000,000f0ff0,xxxxxxxx,xxxxxxxx,00000000,00000000,000000ac,000000ac,0,00000,0,00000000
19235000,1,00000054,00000050,000000a8,000000a8,000000a4,00411821,00000054,0,00000,000ff0ff,xxxxxxxx,xxxxxxxx,00000000,00000000,00000008,00000008,0,00000,0,00000008
19245000,1,00000054,00000050,00000050,000000a8,000000a8,00022082,00000054,0,00000,000f0f0f,xxxxxxxx,xxxxxxxx,00000000,00000000,00000008,00000008,0,00000,0,00000008
19255000,1,00000058,00000054,00000050,00000050,000000a8,00022082,00000058,0,00000,000ff0f0,xxxxxxxx,xxxxxxxx,00000000,00000000,00000018,00000018,0,00000,0,00000008
19265000,1,00000058,00000054,00000054,00000050,00000050,28990005,00000058,0,00000,000f0f0f,xxxxxxxx,xxxxxxxx,00000000,00000000,00000018,00000018,0,00000,0,00000008
19275000,1,0000005c,00000058,00000054,00000054,00000050,28990005,0000005c,0,00000,000ff0f0,xxxxxxxx,xxxxxxxx,00000000,00000000,00000004,00000004,0,00000,0,00000010
19285000,1,0000005c,00000058,00000058,00000054,00000054,0721000e,0000005c,0,00000,000f0f0f,xxxxxxxx,xxxxxxxx,00000000,00000000,00000004,00000004,0,00000,0,00000010
19295000,1,00000060,0000005c,00000058,00000058,00000054,0721000e,00000060,0,00000,000ff0f0,xxxxxxxx,xxxxxxxx,00000000,00000000,00000001,00000001,0,00000,0,00000100
19305000,1,00000060,0000005c,00000058,00000058,00000058,00642823,00000060,0,00000,000ff00f,xxxxxxxx,xxxxxxxx,00000000,00000000,00000001,00000001,0,00000,0,00000100
19315000,1,00000098,00000060,0000005c,00000058,00000058,00642823,00000098,0,00000,000fff00,xxxxxxxx,xxxxxxxx,00000000,00000000,00000001,00000001,0,00000,0,00000100
19325000,1,00000098,00000060,00000060,0000005c,00000058,3c0c000c,00000098,0,00000,000f0ff0,xxxxxxxx,xxxxxxxx,00000000,00000000,00000000,00000000,0,00000,0,00000008
19335000,1,0000009c,00000098,00000060,00000060,0000005c,3c0c000c,0000009c,0,00000,000ff0ff,xxxxxxxx,xxxxxxxx,00000000,00000000,00000014,00000014,0,00000,0,00000004
19345000,1,0000009c,00000098,00000098,00000060,00000060,004cd007,0000009c,0,00000,000f0f0f,xxxxxxxx,xxxxxxxx,00000000,00000000,00000014,00000014,0,00000,0,00000004
19355000,1,000000a0,0000009c,00000098,00000098,00000060,004cd007,000000a0,0,00000,000ff0f0,xxxxxxxx,xxxxxxxx,00000000,00000000,000c0000,000c0000,0,00000,0,000c0000
19365000,1,000000a0,0000009c,0000009c,00000098,00000098,275b0044,000000a0,0,00000,000f0f0f,xxxxxxxx,xxxxxxxx,00000000,00000000,000c0000,000c0000,0,00000,0,000c0000
19375000,1,000000a4,000000a0,0000009c,0000009c,00000098,275b0044,000000a4,0,00000,000ff0f0,xxxxxxxx,xxxxxxxx,00000000,00000000,0000000c,0000000c,0,00000,0,000c0000
19385000,1,000000a4,000000a0,000000a0,0000009c,0000009c,0360f809,000000a4,0,00000,000f0f0f,xxxxxxxx,xxxxxxxx,00000000,00000000,0000000c,0000000c,0,00000,0,000c0000
19395000,1,000000a8,000000a4,000000a0,000000a0,0000009c,0360f809,000000a8,0,00000,000ff0f0,xxxxxxxx,xxxxxxxx,00000000,00000000,00000050,00000050,0,00000,0,00000050
19405000,1,000000a8,000000a4,000000a0,000000a0,000000a0,24010008,000000a8,0,00000,000ff00f,xxxxxxxx,xxxxxxxx,00000000,00000000,00000050,00000050,0,00000,0,00000050
19415000,1,00000050,000000a8,000000a4,000000a0,000000a0,24010008,00000050,0,00000,000fff00,xxxxxxxx,xxxxxxxx,00000000,00000000,00000050,00000050,0,00000,0,00000050
19425000,1,00000050,000000a8,000000a8,000000a4,000000a0,00411821,00000050,0,00000,000f0ff0,xxxxxxxx,xxxxxxxx,00000000,00000000,000000ac,000000ac,0,00000,0,00000000
19435000,1,00000054,00000050,000000a8,000000a8,000000a4,00411821,00000054,0,00000,000ff0ff,xxxxxxxx,xxxxxxxx,00000000,00000000,00000008,00000008,0,00000,0,00000008
19445000,1,00000054,00000050,00000050,000000a8,000000a8,00022082,00000054,0,00000,000f0f0f,xxxxxxxx,xxxxxxxx,00000000,00000000,00000008,00000008,0,00000,0,00000008
19455000,1,00000058,00000054,00000050,00000050,000000a8,00022082,00000058,0,00000,000ff0f0,xxxxxxxx,xxxxxxxx,00000000,00000000,00000018,00000018,0,00000,0,00000008
19465000,1,00000058,00000054,00000054,00000050,00000050,28990005,00000058,0,00000,000f0f0f,xxxxxxxx,xxxxxxxx,00000000,00000000,00000018,00000018,0,00000,0,00000008
19475000,1,0000005c,00000058,00000054,00000054,00000050,28990005,0000005c,0,00000,000ff0f0,xxxxxxxx,xxxxxxxx,00000000,00000000,00000004,00000004,0,00000,0,00000010
19485000,1,0000005c,00000058,00000058,00000054,00000054,0721000e,0000005c,0,00000,000f0f0f,xxxxxxxx,xxxxxxxx,00000000,00000000,00000004,00000004,0,00000,0,00000010
19495000,1,00000060,0000005c,00000058,00000058,00000054,0721000e,00000060,0,00000,000ff0f0,xxxxxxxx,xxxxxxxx,00000000,00000000,00000001,00000001,0,00000,0,00000100
19505000,1,00000060,0000005c,00000058,00000058,00000058,00642823,00000060,0,00000,000ff00f,xxxxxxxx,xxxxxxxx,00000000,00000000,00000001,00000001,0,00000,0,00000100
19515000,1,00000098,00000060,0000005c,00000058,00000058,00642823,00000098,0,00000,000fff00,xxxxxxxx,xxxxxxxx,00000000,00000000,00000001,00000001,0,00000,0,00000100
19525000,1,00000098,00000060,00000060,0000005c,00000058,3c0c000c,00000098,0,00000,000f0ff0,xxxxxxxx,xxxxxxxx,00000000,00000000,00000000,00000000,0,00000,0,00000008
19535000,1,0000009c,00000098,00000060,00000060,0000005c,3c0c000c,0000009c,0,00000,000ff0ff,xxxxxxxx,xxxxxxxx,00000000,00000000,00000014,00000014,0,00000,0,00000004
19545000,1,0000009c,00000098,00000098,00000060,00000060,004cd007,0000009c,0,00000,000f0f0f,xxxxxxxx,xxxxxxxx,00000000,00000000,00000014,00000014,0,00000,0,00000004
19555000,1,000000a0,0000009c,00000098,00000098,00000060,004cd007,000000a0,0,00000,000ff0f0,xxxxxxxx,xxxxxxxx,00000000,00000000,000c0000,000c0000,0,00000,0,000c0000
19565000,1,000000a0,0000009c,0000009c,00000098,00000098,275b0044,000000a0,0,00000,000f0f0f,xxxxxxxx,xxxxxxxx,00000000,00000000,000c0000,000c0000,0,00000,0,000c0000
19575000,1,000000a4,000000a0,0000009c,0000009c,00000098,275b0044,000000a4,0,00000,000ff0f0,xxxxxxxx,xxxxxxxx,00000000,00000000,0000000c,0000000c,0,00000,0,000c0000
19585000,1,000000a4,000000a0,000000a0,0000009c,0000009c,0360f809,000000a4,0,00000,000f0f0f,xxxxxxxx,xxxxxxxx,00000000,00000000,0000000c,0000000c,0,00000,0,000c0000
19595000,1,000000a8,000000a4,000000a0,000000a0,0000009c,0360f809,000000a8,0,00000,000ff0f0,xxxxxxxx,xxxxxxxx,00000000,00000000,00000050,00000050,0,00000,0,00000050
19605000,1,000000a8,000000a4,000000a0,000000a0,000000a0,24010008,000000a8,0,00000,000ff00f,xxxxxxxx,xxxxxxxx,00000000,00000000,00000050,00000050,0,00000,0,00000050
19615000,1,00000050,000000a8,000000a4,000000a0,000000a0,24010008,00000050,0,00000,000fff00,xxxxxxxx,xxxxxxxx,00000000,00000000,00000050,00000050,0,00000,0,00000050
19625000,1,00000050,000000a8,000000a8,000000a4,000000a0,00411821,00000050,0,00000,000f0ff0,xxxxxxxx,xxxxxxxx,00000000,00000000,000000ac,000000ac,0,00000,0,00000000
19635000,1,00000054,00000050,000000a8,000000a8,000000a4,00411821,00000054,0,00000,000ff0ff,xxxxxxxx,xxxxxxxx,00000000,00000000,00000008,00000008,0,00000,0,00000008
19645000,1,00000054,00000050,00000050,000000a8,000000a8,00022082,00000054,0,00000,000f0f0f,xxxxxxxx,xxxxxxxx,00000000,00000000,00000008,00000008,0,00000,0,00000008
19655000,1,00000058,00000054,00000050,00000050,000000a8,00022082,00000058,0,00000,000ff0f0,xxxxxxxx,xxxxxxxx,00000000,00000000,00000018,00000018,0,00000,0,00000008
19665000,1,00000058,00000054,00000054,00000050,00000050,28990005,00000058,0,00000,000f0f0f,xxxxxxxx,xxxxxxxx,00000000,00000000,00000018,00000018,0,00000,0,00000008
19675000,1,0000005c,00000058,00000054,00000054,00000050,28990005,0000005c,0,00000,000ff0f0,xxxxxxxx,xxxxxxxx,00000000,00000000,00000004,00000004,0,00000,0,00000010
19685000,1,0000005c,00000058,00000058,00000054,00000054,0721000e,0000005c,0,00000,000f0f0f,xxxxxxxx,xxxxxxxx,00000000,00000000,00000004,00000004,0,00000,0,00000010
19695000,1,00000060,0000005c,00000058,00000058,00000054,0721000e,00000060,0,00000,000ff0f0,xxxxxxxx,xxxxxxxx,00000000,00000000,00000001,00000001,0,00000,0,00000100
19705000,1,00000060,0000005c,00000058,00000058,00000058,00642823,00000060,0,00000,000ff00f,xxxxxxxx,xxxxxxxx,00000000,00000000,00000001,00000001,0,00000,0,00000100
19715000,1,00000098,00000060,0000005c,00000058,00000058,00642823,00000098,0,00000,000fff00,xxxxxxxx,xxxxxxxx,00000000,00000000,00000001,00000001,0,00000,0,00000100
19725000,1,00000098,00000060,00000060,0000005c,00000058,3c0c000c,00000098,0,00000,000f0ff0,xxxxxxxx,xxxxxxxx,00000000,00000000,00000000,00000000,0,00000,0,00000008
19735000,1,0000009c,00000098,00000060,00000060,0000005c,3c0c000c,0000009c,0,00000,000ff0ff,xxxxxxxx,xxxxxxxx,00000000,00000000,00000014,00000014,0,00000,0,00000004
19745000,1,0000009c,00000098,00000098,00000060,00000060,004cd007,0000009c,0,00000,000f0f0f,xxxxxxxx,xxxxxxxx,00000000,00000000,00000014,00000014,0,00000,0,00000004
19755000,1,000000a0,0000009c,00000098,00000098,00000060,004cd007,000000a0,0,00000,000ff0f0,xxxxxxxx,xxxxxxxx,00000000,00000000,000c0000,000c0000,0,00000,0,000c0000
19765000,1,000000a0,0000009c,0000009c,00000098,00000098,275b0044,000000a0,0,00000,000f0f0f,xxxxxxxx,xxxxxxxx,00000000,00000000,000c0000,000c0000,0,00000,0,000c0000
19775000,1,000000a4,000000a0,0000009c,0000009c,00000098,275b0044,000000a4,0,00000,000ff0f0,xxxxxxxx,xxxxxxxx,00000000,00000000,0000000c,0000000c,0,00000,0,000c0000
19785000,1,000000a4,000000a0,000000a0,0000009c,0000009c,0360f809,000000a4,0,00000,000f0f0f,xxxxxxxx,xxxxxxxx,00000000,00000000,0000000c,0000000c,0,00000,0,000c0000
19795000,1,000000a8,000000a4,000000a0,000000a0,0000009c,0360f809,000000a8,0,00000,000ff0f0,xxxxxxxx,xxxxxxxx,00000000,00000000,00000050,00000050,0,00000,0,00000050
19805000,1,000000a8,000000a4,000000a0,000000a0,000000a0,24010008,000000a8,0,00000,000ff00f,xxxxxxxx,xxxxxxxx,00000000,00000000,00000050,00000050,0,00000,0,00000050
19815000,1,00000050,000000a8,000000a4,000000a0,000000a0,24010008,00000050,0,00000,000fff00,xxxxxxxx,xxxxxxxx,00000000,00000000,00000050,00000050,0,00000,0,00000050
19825000,1,00000050,000000a8,000000a8,000000a4,000000a0,00411821,00000050,0,00000,000f0ff0,xxxxxxxx,xxxxxxxx,00000000,00000000,000000ac,000000ac,0,00000,0,00000000
19835000,1,00000054,00000050,000000a8,000000a8,000000a4,00411821,00000054,0,00000,000ff0ff,xxxxxxxx,xxxxxxxx,00000000,00000000,00000008,00000008,0,00000,0,00000008
19845000,1,00000054,00000050,00000050,000000a8,000000a8,00022082,00000054,0,00000,000f0f0f,xxxxxxxx,xxxxxxxx,00000000,00000000,00000008,00000008,0,00000,0,00000008
19855000,1,00000058,00000054,00000050,00000050,000000a8,00022082,00000058,0,00000,000ff0f0,xxxxxxxx,xxxxxxxx,00000000,00000000,00000018,00000018,0,00000,0,00000008
19865000,1,00000058,00000054,00000054,00000050,00000050,28990005,00000058,0,00000,000f0f0f,xxxxxxxx,xxxxxxxx,00000000,00000000,00000018,00000018,0,00000,0,00000008
19875000,1,0000005c,00000058,00000054,00000054,00000050,28990005,0000005c,0,00000,000ff0f0,xxxxxxxx,xxxxxxxx,00000000,00000000,00000004,00000004,0,00000,0,00000010
19885000,1,0000005c,00000058,00000058,00000054,00000054,0721000e,0000005c,0,00000,000f0f0f,xxxxxxxx,xxxxxxxx,00000000,00000000,00000004,00000004,0,00000,0,00000010
19895000,1,00000060,0000005c,00000058,00000058,00000054,0721000e,00000060,0,00000,000ff0f0,xxxxxxxx,xxxxxxxx,00000000,00000000,00000001,00000001,0,00000,0,00000100
19905000,1,00000060,0000005c,00000058,00000058,00000058,00642823,00000060,0,00000,000ff00f,xxxxxxxx,xxxxxxxx,00000000,00000000,00000001,00000001,0,00000,0,00000100
19915000,1,00000098,00000060,0000005c,00000058,00000058,00642823,00000098,0,00000,000fff00,xxxxxxxx,xxxxxxxx,00000000,00000000,00000001,00000001,0,00000,0,00000100
19925000,1,00000098,00000060,00000060,0000005c,00000058,3c0c000c,00000098,0,00000,000f0ff0,xxxxxxxx,xxxxxxxx,00000000,00000000,00000000,00000000,0,00000,0,00000008
19935000,1,0000009c,00000098,00000060,00000060,0000005c,3c0c000c,0000009c,0,00000,000ff0ff,xxxxxxxx,xxxxxxxx,00000000,00000000,00000014,00000014,0,00000,0,00000004
19945000,1,0000009c,00000098,00000098,00000060,00000060,004cd007,0000009c,0,00000,000f0f0f,xxxxxxxx,xxxxxxxx,00000000,00000000,00000014,00000014,0,00000,0,00000004
19955000,1,000000a0,0000009c,00000098,00000098,00000060,004cd007,000000a0,0,00000,000ff0f0,xxxxxxxx,xxxxxxxx,00000000,00000000,000c0000,000c0000,0,00000,0,000c0000
19965000,1,000000a0,0000009c,0000009c,00000098,00000098,275b0044,000000a0,0,00000,000f0f0f,xxxxxxxx,xxxxxxxx,00000000,00000000,000c0000,000c0000,0,00000,0,000c0000
19975000,1,000000a4,000000a0,0000009c,0000009c,00000098,275b0044,000000a4,0,00000,000ff0f0,xxxxxxxx,xxxxxxxx,00000000,00000000,0000000c,0000000c,0,00000,0,000c0000
19985000,1,000000a4,000000a0,000000a0,0000009c,0000009c,0360f809,000000a4,0,00000,000f0f0f,xxxxxxxx,xxxxxxxx,00000000,00000000,0000000c,0000000c,0,00000,0,000c0000
19995000,1,000000a8,000000a4,000000a0,000000a0,0000009c,0360f809,000000a8,0,00000,000ff0f0,xxxxxxxx,xxxxxxxx,00000000,00000000,00000050,00000050,0,00000,0,00000050
20005000,1,000000a8,000000a4,000000a0,000000a0,000000a0,24010008,000000a8,0,00000,000ff00f,xxxxxxxx,xxxxxxxx,00000000,00000000,00000050,00000050,0,00000,0,00000050
20015000,1,00000050,000000a8,000000a4,000000a0,000000a0,24010008,00000050,0,00000,000fff00,xxxxxxxx,xxxxxxxx,00000000,00000000,00000050,00000050,0,00000,0,00000050
20025000,1,00000050,000000a8,000000a8,000000a4,000000a0,00411821,00000050,0,00000,000f0ff0,xxxxxxxx,xxxxxxxx,00000000,00000000,000000ac,000000ac,0,00000,0,00000000
20035000,1,00000054,00000050,000000a8,000000a8,000000a4,00411821,00000054,0,00000,000ff0ff,xxxxxxxx,xxxxxxxx,00000000,00000000,00000008,00000008,0,00000,0,00000008
20045000,1,00000054,00000050,00000050,000000a8,000000a8,00022082,00000054,0,00000,000f0f0f,xxxxxxxx,xxxxxxxx,00000000,00000000,00000008,00000008,0,00000,0,00000008
20055000,1,00000058,00000054,00000050,00000050,000000a8,00022082,00000058,0,00000,000ff0f0,xxxxxxxx,xxxxxxxx,00000000,00000000,00000018,00000018,0,00000,0,00000008
20065000,1,00000058,00000054,00000054,00000050,00000050,28990005,00000058,0,00000,000f0f0f,xxxxxxxx,xxxxxxxx,00000000,00000000,00000018,00000018,0,00000,0,00000008
20075000,1,0000005c,00000058,00000054,00000054,00000050,28990005,0000005c,0,00000,000ff0f0,xxxxxxxx,xxxxxxxx,00000000,00000000,00000004,00000004,0,00000,0,00000010
20085000,1,0000005c,00000058,00000058,00000054,00000054,0721000e,0000005c,0,00000,000f0f0f,xxxxxxxx,xxxxxxxx,00000000,00000000,00000004,00000004,0,00000,0,00000010
20095000,1,00000060,0000005c,00000058,00000058,00000054,0721000e,00000060,0,00000,000ff0f0,xxxxxxxx,xxxxxxxx,00000000,00000000,00000001,00000001,0,00000,0,00000100
20105000,1,00000060,0000005c,00000058,00000058,00000058,00642823,00000060,0,00000,000ff00f,xxxxxxxx,xxxxxxxx,00000000,00000000,00000001,00000001,0,00000,0,00000100
20115000,1,00000098,00000060,0000005c,00000058,00000058,00642823,00000098,0,00000,000fff00,xxxxxxxx,xxxxxxxx,00000000,00000000,00000001,00000001,0,00000,0,00000100
20125000,1,00000098,00000060,00000060,0000005c,00000058,3c0c000c,00000098,0,00000,000f0ff0,xxxxxxxx,xxxxxxxx,00000000,00000000,00000000,00000000,0,00000,0,00000008
20135000,1,0000009c,00000098,00000060,00000060,0000005c,3c0c000c,0000009c,0,00000,000ff0ff,xxxxxxxx,xxxxxxxx,00000000,00000000,00000014,00000014,0,00000,0,00000004
20145000,1,0000009c,00000098,00000098,00000060,00000060,004cd007,0000009c,0,00000,000f0f0f,xxxxxxxx,xxxxxxxx,00000000,00000000,00000014,00000014,0,00000,0,00000004
20155000,1,000000a0,0000009c,00000098,00000098,00000060,004cd007,000000a0,0,00000,000ff0f0,xxxxxxxx,xxxxxxxx,00000000,00000000,000c0000,000c0000,0,00000,0,000c0000
20165000,1,000000a0,0000009c,0000009c,00000098,00000098,275b0044,000000a0,0,00000,000f0f0f,xxxxxxxx,xxxxxxxx,00000000,00000000,000c0000,000c0000,0,00000,0,000c0000
20175000,1,000000a4,000000a0,0000009c,0000009c,00000098,275b0044,000000a4,0,00000,000ff0f0,xxxxxxxx,xxxxxxxx,00000000,00000000,0000000c,0000000c,0,00000,0,000c0000
20185000,1,000000a4,000000a0,000000a0,0000009c,0000009c,0360f809,000000a4,0,00000,000f0f0f,xxxxxxxx,xxxxxxxx,00000000,00000000,0000000c,0000000c,0,00000,0,000c0000
20195000,1,000000a8,000000a4,000000a0,000000a0,0000009c,0360f809,000000a8,0,00000,000ff0f0,xxxxxxxx,xxxxxxxx,00000000,00000000,00000050,00000050,0,00000,0,00000050
20205000,1,000000a8,000000a4,000000a0,000000a0,000000a0,24010008,000000a8,0,00000,000ff00f,xxxxxxxx,xxxxxxxx,00000000,00000000,00000050,00000050,0,00000,0,00000050
20215000,1,00000050,000000a8,000000a4,000000a0,000000a0,24010008,00000050,0,00000,000fff00,xxxxxxxx,xxxxxxxx,00000000,00000000,00000050,00000050,0,00000,0,00000050
20225000,1,00000050,000000a8,000000a8,000000a4,000000a0,00411821,00000050,0,00000,000f0ff0,xxxxxxxx,xxxxxxxx,00000000,00000000,000000ac,000000ac,0,00000,0,00000000
20235000,1,00000054,00000050,000000a8,000000a8,000000a4,00411821,00000054,0,00000,000ff0ff,xxxxxxxx,xxxxxxxx,00000000,00000000,00000008,00000008,0,00000,0,00000008
20245000,1,00000054,00000050,00000050,000000a8,000000a8,00022082,00000054,0,00000,000f0f0f,xxxxxxxx,xxxxxxxx,00000000,00000000,00000008,00000008,0,00000,0,00000008
20255000,1,00000058,00000054,00000050,00000050,000000a8,00022082,00000058,0,00000,000ff0f0,xxxxxxxx,xxxxxxxx,00000000,00000000,00000018,00000018,0,00000,0,00000008
20265000,1,00000058,00000054,00000054,00000050,00000050,28990005,00000058,0,00000,000f0f0f,xxxxxxxx,xxxxxxxx,00000000,00000000,00000018,00000018,0,00000,0,00000008
20275000,1,0000005c,00000058,00000054,00000054,00000050,28990005,0000005c,0,00000,000ff0f0,xxxxxxxx,xxxxxxxx,00000000,00000000,00000004,00000004,0,00000,0,00000010
20285000,1,0000005c,00000058,00000058,00000054,00000054,0721000e,0000005c,0,00000,000f0f0f,xxxxxxxx,xxxxxxxx,00000000,00000000,00000004,00000004,0,00000,0,00000010
20295000,1,00000060,0000005c,00000058,00000058,00000054,0721000e,00000060,0,00000,000ff0f0,xxxxxxxx,xxxxxxxx,00000000,00000000,00000001,00000001,0,00000,0,00000100
20305000,1,00000060,0000005c,00000058,00000058,00000058,00642823,00000060,0,00000,000ff00f,xxxxxxxx,xxxxxxxx,00000000,00000000,00000001,00000001,0,00000,0,00000100
20315000,1,00000098,00000060,0000005c,00000058,00000058,00642823,00000098,0,00000,000fff00,xxxxxxxx,xxxxxxxx,00000000,00000000,00000001,00000001,0,00000,0,00000100
20325000,1,00000098,00000060,00000060,0000005c,00000058,3c0c000c,00000098,0,00000,000f0ff0,xxxxxxxx,xxxxxxxx,00000000,00000000,00000000,00000000,0,00000,0,00000008
20335000,1,0000009c,00000098,00000060,00000060,0000005c,3c0c000c,0000009c,0,00000,000ff0ff,xxxxxxxx,xxxxxxxx,00000000,00000000,00000014,00000014,0,00000,0,00000004
20345000,1,0000009c,00000098,00000098,00000060,00000060,004cd007,0000009c,0,00000,000f0f0f,xxxxxxxx,xxxxxxxx,00000000,00000000,00000014,00000014,0,00000,0,00000004
20355000,1,000000a0,0000009c,00000098,00000098,00000060,004cd007,000000a0,0,00000,000ff0f0,xxxxxxxx,xxxxxxxx,00000000,00000000,000c0000,000c0000,0,00000,0,000c0000
20365000,1,000000a0,0000009c,0000009c,00000098,00000098,275b0044,000000a0,0,00000,000f0f0f,xxxxxxxx,xxxxxxxx,00000000,00000000,000c0000,000c0000,0,00000,0,000c0000
20375000,1,000000a4,000000a0,0000009c,0000009c,00000098,275b0044,000000a4,0,00000,000ff0f0,xxxxxxxx,xxxxxxxx,00000000,00000000,0000000c,0000000c,0,00000,0,000c0000
20385000,1,000000a4,000000a0,000000a0,0000009c,0000009c,0360f809,000000a4,0,00000,000f0f0f,xxxxxxxx,xxxxxxxx,00000000,00000000,0000000c,0000000c,0,00000,0,000c0000
20395000,1,000000a8,000000a4,000000a0,000000a0,0000009c,0360f809,000000a8,0,00000,000ff0f0,xxxxxxxx,xxxxxxxx,00000000,00000000,00000050,00000050,0,00000,0,00000050
20405000,1,000000a8,000000a4,000000a0,000000a0,000000a0,24010008,000000a8,0,00000,000ff00f,xxxxxxxx,xxxxxxxx,00000000,00000000,00000050,00000050,0,00000,0,00000050
20415000,1,00000050,000000a8,000000a4,000000a0,000000a0,24010008,00000050,0,00000,000fff00,xxxxxxxx,xxxxxxxx,00000000,00000000,00000050,00000050,0,00000,0,00000050
20425000,1,00000050,000000a8,000000a8,000000a4,000000a0,00411821,00000050,0,00000,000f0ff0,xxxxxxxx,xxxxxxxx,00000000,00000000,000000ac,000000ac,0,00000,0,00000000
20435000,1,00000054,00000050,000000a8,000000a8,000000a4,00411821,00000054,0,00000,000ff0ff,xxxxxxxx,xxxxxxxx,00000000,00000000,00000008,00000008,0,00000,0,00000008
20445000,1,00000054,00000050,00000050,000000a8,000000a8,00022082,00000054,0,00000,000f0f0f,xxxxxxxx,xxxxxxxx,00000000,00000000,00000008,00000008,0,00000,0,00000008
20455000,1,00000058,00000054,00000050,00000050,000000a8,00022082,00000058,0,00000,000ff0f0,xxxxxxxx,xxxxxxxx,00000000,00000000,00000018,00000018,0,00000,0,00000008
20465000,1,00000058,00000054,00000054,00000050,00000050,28990005,00000058,0,00000,000f0f0f,xxxxxxxx,xxxxxxxx,00000000,00000000,00000018,00000018,0,00000,0,00000008
20475000,1,0000005c,00000058,00000054,00000054,00000050,28990005,0000005c,0,00000,000ff0f0,xxxxxxxx,xxxxxxxx,00000000,00000000,00000004,00000004,0,00000,0,00000010
20485000,1,0000005c,00000058,00000058,00000054,00000054,0721000e,0000005c,0,00000,000f0f0f,xxxxxxxx,xxxxxxxx,00000000,00000000,00000004,00000004,0,00000,0,00000010
20495000,1,00000060,0000005c,00000058,00000058,00000054,0721000e,00000060,0,00000,000ff0f0,xxxxxxxx,xxxxxxxx,00000000,00000000,00000001,00000001,0,00000,0,00000100
20505000,1,00000060,0000005c,00000058,00000058,00000058,00642823,00000060,0,00000,000ff00f,xxxxxxxx,xxxxxxxx,00000000,00000000,00000001,00000001,0,00000,0,00000100
20515000,1,00000098,00000060,0000005c,00000058,00000058,00642823,00000098,0,00000,000fff00,xxxxxxxx,xxxxxxxx,00000000,00000000,00000001,00000001,0,00000,0,00000100
20525000,1,00000098,00000060,00000060,0000005c,00000058,3c0c000c,00000098,0,00000,000f0ff0,xxxxxxxx,xxxxxxxx,00000000,00000000,00000000,00000000,0,00000,0,00000008
20535000,1,0000009c,00000098,00000060,00000060,0000005c,3c0c000c,0000009c,0,00000,000ff0ff,xxxxxxxx,xxxxxxxx,00000000,00000000,00000014,00000014,0,00000,0,00000004
20545000,1,0000009c,00000098,00000098,00000060,00000060,004cd007,0000009c,0,00000,000f0f0f,xxxxxxxx,xxxxxxxx,00000000,00000000,00000014,00000014,0,00000,0,00000004
20555000,1,000000a0,0000009c,00000098,00000098,00000060,004cd007,000000a0,0,00000,000ff0f0,xxxxxxxx,xxxxxxxx,00000000,00000000,000c0000,000c0000,0,00000,0,000c0000
20565000,1,000000a0,0000009c,0000009c,00000098,00000098,275b0044,000000a0,0,00000,000f0f0f,xxxxxxxx,xxxxxxxx,00000000,00000000,000c0000,000c0000,0,00000,0,000c0000
20575000,1,000000a4,000000a0,0000009c,0000009c,00000098,275b0044,000000a4,0,00000,000ff0f0,xxxxxxxx,xxxxxxxx,00000000,00000000,0000000c,0000000c,0,00000,0,000c0000
20585000,1,000000a4,000000a0,000000a0,0000009c,0000009c,0360f809,000000a4,0,00000,000f0f0f,xxxxxxxx,xxxxxxxx,00000000,00000000,0000000c,0000000c,0,00000,0,000c0000
20595000,1,000000a8,000000a4,000000a0,000000a0,0000009c,0360f809,000000a8,0,00000,000ff0f0,xxxxxxxx,xxxxxxxx,00000000,00000000,00000050,00000050,0,00000,0,00000050
20605000,1,000000a8,000000a4,000000a0,000000a0,000000a0,24010008,000000a8,0,00000,000ff00f,xxxxxxxx,xxxxxxxx,00000000,00000000,00000050,00000050,0,00000,0,00000050
20615000,1,00000050,000000a8,000000a4,000000a0,000000a0,24010008,00000050,0,00000,000fff00,xxxxxxxx,xxxxxxxx,00000000,00000000,00000050,00000050,0,00000,0,00000050
20625000,1,00000050,000000a8,000000a8,000000a4,000000a0,00411821,00000050,0,00000,000f0ff0,xxxxxxxx,xxxxxxxx,00000000,00000000,000000ac,000000ac,0,00000,0,00000000
20635000,1,00000054,00000050,000000a8,000000a8,000000a4,00411821,00000054,0,00000,000ff0ff,xxxxxxxx,xxxxxxxx,00000000,00000000,00000008,00000008,0,00000,0,00000008
20645000,1,00000054,00000050,00000050,000000a8,000000a8,00022082,00000054,0,00000,000f0f0f,xxxxxxxx,xxxxxxxx,00000000,00000000,00000008,00000008,0,00000,0,00000008
20655000,1,00000058,00000054,00000050,00000050,000000a8,00022082,00000058,0,00000,000ff0f0,xxxxxxxx,xxxxxxxx,00000000,00000000,00000018,00000018,0,00000,0,00000008
20665000,1,00000058,00000054,00000054,00000050,00000050,28990005,00000058,0,00000,000f0f0f,xxxxxxxx,xxxxxxxx,00000000,00000000,00000018,00000018,0,00000,0,00000008
20675000,1,0000005c,00000058,00000054,00000054,00000050,28990005,0000005c,0,00000,000ff0f0,xxxxxxxx,xxxxxxxx,00000000,00000000,00000004,00000004,0,00000,0,00000010
20685000,1,0000005c,00000058,00000058,00000054,00000054,0721000e,0000005c,0,00000,000f0f0f,xxxxxxxx,xxxxxxxx,00000000,00000000,00000004,00000004,0,00000,0,00000010
20695000,1,00000060,0000005c,00000058,00000058,00000054,0721000e,00000060,0,00000,000ff0f0,xxxxxxxx,xxxxxxxx,00000000,00000000,00000001,00000001,0,00000,0,00000100
20705000,1,00000060,0000005c,00000058,00000058,00000058,00642823,00000060,0,00000,000ff00f,xxxxxxxx,xxxxxxxx,00000000,00000000,00000001,00000001,0,00000,0,00000100
20715000,1,00000098,00000060,0000005c,00000058,00000058,00642823,00000098,0,00000,000fff00,xxxxxxxx,xxxxxxxx,00000000,00000000,00000001,00000001,0,00000,0,00000100
20725000,1,00000098,00000060,00000060,0000005c,00000058,3c0c000c,00000098,0,00000,000f0ff0,xxxxxxxx,xxxxxxxx,00000000,00000000,00000000,00000000,0,00000,0,00000008
20735000,1,0000009c,00000098,00000060,00000060,0000005c,3c0c000c,0000009c,0,00000,000ff0ff,xxxxxxxx,xxxxxxxx,00000000,00000000,00000014,00000014,0,00000,0,00000004
20745000,1,0000009c,00000098,00000098,00000060,00000060,004cd007,0000009c,0,00000,000f0f0f,xxxxxxxx,xxxxxxxx,00000000,00000000,00000014,00000014,0,00000,0,00000004
20755000,1,000000a0,0000009c,00000098,00000098,00000060,004cd007,000000a0,0,00000,000ff0f0,xxxxxxxx,xxxxxxxx,00000000,00000000,000c0000,000c0000,0,00000,0,000c0000
20765000,1,000000a0,0000009c,0000009c,00000098,00000098,275b0044,000000a0,0,00000,000f0f0f,xxxxxxxx,xxxxxxxx,00000000,00000000,000c0000,000c0000,0,00000,0,000c0000
20775000,1,000000a4,000000a0,0000009c,0000009c,00000098,275b0044,000000a4,0,00000,000ff0f0,xxxxxxxx,xxxxxxxx,00000000,00000000,0000000c,0000000c,0,00000,0,000c0000
20785000,1,000000a4,000000a0,000000a0,0000009c,0000009c,0360f809,000000a4,0,00000,000f0f0f,xxxxxxxx,xxxxxxxx,00000000,00000000,0000000c,0000000c,0,00000,0,000c0000
20795000,1,000000a8,000000a4,000000a0,000000a0,0000009c,0360f809,000000a8,0,00000,000ff0f0,xxxxxxxx,xxxxxxxx,00000000,00000000,00000050,00000050,0,00000,0,00000050
20805000,1,000000a8,000000a4,000000a0,000000a0,000000a0,24010008,000000a8,0,00000,000ff00f,xxxxxxxx,xxxxxxxx,00000000,00000000,00000050,00000050,0,00000,0,00000050
20815000,1,00000050,000000a8,000000a4,000000a0,000000a0,24010008,00000050,0,00000,000fff00,xxxxxxxx,xxxxxxxx,00000000,00000000,00000050,00000050,0,00000,0,00000050
20825000,1,00000050,000000a8,000000a8,000000a4,000000a0,00411821,00000050,0,00000,000f0ff0,xxxxxxxx,xxxxxxxx,00000000,00000000,000000ac,000000ac,0,00000,0,00000000
20835000,1,00000054,00000050,000000a8,000000a8,000000a4,00411821,00000054,0,00000,000ff0ff,xxxxxxxx,xxxxxxxx,00000000,00000000,00000008,00000008,0,00000,0,00000008
20845000,1,00000054,00000050,00000050,000000a8,000000a8,00022082,00000054,0,00000,000f0f0f,xxxxxxxx,xxxxxxxx,00000000,00000000,00000008,00000008,0,00000,0,00000008
20855000,1,00000058,00000054,00000050,00000050,000000a8,00022082,00000058,0,00000,000ff0f0,xxxxxxxx,xxxxxxxx,00000000,00000000,00000018,00000018,0,00000,0,00000008
20865000,1,00000058,00000054,00000054,00000050,00000050,28990005,00000058,0,00000,000f0f0f,xxxxxxxx,xxxxxxxx,00000000,00000000,00000018,00000018,0,00000,0,00000008
20875000,1,0000005c,00000058,00000054,00000054,00000050,28990005,0000005c,0,00000,000ff0f0,xxxxxxxx,xxxxxxxx,00000000,00000000,00000004,00000004,0,00000,0,00000010
20885000,1,0000005c,00000058,00000058,00000054,00000054,0721000e,0000005c,0,00000,000f0f0f,xxxxxxxx,xxxxxxxx,00000000,00000000,00000004,00000004,0,00000,0,00000010
20895000,1,00000060,0000005c,00000058,00000058,00000054,0721000e,00000060,0,00000,000ff0f0,xxxxxxxx,xxxxxxxx,00000000,00000000,00000001,00000001,0,00000,0,00000100
20905000,1,00000060,0000005c,00000058,00000058,00000058,00642823,00000060,0,00000,000ff00f,xxxxxxxx,xxxxxxxx,00000000,00000000,00000001,00000001,0,00000,0,00000100
20915000,1,00000098,00000060,0000005c,00000058,00000058,00642823,00000098,0,00000,000fff00,xxxxxxxx,xxxxxxxx,00000000,00000000,00000001,00000001,0,00000,0,00000100
20925000,1,00000098,00000060,00000060,0000005c,00000058,3c0c000c,00000098,0,00000,000f0ff0,xxxxxxxx,xxxxxxxx,00000000,00000000,00000000,00000000,0,00000,0,00000008
20935000,1,0000009c,00000098,00000060,00000060,0000005c,3c0c000c,0000009c,0,00000,000ff0ff,xxxxxxxx,xxxxxxxx,00000000,00000000,00000014,00000014,0,00000,0,00000004
20945000,1,0000009c,00000098,00000098,00000060,00000060,004cd007,0000009c,0,00000,000f0f0f,xxxxxxxx,xxxxxxxx,00000000,00000000,00000014,00000014,0,00000,0,00000004
20955000,1,000000a0,0000009c,00000098,00000098,00000060,004cd007,000000a0,0,00000,000ff0f0,xxxxxxxx,xxxxxxxx,00000000,00000000,000c0000,000c0000,0,00000,0,000c0000
20965000,1,000000a0,0000009c,0000009c,00000098,00000098,275b0044,000000a0,0,00000,000f0f0f,xxxxxxxx,xxxxxxxx,00000000,00000000,000c0000,000c0000,0,00000,0,000c0000
20975000,1,000000a4,000000a0,0000009c,0000009c,00000098,275b0044,000000a4,0,00000,000ff0f0,xxxxxxxx,xxxxxxxx,00000000,00000000,0000000c,0000000c,0,00000,0,000c0000
20985000,1,000000a4,000000a0,000000a0,0000009c,0000009c,0360f809,000000a4,0,00000,000f0f0f,xxxxxxxx,xxxxxxxx,00000000,00000000,0000000c,0000000c,0,00000,0,000c0000
20995000,1,000000a8,000000a4,000000a0,000000a0,0000009c,0360f809,000000a8,0,00000,000ff0f0,xxxxxxxx,xxxxxxxx,00000000,00000000,00000050,00000050,0,00000,0,00000050
21005000,1,000000a8,000000a4,000000a0,000000a0,000000a0,24010008,000000a8,0,00000,000ff00f,xxxxxxxx,xxxxxxxx,00000000,00000000,00000050,00000050,0,00000,0,00000050
21015000,1,00000050,000000a8,000000a4,000000a0,000000a0,24010008,00000050,0,00000,000fff00,xxxxxxxx,xxxxxxxx,00000000,00000000,00000050,00000050,0,00000,0,00000050
21025000,1,00000050,000000a8,000000a8,000000a4,000000a0,00411821,00000050,0,00000,000f0ff0,xxxxxxxx,xxxxxxxx,00000000,00000000,000000ac,000000ac,0,00000,0,00000000
21035000,1,00000054,00000050,000000a8,000000a8,000000a4,00411821,00000054,0,00000,000ff0ff,xxxxxxxx,xxxxxxxx,00000000,00000000,00000008,00000008,0,00000,0,00000008
21045000,1,00000054,00000050,00000050,000000a8,000000a8,00022082,00000054,0,00000,000f0f0f,xxxxxxxx,xxxxxxxx,00000000,00000000,00000008,00000008,0,00000,0,00000008
21055000,1,00000058,00000054,00000050,00000050,000000a8,00022082,00000058,0,00000,000ff0f0,xxxxxxxx,xxxxxxxx,00000000,00000000,00000018,00000018,0,00000,0,00000008
21065000,1,00000058,00000054,00000054,00000050,00000050,28990005,00000058,0,00000,000f0f0f,xxxxxxxx,xxxxxxxx,00000000,00000000,00000018,00000018,0,00000,0,00000008
21075000,1,0000005c,00000058,00000054,00000054,00000050,28990005,0000005c,0,00000,000ff0f0,xxxxxxxx,xxxxxxxx,00000000,00000000,00000004,00000004,0,00000,0,00000010
21085000,1,0000005c,00000058,00000058,00000054,00000054,0721000e,0000005c,0,00000,000f0f0f,xxxxxxxx,xxxxxxxx,00000000,00000000,00000004,00000004,0,00000,0,00000010
21095000,1,00000060,0000005c,00000058,00000058,00000054,0721000e,00000060,0,00000,000ff0f0,xxxxxxxx,xxxxxxxx,00000000,00000000,00000001,00000001,0,00000,0,00000100
21105000,1,00000060,0000005c,00000058,00000058,00000058,00642823,00000060,0,00000,000ff00f,xxxxxxxx,xxxxxxxx,00000000,00000000,00000001,00000001,0,00000,0,00000100
21115000,1,00000098,00000060,0000005c,00000058,00000058,00642823,00000098,0,00000,000fff00,xxxxxxxx,xxxxxxxx,00000000,00000000,00000001,00000001,0,00000,0,00000100
21125000,1,00000098,00000060,00000060,0000005c,00000058,3c0c000c,00000098,0,00000,000f0ff0,xxxxxxxx,xxxxxxxx,00000000,00000000,00000000,00000000,0,00000,0,00000008
21135000,1,0000009c,00000098,00000060,00000060,0000005c,3c0c000c,0000009c,0,00000,000ff0ff,xxxxxxxx,xxxxxxxx,00000000,00000000,00000014,00000014,0,00000,0,00000004
21145000,1,0000009c,00000098,00000098,00000060,00000060,004cd007,0000009c,0,00000,000f0f0f,xxxxxxxx,xxxxxxxx,00000000,00000000,00000014,00000014,0,00000,0,00000004
21155000,1,000000a0,0000009c,00000098,00000098,00000060,004cd007,000000a0,0,00000,000ff0f0,xxxxxxxx,xxxxxxxx,00000000,00000000,000c0000,000c0000,0,00000,0,000c0000
21165000,1,000000a0,0000009c,0000009c,00000098,00000098,275b0044,000000a0,0,00000,000f0f0f,xxxxxxxx,xxxxxxxx,00000000,00000000,000c0000,000c0000,0,00000,0,000c0000
21175000,1,000000a4,000000a0,0000009c,0000009c,00000098,275b0044,000000a4,0,00000,000ff0f0,xxxxxxxx,xxxxxxxx,00000000,00000000,0000000c,0000000c,0,00000,0,000c0000
21185000,1,000000a4,000000a0,000000a0,0000009c,0000009c,0360f809,000000a4,0,00000,000f0f0f,xxxxxxxx,xxxxxxxx,00000000,00000000,0000000c,0000000c,0,00000,0,000c0000
21195000,1,000000a8,000000a4,000000a0,000000a0,0000009c,0360f809,000000a8,0,00000,000ff0f0,xxxxxxxx,xxxxxxxx,00000000,00000000,00000050,00000050,0,00000,0,00000050
21205000,1,000000a8,000000a4,000000a0,000000a0,000000a0,24010008,000000a8,0,00000,000ff00f,xxxxxxxx,xxxxxxxx,00000000,00000000,00000050,00000050,0,00000,0,00000050
21215000,1,00000050,000000a8,000000a4,000000a0,000000a0,24010008,00000050,0,00000,000fff00,xxxxxxxx,xxxxxxxx,00000000,00000000,00000050,00000050,0,00000,0,00000050
21225000,1,00000050,000000a8,000000a8,000000a4,000000a0,00411821,00000050,0,00000,000f0ff0,xxxxxxxx,xxxxxxxx,00000000,00000000,000000ac,000000ac,0,00000,0,00000000
21235000,1,00000054,00000050,000000a8,000000a8,000000a4,00411821,00000054,0,00000,000ff0ff,xxxxxxxx,xxxxxxxx,00000000,00000000,00000008,00000008,0,00000,0,00000008
21245000,1,00000054,00000050,00000050,000000a8,000000a8,00022082,00000054,0,00000,000f0f0f,xxxxxxxx,xxxxxxxx,00000000,00000000,00000008,00000008,0,00000,0,00000008
21255000,1,00000058,00000054,00000050,00000050,000000a8,00022082,00000058,0,00000,000ff0f0,xxxxxxxx,xxxxxxxx,00000000,00000000,00000018,00000018,0,00000,0,00000008
21265000,1,00000058,00000054,00000054,00000050,00000050,28990005,00000058,0,00000,000f0f0f,xxxxxxxx,xxxxxxxx,00000000,00000000,00000018,00000018,0,00000,0,00000008
21275000,1,0000005c,00000058,00000054,00000054,00000050,28990005,0000005c,0,00000,000ff0f0,xxxxxxxx,xxxxxxxx,00000000,00000000,00000004,00000004,0,00000,0,00000010
21285000,1,0000005c,00000058,00000058,00000054,00000054,0721000e,0000005c,0,00000,000f0f0f,xxxxxxxx,xxxxxxxx,00000000,00000000,00000004,00000004,0,00000,0,00000010
21295000,1,00000060,0000005c,00000058,00000058,00000054,0721000e,00000060,0,00000,000ff0f0,xxxxxxxx,xxxxxxxx,00000000,00000000,00000001,00000001,0,00000,0,00000100
21305000,1,00000060,0000005c,00000058,00000058,00000058,00642823,00000060,0,00000,000ff00f,xxxxxxxx,xxxxxxxx,00000000,00000000,00000001,00000001,0,00000,0,00000100
21315000,1,00000098,00000060,0000005c,00000058,00000058,00642823,00000098,0,00000,000fff00,xxxxxxxx,xxxxxxxx,00000000,00000000,00000001,00000001,0,00000,0,00000100
21325000,1,00000098,00000060,00000060,0000005c,00000058,3c0c000c,00000098,0,00000,000f0ff0,xxxxxxxx,xxxxxxxx,00000000,00000000,00000000,00000000,0,00000,0,00000008
21335000,1,0000009c,00000098,00000060,00000060,0000005c,3c0c000c,0000009c,0,00000,000ff0ff,xxxxxxxx,xxxxxxxx,00000000,00000000,00000014,00000014,0,00000,0,00000004
21345000,1,0000009c,00000098,00000098,00000060,00000060,004cd007,0000009c,0,00000,000f0f0f,xxxxxxxx,xxxxxxxx,00000000,00000000,00000014,00000014,0,00000,0,00000004
21355000,1,000000a0,0000009c,00000098,00000098,00000060,004cd007,000000a0,0,00000,000ff0f0,xxxxxxxx,xxxxxxxx,00000000,00000000,000c0000,000c0000,0,00000,0,000c0000
21365000,1,000000a0,0000009c,0000009c,00000098,00000098,275b0044,000000a0,0,00000,000f0f0f,xxxxxxxx,xxxxxxxx,00000000,00000000,000c0000,000c0000,0,00000,0,000c0000
21375000,1,000000a4,000000a0,0000009c,0000009c,00000098,275b0044,000000a4,0,00000,000ff0f0,xxxxxxxx,xxxxxxxx,00000000,00000000,0000000c,0000000c,0,00000,0,000c0000
21385000,1,000000a4,000000a0,000000a0,0000009c,0000009c,0360f809,000000a4,0,00000,000f0f0f,xxxxxxxx,xxxxxxxx,00000000,00000000,0000000c,0000000c,0,00000,0,000c0000
21395000,1,000000a8,000000a4,000000a0,000000a0,0000009c,0360f809,000000a8,0,00000,000ff0f0,xxxxxxxx,xxxxxxxx,00000000,00000000,00000050,00000050,0,00000,0,00000050
21405000,1,000000a8,000000a4,000000a0,000000a0,000000a0,24010008,000000a8,0,00000,000ff00f,xxxxxxxx,xxxxxxxx,00000000,00000000,00000050,00000050,0,00000,0,00000050
21415000,1,00000050,000000a8,000000a4,000000a0,000000a0,24010008,00000050,0,00000,000fff00,xxxxxxxx,xxxxxxxx,00000000,00000000,00000050,00000050,0,00000,0,00000050
21425000,1,00000050,000000a8,000000a8,000000a4,000000a0,00411821,00000050,0,00000,000f0ff0,xxxxxxxx,xxxxxxxx,00000000,00000000,000000ac,000000ac,0,00000,0,00000000
21435000,1,00000054,00000050,000000a8,000000a8,000000a4,00411821,00000054,0,00000,000ff0ff,xxxxxxxx,xxxxxxxx,00000000,00000000,00000008,00000008,0,00000,0,00000008
21445000,1,00000054,00000050,00000050,000000a8,000000a8,00022082,00000054,0,00000,000f0f0f,xxxxxxxx,xxxxxxxx,00000000,00000000,00000008,00000008,0,00000,0,00000008
21455000,1,00000058,00000054,00000050,00000050,000000a8,00022082,00000058,0,00000,000ff0f0,xxxxxxxx,xxxxxxxx,00000000,00000000,00000018,00000018,0,00000,0,00000008
21465000,1,00000058,00000054,00000054,00000050,00000050,28990005,00000058,0,00000,000f0f0f,xxxxxxxx,xxxxxxxx,00000000,00000000,00000018,00000018,0,00000,0,00000008
21475000,1,0000005c,00000058,00000054,00000054,00000050,28990005,0000005c,0,00000,000ff0f0,xxxxxxxx,xxxxxxxx,00000000,00000000,00000004,00000004,0,00000,0,00000010
21485000,1,0000005c,00000058,00000058,00000054,00000054,0721000e,0000005c,0,00000,000f0f0f,xxxxxxxx,xxxxxxxx,00000000,00000000,00000004,00000004,0,00000,0,00000010
21495000,1,00000060,0000005c,00000058,00000058,00000054,0721000e,00000060,0,00000,000ff0f0,xxxxxxxx,xxxxxxxx,00000000,00000000,00000001,00000001,0,00000,0,00000100
21505000,1,00000060,0000005c,00000058,00000058,00000058,00642823,00000060,0,00000,000ff00f,xxxxxxxx,xxxxxxxx,00000000,00000000,00000001,00000001,0,00000,0,00000100
21515000,1,00000098,00000060,0000005c,00000058,00000058,00642823,00000098,0,00000,000fff00,xxxxxxxx,xxxxxxxx,00000000,00000000,00000001,00000001,0,00000,0,00000100
21525000,1,00000098,00000060,00000060,0000005c,00000058,3c0c000c,00000098,0,00000,000f0ff0,xxxxxxxx,xxxxxxxx,00000000,00000000,00000000,00000000,0,00000,0,00000008
21535000,1,0000009c,00000098,00000060,00000060,0000005c,3c0c000c,0000009c,0,00000,000ff0ff,xxxxxxxx,xxxxxxxx,00000000,00000000,00000014,00000014,0,00000,0,00000004
21545000,1,0000009c,00000098,00000098,00000060,00000060,004cd007,0000009c,0,00000,000f0f0f,xxxxxxxx,xxxxxxxx,00000000,00000000,00000014,00000014,0,00000,0,00000004
21555000,1,000000a0,0000009c,00000098,00000098,00000060,004cd007,000000a0,0,00000,000ff0f0,xxxxxxxx,xxxxxxxx,00000000,00000000,000c0000,000c0000,0,00000,0,000c0000
21565000,1,000000a0,0000009c,0000009c,00000098,00000098,275b0044,000000a0,0,00000,000f0f0f,xxxxxxxx,xxxxxxxx,00000000,00000000,000c0000,000c0000,0,00000,0,000c0000
21575000,1,000000a4,000000a0,0000009c,0000009c,00000098,275b0044,000000a4,0,00000,000ff0f0,xxxxxxxx,xxxxxxxx,00000000,00000000,0000000c,0000000c,0,00000,0,000c0000
21585000,1,000000a4,000000a0,000000a0,0000009c,0000009c,0360f809,000000a4,0,00000,000f0f0f,xxxxxxxx,xxxxxxxx,00000000,00000000,0000000c,0000000c,0,00000,0,000c0000
21595000,1,000000a8,000000a4,000000a0,000000a0,0000009c,0360f809,000000a8,0,00000,000ff0f0,xxxxxxxx,xxxxxxxx,00000000,00000000,00000050,00000050,0,00000,0,00000050
21605000,1,000000a8,000000a4,000000a0,000000a0,000000a0,24010008,000000a8,0,00000,000ff00f,xxxxxxxx,xxxxxxxx,00000000,00000000,00000050,00000050,0,00000,0,00000050
21615000,1,00000050,000000a8,000000a4,000000a0,000000a0,24010008,00000050,0,00000,000fff00,xxxxxxxx,xxxxxxxx,00000000,00000000,00000050,00000050,0,00000,0,00000050
21625000,1,00000050,000000a8,000000a8,000000a4,000000a0,00411821,00000050,0,00000,000f0ff0,xxxxxxxx,xxxxxxxx,00000000,00000000,000000ac,000000ac,0,00000,0,00000000
21635000,1,00000054,00000050,000000a8,000000a8,000000a4,00411821,00000054,0,00000,000ff0ff,xxxxxxxx,xxxxxxxx,00000000,00000000,00000008,00000008,0,00000,0,00000008
21645000,1,00000054,00000050,00000050,000000a8,000000a8,00022082,00000054,0,00000,000f0f0f,xxxxxxxx,xxxxxxxx,00000000,00000000,00000008,00000008,0,00000,0,00000008
21655000,1,00000058,00000054,00000050,00000050,000000a8,00022082,00000058,0,00000,000ff0f0,xxxxxxxx,xxxxxxxx,00000000,00000000,00000018,00000018,0,00000,0,00000008
21665000,1,00000058,00000054,00000054,00000050,00000050,28990005,00000058,0,00000,000f0f0f,xxxxxxxx,xxxxxxxx,00000000,00000000,00000018,00000018,0,00000,0,00000008
21675000,1,0000005c,00000058,00000054,00000054,00000050,28990005,0000005c,0,00000,000ff0f0,xxxxxxxx,xxxxxxxx,00000000,00000000,00000004,00000004,0,00000,0,00000010
21685000,1,0000005c,00000058,00000058,00000054,00000054,0721000e,0000005c,0,00000,000f0f0f,xxxxxxxx,xxxxxxxx,00000000,00000000,00000004,00000004,0,00000,0,00000010
21695000,1,00000060,0000005c,00000058,00000058,00000054,0721000e,00000060,0,00000,000ff0f0,xxxxxxxx,xxxxxxxx,00000000,00000000,00000001,00000001,0,00000,0,00000100
21705000,1,00000060,0000005c,00000058,00000058,00000058,00642823,00000060,0,00000,000ff00f,xxxxxxxx,xxxxxxxx,00000000,00000000,00000001,00000001,0,00000,0,00000100
21715000,1,00000098,00000060,0000005c,00000058,00000058,00642823,00000098,0,00000,000fff00,xxxxxxxx,xxxxxxxx,00000000,00000000,00000001,00000001,0,00000,0,00000100
21725000,1,00000098,00000060,00000060,0000005c,00000058,3c0c000c,00000098,0,00000,000f0ff0,xxxxxxxx,xxxxxxxx,00000000,00000000,00000000,00000000,0,00000,0,00000008
21735000,1,0000009c,00000098,00000060,00000060,0000005c,3c0c000c,0000009c,0,00000,000ff0ff,xxxxxxxx,xxxxxxxx,00000000,00000000,00000014,00000014,0,00000,0,00000004
21745000,1,0000009c,00000098,00000098,00000060,00000060,004cd007,0000009c,0,00000,000f0f0f,xxxxxxxx,xxxxxxxx,00000000,00000000,00000014,00000014,0,00000,0,00000004
21755000,1,000000a0,0000009c,00000098,00000098,00000060,004cd007,000000a0,0,00000,000ff0f0,xxxxxxxx,xxxxxxxx,00000000,00000000,000c0000,000c0000,0,00000,0,000c0000
21765000,1,000000a0,0000009c,0000009c,00000098,00000098,275b0044,000000a0,0,00000,000f0f0f,xxxxxxxx,xxxxxxxx,00000000,00000000,000c0000,000c0000,0,00000,0,000c0000
21775000,1,000000a4,000000a0,0000009c,0000009c,00000098,275b0044,000000a4,0,00000,000ff0f0,xxxxxxxx,xxxxxxxx,00000000,00000000,0000000c,0000000c,0,00000,0,000c0000
21785000,1,000000a4,000000a0,000000a0,0000009c,0000009c,0360f809,000000a4,0,00000,000f0f0f,xxxxxxxx,xxxxxxxx,00000000,00000000,0000000c,0000000c,0,00000,0,000c0000
21795000,1,000000a8,000000a4,000000a0,000000a0,0000009c,0360f809,000000a8,0,00000,000ff0f0,xxxxxxxx,xxxxxxxx,00000000,00000000,00000050,00000050,0,00000,0,00000050
21805000,1,000000a8,000000a4,000000a0,000000a0,000000a0,24010008,000000a8,0,00000,000ff00f,xxxxxxxx,xxxxxxxx,00000000,00000000,00000050,00000050,0,00000,0,00000050
21815000,1,00000050,000000a8,000000a4,000000a0,000000a0,24010008,00000050,0,00000,000fff00,xxxxxxxx,xxxxxxxx,00000000,00000000,00000050,00000050,0,00000,0,00000050
21825000,1,00000050,000000a8,000000a8,000000a4,000000a0,00411821,00000050,0,00000,000f0ff0,xxxxxxxx,xxxxxxxx,00000000,00000000,000000ac,000000ac,0,00000,0,00000000
21835000,1,00000054,00000050,000000a8,000000a8,000000a4,00411821,00000054,0,00000,000ff0ff,xxxxxxxx,xxxxxxxx,00000000,00000000,00000008,00000008,0,00000,0,00000008
21845000,1,00000054,00000050,00000050,000000a8,000000a8,00022082,00000054,0,00000,000f0f0f,xxxxxxxx,xxxxxxxx,00000000,00000000,00000008,00000008,0,00000,0,00000008
21855000,1,00000058,00000054,00000050,00000050,000000a8,00022082,00000058,0,00000,000ff0f0,xxxxxxxx,xxxxxxxx,00000000,00000000,00000018,00000018,0,00000,0,00000008
21865000,1,00000058,00000054,00000054,00000050,00000050,28990005,00000058,0,00000,000f0f0f,xxxxxxxx,xxxxxxxx,00000000,00000000,00000018,00000018,0,00000,0,00000008
21875000,1,0000005c,00000058,00000054,00000054,00000050,28990005,0000005c,0,00000,000ff0f0,xxxxxxxx,xxxxxxxx,00000000,00000000,00000004,00000004,0,00000,0,00000010
21885000,1,0000005c,00000058,00000058,00000054,00000054,0721000e,0000005c,0,00000,000f0f0f,xxxxxxxx,xxxxxxxx,00000000,00000000,00000004,00000004,0,00000,0,00000010
21895000,1,00000060,0000005c,00000058,00000058,00000054,0721000e,00000060,0,00000,000ff0f0,xxxxxxxx,xxxxxxxx,00000000,00000000,00000001,00000001,0,00000,0,00000100
21905000,1,00000060,0000005c,00000058,00000058,00000058,00642823,00000060,0,00000,000ff00f,xxxxxxxx,xxxxxxxx,00000000,00000000,00000001,00000001,0,00000,0,00000100
21915000,1,00000098,00000060,0000005c,00000058,00000058,00642823,00000098,0,00000,000fff00,xxxxxxxx,xxxxxxxx,00000000,00000000,00000001,00000001,0,00000,0,00000100
21925000,1,00000098,00000060,00000060,0000005c,00000058,3c0c000c,00000098,0,00000,000f0ff0,xxxxxxxx,xxxxxxxx,00000000,00000000,00000000,00000000,0,00000,0,00000008
21935000,1,0000009c,00000098,00000060,00000060,0000005c,3c0c000c,0000009c,0,00000,000ff0ff,xxxxxxxx,xxxxxxxx,00000000,00000000,00000014,00000014,0,00000,0,00000004
21945000,1,0000009c,00000098,00000098,00000060,00000060,004cd007,0000009c,0,00000,000f0f0f,xxxxxxxx,xxxxxxxx,00000000,00000000,00000014,00000014,0,00000,0,00000004
21955000,1,000000a0,0000009c,00000098,00000098,00000060,004cd007,000000a0,0,00000,000ff0f0,xxxxxxxx,xxxxxxxx,00000000,00000000,000c0000,000c0000,0,00000,0,000c0000
21965000,1,000000a0,0000009c,0000009c,00000098,00000098,275b0044,000000a0,0,00000,000f0f0f,xxxxxxxx,xxxxxxxx,00000000,00000000,000c0000,000c0000,0,00000,0,000c0000
21975000,1,000000a4,000000a0,0000009c,0000009c,00000098,275b0044,000000a4,0,00000,000ff0f0,xxxxxxxx,xxxxxxxx,00000000,00000000,0000000c,0000000c,0,00000,0,000c0000
21985000,1,000000a4,000000a0,000000a0,0000009c,0000009c,0360f809,000000a4,0,00000,000f0f0f,xxxxxxxx,xxxxxxxx,00000000,00000000,0000000c,0000000c,0,00000,0,000c0000
21995000,1,000000a8,000000a4,000000a0,000000a0,0000009c,0360f809,000000a8,0,00000,000ff0f0,xxxxxxxx,xxxxxxxx,00000000,00000000,00000050,00000050,0,00000,0,00000050
22005000,1,000000a8,000000a4,000000a0,000000a0,000000a0,24010008,000000a8,0,00000,000ff00f,xxxxxxxx,xxxxxxxx,00000000,00000000,00000050,00000050,0,00000,0,00000050
22015000,1,00000050,000000a8,000000a4,000000a0,000000a0,24010008,00000050,0,00000,000fff00,xxxxxxxx,xxxxxxxx,00000000,00000000,00000050,00000050,0,00000,0,00000050
22025000,1,00000050,000000a8,000000a8,000000a4,000000a0,00411821,00000050,0,00000,000f0ff0,xxxxxxxx,xxxxxxxx,00000000,00000000,000000ac,000000ac,0,00000,0,00000000
22035000,1,00000054,00000050,000000a8,000000a8,000000a4,00411821,00000054,0,00000,000ff0ff,xxxxxxxx,xxxxxxxx,00000000,00000000,00000008,00000008,0,00000,0,00000008
22045000,1,00000054,00000050,00000050,000000a8,000000a8,00022082,00000054,0,00000,000f0f0f,xxxxxxxx,xxxxxxxx,00000000,00000000,00000008,00000008,0,00000,0,00000008
22055000,1,00000058,00000054,00000050,00000050,000000a8,00022082,00000058,0,00000,000ff0f0,xxxxxxxx,xxxxxxxx,00000000,00000000,00000018,00000018,0,00000,0,00000008
22065000,1,00000058,00000054,00000054,00000050,00000050,28990005,00000058,0,00000,000f0f0f,xxxxxxxx,xxxxxxxx,00000000,00000000,00000018,00000018,0,00000,0,00000008
22075000,1,0000005c,00000058,00000054,00000054,00000050,28990005,0000005c,0,00000,000ff0f0,xxxxxxxx,xxxxxxxx,00000000,00000000,00000004,00000004,0,00000,0,00000010
22085000,1,0000005c,00000058,00000058,00000054,00000054,0721000e,0000005c,0,00000,000f0f0f,xxxxxxxx,xxxxxxxx,00000000,00000000,00000004,00000004,0,00000,0,00000010
22095000,1,00000060,0000005c,00000058,00000058,00000054,0721000e,00000060,0,00000,000ff0f0,xxxxxxxx,xxxxxxxx,00000000,00000000,00000001,00000001,0,00000,0,00000100
22105000,1,00000060,0000005c,00000058,00000058,00000058,00642823,00000060,0,00000,000ff00f,xxxxxxxx,xxxxxxxx,00000000,00000000,00000001,00000001,0,00000,0,00000100
22115000,1,00000098,00000060,0000005c,00000058,00000058,00642823,00000098,0,00000,000fff00,xxxxxxxx,xxxxxxxx,00000000,00000000,00000001,00000001,0,00000,0,00000100
22125000,1,00000098,00000060,00000060,0000005c,00000058,3c0c000c,00000098,0,00000,000f0ff0,xxxxxxxx,xxxxxxxx,00000000,00000000,00000000,00000000,0,00000,0,00000008
22135000,1,0000009c,00000098,00000060,00000060,0000005c,3c0c000c,0000009c,0,00000,000ff0ff,xxxxxxxx,xxxxxxxx,00000000,00000000,00000014,00000014,0,00000,0,00000004
22145000,1,0000009c,00000098,00000098,00000060,00000060,004cd007,0000009c,0,00000,000f0f0f,xxxxxxxx,xxxxxxxx,00000000,00000000,00000014,00000014,0,00000,0,00000004
22155000,1,000000a0,0000009c,00000098,00000098,00000060,004cd007,000000a0,0,00000,000ff0f0,xxxxxxxx,xxxxxxxx,00000000,00000000,000c0000,000c0000,0,00000,0,000c0000
22165000,1,000000a0,0000009c,0000009c,00000098,00000098,275b0044,000000a0,0,00000,000f0f0f,xxxxxxxx,xxxxxxxx,00000000,00000000,000c0000,000c0000,0,00000,0,000c0000
22175000,1,000000a4,000000a0,0000009c,0000009c,00000098,275b0044,000000a4,0,00000,000ff0f0,xxxxxxxx,xxxxxxxx,00000000,00000000,0000000c,0000000c,0,00000,0,000c0000
22185000,1,000000a4,000000a0,000000a0,0000009c,0000009c,0360f809,000000a4,0,00000,000f0f0f,xxxxxxxx,xxxxxxxx,00000000,00000000,0000000c,0000000c,0,00000,0,000c0000
22195000,1,000000a8,000000a4,000000a0,000000a0,0000009c,0360f809,000000a8,0,00000,000ff0f0,xxxxxxxx,xxxxxxxx,00000000,00000000,00000050,00000050,0,00000,0,00000050
22205000,1,000000a8,000000a4,000000a0,000000a0,000000a0,24010008,000000a8,0,00000,000ff00f,xxxxxxxx,xxxxxxxx,00000000,00000000,00000050,00000050,0,00000,0,00000050
22215000,1,00000050,000000a8,000000a4,000000a0,000000a0,24010008,00000050,0,00000,000fff00,xxxxxxxx,xxxxxxxx,00000000,00000000,00000050,00000050,0,00000,0,00000050
22225000,1,00000050,000000a8,000000a8,000000a4,000000a0,00411821,00000050,0,00000,000f0ff0,xxxxxxxx,xxxxxxxx,00000000,00000000,000000ac,000000ac,0,00000,0,00000000
22235000,1,00000054,00000050,000000a8,000000a8,000000a4,00411821,00000054,0,00000,000ff0ff,xxxxxxxx,xxxxxxxx,00000000,00000000,00000008,00000008,0,00000,0,00000008
22245000,1,00000054,00000050,00000050,000000a8,000000a8,00022082,00000054,0,00000,000f0f0f,xxxxxxxx,xxxxxxxx,00000000,00000000,00000008,00000008,0,00000,0,00000008
22255000,1,00000058,00000054,00000050,00000050,000000a8,00022082,00000058,0,00000,000ff0f0,xxxxxxxx,xxxxxxxx,00000000,00000000,00000018,00000018,0,00000,0,00000008
22265000,1,00000058,00000054,00000054,00000050,00000050,28990005,00000058,0,00000,000f0f0f,xxxxxxxx,xxxxxxxx,00000000,00000000,00000018,00000018,0,00000,0,00000008
22275000,1,0000005c,00000058,00000054,00000054,00000050,28990005,0000005c,0,00000,000ff0f0,xxxxxxxx,xxxxxxxx,00000000,00000000,00000004,00000004,0,00000,0,00000010
22285000,1,0000005c,00000058,00000058,00000054,00000054,0721000e,0000005c,0,00000,000f0f0f,xxxxxxxx,xxxxxxxx,00000000,00000000,00000004,00000004,0,00000,0,00000010
22295000,1,00000060,0000005c,00000058,00000058,00000054,0721000e,00000060,0,00000,000ff0f0,xxxxxxxx,xxxxxxxx,00000000,00000000,00000001,00000001,0,00000,0,00000100
22305000,1,00000060,0000005c,00000058,00000058,00000058,00642823,00000060,0,00000,000ff00f,xxxxxxxx,xxxxxxxx,00000000,00000000,00000001,00000001,0,00000,0,00000100
22315000,1,00000098,00000060,0000005c,00000058,00000058,00642823,00000098,0,00000,000fff00,xxxxxxxx,xxxxxxxx,00000000,00000000,00000001,00000001,0,00000,0,00000100
22325000,1,00000098,00000060,00000060,0000005c,00000058,3c0c000c,00000098,0,00000,000f0ff0,xxxxxxxx,xxxxxxxx,00000000,00000000,00000000,00000000,0,00000,0,00000008
22335000,1,0000009c,00000098,00000060,00000060,0000005c,3c0c000c,0000009c,0,00000,000ff0ff,xxxxxxxx,xxxxxxxx,00000000,00000000,00000014,00000014,0,00000,0,00000004
22345000,1,0000009c,00000098,00000098,00000060,00000060,004cd007,0000009c,0,00000,000f0f0f,xxxxxxxx,xxxxxxxx,00000000,00000000,00000014,00000014,0,00000,0,00000004
22355000,1,000000a0,0000009c,00000098,00000098,00000060,004cd007,000000a0,0,00000,000ff0f0,xxxxxxxx,xxxxxxxx,00000000,00000000,000c0000,000c0000,0,00000,0,000c0000
22365000,1,000000a0,0000009c,0000009c,00000098,00000098,275b0044,000000a0,0,00000,000f0f0f,xxxxxxxx,xxxxxxxx,00000000,00000000,000c0000,000c0000,0,00000,0,000c0000
22375000,1,000000a4,000000a0,0000009c,0000009c,00000098,275b0044,000000a4,0,00000,000ff0f0,xxxxxxxx,xxxxxxxx,00000000,00000000,0000000c,0000000c,0,00000,0,000c0000
22385000,1,000000a4,000000a0,000000a0,0000009c,0000009c,0360f809,000000a4,0,00000,000f0f0f,xxxxxxxx,xxxxxxxx,00000000,00000000,0000000c,0000000c,0,00000,0,000c0000
22395000,1,000000a8,000000a4,000000a0,000000a0,0000009c,0360f809,000000a8,0,00000,000ff0f0,xxxxxxxx,xxxxxxxx,00000000,00000000,00000050,00000050,0,00000,0,00000050
22405000,1,000000a8,000000a4,000000a0,000000a0,000000a0,24010008,000000a8,0,00000,000ff00f,xxxxxxxx,xxxxxxxx,00000000,00000000,00000050,00000050,0,00000,0,00000050
22415000,1,00000050,000000a8,000000a4,000000a0,000000a0,24010008,00000050,0,00000,000fff00,xxxxxxxx,xxxxxxxx,00000000,00000000,00000050,00000050,0,00000,0,00000050
22425000,1,00000050,000000a8,000000a8,000000a4,000000a0,00411821,00000050,0,00000,000f0ff0,xxxxxxxx,xxxxxxxx,00000000,00000000,000000ac,000000ac,0,00000,0,00000000
22435000,1,00000054,00000050,000000a8,000000a8,000000a4,00411821,00000054,0,00000,000ff0ff,xxxxxxxx,xxxxxxxx,00000000,00000000,00000008,00000008,0,00000,0,00000008
22445000,1,00000054,00000050,00000050,000000a8,000000a8,00022082,00000054,0,00000,000f0f0f,xxxxxxxx,xxxxxxxx,00000000,00000000,00000008,00000008,0,00000,0,00000008
22455000,1,00000058,00000054,00000050,00000050,000000a8,00022082,00000058,0,00000,000ff0f0,xxxxxxxx,xxxxxxxx,00000000,00000000,00000018,00000018,0,00000,0,00000008
22465000,1,00000058,00000054,00000054,00000050,00000050,28990005,00000058,0,00000,000f0f0f,xxxxxxxx,xxxxxxxx,00000000,00000000,00000018,00000018,0,00000,0,00000008
22475000,1,0000005c,00000058,00000054,00000054,00000050,28990005,0000005c,0,00000,000ff0f0,xxxxxxxx,xxxxxxxx,00000000,00000000,00000004,00000004,0,00000,0,00000010
22485000,1,0000005c,00000058,00000058,00000054,00000054,0721000e,0000005c,0,00000,000f0f0f,xxxxxxxx,xxxxxxxx,00000000,00000000,00000004,00000004,0,00000,0,00000010
22495000,1,00000060,0000005c,00000058,00000058,00000054,0721000e,00000060,0,00000,000ff0f0,xxxxxxxx,xxxxxxxx,00000000,00000000,00000001,00000001,0,00000,0,00000100
22505000,1,00000060,0000005c,00000058,00000058,00000058,00642823,00000060,0,00000,000ff00f,xxxxxxxx,xxxxxxxx,00000000,00000000,00000001,00000001,0,00000,0,00000100
22515000,1,00000098,00000060,0000005c,00000058,00000058,00642823,00000098,0,00000,000fff00,xxxxxxxx,xxxxxxxx,00000000,00000000,00000001,00000001,0,00000,0,00000100
22525000,1,00000098,00000060,00000060,0000005c,00000058,3c0c000c,00000098,0,00000,000f0ff0,xxxxxxxx,xxxxxxxx,00000000,00000000,00000000,00000000,0,00000,0,00000008
22535000,1,0000009c,00000098,00000060,00000060,0000005c,3c0c000c,0000009c,0,00000,000ff0ff,xxxxxxxx,xxxxxxxx,00000000,00000000,00000014,00000014,0,00000,0,00000004
22545000,1,0000009c,00000098,00000098,00000060,00000060,004cd007,0000009c,0,00000,000f0f0f,xxxxxxxx,xxxxxxxx,00000000,00000000,00000014,00000014,0,00000,0,00000004
22555000,1,000000a0,0000009c,00000098,00000098,00000060,004cd007,000000a0,0,00000,000ff0f0,xxxxxxxx,xxxxxxxx,00000000,00000000,000c0000,000c0000,0,00000,0,000c0000
22565000,1,000000a0,0000009c,0000009c,00000098,00000098,275b0044,000000a0,0,00000,000f0f0f,xxxxxxxx,xxxxxxxx,00000000,00000000,000c0000,000c0000,0,00000,0,000c0000
22575000,1,000000a4,000000a0,0000009c,0000009c,00000098,275b0044,000000a4,0,00000,000ff0f0,xxxxxxxx,xxxxxxxx,00000000,00000000,0000000c,0000000c,0,00000,0,000c0000
22585000,1,000000a4,000000a0,000000a0,0000009c,0000009c,0360f809,000000a4,0,00000,000f0f0f,xxxxxxxx,xxxxxxxx,00000000,00000000,0000000c,0000000c,0,00000,0,000c0000
22595000,1,000000a8,000000a4,000000a0,000000a0,0000009c,0360f809,000000a8,0,00000,000ff0f0,xxxxxxxx,xxxxxxxx,00000000,00000000,00000050,00000050,0,00000,0,00000050
22605000,1,000000a8,000000a4,000000a0,000000a0,000000a0,24010008,000000a8,0,00000,000ff00f,xxxxxxxx,xxxxxxxx,00000000,00000000,00000050,00000050,0,00000,0,00000050
22615000,1,00000050,000000a8,000000a4,000000a0,000000a0,24010008,00000050,0,00000,000fff00,xxxxxxxx,xxxxxxxx,00000000,00000000,00000050,00000050,0,00000,0,00000050
22625000,1,00000050,000000a8,000000a8,000000a4,000000a0,00411821,00000050,0,00000,000f0ff0,xxxxxxxx,xxxxxxxx,00000000,00000000,000000ac,000000ac,0,00000,0,00000000
22635000,1,00000054,00000050,000000a8,000000a8,000000a4,00411821,00000054,0,00000,000ff0ff,xxxxxxxx,xxxxxxxx,00000000,00000000,00000008,00000008,0,00000,0,00000008
22645000,1,00000054,00000050,00000050,000000a8,000000a8,00022082,00000054,0,00000,000f0f0f,xxxxxxxx,xxxxxxxx,00000000,00000000,00000008,00000008,0,00000,0,00000008
22655000,1,00000058,00000054,00000050,00000050,000000a8,00022082,00000058,0,00000,000ff0f0,xxxxxxxx,xxxxxxxx,00000000,00000000,00000018,00000018,0,00000,0,00000008
22665000,1,00000058,00000054,00000054,00000050,00000050,28990005,00000058,0,00000,000f0f0f,xxxxxxxx,xxxxxxxx,00000000,00000000,00000018,00000018,0,00000,0,00000008
22675000,1,0000005c,00000058,00000054,00000054,00000050,28990005,0000005c,0,00000,000ff0f0,xxxxxxxx,xxxxxxxx,00000000,00000000,00000004,00000004,0,00000,0,00000010
22685000,1,0000005c,00000058,00000058,00000054,00000054,0721000e,0000005c,0,00000,000f0f0f,xxxxxxxx,xxxxxxxx,00000000,00000000,00000004,00000004,0,00000,0,00000010
22695000,1,00000060,0000005c,00000058,00000058,00000054,0721000e,00000060,0,00000,000ff0f0,xxxxxxxx,xxxxxxxx,00000000,00000000,00000001,00000001,0,00000,0,00000100
22705000,1,00000060,0000005c,00000058,00000058,00000058,00642823,00000060,0,00000,000ff00f,xxxxxxxx,xxxxxxxx,00000000,00000000,00000001,00000001,0,00000,0,00000100
22715000,1,00000098,00000060,0000005c,00000058,00000058,00642823,00000098,0,00000,000fff00,xxxxxxxx,xxxxxxxx,00000000,00000000,00000001,00000001,0,00000,0,00000100
22725000,1,00000098,00000060,00000060,0000005c,00000058,3c0c000c,00000098,0,00000,000f0ff0,xxxxxxxx,xxxxxxxx,00000000,00000000,00000000,00000000,0,00000,0,00000008
22735000,1,0000009c,00000098,00000060,00000060,0000005c,3c0c000c,0000009c,0,00000,000ff0ff,xxxxxxxx,xxxxxxxx,00000000,00000000,00000014,00000014,0,00000,0,00000004
22745000,1,0000009c,00000098,00000098,00000060,00000060,004cd007,0000009c,0,00000,000f0f0f,xxxxxxxx,xxxxxxxx,00000000,00000000,00000014,00000014,0,00000,0,00000004
22755000,1,000000a0,0000009c,00000098,00000098,00000060,004cd007,000000a0,0,00000,000ff0f0,xxxxxxxx,xxxxxxxx,00000000,00000000,000c0000,000c0000,0,00000,0,000c0000
22765000,1,000000a0,0000009c,0000009c,00000098,00000098,275b0044,000000a0,0,00000,000f0f0f,xxxxxxxx,xxxxxxxx,00000000,00000000,000c0000,000c0000,0,00000,0,000c0000
22775000,1,000000a4,000000a0,0000009c,0000009c,00000098,275b0044,000000a4,0,00000,000ff0f0,xxxxxxxx,xxxxxxxx,00000000,00000000,0000000c,0000000c,0,00000,0,000c0000
22785000,1,000000a4,000000a0,000000a0,0000009c,0000009c,0360f809,000000a4,0,00000,000f0f0f,xxxxxxxx,xxxxxxxx,00000000,00000000,0000000c,0000000c,0,00000,0,000c0000
22795000,1,000000a8,000000a4,000000a0,000000a0,0000009c,0360f809,000000a8,0,00000,000ff0f0,xxxxxxxx,xxxxxxxx,00000000,00000000,00000050,00000050,0,00000,0,00000050
22805000,1,000000a8,000000a4,000000a0,000000a0,000000a0,24010008,000000a8,0,00000,000ff00f,xxxxxxxx,xxxxxxxx,00000000,00000000,00000050,00000050,0,00000,0,00000050
22815000,1,00000050,000000a8,000000a4,000000a0,000000a0,24010008,00000050,0,00000,000fff00,xxxxxxxx,xxxxxxxx,00000000,00000000,00000050,00000050,0,00000,0,00000050
22825000,1,00000050,000000a8,000000a8,000000a4,000000a0,00411821,00000050,0,00000,000f0ff0,xxxxxxxx,xxxxxxxx,00000000,00000000,000000ac,000000ac,0,00000,0,00000000
22835000,1,00000054,00000050,000000a8,000000a8,000000a4,00411821,00000054,0,00000,000ff0ff,xxxxxxxx,xxxxxxxx,00000000,00000000,00000008,00000008,0,00000,0,00000008
22845000,1,00000054,00000050,00000050,000000a8,000000a8,00022082,00000054,0,00000,000f0f0f,xxxxxxxx,xxxxxxxx,00000000,00000000,00000008,00000008,0,00000,0,00000008
22855000,1,00000058,00000054,00000050,00000050,000000a8,00022082,00000058,0,00000,000ff0f0,xxxxxxxx,xxxxxxxx,00000000,00000000,00000018,00000018,0,00000,0,00000008
22865000,1,00000058,00000054,00000054,00000050,00000050,28990005,00000058,0,00000,000f0f0f,xxxxxxxx,xxxxxxxx,00000000,00000000,00000018,00000018,0,00000,0,00000008
22875000,1,0000005c,00000058,00000054,00000054,00000050,28990005,0000005c,0,00000,000ff0f0,xxxxxxxx,xxxxxxxx,00000000,00000000,00000004,00000004,0,00000,0,00000010
22885000,1,0000005c,00000058,00000058,00000054,00000054,0721000e,0000005c,0,00000,000f0f0f,xxxxxxxx,xxxxxxxx,00000000,00000000,00000004,00000004,0,00000,0,00000010
22895000,1,00000060,0000005c,00000058,00000058,00000054,0721000e,00000060,0,00000,000ff0f0,xxxxxxxx,xxxxxxxx,00000000,00000000,00000001,00000001,0,00000,0,00000100
22905000,1,00000060,0000005c,00000058,00000058,00000058,00642823,00000060,0,00000,000ff00f,xxxxxxxx,xxxxxxxx,00000000,00000000,00000001,00000001,0,00000,0,00000100
22915000,1,00000098,00000060,0000005c,00000058,00000058,00642823,00000098,0,00000,000fff00,xxxxxxxx,xxxxxxxx,00000000,00000000,00000001,00000001,0,00000,0,00000100
22925000,1,00000098,00000060,00000060,0000005c,00000058,3c0c000c,00000098,0,00000,000f0ff0,xxxxxxxx,xxxxxxxx,00000000,00000000,00000000,00000000,0,00000,0,00000008
22935000,1,0000009c,00000098,00000060,00000060,0000005c,3c0c000c,0000009c,0,00000,000ff0ff,xxxxxxxx,xxxxxxxx,00000000,00000000,00000014,00000014,0,00000,0,00000004
22945000,1,0000009c,00000098,00000098,00000060,00000060,004cd007,0000009c,0,00000,000f0f0f,xxxxxxxx,xxxxxxxx,00000000,00000000,00000014,00000014,0,00000,0,00000004
22955000,1,000000a0,0000009c,00000098,00000098,00000060,004cd007,000000a0,0,00000,000ff0f0,xxxxxxxx,xxxxxxxx,00000000,00000000,000c0000,000c0000,0,00000,0,000c0000
22965000,1,000000a0,0000009c,0000009c,00000098,00000098,275b0044,000000a0,0,00000,000f0f0f,xxxxxxxx,xxxxxxxx,00000000,00000000,000c0000,000c0000,0,00000,0,000c0000
22975000,1,000000a4,000000a0,0000009c,0000009c,00000098,275b0044,000000a4,0,00000,000ff0f0,xxxxxxxx,xxxxxxxx,00000000,00000000,0000000c,0000000c,0,00000,0,000c0000
22985000,1,000000a4,000000a0,000000a0,0000009c,0000009c,0360f809,000000a4,0,00000,000f0f0f,xxxxxxxx,xxxxxxxx,00000000,00000000,0000000c,0000000c,0,00000,0,000c0000
22995000,1,000000a8,000000a4,000000a0,000000a0,0000009c,0360f809,000000a8,0,00000,000ff0f0,xxxxxxxx,xxxxxxxx,00000000,00000000,00000050,00000050,0,00000,0,00000050
23005000,1,000000a8,000000a4,000000a0,000000a0,000000a0,24010008,000000a8,0,00000,000ff00f,xxxxxxxx,xxxxxxxx,00000000,00000000,00000050,00000050,0,00000,0,00000050
23015000,1,00000050,000000a8,000000a4,000000a0,000000a0,24010008,00000050,0,00000,000fff00,xxxxxxxx,xxxxxxxx,00000000,00000000,00000050,00000050,0,00000,0,00000050
23025000,1,00000050,000000a8,000000a8,000000a4,000000a0,00411821,00000050,0,00000,000f0ff0,xxxxxxxx,xxxxxxxx,00000000,00000000,000000ac,000000ac,0,00000,0,00000000
23035000,1,00000054,00000050,000000a8,000000a8,000000a4,00411821,00000054,0,00000,000ff0ff,xxxxxxxx,xxxxxxxx,00000000,00000000,00000008,00000008,0,00000,0,00000008
23045000,1,00000054,00000050,00000050,000000a8,000000a8,00022082,00000054,0,00000,000f0f0f,xxxxxxxx,xxxxxxxx,00000000,00000000,00000008,00000008,0,00000,0,00000008
23055000,1,00000058,00000054,00000050,00000050,000000a8,00022082,00000058,0,00000,000ff0f0,xxxxxxxx,xxxxxxxx,00000000,00000000,00000018,00000018,0,00000,0,00000008
23065000,1,00000058,00000054,00000054,00000050,00000050,28990005,00000058,0,00000,000f0f0f,xxxxxxxx,xxxxxxxx,00000000,00000000,00000018,00000018,0,00000,0,00000008
23075000,1,0000005c,00000058,00000054,00000054,00000050,28990005,0000005c,0,00000,000ff0f0,xxxxxxxx,xxxxxxxx,00000000,00000000,00000004,00000004,0,00000,0,00000010
23085000,1,0000005c,00000058,00000058,00000054,00000054,0721000e,0000005c,0,00000,000f0f0f,xxxxxxxx,xxxxxxxx,00000000,00000000,00000004,00000004,0,00000,0,00000010
23095000,1,00000060,0000005c,00000058,00000058,00000054,0721000e,00000060,0,00000,000ff0f0,xxxxxxxx,xxxxxxxx,00000000,00000000,00000001,00000001,0,00000,0,00000100
23105000,1,00000060,0000005c,00000058,00000058,00000058,00642823,00000060,0,00000,000ff00f,xxxxxxxx,xxxxxxxx,00000000,00000000,00000001,00000001,0,00000,0,00000100
23115000,1,00000098,00000060,0000005c,00000058,00000058,00642823,00000098,0,00000,000fff00,xxxxxxxx,xxxxxxxx,00000000,00000000,00000001,00000001,0,00000,0,00000100
23125000,1,00000098,00000060,00000060,0000005c,00000058,3c0c000c,00000098,0,00000,000f0ff0,xxxxxxxx,xxxxxxxx,00000000,00000000,00000000,00000000,0,00000,0,00000008
23135000,1,0000009c,00000098,00000060,00000060,0000005c,3c0c000c,0000009c,0,00000,000ff0ff,xxxxxxxx,xxxxxxxx,00000000,00000000,00000014,00000014,0,00000,0,00000004
23145000,1,0000009c,00000098,00000098,00000060,00000060,004cd007,0000009c,0,00000,000f0f0f,xxxxxxxx,xxxxxxxx,00000000,00000000,00000014,00000014,0,00000,0,00000004
23155000,1,000000a0,0000009c,00000098,00000098,00000060,004cd007,000000a0,0,00000,000ff0f0,xxxxxxxx,xxxxxxxx,00000000,00000000,000c0000,000c0000,0,00000,0,000c0000
23165000,1,000000a0,0000009c,0000009c,00000098,00000098,275b0044,000000a0,0,00000,000f0f0f,xxxxxxxx,xxxxxxxx,00000000,00000000,000c0000,000c0000,0,00000,0,000c0000
23175000,1,000000a4,000000a0,0000009c,0000009c,00000098,275b0044,000000a4,0,00000,000ff0f0,xxxxxxxx,xxxxxxxx,00000000,00000000,0000000c,0000000c,0,00000,0,000c0000
23185000,1,000000a4,000000a0,000000a0,0000009c,0000009c,0360f809,000000a4,0,00000,000f0f0f,xxxxxxxx,xxxxxxxx,00000000,00000000,0000000c,0000000c,0,00000,0,000c0000
23195000,1,000000a8,000000a4,000000a0,000000a0,0000009c,0360f809,000000a8,0,00000,000ff0f0,xxxxxxxx,xxxxxxxx,00000000,00000000,00000050,00000050,0,00000,0,00000050
23205000,1,000000a8,000000a4,000000a0,000000a0,000000a0,24010008,000000a8,0,00000,000ff00f,xxxxxxxx,xxxxxxxx,00000000,00000000,00000050,00000050,0,00000,0,00000050
23215000,1,00000050,000000a8,000000a4,000000a0,000000a0,24010008,00000050,0,00000,000fff00,xxxxxxxx,xxxxxxxx,00000000,00000000,00000050,00000050,0,00000,0,00000050
23225000,1,00000050,000000a8,000000a8,000000a4,000000a0,00411821,00000050,0,00000,000f0ff0,xxxxxxxx,xxxxxxxx,00000000,00000000,000000ac,000000ac,0,00000,0,00000000
23235000,1,00000054,00000050,000000a8,000000a8,000000a4,00411821,00000054,0,00000,000ff0ff,xxxxxxxx,xxxxxxxx,00000000,00000000,00000008,00000008,0,00000,0,00000008
23245000,1,00000054,00000050,00000050,000000a8,000000a8,00022082,00000054,0,00000,000f0f0f,xxxxxxxx,xxxxxxxx,00000000,00000000,00000008,00000008,0,00000,0,00000008
23255000,1,00000058,00000054,00000050,00000050,000000a8,00022082,00000058,0,00000,000ff0f0,xxxxxxxx,xxxxxxxx,00000000,00000000,00000018,00000018,0,00000,0,00000008
23265000,1,00000058,00000054,00000054,00000050,00000050,28990005,00000058,0,00000,000f0f0f,xxxxxxxx,xxxxxxxx,00000000,00000000,00000018,00000018,0,00000,0,00000008
23275000,1,0000005c,00000058,00000054,00000054,00000050,28990005,0000005c,0,00000,000ff0f0,xxxxxxxx,xxxxxxxx,00000000,00000000,00000004,00000004,0,00000,0,00000010
23285000,1,0000005c,00000058,00000058,00000054,00000054,0721000e,0000005c,0,00000,000f0f0f,xxxxxxxx,xxxxxxxx,00000000,00000000,00000004,00000004,0,00000,0,00000010
23295000,1,00000060,0000005c,00000058,00000058,00000054,0721000e,00000060,0,00000,000ff0f0,xxxxxxxx,xxxxxxxx,00000000,00000000,00000001,00000001,0,00000,0,00000100
23305000,1,00000060,0000005c,00000058,00000058,00000058,00642823,00000060,0,00000,000ff00f,xxxxxxxx,xxxxxxxx,00000000,00000000,00000001,00000001,0,00000,0,00000100
23315000,1,00000098,00000060,0000005c,00000058,00000058,00642823,00000098,0,00000,000fff00,xxxxxxxx,xxxxxxxx,00000000,00000000,00000001,00000001,0,00000,0,00000100
23325000,1,00000098,00000060,00000060,0000005c,00000058,3c0c000c,00000098,0,00000,000f0ff0,xxxxxxxx,xxxxxxxx,00000000,00000000,00000000,00000000,0,00000,0,00000008
23335000,1,0000009c,00000098,00000060,00000060,0000005c,3c0c000c,0000009c,0,00000,000ff0ff,xxxxxxxx,xxxxxxxx,00000000,00000000,00000014,00000014,0,00000,0,00000004
23345000,1,0000009c,00000098,00000098,00000060,00000060,004cd007,0000009c,0,00000,000f0f0f,xxxxxxxx,xxxxxxxx,00000000,00000000,00000014,00000014,0,00000,0,00000004
23355000,1,000000a0,0000009c,00000098,00000098,00000060,004cd007,000000a0,0,00000,000ff0f0,xxxxxxxx,xxxxxxxx,00000000,00000000,000c0000,000c0000,0,00000,0,000c0000
23365000,1,000000a0,0000009c,0000009c,00000098,00000098,275b0044,000000a0,0,00000,000f0f0f,xxxxxxxx,xxxxxxxx,00000000,00000000,000c0000,000c0000,0,00000,0,000c0000
23375000,1,000000a4,000000a0,0000009c,0000009c,00000098,275b0044,000000a4,0,00000,000ff0f0,xxxxxxxx,xxxxxxxx,00000000,00000000,0000000c,0000000c,0,00000,0,000c0000
23385000,1,000000a4,000000a0,000000a0,0000009c,0000009c,0360f809,000000a4,0,00000,000f0f0f,xxxxxxxx,xxxxxxxx,00000000,00000000,0000000c,0000000c,0,00000,0,000c0000
23395000,1,000000a8,000000a4,000000a0,000000a0,0000009c,0360f809,000000a8,0,00000,000ff0f0,xxxxxxxx,xxxxxxxx,00000000,00000000,00000050,00000050,0,00000,0,00000050
23405000,1,000000a8,000000a4,000000a0,000000a0,000000a0,24010008,000000a8,0,00000,000ff00f,xxxxxxxx,xxxxxxxx,00000000,00000000,00000050,00000050,0,00000,0,00000050
23415000,1,00000050,000000a8,000000a4,000000a0,000000a0,24010008,00000050,0,00000,000fff00,xxxxxxxx,xxxxxxxx,00000000,00000000,00000050,00000050,0,00000,0,00000050
23425000,1,00000050,000000a8,000000a8,000000a4,000000a0,00411821,00000050,0,00000,000f0ff0,xxxxxxxx,xxxxxxxx,00000000,00000000,000000ac,000000ac,0,00000,0,00000000
23435000,1,00000054,00000050,000000a8,000000a8,000000a4,00411821,00000054,0,00000,000ff0ff,xxxxxxxx,xxxxxxxx,00000000,00000000,00000008,00000008,0,00000,0,00000008
23445000,1,00000054,00000050,00000050,000000a8,000000a8,00022082,00000054,0,00000,000f0f0f,xxxxxxxx,xxxxxxxx,00000000,00000000,00000008,00000008,0,00000,0,00000008
23455000,1,00000058,00000054,00000050,00000050,000000a8,00022082,00000058,0,00000,000ff0f0,xxxxxxxx,xxxxxxxx,00000000,00000000,00000018,00000018,0,00000,0,00000008
23465000,1,00000058,00000054,00000054,00000050,00000050,28990005,00000058,0,00000,000f0f0f,xxxxxxxx,xxxxxxxx,00000000,00000000,00000018,00000018,0,00000,0,00000008
23475000,1,0000005c,00000058,00000054,00000054,00000050,28990005,0000005c,0,00000,000ff0f0,xxxxxxxx,xxxxxxxx,00000000,00000000,00000004,00000004,0,00000,0,00000010
23485000,1,0000005c,00000058,00000058,00000054,00000054,0721000e,0000005c,0,00000,000f0f0f,xxxxxxxx,xxxxxxxx,00000000,00000000,00000004,00000004,0,00000,0,00000010
23495000,1,00000060,0000005c,00000058,00000058,00000054,0721000e,00000060,0,00000,000ff0f0,xxxxxxxx,xxxxxxxx,00000000,00000000,00000001,00000001,0,00000,0,00000100
23505000,1,00000060,0000005c,00000058,00000058,00000058,00642823,00000060,0,00000,000ff00f,xxxxxxxx,xxxxxxxx,00000000,00000000,00000001,00000001,0,00000,0,00000100
23515000,1,00000098,00000060,0000005c,00000058,00000058,00642823,00000098,0,00000,000fff00,xxxxxxxx,xxxxxxxx,00000000,00000000,00000001,00000001,0,00000,0,00000100
23525000,1,00000098,00000060,00000060,0000005c,00000058,3c0c000c,00000098,0,00000,000f0ff0,xxxxxxxx,xxxxxxxx,00000000,00000000,00000000,00000000,0,00000,0,00000008
23535000,1,0000009c,00000098,00000060,00000060,0000005c,3c0c000c,0000009c,0,00000,000ff0ff,xxxxxxxx,xxxxxxxx,00000000,00000000,00000014,00000014,0,00000,0,00000004
23545000,1,0000009c,00000098,00000098,00000060,00000060,004cd007,0000009c,0,00000,000f0f0f,xxxxxxxx,xxxxxxxx,00000000,00000000,00000014,00000014,0,00000,0,00000004
23555000,1,000000a0,0000009c,00000098,00000098,00000060,004cd007,000000a0,0,00000,000ff0f0,xxxxxxxx,xxxxxxxx,00000000,00000000,000c0000,000c0000,0,00000,0,000c0000
23565000,1,000000a0,0000009c,0000009c,00000098,00000098,275b0044,000000a0,0,00000,000f0f0f,xxxxxxxx,xxxxxxxx,00000000,00000000,000c0000,000c0000,0,00000,0,000c0000
23575000,1,000000a4,000000a0,0000009c,0000009c,00000098,275b0044,000000a4,0,00000,000ff0f0,xxxxxxxx,xxxxxxxx,00000000,00000000,0000000c,0000000c,0,00000,0,000c0000
23585000,1,000000a4,000000a0,000000a0,0000009c,0000009c,0360f809,000000a4,0,00000,000f0f0f,xxxxxxxx,xxxxxxxx,00000000,00000000,0000000c,0000000c,0,00000,0,000c0000
23595000,1,000000a8,000000a4,000000a0,000000a0,0000009c,0360f809,000000a8,0,00000,000ff0f0,xxxxxxxx,xxxxxxxx,00000000,00000000,00000050,00000050,0,00000,0,00000050
23605000,1,000000a8,000000a4,000000a0,000000a0,000000a0,24010008,000000a8,0,00000,000ff00f,xxxxxxxx,xxxxxxxx,00000000,00000000,00000050,00000050,0,00000,0,00000050
23615000,1,00000050,000000a8,000000a4,000000a0,000000a0,24010008,00000050,0,00000,000fff00,xxxxxxxx,xxxxxxxx,00000000,00000000,00000050,00000050,0,00000,0,00000050
23625000,1,00000050,000000a8,000000a8,000000a4,000000a0,00411821,00000050,0,00000,000f0ff0,xxxxxxxx,xxxxxxxx,00000000,00000000,000000ac,000000ac,0,00000,0,00000000
23635000,1,00000054,00000050,000000a8,000000a8,000000a4,00411821,00000054,0,00000,000ff0ff,xxxxxxxx,xxxxxxxx,00000000,00000000,00000008,00000008,0,00000,0,00000008
23645000,1,00000054,00000050,00000050,000000a8,000000a8,00022082,00000054,0,00000,000f0f0f,xxxxxxxx,xxxxxxxx,00000000,00000000,00000008,00000008,0,00000,0,00000008
23655000,1,00000058,00000054,00000050,00000050,000000a8,00022082,00000058,0,00000,000ff0f0,xxxxxxxx,xxxxxxxx,00000000,00000000,00000018,00000018,0,00000,0,00000008
23665000,1,00000058,00000054,00000054,00000050,00000050,28990005,00000058,0,00000,000f0f0f,xxxxxxxx,xxxxxxxx,00000000,00000000,00000018,00000018,0,00000,0,00000008
23675000,1,0000005c,00000058,00000054,00000054,00000050,28990005,0000005c,0,00000,000ff0f0,xxxxxxxx,xxxxxxxx,00000000,00000000,00000004,00000004,0,00000,0,00000010
23685000,1,0000005c,00000058,00000058,00000054,00000054,0721000e,0000005c,0,00000,000f0f0f,xxxxxxxx,xxxxxxxx,00000000,00000000,00000004,00000004,0,00000,0,00000010
23695000,1,00000060,0000005c,00000058,00000058,00000054,0721000e,00000060,0,00000,000ff0f0,xxxxxxxx,xxxxxxxx,00000000,00000000,00000001,00000001,0,00000,0,00000100
23705000,1,00000060,0000005c,00000058,00000058,00000058,00642823,00000060,0,00000,000ff00f,xxxxxxxx,xxxxxxxx,00000000,00000000,00000001,00000001,0,00000,0,00000100
23715000,1,00000098,00000060,0000005c,00000058,00000058,00642823,00000098,0,00000,000fff00,xxxxxxxx,xxxxxxxx,00000000,00000000,00000001,00000001,0,00000,0,00000100
23725000,1,00000098,00000060,00000060,0000005c,00000058,3c0c000c,00000098,0,00000,000f0ff0,xxxxxxxx,xxxxxxxx,00000000,00000000,00000000,00000000,0,00000,0,00000008
23735000,1,0000009c,00000098,00000060,00000060,0000005c,3c0c000c,0000009c,0,00000,000ff0ff,xxxxxxxx,xxxxxxxx,00000000,00000000,00000014,00000014,0,00000,0,00000004
23745000,1,0000009c,00000098,00000098,00000060,00000060,004cd007,0000009c,0,00000,000f0f0f,xxxxxxxx,xxxxxxxx,00000000,00000000,00000014,00000014,0,00000,0,00000004
23755000,1,000000a0,0000009c,00000098,00000098,00000060,004cd007,000000a0,0,00000,000ff0f0,xxxxxxxx,xxxxxxxx,00000000,00000000,000c0000,000c0000,0,00000,0,000c0000
23765000,1,000000a0,0000009c,0000009c,00000098,00000098,275b0044,000000a0,0,00000,000f0f0f,xxxxxxxx,xxxxxxxx,00000000,00000000,000c0000,000c0000,0,00000,0,000c0000
23775000,1,000000a4,000000a0,0000009c,0000009c,00000098,275b0044,000000a4,0,00000,000ff0f0,xxxxxxxx,xxxxxxxx,00000000,00000000,0000000c,0000000c,0,00000,0,000c0000
23785000,1,000000a4,000000a0,000000a0,0000009c,0000009c,0360f809,000000a4,0,00000,000f0f0f,xxxxxxxx,xxxxxxxx,00000000,00000000,0000000c,0000000c,0,00000,0,000c0000
23795000,1,000000a8,000000a4,000000a0,000000a0,0000009c,0360f809,000000a8,0,00000,000ff0f0,xxxxxxxx,xxxxxxxx,00000000,00000000,00000050,00000050,0,00000,0,00000050
23805000,1,000000a8,000000a4,000000a0,000000a0,000000a0,24010008,000000a8,0,00000,000ff00f,xxxxxxxx,xxxxxxxx,00000000,00000000,00000050,00000050,0,00000,0,00000050
23815000,1,00000050,000000a8,000000a4,000000a0,000000a0,24010008,00000050,0,00000,000fff00,xxxxxxxx,xxxxxxxx,00000000,00000000,00000050,00000050,0,00000,0,00000050
23825000,1,00000050,000000a8,000000a8,000000a4,000000a0,00411821,00000050,0,00000,000f0ff0,xxxxxxxx,xxxxxxxx,00000000,00000000,000000ac,000000ac,0,00000,0,00000000
23835000,1,00000054,00000050,000000a8,000000a8,000000a4,00411821,00000054,0,00000,000ff0ff,xxxxxxxx,xxxxxxxx,00000000,00000000,00000008,00000008,0,00000,0,00000008
23845000,1,00000054,00000050,00000050,000000a8,000000a8,00022082,00000054,0,00000,000f0f0f,xxxxxxxx,xxxxxxxx,00000000,00000000,00000008,00000008,0,00000,0,00000008
23855000,1,00000058,00000054,00000050,00000050,000000a8,00022082,00000058,0,00000,000ff0f0,xxxxxxxx,xxxxxxxx,00000000,00000000,00000018,00000018,0,00000,0,00000008
23865000,1,00000058,00000054,00000054,00000050,00000050,28990005,00000058,0,00000,000f0f0f,xxxxxxxx,xxxxxxxx,00000000,00000000,00000018,00000018,0,00000,0,00000008
23875000,1,0000005c,00000058,00000054,00000054,00000050,28990005,0000005c,0,00000,000ff0f0,xxxxxxxx,xxxxxxxx,00000000,00000000,00000004,00000004,0,00000,0,00000010
23885000,1,0000005c,00000058,00000058,00000054,00000054,0721000e,0000005c,0,00000,000f0f0f,xxxxxxxx,xxxxxxxx,00000000,00000000,00000004,00000004,0,00000,0,00000010
23895000,1,00000060,0000005c,00000058,00000058,00000054,0721000e,00000060,0,00000,000ff0f0,xxxxxxxx,xxxxxxxx,00000000,00000000,00000001,00000001,0,00000,0,00000100
23905000,1,00000060,0000005c,00000058,00000058,00000058,00642823,00000060,0,00000,000ff00f,xxxxxxxx,xxxxxxxx,00000000,00000000,00000001,00000001,0,00000,0,00000100
23915000,1,00000098,00000060,0000005c,00000058,00000058,00642823,00000098,0,00000,000fff00,xxxxxxxx,xxxxxxxx,00000000,00000000,00000001,00000001,0,00000,0,00000100
23925000,1,00000098,00000060,00000060,0000005c,00000058,3c0c000c,00000098,0,00000,000f0ff0,xxxxxxxx,xxxxxxxx,00000000,00000000,00000000,00000000,0,00000,0,00000008
23935000,1,0000009c,00000098,00000060,00000060,0000005c,3c0c000c,0000009c,0,00000,000ff0ff,xxxxxxxx,xxxxxxxx,00000000,00000000,00000014,00000014,0,00000,0,00000004
23945000,1,0000009c,00000098,00000098,00000060,00000060,004cd007,0000009c,0,00000,000f0f0f,xxxxxxxx,xxxxxxxx,00000000,00000000,00000014,00000014,0,00000,0,00000004
23955000,1,000000a0,0000009c,00000098,00000098,00000060,004cd007,000000a0,0,00000,000ff0f0,xxxxxxxx,xxxxxxxx,00000000,00000000,000c0000,000c0000,0,00000,0,000c0000
23965000,1,000000a0,0000009c,0000009c,00000098,00000098,275b0044,000000a0,0,00000,000f0f0f,xxxxxxxx,xxxxxxxx,00000000,00000000,000c0000,000c0000,0,00000,0,000c0000
23975000,1,000000a4,000000a0,0000009c,0000009c,00000098,275b0044,000000a4,0,00000,000ff0f0,xxxxxxxx,xxxxxxxx,00000000,00000000,0000000c,0000000c,0,00000,0,000c0000
23985000,1,000000a4,000000a0,000000a0,0000009c,0000009c,0360f809,000000a4,0,00000,000f0f0f,xxxxxxxx,xxxxxxxx,00000000,00000000,0000000c,0000000c,0,00000,0,000c0000
23995000,1,000000a8,000000a4,000000a0,000000a0,0000009c,0360f809,000000a8,0,00000,000ff0f0,xxxxxxxx,xxxxxxxx,00000000,00000000,00000050,00000050,0,00000,0,00000050
24005000,1,000000a8,000000a4,000000a0,000000a0,000000a0,24010008,000000a8,0,00000,000ff00f,xxxxxxxx,xxxxxxxx,00000000,00000000,00000050,00000050,0,00000,0,00000050
24015000,1,00000050,000000a8,000000a4,000000a0,000000a0,24010008,00000050,0,00000,000fff00,xxxxxxxx,xxxxxxxx,00000000,00000000,00000050,00000050,0,00000,0,00000050
24025000,1,00000050,000000a8,000000a8,000000a4,000000a0,00411821,00000050,0,00000,000f0ff0,xxxxxxxx,xxxxxxxx,00000000,00000000,000000ac,000000ac,0,00000,0,00000000
24035000,1,00000054,00000050,000000a8,000000a8,000000a4,00411821,00000054,0,00000,000ff0ff,xxxxxxxx,xxxxxxxx,00000000,00000000,00000008,00000008,0,00000,0,00000008
24045000,1,00000054,00000050,00000050,000000a8,000000a8,00022082,00000054,0,00000,000f0f0f,xxxxxxxx,xxxxxxxx,00000000,00000000,00000008,00000008,0,00000,0,00000008
24055000,1,00000058,00000054,00000050,00000050,000000a8,00022082,00000058,0,00000,000ff0f0,xxxxxxxx,xxxxxxxx,00000000,00000000,00000018,00000018,0,00000,0,00000008
24065000,1,00000058,00000054,00000054,00000050,00000050,28990005,00000058,0,00000,000f0f0f,xxxxxxxx,xxxxxxxx,00000000,00000000,00000018,00000018,0,00000,0,00000008
24075000,1,0000005c,00000058,00000054,00000054,00000050,28990005,0000005c,0,00000,000ff0f0,xxxxxxxx,xxxxxxxx,00000000,00000000,00000004,00000004,0,00000,0,00000010
24085000,1,0000005c,00000058,00000058,00000054,00000054,0721000e,0000005c,0,00000,000f0f0f,xxxxxxxx,xxxxxxxx,00000000,00000000,00000004,00000004,0,00000,0,00000010
24095000,1,00000060,0000005c,00000058,00000058,00000054,0721000e,00000060,0,00000,000ff0f0,xxxxxxxx,xxxxxxxx,00000000,00000000,00000001,00000001,0,00000,0,00000100
24105000,1,00000060,0000005c,00000058,00000058,00000058,00642823,00000060,0,00000,000ff00f,xxxxxxxx,xxxxxxxx,00000000,00000000,00000001,00000001,0,00000,0,00000100
24115000,1,00000098,00000060,0000005c,00000058,00000058,00642823,00000098,0,00000,000fff00,xxxxxxxx,xxxxxxxx,00000000,00000000,00000001,00000001,0,00000,0,00000100
24125000,1,00000098,00000060,00000060,0000005c,00000058,3c0c000c,00000098,0,00000,000f0ff0,xxxxxxxx,xxxxxxxx,00000000,00000000,00000000,00000000,0,00000,0,00000008
24135000,1,0000009c,00000098,00000060,00000060,0000005c,3c0c000c,0000009c,0,00000,000ff0ff,xxxxxxxx,xxxxxxxx,00000000,00000000,00000014,00000014,0,00000,0,00000004
24145000,1,0000009c,00000098,00000098,00000060,00000060,004cd007,0000009c,0,00000,000f0f0f,xxxxxxxx,xxxxxxxx,00000000,00000000,00000014,00000014,0,00000,0,00000004
24155000,1,000000a0,0000009c,00000098,00000098,00000060,004cd007,000000a0,0,00000,000ff0f0,xxxxxxxx,xxxxxxxx,00000000,00000000,000c0000,000c0000,0,00000,0,000c0000
24165000,1,000000a0,0000009c,0000009c,00000098,00000098,275b0044,000000a0,0,00000,000f0f0f,xxxxxxxx,xxxxxxxx,00000000,00000000,000c0000,000c0000,0,00000,0,000c0000
24175000,1,000000a4,000000a0,0000009c,0000009c,00000098,275b0044,000000a4,0,00000,000ff0f0,xxxxxxxx,xxxxxxxx,00000000,00000000,0000000c,0000000c,0,00000,0,000c0000
24185000,1,000000a4,000000a0,000000a0,0000009c,0000009c,0360f809,000000a4,0,00000,000f0f0f,xxxxxxxx,xxxxxxxx,00000000,00000000,0000000c,0000000c,0,00000,0,000c0000
24195000,1,000000a8,000000a4,000000a0,000000a0,0000009c,0360f809,000000a8,0,00000,000ff0f0,xxxxxxxx,xxxxxxxx,00000000,00000000,00000050,00000050,0,00000,0,00000050
24205000,1,000000a8,000000a4,000000a0,000000a0,000000a0,24010008,000000a8,0,00000,000ff00f,xxxxxxxx,xxxxxxxx,00000000,00000000,00000050,00000050,0,00000,0,00000050
24215000,1,00000050,000000a8,000000a4,000000a0,000000a0,24010008,00000050,0,00000,000fff00,xxxxxxxx,xxxxxxxx,00000000,00000000,00000050,00000050,0,00000,0,00000050
24225000,1,00000050,000000a8,000000a8,000000a4,000000a0,00411821,00000050,0,00000,000f0ff0,xxxxxxxx,xxxxxxxx,00000000,00000000,000000ac,000000ac,0,00000,0,00000000
24235000,1,00000054,00000050,000000a8,000000a8,000000a4,00411821,00000054,0,00000,000ff0ff,xxxxxxxx,xxxxxxxx,00000000,00000000,00000008,00000008,0,00000,0,00000008
24245000,1,00000054,00000050,00000050,000000a8,000000a8,00022082,00000054,0,00000,000f0f0f,xxxxxxxx,xxxxxxxx,00000000,00000000,00000008,00000008,0,00000,0,00000008
24255000,1,00000058,00000054,00000050,00000050,000000a8,00022082,00000058,0,00000,000ff0f0,xxxxxxxx,xxxxxxxx,00000000,00000000,00000018,00000018,0,00000,0,00000008
24265000,1,00000058,00000054,00000054,00000050,00000050,28990005,00000058,0,00000,000f0f0f,xxxxxxxx,xxxxxxxx,00000000,00000000,00000018,00000018,0,00000,0,00000008
24275000,1,0000005c,00000058,00000054,00000054,00000050,28990005,0000005c,0,00000,000ff0f0,xxxxxxxx,xxxxxxxx,00000000,00000000,00000004,00000004,0,00000,0,00000010
24285000,1,0000005c,00000058,00000058,00000054,00000054,0721000e,0000005c,0,00000,000f0f0f,xxxxxxxx,xxxxxxxx,00000000,00000000,00000004,00000004,0,00000,0,00000010
24295000,1,00000060,0000005c,00000058,00000058,00000054,0721000e,00000060,0,00000,000ff0f0,xxxxxxxx,xxxxxxxx,00000000,00000000,00000001,00000001,0,00000,0,00000100
24305000,1,00000060,0000005c,00000058,00000058,00000058,00642823,00000060,0,00000,000ff00f,xxxxxxxx,xxxxxxxx,00000000,00000000,00000001,00000001,0,00000,0,00000100
24315000,1,00000098,00000060,0000005c,00000058,00000058,00642823,00000098,0,00000,000fff00,xxxxxxxx,xxxxxxxx,00000000,00000000,00000001,00000001,0,00000,0,00000100
24325000,1,00000098,00000060,00000060,0000005c,00000058,3c0c000c,00000098,0,00000,000f0ff0,xxxxxxxx,xxxxxxxx,00000000,00000000,00000000,00000000,0,00000,0,00000008
24335000,1,0000009c,00000098,00000060,00000060,0000005c,3c0c000c,0000009c,0,00000,000ff0ff,xxxxxxxx,xxxxxxxx,00000000,00000000,00000014,00000014,0,00000,0,00000004
24345000,1,0000009c,00000098,00000098,00000060,00000060,004cd007,0000009c,0,00000,000f0f0f,xxxxxxxx,xxxxxxxx,00000000,00000000,00000014,00000014,0,00000,0,00000004
24355000,1,000000a0,0000009c,00000098,00000098,00000060,004cd007,000000a0,0,00000,000ff0f0,xxxxxxxx,xxxxxxxx,00000000,00000000,000c0000,000c0000,0,00000,0,000c0000
24365000,1,000000a0,0000009c,0000009c,00000098,00000098,275b0044,000000a0,0,00000,000f0f0f,xxxxxxxx,xxxxxxxx,00000000,00000000,000c0000,000c0000,0,00000,0,000c0000
24375000,1,000000a4,000000a0,0000009c,0000009c,00000098,275b0044,000000a4,0,00000,000ff0f0,xxxxxxxx,xxxxxxxx,00000000,00000000,0000000c,0000000c,0,00000,0,000c0000
24385000,1,000000a4,000000a0,000000a0,0000009c,0000009c,0360f809,000000a4,0,00000,000f0f0f,xxxxxxxx,xxxxxxxx,00000000,00000000,0000000c,0000000c,0,00000,0,000c0000
24395000,1,000000a8,000000a4,000000a0,000000a0,0000009c,0360f809,000000a8,0,00000,000ff0f0,xxxxxxxx,xxxxxxxx,00000000,00000000,00000050,00000050,0,00000,0,00000050
24405000,1,000000a8,000000a4,000000a0,000000a0,000000a0,24010008,000000a8,0,00000,000ff00f,xxxxxxxx,xxxxxxxx,00000000,00000000,00000050,00000050,0,00000,0,00000050
24415000,1,00000050,000000a8,000000a4,000000a0,000000a0,24010008,00000050,0,00000,000fff00,xxxxxxxx,xxxxxxxx,00000000,00000000,00000050,00000050,0,00000,0,00000050
24425000,1,00000050,000000a8,000000a8,000000a4,000000a0,00411821,00000050,0,00000,000f0ff0,xxxxxxxx,xxxxxxxx,00000000,00000000,000000ac,000000ac,0,00000,0,00000000
24435000,1,00000054,00000050,000000a8,000000a8,000000a4,00411821,00000054,0,00000,000ff0ff,xxxxxxxx,xxxxxxxx,00000000,00000000,00000008,00000008,0,00000,0,00000008
24445000,1,00000054,00000050,00000050,000000a8,000000a8,00022082,00000054,0,00000,000f0f0f,xxxxxxxx,xxxxxxxx,00000000,00000000,00000008,00000008,0,00000,0,00000008
24455000,1,00000058,00000054,00000050,00000050,000000a8,00022082,00000058,0,00000,000ff0f0,xxxxxxxx,xxxxxxxx,00000000,00000000,00000018,00000018,0,00000,0,00000008
24465000,1,00000058,00000054,00000054,00000050,00000050,28990005,00000058,0,00000,000f0f0f,xxxxxxxx,xxxxxxxx,00000000,00000000,00000018,00000018,0,00000,0,00000008
24475000,1,0000005c,00000058,00000054,00000054,00000050,28990005,0000005c,0,00000,000ff0f0,xxxxxxxx,xxxxxxxx,00000000,00000000,00000004,00000004,0,00000,0,00000010
24485000,1,0000005c,00000058,00000058,00000054,00000054,0721000e,0000005c,0,00000,000f0f0f,xxxxxxxx,xxxxxxxx,00000000,00000000,00000004,00000004,0,00000,0,00000010
24495000,1,00000060,0000005c,00000058,00000058,00000054,0721000e,00000060,0,00000,000ff0f0,xxxxxxxx,xxxxxxxx,00000000,00000000,00000001,00000001,0,00000,0,00000100
24505000,1,00000060,0000005c,00000058,00000058,00000058,00642823,00000060,0,00000,000ff00f,xxxxxxxx,xxxxxxxx,00000000,00000000,00000001,00000001,0,00000,0,00000100
24515000,1,00000098,00000060,0000005c,00000058,00000058,00642823,00000098,0,00000,000fff00,xxxxxxxx,xxxxxxxx,00000000,00000000,00000001,00000001,0,00000,0,00000100
24525000,1,00000098,00000060,00000060,0000005c,00000058,3c0c000c,00000098,0,00000,000f0ff0,xxxxxxxx,xxxxxxxx,00000000,00000000,00000000,00000000,0,00000,0,00000008
24535000,1,0000009c,00000098,00000060,00000060,0000005c,3c0c000c,0000009c,0,00000,000ff0ff,xxxxxxxx,xxxxxxxx,00000000,00000000,00000014,00000014,0,00000,0,00000004
24545000,1,0000009c,00000098,00000098,00000060,00000060,004cd007,0000009c,0,00000,000f0f0f,xxxxxxxx,xxxxxxxx,00000000,00000000,00000014,00000014,0,00000,0,00000004
24555000,1,000000a0,0000009c,00000098,00000098,00000060,004cd007,000000a0,0,00000,000ff0f0,xxxxxxxx,xxxxxxxx,00000000,00000000,000c0000,000c0000,0,00000,0,000c0000
24565000,1,000000a0,0000009c,0000009c,00000098,00000098,275b0044,000000a0,0,00000,000f0f0f,xxxxxxxx,xxxxxxxx,00000000,00000000,000c0000,000c0000,0,00000,0,000c0000
24575000,1,000000a4,000000a0,0000009c,0000009c,00000098,275b0044,000000a4,0,00000,000ff0f0,xxxxxxxx,xxxxxxxx,00000000,00000000,0000000c,0000000c,0,00000,0,000c0000
24585000,1,000000a4,000000a0,000000a0,0000009c,0000009c,0360f809,000000a4,0,00000,000f0f0f,xxxxxxxx,xxxxxxxx,00000000,00000000,0000000c,0000000c,0,00000,0,000c0000
24595000,1,000000a8,000000a4,000000a0,000000a0,0000009c,0360f809,000000a8,0,00000,000ff0f0,xxxxxxxx,xxxxxxxx,00000000,00000000,00000050,00000050,0,00000,0,00000050
24605000,1,000000a8,000000a4,000000a0,000000a0,000000a0,24010008,000000a8,0,00000,000ff00f,xxxxxxxx,xxxxxxxx,00000000,00000000,00000050,00000050,0,00000,0,00000050
24615000,1,00000050,000000a8,000000a4,000000a0,000000a0,24010008,00000050,0,00000,000fff00,xxxxxxxx,xxxxxxxx,00000000,00000000,00000050,00000050,0,00000,0,00000050
24625000,1,00000050,000000a8,000000a8,000000a4,000000a0,00411821,00000050,0,00000,000f0ff0,xxxxxxxx,xxxxxxxx,00000000,00000000,000000ac,000000ac,0,00000,0,00000000
24635000,1,00000054,00000050,000000a8,000000a8,000000a4,00411821,00000054,0,00000,000ff0ff,xxxxxxxx,xxxxxxxx,00000000,00000000,00000008,00000008,0,00000,0,00000008
24645000,1,00000054,00000050,00000050,000000a8,000000a8,00022082,00000054,0,00000,000f0f0f,xxxxxxxx,xxxxxxxx,00000000,00000000,00000008,00000008,0,00000,0,00000008
24655000,1,00000058,00000054,00000050,00000050,000000a8,00022082,00000058,0,00000,000ff0f0,xxxxxxxx,xxxxxxxx,00000000,00000000,00000018,00000018,0,00000,0,00000008
24665000,1,00000058,00000054,00000054,00000050,00000050,28990005,00000058,0,00000,000f0f0f,xxxxxxxx,xxxxxxxx,00000000,00000000,00000018,00000018,0,00000,0,00000008
24675000,1,0000005c,00000058,00000054,00000054,00000050,28990005,0000005c,0,00000,000ff0f0,xxxxxxxx,xxxxxxxx,00000000,00000000,00000004,00000004,0,00000,0,00000010
24685000,1,0000005c,00000058,00000058,00000054,00000054,0721000e,0000005c,0,00000,000f0f0f,xxxxxxxx,xxxxxxxx,00000000,00000000,00000004,00000004,0,00000,0,00000010
24695000,1,00000060,0000005c,00000058,00000058,00000054,0721000e,00000060,0,00000,000ff0f0,xxxxxxxx,xxxxxxxx,00000000,00000000,00000001,00000001,0,00000,0,00000100
24705000,1,00000060,0000005c,00000058,00000058,00000058,00642823,00000060,0,00000,000ff00f,xxxxxxxx,xxxxxxxx,00000000,00000000,00000001,00000001,0,00000,0,00000100
24715000,1,00000098,00000060,0000005c,00000058,00000058,00642823,00000098,0,00000,000fff00,xxxxxxxx,xxxxxxxx,00000000,00000000,00000001,00000001,0,00000,0,00000100
24725000,1,00000098,00000060,00000060,0000005c,00000058,3c0c000c,00000098,0,00000,000f0ff0,xxxxxxxx,xxxxxxxx,00000000,00000000,00000000,00000000,0,00000,0,00000008
24735000,1,0000009c,00000098,00000060,00000060,0000005c,3c0c000c,0000009c,0,00000,000ff0ff,xxxxxxxx,xxxxxxxx,00000000,00000000,00000014,00000014,0,00000,0,00000004
24745000,1,0000009c,00000098,00000098,00000060,00000060,004cd007,0000009c,0,00000,000f0f0f,xxxxxxxx,xxxxxxxx,00000000,00000000,00000014,00000014,0,00000,0,00000004
24755000,1,000000a0,0000009c,00000098,00000098,00000060,004cd007,000000a0,0,00000,000ff0f0,xxxxxxxx,xxxxxxxx,00000000,00000000,000c0000,000c0000,0,00000,0,000c0000
24765000,1,000000a0,0000009c,0000009c,00000098,00000098,275b0044,000000a0,0,00000,000f0f0f,xxxxxxxx,xxxxxxxx,00000000,00000000,000c0000,000c0000,0,00000,0,000c0000
24775000,1,000000a4,000000a0,0000009c,0000009c,00000098,275b0044,000000a4,0,00000,000ff0f0,xxxxxxxx,xxxxxxxx,00000000,00000000,0000000c,0000000c,0,00000,0,000c0000
24785000,1,000000a4,000000a0,000000a0,0000009c,0000009c,0360f809,000000a4,0,00000,000f0f0f,xxxxxxxx,xxxxxxxx,00000000,00000000,0000000c,0000000c,0,00000,0,000c0000
24795000,1,000000a8,000000a4,000000a0,000000a0,0000009c,0360f809,000000a8,0,00000,000ff0f0,xxxxxxxx,xxxxxxxx,00000000,00000000,00000050,00000050,0,00000,0,00000050
24805000,1,000000a8,000000a4,000000a0,000000a0,000000a0,24010008,000000a8,0,00000,000ff00f,xxxxxxxx,xxxxxxxx,00000000,00000000,00000050,00000050,0,00000,0,00000050
24815000,1,00000050,000000a8,000000a4,000000a0,000000a0,24010008,00000050,0,00000,000fff00,xxxxxxxx,xxxxxxxx,00000000,00000000,00000050,00000050,0,00000,0,00000050
24825000,1,00000050,000000a8,000000a8,000000a4,000000a0,00411821,00000050,0,00000,000f0ff0,xxxxxxxx,xxxxxxxx,00000000,00000000,000000ac,000000ac,0,00000,0,00000000
24835000,1,00000054,00000050,000000a8,000000a8,000000a4,00411821,00000054,0,00000,000ff0ff,xxxxxxxx,xxxxxxxx,00000000,00000000,00000008,00000008,0,00000,0,00000008
24845000,1,00000054,00000050,00000050,000000a8,000000a8,00022082,00000054,0,00000,000f0f0f,xxxxxxxx,xxxxxxxx,00000000,00000000,00000008,00000008,0,00000,0,00000008
24855000,1,00000058,00000054,00000050,00000050,000000a8,00022082,00000058,0,00000,000ff0f0,xxxxxxxx,xxxxxxxx,00000000,00000000,00000018,00000018,0,00000,0,00000008
24865000,1,00000058,00000054,00000054,00000050,00000050,28990005,00000058,0,00000,000f0f0f,xxxxxxxx,xxxxxxxx,00000000,00000000,00000018,00000018,0,00000,0,00000008
24875000,1,0000005c,00000058,00000054,00000054,00000050,28990005,0000005c,0,00000,000ff0f0,xxxxxxxx,xxxxxxxx,00000000,00000000,00000004,00000004,0,00000,0,00000010
24885000,1,0000005c,00000058,00000058,00000054,00000054,0721000e,0000005c,0,00000,000f0f0f,xxxxxxxx,xxxxxxxx,00000000,00000000,00000004,00000004,0,00000,0,00000010
24895000,1,00000060,0000005c,00000058,00000058,00000054,0721000e,00000060,0,00000,000ff0f0,xxxxxxxx,xxxxxxxx,00000000,00000000,00000001,00000001,0,00000,0,00000100
24905000,1,00000060,0000005c,00000058,00000058,00000058,00642823,00000060,0,00000,000ff00f,xxxxxxxx,xxxxxxxx,00000000,00000000,00000001,00000001,0,00000,0,00000100
24915000,1,00000098,00000060,0000005c,00000058,00000058,00642823,00000098,0,00000,000fff00,xxxxxxxx,xxxxxxxx,00000000,00000000,00000001,00000001,0,00000,0,00000100
24925000,1,00000098,00000060,00000060,0000005c,00000058,3c0c000c,00000098,0,00000,000f0ff0,xxxxxxxx,xxxxxxxx,00000000,00000000,00000000,00000000,0,00000,0,00000008
24935000,1,0000009c,00000098,00000060,00000060,0000005c,3c0c000c,0000009c,0,00000,000ff0ff,xxxxxxxx,xxxxxxxx,00000000,00000000,00000014,00000014,0,00000,0,00000004
24945000,1,0000009c,00000098,00000098,00000060,00000060,004cd007,0000009c,0,00000,000f0f0f,xxxxxxxx,xxxxxxxx,00000000,00000000,00000014,00000014,0,00000,0,00000004
24955000,1,000000a0,0000009c,00000098,00000098,00000060,004cd007,000000a0,0,00000,000ff0f0,xxxxxxxx,xxxxxxxx,00000000,00000000,000c0000,000c0000,0,00000,0,000c0000
24965000,1,000000a0,0000009c,0000009c,00000098,00000098,275b0044,000000a0,0,00000,000f0f0f,xxxxxxxx,xxxxxxxx,00000000,00000000,000c0000,000c0000,0,00000,0,000c0000
24975000,1,000000a4,000000a0,0000009c,0000009c,00000098,275b0044,000000a4,0,00000,000ff0f0,xxxxxxxx,xxxxxxxx,00000000,00000000,0000000c,0000000c,0,00000,0,000c0000
24985000,1,000000a4,000000a0,000000a0,0000009c,0000009c,0360f809,000000a4,0,00000,000f0f0f,xxxxxxxx,xxxxxxxx,00000000,00000000,0000000c,0000000c,0,00000,0,000c0000
24995000,1,000000a8,000000a4,000000a0,000000a0,0000009c,0360f809,000000a8,0,00000,000ff0f0,xxxxxxxx,xxxxxxxx,00000000,00000000,00000050,00000050,0,00000,0,00000050
25005000,1,000000a8,000000a4,000000a0,000000a0,000000a0,24010008,000000a8,0,00000,000ff00f,xxxxxxxx,xxxxxxxx,00000000,00000000,00000050,00000050,0,00000,0,00000050
25015000,1,00000050,000000a8,000000a4,000000a0,000000a0,24010008,00000050,0,00000,000fff00,xxxxxxxx,xxxxxxxx,00000000,00000000,00000050,00000050,0,00000,0,00000050
25025000,1,00000050,000000a8,000000a8,000000a4,000000a0,00411821,00000050,0,00000,000f0ff0,xxxxxxxx,xxxxxxxx,00000000,00000000,000000ac,000000ac,0,00000,0,00000000
25035000,1,00000054,00000050,000000a8,000000a8,000000a4,00411821,00000054,0,00000,000ff0ff,xxxxxxxx,xxxxxxxx,00000000,00000000,00000008,00000008,0,00000,0,00000008
25045000,1,00000054,00000050,00000050,000000a8,000000a8,00022082,00000054,0,00000,000f0f0f,xxxxxxxx,xxxxxxxx,00000000,00000000,00000008,00000008,0,00000,0,00000008
25055000,1,00000058,00000054,00000050,00000050,000000a8,00022082,00000058,0,00000,000ff0f0,xxxxxxxx,xxxxxxxx,00000000,00000000,00000018,00000018,0,00000,0,00000008
25065000,1,00000058,00000054,00000054,00000050,00000050,28990005,00000058,0,00000,000f0f0f,xxxxxxxx,xxxxxxxx,00000000,00000000,00000018,00000018,0,00000,0,00000008
25075000,1,0000005c,00000058,00000054,00000054,00000050,28990005,0000005c,0,00000,000ff0f0,xxxxxxxx,xxxxxxxx,00000000,00000000,00000004,00000004,0,00000,0,00000010
25085000,1,0000005c,00000058,00000058,00000054,00000054,0721000e,0000005c,0,00000,000f0f0f,xxxxxxxx,xxxxxxxx,00000000,00000000,00000004,00000004,0,00000,0,00000010
25095000,1,00000060,0000005c,00000058,00000058,00000054,0721000e,00000060,0,00000,000ff0f0,xxxxxxxx,xxxxxxxx,00000000,00000000,00000001,00000001,0,00000,0,00000100
25105000,1,00000060,0000005c,00000058,00000058,00000058,00642823,00000060,0,00000,000ff00f,xxxxxxxx,xxxxxxxx,00000000,00000000,00000001,00000001,0,00000,0,00000100
25115000,1,00000098,00000060,0000005c,00000058,00000058,00642823,00000098,0,00000,000fff00,xxxxxxxx,xxxxxxxx,00000000,00000000,00000001,00000001,0,00000,0,00000100
25125000,1,00000098,00000060,00000060,0000005c,00000058,3c0c000c,00000098,0,00000,000f0ff0,xxxxxxxx,xxxxxxxx,00000000,00000000,00000000,00000000,0,00000,0,00000008
25135000,1,0000009c,00000098,00000060,00000060,0000005c,3c0c000c,0000009c,0,00000,000ff0ff,xxxxxxxx,xxxxxxxx,00000000,00000000,00000014,00000014,0,00000,0,00000004
25145000,1,0000009c,00000098,00000098,00000060,00000060,004cd007,0000009c,0,00000,000f0f0f,xxxxxxxx,xxxxxxxx,00000000,00000000,00000014,00000014,0,00000,0,00000004
25155000,1,000000a0,0000009c,00000098,00000098,00000060,004cd007,000000a0,0,00000,000ff0f0,xxxxxxxx,xxxxxxxx,00000000,00000000,000c0000,000c0000,0,00000,0,000c0000
25165000,1,000000a0,0000009c,0000009c,00000098,00000098,275b0044,000000a0,0,00000,000f0f0f,xxxxxxxx,xxxxxxxx,00000000,00000000,000c0000,000c0000,0,00000,0,000c0000
25175000,1,000000a4,000000a0,0000009c,0000009c,00000098,275b0044,000000a4,0,00000,000ff0f0,xxxxxxxx,xxxxxxxx,00000000,00000000,0000000c,0000000c,0,00000,0,000c0000
25185000,1,000000a4,000000a0,000000a0,0000009c,0000009c,0360f809,000000a4,0,00000,000f0f0f,xxxxxxxx,xxxxxxxx,00000000,00000000,0000000c,0000000c,0,00000,0,000c0000
25195000,1,000000a8,000000a4,000000a0,000000a0,0000009c,0360f809,000000a8,0,00000,000ff0f0,xxxxxxxx,xxxxxxxx,00000000,00000000,00000050,00000050,0,00000,0,00000050
25205000,1,000000a8,000000a4,000000a0,000000a0,000000a0,24010008,000000a8,0,00000,000ff00f,xxxxxxxx,xxxxxxxx,00000000,00000000,00000050,00000050,0,00000,0,00000050
25215000,1,00000050,000000a8,000000a4,000000a0,000000a0,24010008,00000050,0,00000,000fff00,xxxxxxxx,xxxxxxxx,00000000,00000000,00000050,00000050,0,00000,0,00000050
25225000,1,00000050,000000a8,000000a8,000000a4,000000a0,00411821,00000050,0,00000,000f0ff0,xxxxxxxx,xxxxxxxx,00000000,00000000,000000ac,000000ac,0,00000,0,00000000
25235000,1,00000054,00000050,000000a8,000000a8,000000a4,00411821,00000054,0,00000,000ff0ff,xxxxxxxx,xxxxxxxx,00000000,00000000,00000008,00000008,0,00000,0,00000008
25245000,1,00000054,00000050,00000050,000000a8,000000a8,00022082,00000054,0,00000,000f0f0f,xxxxxxxx,xxxxxxxx,00000000,00000000,00000008,00000008,0,00000,0,00000008
25255000,1,00000058,00000054,00000050,00000050,000000a8,00022082,00000058,0,00000,000ff0f0,xxxxxxxx,xxxxxxxx,00000000,00000000,00000018,00000018,0,00000,0,00000008
25265000,1,00000058,00000054,00000054,00000050,00000050,28990005,00000058,0,00000,000f0f0f,xxxxxxxx,xxxxxxxx,00000000,00000000,00000018,00000018,0,00000,0,00000008
25275000,1,0000005c,00000058,00000054,00000054,00000050,28990005,0000005c,0,00000,000ff0f0,xxxxxxxx,xxxxxxxx,00000000,00000000,00000004,00000004,0,00000,0,00000010
25285000,1,0000005c,00000058,00000058,00000054,00000054,0721000e,0000005c,0,00000,000f0f0f,xxxxxxxx,xxxxxxxx,00000000,00000000,00000004,00000004,0,00000,0,00000010
25295000,1,00000060,0000005c,00000058,00000058,00000054,0721000e,00000060,0,00000,000ff0f0,xxxxxxxx,xxxxxxxx,00000000,00000000,00000001,00000001,0,00000,0,00000100
25305000,1,00000060,0000005c,00000058,00000058,00000058,00642823,00000060,0,00000,000ff00f,xxxxxxxx,xxxxxxxx,00000000,00000000,00000001,00000001,0,00000,0,00000100
25315000,1,00000098,00000060,0000005c,00000058,00000058,00642823,00000098,0,00000,000fff00,xxxxxxxx,xxxxxxxx,00000000,00000000,00000001,00000001,0,00000,0,00000100
25325000,1,00000098,00000060,00000060,0000005c,00000058,3c0c000c,00000098,0,00000,000f0ff0,xxxxxxxx,xxxxxxxx,00000000,00000000,00000000,00000000,0,00000,0,00000008
25335000,1,0000009c,00000098,00000060,00000060,0000005c,3c0c000c,0000009c,0,00000,000ff0ff,xxxxxxxx,xxxxxxxx,00000000,00000000,00000014,00000014,0,00000,0,00000004
25345000,1,0000009c,00000098,00000098,00000060,00000060,004cd007,0000009c,0,00000,000f0f0f,xxxxxxxx,xxxxxxxx,00000000,00000000,00000014,00000014,0,00000,0,00000004
25355000,1,000000a0,0000009c,00000098,00000098,00000060,004cd007,000000a0,0,00000,000ff0f0,xxxxxxxx,xxxxxxxx,00000000,00000000,000c0000,000c0000,0,00000,0,000c0000
25365000,1,000000a0,0000009c,0000009c,00000098,00000098,275b0044,000000a0,0,00000,000f0f0f,xxxxxxxx,xxxxxxxx,00000000,00000000,000c0000,000c0000,0,00000,0,000c0000
25375000,1,000000a4,000000a0,0000009c,0000009c,00000098,275b0044,000000a4,0,00000,000ff0f0,xxxxxxxx,xxxxxxxx,00000000,00000000,0000000c,0000000c,0,00000,0,000c0000
25385000,1,000000a4,000000a0,000000a0,0000009c,0000009c,0360f809,000000a4,0,00000,000f0f0f,xxxxxxxx,xxxxxxxx,00000000,00000000,0000000c,0000000c,0,00000,0,000c0000
25395000,1,000000a8,000000a4,000000a0,000000a0,0000009c,0360f809,000000a8,0,00000,000ff0f0,xxxxxxxx,xxxxxxxx,00000000,00000000,00000050,00000050,0,00000,0,00000050
25405000,1,000000a8,000000a4,000000a0,000000a0,000000a0,24010008,000000a8,0,00000,000ff00f,xxxxxxxx,xxxxxxxx,00000000,00000000,00000050,00000050,0,00000,0,00000050
25415000,1,00000050,000000a8,000000a4,000000a0,000000a0,24010008,00000050,0,00000,000fff00,xxxxxxxx,xxxxxxxx,00000000,00000000,00000050,00000050,0,00000,0,00000050
25425000,1,00000050,000000a8,000000a8,000000a4,000000a0,00411821,00000050,0,00000,000f0ff0,xxxxxxxx,xxxxxxxx,00000000,00000000,000000ac,000000ac,0,00000,0,00000000
25435000,1,00000054,00000050,000000a8,000000a8,000000a4,00411821,00000054,0,00000,000ff0ff,xxxxxxxx,xxxxxxxx,00000000,00000000,00000008,00000008,0,00000,0,00000008
25445000,1,00000054,00000050,00000050,000000a8,000000a8,00022082,00000054,0,00000,000f0f0f,xxxxxxxx,xxxxxxxx,00000000,00000000,00000008,00000008,0,00000,0,00000008
25455000,1,00000058,00000054,00000050,00000050,000000a8,00022082,00000058,0,00000,000ff0f0,xxxxxxxx,xxxxxxxx,00000000,00000000,00000018,00000018,0,00000,0,00000008
25465000,1,00000058,00000054,00000054,00000050,00000050,28990005,00000058,0,00000,000f0f0f,xxxxxxxx,xxxxxxxx,00000000,00000000,00000018,00000018,0,00000,0,00000008
25475000,1,0000005c,00000058,00000054,00000054,00000050,28990005,0000005c,0,00000,000ff0f0,xxxxxxxx,xxxxxxxx,00000000,00000000,00000004,00000004,0,00000,0,00000010
25485000,1,0000005c,00000058,00000058,00000054,00000054,0721000e,0000005c,0,00000,000f0f0f,xxxxxxxx,xxxxxxxx,00000000,00000000,00000004,00000004,0,00000,0,00000010
25495000,1,00000060,0000005c,00000058,00000058,00000054,0721000e,00000060,0,00000,000ff0f0,xxxxxxxx,xxxxxxxx,00000000,00000000,00000001,00000001,0,00000,0,00000100
25505000,1,00000060,0000005c,00000058,00000058,00000058,00642823,00000060,0,00000,000ff00f,xxxxxxxx,xxxxxxxx,00000000,00000000,00000001,00000001,0,00000,0,00000100
25515000,1,00000098,00000060,0000005c,00000058,00000058,00642823,00000098,0,00000,000fff00,xxxxxxxx,xxxxxxxx,00000000,00000000,00000001,00000001,0,00000,0,00000100
25525000,1,00000098,00000060,00000060,0000005c,00000058,3c0c000c,00000098,0,00000,000f0ff0,xxxxxxxx,xxxxxxxx,00000000,00000000,00000000,00000000,0,00000,0,00000008
25535000,1,0000009c,00000098,00000060,00000060,0000005c,3c0c000c,0000009c,0,00000,000ff0ff,xxxxxxxx,xxxxxxxx,00000000,00000000,00000014,00000014,0,00000,0,00000004
25545000,1,0000009c,00000098,00000098,00000060,00000060,004cd007,0000009c,0,00000,000f0f0f,xxxxxxxx,xxxxxxxx,00000000,00000000,00000014,00000014,0,00000,0,00000004
25555000,1,000000a0,0000009c,00000098,00000098,00000060,004cd007,000000a0,0,00000,000ff0f0,xxxxxxxx,xxxxxxxx,00000000,00000000,000c0000,000c0000,0,00000,0,000c0000
25565000,1,000000a0,0000009c,0000009c,00000098,00000098,275b0044,000000a0,0,00000,000f0f0f,xxxxxxxx,xxxxxxxx,00000000,00000000,000c0000,000c0000,0,00000,0,000c0000
25575000,1,000000a4,000000a0,0000009c,0000009c,00000098,275b0044,000000a4,0,00000,000ff0f0,xxxxxxxx,xxxxxxxx,00000000,00000000,0000000c,0000000c,0,00000,0,000c0000
25585000,1,000000a4,000000a0,000000a0,0000009c,0000009c,0360f809,000000a4,0,00000,000f0f0f,xxxxxxxx,xxxxxxxx,00000000,00000000,0000000c,0000000c,0,00000,0,000c0000
25595000,1,000000a8,000000a4,000000a0,000000a0,0000009c,0360f809,000000a8,0,00000,000ff0f0,xxxxxxxx,xxxxxxxx,00000000,00000000,00000050,00000050,0,00000,0,00000050
25605000,1,000000a8,000000a4,000000a0,000000a0,000000a0,24010008,000000a8,0,00000,000ff00f,xxxxxxxx,xxxxxxxx,00000000,00000000,00000050,00000050,0,00000,0,00000050
25615000,1,00000050,000000a8,000000a4,000000a0,000000a0,24010008,00000050,0,00000,000fff00,xxxxxxxx,xxxxxxxx,00000000,00000000,00000050,00000050,0,00000,0,00000050
25625000,1,00000050,000000a8,000000a8,000000a4,000000a0,00411821,00000050,0,00000,000f0ff0,xxxxxxxx,xxxxxxxx,00000000,00000000,000000ac,000000ac,0,00000,0,00000000
25635000,1,00000054,00000050,000000a8,000000a8,000000a4,00411821,00000054,0,00000,000ff0ff,xxxxxxxx,xxxxxxxx,00000000,00000000,00000008,00000008,0,00000,0,00000008
25645000,1,00000054,00000050,00000050,000000a8,000000a8,00022082,00000054,0,00000,000f0f0f,xxxxxxxx,xxxxxxxx,00000000,00000000,00000008,00000008,0,00000,0,00000008
25655000,1,00000058,00000054,00000050,00000050,000000a8,00022082,00000058,0,00000,000ff0f0,xxxxxxxx,xxxxxxxx,00000000,00000000,00000018,00000018,0,00000,0,00000008
25665000,1,00000058,00000054,00000054,00000050,00000050,28990005,00000058,0,00000,000f0f0f,xxxxxxxx,xxxxxxxx,00000000,00000000,00000018,00000018,0,00000,0,00000008
25675000,1,0000005c,00000058,00000054,00000054,00000050,28990005,0000005c,0,00000,000ff0f0,xxxxxxxx,xxxxxxxx,00000000,00000000,00000004,00000004,0,00000,0,00000010
25685000,1,0000005c,00000058,00000058,00000054,00000054,0721000e,0000005c,0,00000,000f0f0f,xxxxxxxx,xxxxxxxx,00000000,00000000,00000004,00000004,0,00000,0,00000010
25695000,1,00000060,0000005c,00000058,00000058,00000054,0721000e,00000060,0,00000,000ff0f0,xxxxxxxx,xxxxxxxx,00000000,00000000,00000001,00000001,0,00000,0,00000100
25705000,1,00000060,0000005c,00000058,00000058,00000058,00642823,00000060,0,00000,000ff00f,xxxxxxxx,xxxxxxxx,00000000,00000000,00000001,00000001,0,00000,0,00000100
25715000,1,00000098,00000060,0000005c,00000058,00000058,00642823,00000098,0,00000,000fff00,xxxxxxxx,xxxxxxxx,00000000,00000000,00000001,00000001,0,00000,0,00000100
25725000,1,00000098,00000060,00000060,0000005c,00000058,3c0c000c,00000098,0,00000,000f0ff0,xxxxxxxx,xxxxxxxx,00000000,00000000,00000000,00000000,0,00000,0,00000008
25735000,1,0000009c,00000098,00000060,00000060,0000005c,3c0c000c,0000009c,0,00000,000ff0ff,xxxxxxxx,xxxxxxxx,00000000,00000000,00000014,00000014,0,00000,0,00000004
25745000,1,0000009c,00000098,00000098,00000060,00000060,004cd007,0000009c,0,00000,000f0f0f,xxxxxxxx,xxxxxxxx,00000000,00000000,00000014,00000014,0,00000,0,00000004
25755000,1,000000a0,0000009c,00000098,00000098,00000060,004cd007,000000a0,0,00000,000ff0f0,xxxxxxxx,xxxxxxxx,00000000,00000000,000c0000,000c0000,0,00000,0,000c0000
25765000,1,000000a0,0000009c,0000009c,00000098,00000098,275b0044,000000a0,0,00000,000f0f0f,xxxxxxxx,xxxxxxxx,00000000,00000000,000c0000,000c0000,0,00000,0,000c0000
25775000,1,000000a4,000000a0,0000009c,0000009c,00000098,275b0044,000000a4,0,00000,000ff0f0,xxxxxxxx,xxxxxxxx,00000000,00000000,0000000c,0000000c,0,00000,0,000c0000
25785000,1,000000a4,000000a0,000000a0,0000009c,0000009c,0360f809,000000a4,0,00000,000f0f0f,xxxxxxxx,xxxxxxxx,00000000,00000000,0000000c,0000000c,0,00000,0,000c0000
25795000,1,000000a8,000000a4,000000a0,000000a0,0000009c,0360f809,000000a8,0,00000,000ff0f0,xxxxxxxx,xxxxxxxx,00000000,00000000,00000050,00000050,0,00000,0,00000050
25805000,1,000000a8,000000a4,000000a0,000000a0,000000a0,24010008,000000a8,0,00000,000ff00f,xxxxxxxx,xxxxxxxx,00000000,00000000,00000050,00000050,0,00000,0,00000050
25815000,1,00000050,000000a8,000000a4,000000a0,000000a0,24010008,00000050,0,00000,000fff00,xxxxxxxx,xxxxxxxx,00000000,00000000,00000050,00000050,0,00000,0,00000050
25825000,1,00000050,000000a8,000000a8,000000a4,000000a0,00411821,00000050,0,00000,000f0ff0,xxxxxxxx,xxxxxxxx,00000000,00000000,000000ac,000000ac,0,00000,0,00000000
25835000,1,00000054,00000050,000000a8,000000a8,000000a4,00411821,00000054,0,00000,000ff0ff,xxxxxxxx,xxxxxxxx,00000000,00000000,00000008,00000008,0,00000,0,00000008
25845000,1,00000054,00000050,00000050,000000a8,000000a8,00022082,00000054,0,00000,000f0f0f,xxxxxxxx,xxxxxxxx,00000000,00000000,00000008,00000008,0,00000,0,00000008
25855000,1,00000058,00000054,00000050,00000050,000000a8,00022082,00000058,0,00000,000ff0f0,xxxxxxxx,xxxxxxxx,00000000,00000000,00000018,00000018,0,00000,0,00000008
25865000,1,00000058,00000054,00000054,00000050,00000050,28990005,00000058,0,00000,000f0f0f,xxxxxxxx,xxxxxxxx,00000000,00000000,00000018,00000018,0,00000,0,00000008
25875000,1,0000005c,00000058,00000054,00000054,00000050,28990005,0000005c,0,00000,000ff0f0,xxxxxxxx,xxxxxxxx,00000000,00000000,00000004,00000004,0,00000,0,00000010
25885000,1,0000005c,00000058,00000058,00000054,00000054,0721000e,0000005c,0,00000,000f0f0f,xxxxxxxx,xxxxxxxx,00000000,00000000,00000004,00000004,0,00000,0,00000010
25895000,1,00000060,0000005c,00000058,00000058,00000054,0721000e,00000060,0,00000,000ff0f0,xxxxxxxx,xxxxxxxx,00000000,00000000,00000001,00000001,0,00000,0,00000100
25905000,1,00000060,0000005c,00000058,00000058,00000058,00642823,00000060,0,00000,000ff00f,xxxxxxxx,xxxxxxxx,00000000,00000000,00000001,00000001,0,00000,0,00000100
25915000,1,00000098,00000060,0000005c,00000058,00000058,00642823,00000098,0,00000,000fff00,xxxxxxxx,xxxxxxxx,00000000,00000000,00000001,00000001,0,00000,0,00000100
25925000,1,00000098,00000060,00000060,0000005c,00000058,3c0c000c,00000098,0,00000,000f0ff0,xxxxxxxx,xxxxxxxx,00000000,00000000,00000000,00000000,0,00000,0,00000008
25935000,1,0000009c,00000098,00000060,00000060,0000005c,3c0c000c,0000009c,0,00000,000ff0ff,xxxxxxxx,xxxxxxxx,00000000,00000000,00000014,00000014,0,00000,0,00000004
25945000,1,0000009c,00000098,00000098,00000060,00000060,004cd007,0000009c,0,00000,000f0f0f,xxxxxxxx,xxxxxxxx,00000000,00000000,00000014,00000014,0,00000,0,00000004
25955000,1,000000a0,0000009c,00000098,00000098,00000060,004cd007,000000a0,0,00000,000ff0f0,xxxxxxxx,xxxxxxxx,00000000,00000000,000c0000,000c0000,0,00000,0,000c0000
25965000,1,000000a0,0000009c,0000009c,00000098,00000098,275b0044,000000a0,0,00000,000f0f0f,xxxxxxxx,xxxxxxxx,00000000,00000000,000c0000,000c0000,0,00000,0,000c0000
25975000,1,000000a4,000000a0,0000009c,0000009c,00000098,275b0044,000000a4,0,00000,000ff0f0,xxxxxxxx,xxxxxxxx,00000000,00000000,0000000c,0000000c,0,00000,0,000c0000
25985000,1,000000a4,000000a0,000000a0,0000009c,0000009c,0360f809,000000a4,0,00000,000f0f0f,xxxxxxxx,xxxxxxxx,00000000,00000000,0000000c,0000000c,0,00000,0,000c0000
25995000,1,000000a8,000000a4,000000a0,000000a0,0000009c,0360f809,000000a8,0,00000,000ff0f0,xxxxxxxx,xxxxxxxx,00000000,00000000,00000050,00000050,0,00000,0,00000050
26005000,1,000000a8,000000a4,000000a0,000000a0,000000a0,24010008,000000a8,0,00000,000ff00f,xxxxxxxx,xxxxxxxx,00000000,00000000,00000050,00000050,0,00000,0,00000050
26015000,1,00000050,000000a8,000000a4,000000a0,000000a0,24010008,00000050,0,00000,000fff00,xxxxxxxx,xxxxxxxx,00000000,00000000,00000050,00000050,0,00000,0,00000050
26025000,1,00000050,000000a8,000000a8,000000a4,000000a0,00411821,00000050,0,00000,000f0ff0,xxxxxxxx,xxxxxxxx,00000000,00000000,000000ac,000000ac,0,00000,0,00000000
26035000,1,00000054,00000050,000000a8,000000a8,000000a4,00411821,00000054,0,00000,000ff0ff,xxxxxxxx,xxxxxxxx,00000000,00000000,00000008,00000008,0,00000,0,00000008
26045000,1,00000054,00000050,00000050,000000a8,000000a8,00022082,00000054,0,00000,000f0f0f,xxxxxxxx,xxxxxxxx,00000000,00000000,00000008,00000008,0,00000,0,00000008
26055000,1,00000058,00000054,00000050,00000050,000000a8,00022082,00000058,0,00000,000ff0f0,xxxxxxxx,xxxxxxxx,00000000,00000000,00000018,00000018,0,00000,0,00000008
26065000,1,00000058,00000054,00000054,00000050,00000050,28990005,00000058,0,00000,000f0f0f,xxxxxxxx,xxxxxxxx,00000000,00000000,00000018,00000018,0,00000,0,00000008
26075000,1,0000005c,00000058,00000054,00000054,00000050,28990005,0000005c,0,00000,000ff0f0,xxxxxxxx,xxxxxxxx,00000000,00000000,00000004,00000004,0,00000,0,00000010
26085000,1,0000005c,00000058,00000058,00000054,00000054,0721000e,0000005c,0,00000,000f0f0f,xxxxxxxx,xxxxxxxx,00000000,00000000,00000004,00000004,0,00000,0,00000010
26095000,1,00000060,0000005c,00000058,00000058,00000054,0721000e,00000060,0,00000,000ff0f0,xxxxxxxx,xxxxxxxx,00000000,00000000,00000001,00000001,0,00000,0,00000100
26105000,1,00000060,0000005c,00000058,00000058,00000058,00642823,00000060,0,00000,000ff00f,xxxxxxxx,xxxxxxxx,00000000,00000000,00000001,00000001,0,00000,0,00000100
26115000,1,00000098,00000060,0000005c,00000058,00000058,00642823,00000098,0,00000,000fff00,xxxxxxxx,xxxxxxxx,00000000,00000000,00000001,00000001,0,00000,0,00000100
26125000,1,00000098,00000060,00000060,0000005c,00000058,3c0c000c,00000098,0,00000,000f0ff0,xxxxxxxx,xxxxxxxx,00000000,00000000,00000000,00000000,0,00000,0,00000008
26135000,1,0000009c,00000098,00000060,00000060,0000005c,3c0c000c,0000009c,0,00000,000ff0ff,xxxxxxxx,xxxxxxxx,00000000,00000000,00000014,00000014,0,00000,0,00000004
26145000,1,0000009c,00000098,00000098,00000060,00000060,004cd007,0000009c,0,00000,000f0f0f,xxxxxxxx,xxxxxxxx,00000000,00000000,00000014,00000014,0,00000,0,00000004
26155000,1,000000a0,0000009c,00000098,00000098,00000060,004cd007,000000a0,0,00000,000ff0f0,xxxxxxxx,xxxxxxxx,00000000,00000000,000c0000,000c0000,0,00000,0,000c0000
26165000,1,000000a0,0000009c,0000009c,00000098,00000098,275b0044,000000a0,0,00000,000f0f0f,xxxxxxxx,xxxxxxxx,00000000,00000000,000c0000,000c0000,0,00000,0,000c0000
26175000,1,000000a4,000000a0,0000009c,0000009c,00000098,275b0044,000000a4,0,00000,000ff0f0,xxxxxxxx,xxxxxxxx,00000000,00000000,0000000c,0000000c,0,00000,0,000c0000
26185000,1,000000a4,000000a0,000000a0,0000009c,0000009c,0360f809,000000a4,0,00000,000f0f0f,xxxxxxxx,xxxxxxxx,00000000,00000000,0000000c,0000000c,0,00000,0,000c0000
26195000,1,000000a8,000000a4,000000a0,000000a0,0000009c,0360f809,000000a8,0,00000,000ff0f0,xxxxxxxx,xxxxxxxx,00000000,00000000,00000050,00000050,0,00000,0,00000050
26205000,1,000000a8,000000a4,000000a0,000000a0,000000a0,24010008,000000a8,0,00000,000ff00f,xxxxxxxx,xxxxxxxx,00000000,00000000,00000050,00000050,0,00000,0,00000050
26215000,1,00000050,000000a8,000000a4,000000a0,000000a0,24010008,00000050,0,00000,000fff00,xxxxxxxx,xxxxxxxx,00000000,00000000,00000050,00000050,0,00000,0,00000050
26225000,1,00000050,000000a8,000000a8,000000a4,000000a0,00411821,00000050,0,00000,000f0ff0,xxxxxxxx,xxxxxxxx,00000000,00000000,000000ac,000000ac,0,00000,0,00000000
26235000,1,00000054,00000050,000000a8,000000a8,000000a4,00411821,00000054,0,00000,000ff0ff,xxxxxxxx,xxxxxxxx,00000000,00000000,00000008,00000008,0,00000,0,00000008
26245000,1,00000054,00000050,00000050,000000a8,000000a8,00022082,00000054,0,00000,000f0f0f,xxxxxxxx,xxxxxxxx,00000000,00000000,00000008,00000008,0,00000,0,00000008
26255000,1,00000058,00000054,00000050,00000050,000000a8,00022082,00000058,0,00000,000ff0f0,xxxxxxxx,xxxxxxxx,00000000,00000000,00000018,00000018,0,00000,0,00000008
26265000,1,00000058,00000054,00000054,00000050,00000050,28990005,00000058,0,00000,000f0f0f,xxxxxxxx,xxxxxxxx,00000000,00000000,00000018,00000018,0,00000,0,00000008
26275000,1,0000005c,00000058,00000054,00000054,00000050,28990005,0000005c,0,00000,000ff0f0,xxxxxxxx,xxxxxxxx,00000000,00000000,00000004,00000004,0,00000,0,00000010
26285000,1,0000005c,00000058,00000058,00000054,00000054,0721000e,0000005c,0,00000,000f0f0f,xxxxxxxx,xxxxxxxx,00000000,00000000,00000004,00000004,0,00000,0,00000010
26295000,1,00000060,0000005c,00000058,00000058,00000054,0721000e,00000060,0,00000,000ff0f0,xxxxxxxx,xxxxxxxx,00000000,00000000,00000001,00000001,0,00000,0,00000100
26305000,1,00000060,0000005c,00000058,00000058,00000058,00642823,00000060,0,00000,000ff00f,xxxxxxxx,xxxxxxxx,00000000,00000000,00000001,00000001,0,00000,0,00000100
26315000,1,00000098,00000060,0000005c,00000058,00000058,00642823,00000098,0,00000,000fff00,xxxxxxxx,xxxxxxxx,00000000,00000000,00000001,00000001,0,00000,0,00000100
26325000,1,00000098,00000060,00000060,0000005c,00000058,3c0c000c,00000098,0,00000,000f0ff0,xxxxxxxx,xxxxxxxx,00000000,00000000,00000000,00000000,0,00000,0,00000008
26335000,1,0000009c,00000098,00000060,00000060,0000005c,3c0c000c,0000009c,0,00000,000ff0ff,xxxxxxxx,xxxxxxxx,00000000,00000000,00000014,00000014,0,00000,0,00000004
26345000,1,0000009c,00000098,00000098,00000060,00000060,004cd007,0000009c,0,00000,000f0f0f,xxxxxxxx,xxxxxxxx,00000000,00000000,00000014,00000014,0,00000,0,00000004
26355000,1,000000a0,0000009c,00000098,00000098,00000060,004cd007,000000a0,0,00000,000ff0f0,xxxxxxxx,xxxxxxxx,00000000,00000000,000c0000,000c0000,0,00000,0,000c0000
26365000,1,000000a0,0000009c,0000009c,00000098,00000098,275b0044,000000a0,0,00000,000f0f0f,xxxxxxxx,xxxxxxxx,00000000,00000000,000c0000,000c0000,0,00000,0,000c0000
26375000,1,000000a4,000000a0,0000009c,0000009c,00000098,275b0044,000000a4,0,00000,000ff0f0,xxxxxxxx,xxxxxxxx,00000000,00000000,0000000c,0000000c,0,00000,0,000c0000
26385000,1,000000a4,000000a0,000000a0,0000009c,0000009c,0360f809,000000a4,0,00000,000f0f0f,xxxxxxxx,xxxxxxxx,00000000,00000000,0000000c,0000000c,0,00000,0,000c0000
26395000,1,000000a8,000000a4,000000a0,000000a0,0000009c,0360f809,000000a8,0,00000,000ff0f0,xxxxxxxx,xxxxxxxx,00000000,00000000,00000050,00000050,0,00000,0,00000050
26405000,1,000000a8,000000a4,000000a0,000000a0,000000a0,24010008,000000a8,0,00000,000ff00f,xxxxxxxx,xxxxxxxx,00000000,00000000,00000050,00000050,0,00000,0,00000050
26415000,1,00000050,000000a8,000000a4,000000a0,000000a0,24010008,00000050,0,00000,000fff00,xxxxxxxx,xxxxxxxx,00000000,00000000,00000050,00000050,0,00000,0,00000050
26425000,1,00000050,000000a8,000000a8,000000a4,000000a0,00411821,00000050,0,00000,000f0ff0,xxxxxxxx,xxxxxxxx,00000000,00000000,000000ac,000000ac,0,00000,0,00000000
26435000,1,00000054,00000050,000000a8,000000a8,000000a4,00411821,00000054,0,00000,000ff0ff,xxxxxxxx,xxxxxxxx,00000000,00000000,00000008,00000008,0,00000,0,00000008
26445000,1,00000054,00000050,00000050,000000a8,000000a8,00022082,00000054,0,00000,000f0f0f,xxxxxxxx,xxxxxxxx,00000000,00000000,00000008,00000008,0,00000,0,00000008
26455000,1,00000058,00000054,00000050,00000050,000000a8,00022082,00000058,0,00000,000ff0f0,xxxxxxxx,xxxxxxxx,00000000,00000000,00000018,00000018,0,00000,0,00000008
26465000,1,00000058,00000054,00000054,00000050,00000050,28990005,00000058,0,00000,000f0f0f,xxxxxxxx,xxxxxxxx,00000000,00000000,00000018,00000018,0,00000,0,00000008
26475000,1,0000005c,00000058,00000054,00000054,00000050,28990005,0000005c,0,00000,000ff0f0,xxxxxxxx,xxxxxxxx,00000000,00000000,00000004,00000004,0,00000,0,00000010
26485000,1,0000005c,00000058,00000058,00000054,00000054,0721000e,0000005c,0,00000,000f0f0f,xxxxxxxx,xxxxxxxx,00000000,00000000,00000004,00000004,0,00000,0,00000010
26495000,1,00000060,0000005c,00000058,00000058,00000054,0721000e,00000060,0,00000,000ff0f0,xxxxxxxx,xxxxxxxx,00000000,00000000,00000001,00000001,0,00000,0,00000100
26505000,1,00000060,0000005c,00000058,00000058,00000058,00642823,00000060,0,00000,000ff00f,xxxxxxxx,xxxxxxxx,00000000,00000000,00000001,00000001,0,00000,0,00000100
26515000,1,00000098,00000060,0000005c,00000058,00000058,00642823,00000098,0,00000,000fff00,xxxxxxxx,xxxxxxxx,00000000,00000000,00000001,00000001,0,00000,0,00000100
26525000,1,00000098,00000060,00000060,0000005c,00000058,3c0c000c,00000098,0,00000,000f0ff0,xxxxxxxx,xxxxxxxx,00000000,00000000,00000000,00000000,0,00000,0,00000008
26535000,1,0000009c,00000098,00000060,00000060,0000005c,3c0c000c,0000009c,0,00000,000ff0ff,xxxxxxxx,xxxxxxxx,00000000,00000000,00000014,00000014,0,00000,0,00000004
26545000,1,0000009c,00000098,00000098,00000060,00000060,004cd007,0000009c,0,00000,000f0f0f,xxxxxxxx,xxxxxxxx,00000000,00000000,00000014,00000014,0,00000,0,00000004
26555000,1,000000a0,0000009c,00000098,00000098,00000060,004cd007,000000a0,0,00000,000ff0f0,xxxxxxxx,xxxxxxxx,00000000,00000000,000c0000,000c0000,0,00000,0,000c0000
26565000,1,000000a0,0000009c,0000009c,00000098,00000098,275b0044,000000a0,0,00000,000f0f0f,xxxxxxxx,xxxxxxxx,00000000,00000000,000c0000,000c0000,0,00000,0,000c0000
26575000,1,000000a4,000000a0,0000009c,0000009c,00000098,275b0044,000000a4,0,00000,000ff0f0,xxxxxxxx,xxxxxxxx,00000000,00000000,0000000c,0000000c,0,00000,0,000c0000
26585000,1,000000a4,000000a0,000000a0,0000009c,0000009c,0360f809,000000a4,0,00000,000f0f0f,xxxxxxxx,xxxxxxxx,00000000,00000000,0000000c,0000000c,0,00000,0,000c0000
26595000,1,000000a8,000000a4,000000a0,000000a0,0000009c,0360f809,000000a8,0,00000,000ff0f0,xxxxxxxx,xxxxxxxx,00000000,00000000,00000050,00000050,0,00000,0,00000050
26605000,1,000000a8,000000a4,000000a0,000000a0,000000a0,24010008,000000a8,0,00000,000ff00f,xxxxxxxx,xxxxxxxx,00000000,00000000,00000050,00000050,0,00000,0,00000050
26615000,1,00000050,000000a8,000000a4,000000a0,000000a0,24010008,00000050,0,00000,000fff00,xxxxxxxx,xxxxxxxx,00000000,00000000,00000050,00000050,0,00000,0,00000050
26625000,1,00000050,000000a8,000000a8,000000a4,000000a0,00411821,00000050,0,00000,000f0ff0,xxxxxxxx,xxxxxxxx,00000000,00000000,000000ac,000000ac,0,00000,0,00000000
26635000,1,00000054,00000050,000000a8,000000a8,000000a4,00411821,00000054,0,00000,000ff0ff,xxxxxxxx,xxxxxxxx,00000000,00000000,00000008,00000008,0,00000,0,00000008
26645000,1,00000054,00000050,00000050,000000a8,000000a8,00022082,00000054,0,00000,000f0f0f,xxxxxxxx,xxxxxxxx,00000000,00000000,00000008,00000008,0,00000,0,00000008
26655000,1,00000058,00000054,00000050,00000050,000000a8,00022082,00000058,0,00000,000ff0f0,xxxxxxxx,xxxxxxxx,00000000,00000000,00000018,00000018,0,00000,0,00000008
26665000,1,00000058,00000054,00000054,00000050,00000050,28990005,00000058,0,00000,000f0f0f,xxxxxxxx,xxxxxxxx,00000000,00000000,00000018,00000018,0,00000,0,00000008
26675000,1,0000005c,00000058,00000054,00000054,00000050,28990005,0000005c,0,00000,000ff0f0,xxxxxxxx,xxxxxxxx,00000000,00000000,00000004,00000004,0,00000,0,00000010
26685000,1,0000005c,00000058,00000058,00000054,00000054,0721000e,0000005c,0,00000,000f0f0f,xxxxxxxx,xxxxxxxx,00000000,00000000,00000004,00000004,0,00000,0,00000010
26695000,1,00000060,0000005c,00000058,00000058,00000054,0721000e,00000060,0,00000,000ff0f0,xxxxxxxx,xxxxxxxx,00000000,00000000,00000001,00000001,0,00000,0,00000100
26705000,1,00000060,0000005c,00000058,00000058,00000058,00642823,00000060,0,00000,000ff00f,xxxxxxxx,xxxxxxxx,00000000,00000000,00000001,00000001,0,00000,0,00000100
26715000,1,00000098,00000060,0000005c,00000058,00000058,00642823,00000098,0,00000,000fff00,xxxxxxxx,xxxxxxxx,00000000,00000000,00000001,00000001,0,00000,0,00000100
26725000,1,00000098,00000060,00000060,0000005c,00000058,3c0c000c,00000098,0,00000,000f0ff0,xxxxxxxx,xxxxxxxx,00000000,00000000,00000000,00000000,0,00000,0,00000008
26735000,1,0000009c,00000098,00000060,00000060,0000005c,3c0c000c,0000009c,0,00000,000ff0ff,xxxxxxxx,xxxxxxxx,00000000,00000000,00000014,00000014,0,00000,0,00000004
26745000,1,0000009c,00000098,00000098,00000060,00000060,004cd007,0000009c,0,00000,000f0f0f,xxxxxxxx,xxxxxxxx,00000000,00000000,00000014,00000014,0,00000,0,00000004
26755000,1,000000a0,0000009c,00000098,00000098,00000060,004cd007,000000a0,0,00000,000ff0f0,xxxxxxxx,xxxxxxxx,00000000,00000000,000c0000,000c0000,0,00000,0,000c0000
26765000,1,000000a0,0000009c,0000009c,00000098,00000098,275b0044,000000a0,0,00000,000f0f0f,xxxxxxxx,xxxxxxxx,00000000,00000000,000c0000,000c0000,0,00000,0,000c0000
26775000,1,000000a4,000000a0,0000009c,0000009c,00000098,275b0044,000000a4,0,00000,000ff0f0,xxxxxxxx,xxxxxxxx,00000000,00000000,0000000c,0000000c,0,00000,0,000c0000
26785000,1,000000a4,000000a0,000000a0,0000009c,0000009c,0360f809,000000a4,0,00000,000f0f0f,xxxxxxxx,xxxxxxxx,00000000,00000000,0000000c,0000000c,0,00000,0,000c0000
26795000,1,000000a8,000000a4,000000a0,000000a0,0000009c,0360f809,000000a8,0,00000,000ff0f0,xxxxxxxx,xxxxxxxx,00000000,00000000,00000050,00000050,0,00000,0,00000050
26805000,1,000000a8,000000a4,000000a0,000000a0,000000a0,24010008,000000a8,0,00000,000ff00f,xxxxxxxx,xxxxxxxx,00000000,00000000,00000050,00000050,0,00000,0,00000050
26815000,1,00000050,000000a8,000000a4,000000a0,000000a0,24010008,00000050,0,00000,000fff00,xxxxxxxx,xxxxxxxx,00000000,00000000,00000050,00000050,0,00000,0,00000050
26825000,1,00000050,000000a8,000000a8,000000a4,000000a0,00411821,00000050,0,00000,000f0ff0,xxxxxxxx,xxxxxxxx,00000000,00000000,000000ac,000000ac,0,00000,0,00000000
26835000,1,00000054,00000050,000000a8,000000a8,000000a4,00411821,00000054,0,00000,000ff0ff,xxxxxxxx,xxxxxxxx,00000000,00000000,00000008,00000008,0,00000,0,00000008
26845000,1,00000054,00000050,00000050,000000a8,000000a8,00022082,00000054,0,00000,000f0f0f,xxxxxxxx,xxxxxxxx,00000000,00000000,00000008,00000008,0,00000,0,00000008
26855000,1,00000058,00000054,00000050,00000050,000000a8,00022082,00000058,0,00000,000ff0f0,xxxxxxxx,xxxxxxxx,00000000,00000000,00000018,00000018,0,00000,0,00000008
26865000,1,00000058,00000054,00000054,00000050,00000050,28990005,00000058,0,00000,000f0f0f,xxxxxxxx,xxxxxxxx,00000000,00000000,00000018,00000018,0,00000,0,00000008
26875000,1,0000005c,00000058,00000054,00000054,00000050,28990005,0000005c,0,00000,000ff0f0,xxxxxxxx,xxxxxxxx,00000000,00000000,00000004,00000004,0,00000,0,00000010
26885000,1,0000005c,00000058,00000058,00000054,00000054,0721000e,0000005c,0,00000,000f0f0f,xxxxxxxx,xxxxxxxx,00000000,00000000,00000004,00000004,0,00000,0,00000010
26895000,1,00000060,0000005c,00000058,00000058,00000054,0721000e,00000060,0,00000,000ff0f0,xxxxxxxx,xxxxxxxx,00000000,00000000,00000001,00000001,0,00000,0,00000100
26905000,1,00000060,0000005c,00000058,00000058,00000058,00642823,00000060,0,00000,000ff00f,xxxxxxxx,xxxxxxxx,00000000,00000000,00000001,00000001,0,00000,0,00000100
26915000,1,00000098,00000060,0000005c,00000058,00000058,00642823,00000098,0,00000,000fff00,xxxxxxxx,xxxxxxxx,00000000,00000000,00000001,00000001,0,00000,0,00000100
26925000,1,00000098,00000060,00000060,0000005c,00000058,3c0c000c,00000098,0,00000,000f0ff0,xxxxxxxx,xxxxxxxx,00000000,00000000,00000000,00000000,0,00000,0,00000008
26935000,1,0000009c,00000098,00000060,00000060,0000005c,3c0c000c,0000009c,0,00000,000ff0ff,xxxxxxxx,xxxxxxxx,00000000,00000000,00000014,00000014,0,00000,0,00000004
26945000,1,0000009c,00000098,00000098,00000060,00000060,004cd007,0000009c,0,00000,000f0f0f,xxxxxxxx,xxxxxxxx,00000000,00000000,00000014,00000014,0,00000,0,00000004
26955000,1,000000a0,0000009c,00000098,00000098,00000060,004cd007,000000a0,0,00000,000ff0f0,xxxxxxxx,xxxxxxxx,00000000,00000000,000c0000,000c0000,0,00000,0,000c0000
26965000,1,000000a0,0000009c,0000009c,00000098,00000098,275b0044,000000a0,0,00000,000f0f0f,xxxxxxxx,xxxxxxxx,00000000,00000000,000c0000,000c0000,0,00000,0,000c0000
26975000,1,000000a4,000000a0,0000009c,0000009c,00000098,275b0044,000000a4,0,00000,000ff0f0,xxxxxxxx,xxxxxxxx,00000000,00000000,0000000c,0000000c,0,00000,0,000c0000
26985000,1,000000a4,000000a0,000000a0,0000009c,0000009c,0360f809,000000a4,0,00000,000f0f0f,xxxxxxxx,xxxxxxxx,00000000,00000000,0000000c,0000000c,0,00000,0,000c0000
26995000,1,000000a8,000000a4,000000a0,000000a0,0000009c,0360f809,000000a8,0,00000,000ff0f0,xxxxxxxx,xxxxxxxx,00000000,00000000,00000050,00000050,0,00000,0,00000050
27005000,1,000000a8,000000a4,000000a0,000000a0,000000a0,24010008,000000a8,0,00000,000ff00f,xxxxxxxx,xxxxxxxx,00000000,00000000,00000050,00000050,0,00000,0,00000050
27015000,1,00000050,000000a8,000000a4,000000a0,000000a0,24010008,00000050,0,00000,000fff00,xxxxxxxx,xxxxxxxx,00000000,00000000,00000050,00000050,0,00000,0,00000050
27025000,1,00000050,000000a8,000000a8,000000a4,000000a0,00411821,00000050,0,00000,000f0ff0,xxxxxxxx,xxxxxxxx,00000000,00000000,000000ac,000000ac,0,00000,0,00000000
27035000,1,00000054,00000050,000000a8,000000a8,000000a4,00411821,00000054,0,00000,000ff0ff,xxxxxxxx,xxxxxxxx,00000000,00000000,00000008,00000008,0,00000,0,00000008
27045000,1,00000054,00000050,00000050,000000a8,000000a8,00022082,00000054,0,00000,000f0f0f,xxxxxxxx,xxxxxxxx,00000000,00000000,00000008,00000008,0,00000,0,00000008
27055000,1,00000058,00000054,00000050,00000050,000000a8,00022082,00000058,0,00000,000ff0f0,xxxxxxxx,xxxxxxxx,00000000,00000000,00000018,00000018,0,00000,0,00000008
27065000,1,00000058,00000054,00000054,00000050,00000050,28990005,00000058,0,00000,000f0f0f,xxxxxxxx,xxxxxxxx,00000000,00000000,00000018,00000018,0,00000,0,00000008
27075000,1,0000005c,00000058,00000054,00000054,00000050,28990005,0000005c,0,00000,000ff0f0,xxxxxxxx,xxxxxxxx,00000000,00000000,00000004,00000004,0,00000,0,00000010
27085000,1,0000005c,00000058,00000058,00000054,00000054,0721000e,0000005c,0,00000,000f0f0f,xxxxxxxx,xxxxxxxx,00000000,00000000,00000004,00000004,0,00000,0,00000010
27095000,1,00000060,0000005c,00000058,00000058,00000054,0721000e,00000060,0,00000,000ff0f0,xxxxxxxx,xxxxxxxx,00000000,00000000,00000001,00000001,0,00000,0,00000100
27105000,1,00000060,0000005c,00000058,00000058,00000058,00642823,00000060,0,00000,000ff00f,xxxxxxxx,xxxxxxxx,00000000,00000000,00000001,00000001,0,00000,0,00000100
27115000,1,00000098,00000060,0000005c,00000058,00000058,00642823,00000098,0,00000,000fff00,xxxxxxxx,xxxxxxxx,00000000,00000000,00000001,00000001,0,00000,0,00000100
27125000,1,00000098,00000060,00000060,0000005c,00000058,3c0c000c,00000098,0,00000,000f0ff0,xxxxxxxx,xxxxxxxx,00000000,00000000,00000000,00000000,0,00000,0,00000008
27135000,1,0000009c,00000098,00000060,00000060,0000005c,3c0c000c,0000009c,0,00000,000ff0ff,xxxxxxxx,xxxxxxxx,00000000,00000000,00000014,00000014,0,00000,0,00000004
27145000,1,0000009c,00000098,00000098,00000060,00000060,004cd007,0000009c,0,00000,000f0f0f,xxxxxxxx,xxxxxxxx,00000000,00000000,00000014,00000014,0,00000,0,00000004
27155000,1,000000a0,0000009c,00000098,00000098,00000060,004cd007,000000a0,0,00000,000ff0f0,xxxxxxxx,xxxxxxxx,00000000,00000000,000c0000,000c0000,0,00000,0,000c0000
27165000,1,000000a0,0000009c,0000009c,00000098,00000098,275b0044,000000a0,0,00000,000f0f0f,xxxxxxxx,xxxxxxxx,00000000,00000000,000c0000,000c0000,0,00000,0,000c0000
27175000,1,000000a4,000000a0,0000009c,0000009c,00000098,275b0044,000000a4,0,00000,000ff0f0,xxxxxxxx,xxxxxxxx,00000000,00000000,0000000c,0000000c,0,00000,0,000c0000
27185000,1,000000a4,000000a0,000000a0,0000009c,0000009c,0360f809,000000a4,0,00000,000f0f0f,xxxxxxxx,xxxxxxxx,00000000,00000000,0000000c,0000000c,0,00000,0,000c0000
27195000,1,000000a8,000000a4,000000a0,000000a0,0000009c,0360f809,000000a8,0,00000,000ff0f0,xxxxxxxx,xxxxxxxx,00000000,00000000,00000050,00000050,0,00000,0,00000050
27205000,1,000000a8,000000a4,000000a0,000000a0,000000a0,24010008,000000a8,0,00000,000ff00f,xxxxxxxx,xxxxxxxx,00000000,00000000,00000050,00000050,0,00000,0,00000050
27215000,1,00000050,000000a8,000000a4,000000a0,000000a0,24010008,00000050,0,00000,000fff00,xxxxxxxx,xxxxxxxx,00000000,00000000,00000050,00000050,0,00000,0,00000050
27225000,1,00000050,000000a8,000000a8,000000a4,000000a0,00411821,00000050,0,00000,000f0ff0,xxxxxxxx,xxxxxxxx,00000000,00000000,000000ac,000000ac,0,00000,0,00000000
27235000,1,00000054,00000050,000000a8,000000a8,000000a4,00411821,00000054,0,00000,000ff0ff,xxxxxxxx,xxxxxxxx,00000000,00000000,00000008,00000008,0,00000,0,00000008
27245000,1,00000054,00000050,00000050,000000a8,000000a8,00022082,00000054,0,00000,000f0f0f,xxxxxxxx,xxxxxxxx,00000000,00000000,00000008,00000008,0,00000,0,00000008
27255000,1,00000058,00000054,00000050,00000050,000000a8,00022082,00000058,0,00000,000ff0f0,xxxxxxxx,xxxxxxxx,00000000,00000000,00000018,00000018,0,00000,0,00000008
27265000,1,00000058,00000054,00000054,00000050,00000050,28990005,00000058,0,00000,000f0f0f,xxxxxxxx,xxxxxxxx,00000000,00000000,00000018,00000018,0,00000,0,00000008
27275000,1,0000005c,00000058,00000054,00000054,00000050,28990005,0000005c,0,00000,000ff0f0,xxxxxxxx,xxxxxxxx,00000000,00000000,00000004,00000004,0,00000,0,00000010
27285000,1,0000005c,00000058,00000058,00000054,00000054,0721000e,0000005c,0,00000,000f0f0f,xxxxxxxx,xxxxxxxx,00000000,00000000,00000004,00000004,0,00000,0,00000010
27295000,1,00000060,0000005c,00000058,00000058,00000054,0721000e,00000060,0,00000,000ff0f0,xxxxxxxx,xxxxxxxx,00000000,00000000,00000001,00000001,0,00000,0,00000100
27305000,1,00000060,0000005c,00000058,00000058,00000058,00642823,00000060,0,00000,000ff00f,xxxxxxxx,xxxxxxxx,00000000,00000000,00000001,00000001,0,00000,0,00000100
27315000,1,00000098,00000060,0000005c,00000058,00000058,00642823,00000098,0,00000,000fff00,xxxxxxxx,xxxxxxxx,00000000,00000000,00000001,00000001,0,00000,0,00000100
27325000,1,00000098,00000060,00000060,0000005c,00000058,3c0c000c,00000098,0,00000,000f0ff0,xxxxxxxx,xxxxxxxx,00000000,00000000,00000000,00000000,0,00000,0,00000008
27335000,1,0000009c,00000098,00000060,00000060,0000005c,3c0c000c,0000009c,0,00000,000ff0ff,xxxxxxxx,xxxxxxxx,00000000,00000000,00000014,00000014,0,00000,0,00000004
27345000,1,0000009c,00000098,00000098,00000060,00000060,004cd007,0000009c,0,00000,000f0f0f,xxxxxxxx,xxxxxxxx,00000000,00000000,00000014,00000014,0,00000,0,00000004
27355000,1,000000a0,0000009c,00000098,00000098,00000060,004cd007,000000a0,0,00000,000ff0f0,xxxxxxxx,xxxxxxxx,00000000,00000000,000c0000,000c0000,0,00000,0,000c0000
27365000,1,000000a0,0000009c,0000009c,00000098,00000098,275b0044,000000a0,0,00000,000f0f0f,xxxxxxxx,xxxxxxxx,00000000,00000000,000c0000,000c0000,0,00000,0,000c0000
27375000,1,000000a4,000000a0,0000009c,0000009c,00000098,275b0044,000000a4,0,00000,000ff0f0,xxxxxxxx,xxxxxxxx,00000000,00000000,0000000c,0000000c,0,00000,0,000c0000
27385000,1,000000a4,000000a0,000000a0,0000009c,0000009c,0360f809,000000a4,0,00000,000f0f0f,xxxxxxxx,xxxxxxxx,00000000,00000000,0000000c,0000000c,0,00000,0,000c0000
27395000,1,000000a8,000000a4,000000a0,000000a0,0000009c,0360f809,000000a8,0,00000,000ff0f0,xxxxxxxx,xxxxxxxx,00000000,00000000,00000050,00000050,0,00000,0,00000050
27405000,1,000000a8,000000a4,000000a0,000000a0,000000a0,24010008,000000a8,0,00000,000ff00f,xxxxxxxx,xxxxxxxx,00000000,00000000,00000050,00000050,0,00000,0,00000050
27415000,1,00000050,000000a8,000000a4,000000a0,000000a0,24010008,00000050,0,00000,000fff00,xxxxxxxx,xxxxxxxx,00000000,00000000,00000050,00000050,0,00000,0,00000050
27425000,1,00000050,000000a8,000000a8,000000a4,000000a0,00411821,00000050,0,00000,000f0ff0,xxxxxxxx,xxxxxxxx,00000000,00000000,000000ac,000000ac,0,00000,0,00000000
27435000,1,00000054,00000050,000000a8,000000a8,000000a4,00411821,00000054,0,00000,000ff0ff,xxxxxxxx,xxxxxxxx,00000000,00000000,00000008,00000008,0,00000,0,00000008
27445000,1,00000054,00000050,00000050,000000a8,000000a8,00022082,00000054,0,00000,000f0f0f,xxxxxxxx,xxxxxxxx,00000000,00000000,00000008,00000008,0,00000,0,00000008
27455000,1,00000058,00000054,00000050,00000050,000000a8,00022082,00000058,0,00000,000ff0f0,xxxxxxxx,xxxxxxxx,00000000,00000000,00000018,00000018,0,00000,0,00000008
27465000,1,00000058,00000054,00000054,00000050,00000050,28990005,00000058,0,00000,000f0f0f,xxxxxxxx,xxxxxxxx,00000000,00000000,00000018,00000018,0,00000,0,00000008
27475000,1,0000005c,00000058,00000054,00000054,00000050,28990005,0000005c,0,00000,000ff0f0,xxxxxxxx,xxxxxxxx,00000000,00000000,00000004,00000004,0,00000,0,00000010
27485000,1,0000005c,00000058,00000058,00000054,00000054,0721000e,0000005c,0,00000,000f0f0f,xxxxxxxx,xxxxxxxx,00000000,00000000,00000004,00000004,0,00000,0,00000010
27495000,1,00000060,0000005c,00000058,00000058,00000054,0721000e,00000060,0,00000,000ff0f0,xxxxxxxx,xxxxxxxx,00000000,00000000,00000001,00000001,0,00000,0,00000100
27505000,1,00000060,0000005c,00000058,00000058,00000058,00642823,00000060,0,00000,000ff00f,xxxxxxxx,xxxxxxxx,00000000,00000000,00000001,00000001,0,00000,0,00000100
27515000,1,00000098,00000060,0000005c,00000058,00000058,00642823,00000098,0,00000,000fff00,xxxxxxxx,xxxxxxxx,00000000,00000000,00000001,00000001,0,00000,0,00000100
27525000,1,00000098,00000060,00000060,0000005c,00000058,3c0c000c,00000098,0,00000,000f0ff0,xxxxxxxx,xxxxxxxx,00000000,00000000,00000000,00000000,0,00000,0,00000008
27535000,1,0000009c,00000098,00000060,00000060,0000005c,3c0c000c,0000009c,0,00000,000ff0ff,xxxxxxxx,xxxxxxxx,00000000,00000000,00000014,00000014,0,00000,0,00000004
27545000,1,0000009c,00000098,00000098,00000060,00000060,004cd007,0000009c,0,00000,000f0f0f,xxxxxxxx,xxxxxxxx,00000000,00000000,00000014,00000014,0,00000,0,00000004
27555000,1,000000a0,0000009c,00000098,00000098,00000060,004cd007,000000a0,0,00000,000ff0f0,xxxxxxxx,xxxxxxxx,00000000,00000000,000c0000,000c0000,0,00000,0,000c0000
27565000,1,000000a0,0000009c,0000009c,00000098,00000098,275b0044,000000a0,0,00000,000f0f0f,xxxxxxxx,xxxxxxxx,00000000,00000000,000c0000,000c0000,0,00000,0,000c0000
27575000,1,000000a4,000000a0,0000009c,0000009c,00000098,275b0044,000000a4,0,00000,000ff0f0,xxxxxxxx,xxxxxxxx,00000000,00000000,0000000c,0000000c,0,00000,0,000c0000
27585000,1,000000a4,000000a0,000000a0,0000009c,0000009c,0360f809,000000a4,0,00000,000f0f0f,xxxxxxxx,xxxxxxxx,00000000,00000000,0000000c,0000000c,0,00000,0,000c0000
27595000,1,000000a8,000000a4,000000a0,000000a0,0000009c,0360f809,000000a8,0,00000,000ff0f0,xxxxxxxx,xxxxxxxx,00000000,00000000,00000050,00000050,0,00000,0,00000050
27605000,1,000000a8,000000a4,000000a0,000000a0,000000a0,24010008,000000a8,0,00000,000ff00f,xxxxxxxx,xxxxxxxx,00000000,00000000,00000050,00000050,0,00000,0,00000050
27615000,1,00000050,000000a8,000000a4,000000a0,000000a0,24010008,00000050,0,00000,000fff00,xxxxxxxx,xxxxxxxx,00000000,00000000,00000050,00000050,0,00000,0,00000050
27625000,1,00000050,000000a8,000000a8,000000a4,000000a0,00411821,00000050,0,00000,000f0ff0,xxxxxxxx,xxxxxxxx,00000000,00000000,000000ac,000000ac,0,00000,0,00000000
27635000,1,00000054,00000050,000000a8,000000a8,000000a4,00411821,00000054,0,00000,000ff0ff,xxxxxxxx,xxxxxxxx,00000000,00000000,00000008,00000008,0,00000,0,00000008
27645000,1,00000054,00000050,00000050,000000a8,000000a8,00022082,00000054,0,00000,000f0f0f,xxxxxxxx,xxxxxxxx,00000000,00000000,00000008,00000008,0,00000,0,00000008
27655000,1,00000058,00000054,00000050,00000050,000000a8,00022082,00000058,0,00000,000ff0f0,xxxxxxxx,xxxxxxxx,00000000,00000000,00000018,00000018,0,00000,0,00000008
27665000,1,00000058,00000054,00000054,00000050,00000050,28990005,00000058,0,00000,000f0f0f,xxxxxxxx,xxxxxxxx,00000000,00000000,00000018,00000018,0,00000,0,00000008
27675000,1,0000005c,00000058,00000054,00000054,00000050,28990005,0000005c,0,00000,000ff0f0,xxxxxxxx,xxxxxxxx,00000000,00000000,00000004,00000004,0,00000,0,00000010
27685000,1,0000005c,00000058,00000058,00000054,00000054,0721000e,0000005c,0,00000,000f0f0f,xxxxxxxx,xxxxxxxx,00000000,00000000,00000004,00000004,0,00000,0,00000010
27695000,1,00000060,0000005c,00000058,00000058,00000054,0721000e,00000060,0,00000,000ff0f0,xxxxxxxx,xxxxxxxx,00000000,00000000,00000001,00000001,0,00000,0,00000100
27705000,1,00000060,0000005c,00000058,00000058,00000058,00642823,00000060,0,00000,000ff00f,xxxxxxxx,xxxxxxxx,00000000,00000000,00000001,00000001,0,00000,0,00000100
27715000,1,00000098,00000060,0000005c,00000058,00000058,00642823,00000098,0,00000,000fff00,xxxxxxxx,xxxxxxxx,00000000,00000000,00000001,00000001,0,00000,0,00000100
27725000,1,00000098,00000060,00000060,0000005c,00000058,3c0c000c,00000098,0,00000,000f0ff0,xxxxxxxx,xxxxxxxx,00000000,00000000,00000000,00000000,0,00000,0,00000008
27735000,1,0000009c,00000098,00000060,00000060,0000005c,3c0c000c,0000009c,0,00000,000ff0ff,xxxxxxxx,xxxxxxxx,00000000,00000000,00000014,00000014,0,00000,0,00000004
27745000,1,0000009c,00000098,00000098,00000060,00000060,004cd007,0000009c,0,00000,000f0f0f,xxxxxxxx,xxxxxxxx,00000000,00000000,00000014,00000014,0,00000,0,00000004
27755000,1,000000a0,0000009c,00000098,00000098,00000060,004cd007,000000a0,0,00000,000ff0f0,xxxxxxxx,xxxxxxxx,00000000,00000000,000c0000,000c0000,0,00000,0,000c0000
27765000,1,000000a0,0000009c,0000009c,00000098,00000098,275b0044,000000a0,0,00000,000f0f0f,xxxxxxxx,xxxxxxxx,00000000,00000000,000c0000,000c0000,0,00000,0,000c0000
27775000,1,000000a4,000000a0,0000009c,0000009c,00000098,275b0044,000000a4,0,00000,000ff0f0,xxxxxxxx,xxxxxxxx,00000000,00000000,0000000c,0000000c,0,00000,0,000c0000
27785000,1,000000a4,000000a0,000000a0,0000009c,0000009c,0360f809,000000a4,0,00000,000f0f0f,xxxxxxxx,xxxxxxxx,00000000,00000000,0000000c,0000000c,0,00000,0,000c0000
27795000,1,000000a8,000000a4,000000a0,000000a0,0000009c,0360f809,000000a8,0,00000,000ff0f0,xxxxxxxx,xxxxxxxx,00000000,00000000,00000050,00000050,0,00000,0,00000050
27805000,1,000000a8,000000a4,000000a0,000000a0,000000a0,24010008,000000a8,0,00000,000ff00f,xxxxxxxx,xxxxxxxx,00000000,00000000,00000050,00000050,0,00000,0,00000050
27815000,1,00000050,000000a8,000000a4,000000a0,000000a0,24010008,00000050,0,00000,000fff00,xxxxxxxx,xxxxxxxx,00000000,00000000,00000050,00000050,0,00000,0,00000050
27825000,1,00000050,000000a8,000000a8,000000a4,000000a0,00411821,00000050,0,00000,000f0ff0,xxxxxxxx,xxxxxxxx,00000000,00000000,000000ac,000000ac,0,00000,0,00000000
27835000,1,00000054,00000050,000000a8,000000a8,000000a4,00411821,00000054,0,00000,000ff0ff,xxxxxxxx,xxxxxxxx,00000000,00000000,00000008,00000008,0,00000,0,00000008
27845000,1,00000054,00000050,00000050,000000a8,000000a8,00022082,00000054,0,00000,000f0f0f,xxxxxxxx,xxxxxxxx,00000000,00000000,00000008,00000008,0,00000,0,00000008
27855000,1,00000058,00000054,00000050,00000050,000000a8,00022082,00000058,0,00000,000ff0f0,xxxxxxxx,xxxxxxxx,00000000,00000000,00000018,00000018,0,00000,0,00000008
27865000,1,00000058,00000054,00000054,00000050,00000050,28990005,00000058,0,00000,000f0f0f,xxxxxxxx,xxxxxxxx,00000000,00000000,00000018,00000018,0,00000,0,00000008
27875000,1,0000005c,00000058,00000054,00000054,00000050,28990005,0000005c,0,00000,000ff0f0,xxxxxxxx,xxxxxxxx,00000000,00000000,00000004,00000004,0,00000,0,00000010
27885000,1,0000005c,00000058,00000058,00000054,00000054,0721000e,0000005c,0,00000,000f0f0f,xxxxxxxx,xxxxxxxx,00000000,00000000,00000004,00000004,0,00000,0,00000010
27895000,1,00000060,0000005c,00000058,00000058,00000054,0721000e,00000060,0,00000,000ff0f0,xxxxxxxx,xxxxxxxx,00000000,00000000,00000001,00000001,0,00000,0,00000100
27905000,1,00000060,0000005c,00000058,00000058,00000058,00642823,00000060,0,00000,000ff00f,xxxxxxxx,xxxxxxxx,00000000,00000000,00000001,00000001,0,00000,0,00000100
27915000,1,00000098,00000060,0000005c,00000058,00000058,00642823,00000098,0,00000,000fff00,xxxxxxxx,xxxxxxxx,00000000,00000000,00000001,00000001,0,00000,0,00000100
27925000,1,00000098,00000060,00000060,0000005c,00000058,3c0c000c,00000098,0,00000,000f0ff0,xxxxxxxx,xxxxxxxx,00000000,00000000,00000000,00000000,0,00000,0,00000008
27935000,1,0000009c,00000098,00000060,00000060,0000005c,3c0c000c,0000009c,0,00000,000ff0ff,xxxxxxxx,xxxxxxxx,00000000,00000000,00000014,00000014,0,00000,0,00000004
27945000,1,0000009c,00000098,00000098,00000060,00000060,004cd007,0000009c,0,00000,000f0f0f,xxxxxxxx,xxxxxxxx,00000000,00000000,00000014,00000014,0,00000,0,00000004
27955000,1,000000a0,0000009c,00000098,00000098,00000060,004cd007,000000a0,0,00000,000ff0f0,xxxxxxxx,xxxxxxxx,00000000,00000000,000c0000,000c0000,0,00000,0,000c0000
27965000,1,000000a0,0000009c,0000009c,00000098,00000098,275b0044,000000a0,0,00000,000f0f0f,xxxxxxxx,xxxxxxxx,00000000,00000000,000c0000,000c0000,0,00000,0,000c0000
27975000,1,000000a4,000000a0,0000009c,0000009c,00000098,275b0044,000000a4,0,00000,000ff0f0,xxxxxxxx,xxxxxxxx,00000000,00000000,0000000c,0000000c,0,00000,0,000c0000
27985000,1,000000a4,000000a0,000000a0,0000009c,0000009c,0360f809,000000a4,0,00000,000f0f0f,xxxxxxxx,xxxxxxxx,00000000,00000000,0000000c,0000000c,0,00000,0,000c0000
27995000,1,000000a8,000000a4,000000a0,000000a0,0000009c,0360f809,000000a8,0,00000,000ff0f0,xxxxxxxx,xxxxxxxx,00000000,00000000,00000050,00000050,0,00000,0,00000050
28005000,1,000000a8,000000a4,000000a0,000000a0,000000a0,24010008,000000a8,0,00000,000ff00f,xxxxxxxx,xxxxxxxx,00000000,00000000,00000050,00000050,0,00000,0,00000050
28015000,1,00000050,000000a8,000000a4,000000a0,000000a0,24010008,00000050,0,00000,000fff00,xxxxxxxx,xxxxxxxx,00000000,00000000,00000050,00000050,0,00000,0,00000050
28025000,1,00000050,000000a8,000000a8,000000a4,000000a0,00411821,00000050,0,00000,000f0ff0,xxxxxxxx,xxxxxxxx,00000000,00000000,000000ac,000000ac,0,00000,0,00000000
28035000,1,00000054,00000050,000000a8,000000a8,000000a4,00411821,00000054,0,00000,000ff0ff,xxxxxxxx,xxxxxxxx,00000000,00000000,00000008,00000008,0,00000,0,00000008
28045000,1,00000054,00000050,00000050,000000a8,000000a8,00022082,00000054,0,00000,000f0f0f,xxxxxxxx,xxxxxxxx,00000000,00000000,00000008,00000008,0,00000,0,00000008
28055000,1,00000058,00000054,00000050,00000050,000000a8,00022082,00000058,0,00000,000ff0f0,xxxxxxxx,xxxxxxxx,00000000,00000000,00000018,00000018,0,00000,0,00000008
28065000,1,00000058,00000054,00000054,00000050,00000050,28990005,00000058,0,00000,000f0f0f,xxxxxxxx,xxxxxxxx,00000000,00000000,00000018,00000018,0,00000,0,00000008
28075000,1,0000005c,00000058,00000054,00000054,00000050,28990005,0000005c,0,00000,000ff0f0,xxxxxxxx,xxxxxxxx,00000000,00000000,00000004,00000004,0,00000,0,00000010
28085000,1,0000005c,00000058,00000058,00000054,00000054,0721000e,0000005c,0,00000,000f0f0f,xxxxxxxx,xxxxxxxx,00000000,00000000,00000004,00000004,0,00000,0,00000010
28095000,1,00000060,0000005c,00000058,00000058,00000054,0721000e,00000060,0,00000,000ff0f0,xxxxxxxx,xxxxxxxx,00000000,00000000,00000001,00000001,0,00000,0,00000100
28105000,1,00000060,0000005c,00000058,00000058,00000058,00642823,00000060,0,00000,000ff00f,xxxxxxxx,xxxxxxxx,00000000,00000000,00000001,00000001,0,00000,0,00000100
28115000,1,00000098,00000060,0000005c,00000058,00000058,00642823,00000098,0,00000,000fff00,xxxxxxxx,xxxxxxxx,00000000,00000000,00000001,00000001,0,00000,0,00000100
28125000,1,00000098,00000060,00000060,0000005c,00000058,3c0c000c,00000098,0,00000,000f0ff0,xxxxxxxx,xxxxxxxx,00000000,00000000,00000000,00000000,0,00000,0,00000008
28135000,1,0000009c,00000098,00000060,00000060,0000005c,3c0c000c,0000009c,0,00000,000ff0ff,xxxxxxxx,xxxxxxxx,00000000,00000000,00000014,00000014,0,00000,0,00000004
28145000,1,0000009c,00000098,00000098,00000060,00000060,004cd007,0000009c,0,00000,000f0f0f,xxxxxxxx,xxxxxxxx,00000000,00000000,00000014,00000014,0,00000,0,00000004
28155000,1,000000a0,0000009c,00000098,00000098,00000060,004cd007,000000a0,0,00000,000ff0f0,xxxxxxxx,xxxxxxxx,00000000,00000000,000c0000,000c0000,0,00000,0,000c0000
28165000,1,000000a0,0000009c,0000009c,00000098,00000098,275b0044,000000a0,0,00000,000f0f0f,xxxxxxxx,xxxxxxxx,00000000,00000000,000c0000,000c0000,0,00000,0,000c0000
28175000,1,000000a4,000000a0,0000009c,0000009c,00000098,275b0044,000000a4,0,00000,000ff0f0,xxxxxxxx,xxxxxxxx,00000000,00000000,0000000c,0000000c,0,00000,0,000c0000
28185000,1,000000a4,000000a0,000000a0,0000009c,0000009c,0360f809,000000a4,0,00000,000f0f0f,xxxxxxxx,xxxxxxxx,00000000,00000000,0000000c,0000000c,0,00000,0,000c0000
28195000,1,000000a8,000000a4,000000a0,000000a0,0000009c,0360f809,000000a8,0,00000,000ff0f0,xxxxxxxx,xxxxxxxx,00000000,00000000,00000050,00000050,0,00000,0,00000050
28205000,1,000000a8,000000a4,000000a0,000000a0,000000a0,24010008,000000a8,0,00000,000ff00f,xxxxxxxx,xxxxxxxx,00000000,00000000,00000050,00000050,0,00000,0,00000050
28215000,1,00000050,000000a8,000000a4,000000a0,000000a0,24010008,00000050,0,00000,000fff00,xxxxxxxx,xxxxxxxx,00000000,00000000,00000050,00000050,0,00000,0,00000050
28225000,1,00000050,000000a8,000000a8,000000a4,000000a0,00411821,00000050,0,00000,000f0ff0,xxxxxxxx,xxxxxxxx,00000000,00000000,000000ac,000000ac,0,00000,0,00000000
28235000,1,00000054,00000050,000000a8,000000a8,000000a4,00411821,00000054,0,00000,000ff0ff,xxxxxxxx,xxxxxxxx,00000000,00000000,00000008,00000008,0,00000,0,00000008
28245000,1,00000054,00000050,00000050,000000a8,000000a8,00022082,00000054,0,00000,000f0f0f,xxxxxxxx,xxxxxxxx,00000000,00000000,00000008,00000008,0,00000,0,00000008
28255000,1,00000058,00000054,00000050,00000050,000000a8,00022082,00000058,0,00000,000ff0f0,xxxxxxxx,xxxxxxxx,00000000,00000000,00000018,00000018,0,00000,0,00000008
28265000,1,00000058,00000054,00000054,00000050,00000050,28990005,00000058,0,00000,000f0f0f,xxxxxxxx,xxxxxxxx,00000000,00000000,00000018,00000018,0,00000,0,00000008
28275000,1,0000005c,00000058,00000054,00000054,00000050,28990005,0000005c,0,00000,000ff0f0,xxxxxxxx,xxxxxxxx,00000000,00000000,00000004,00000004,0,00000,0,00000010
28285000,1,0000005c,00000058,00000058,00000054,00000054,0721000e,0000005c,0,00000,000f0f0f,xxxxxxxx,xxxxxxxx,00000000,00000000,00000004,00000004,0,00000,0,00000010
28295000,1,00000060,0000005c,00000058,00000058,00000054,0721000e,00000060,0,00000,000ff0f0,xxxxxxxx,xxxxxxxx,00000000,00000000,00000001,00000001,0,00000,0,00000100
28305000,1,00000060,0000005c,00000058,00000058,00000058,00642823,00000060,0,00000,000ff00f,xxxxxxxx,xxxxxxxx,00000000,00000000,00000001,00000001,0,00000,0,00000100
28315000,1,00000098,00000060,0000005c,00000058,00000058,00642823,00000098,0,00000,000fff00,xxxxxxxx,xxxxxxxx,00000000,00000000,00000001,00000001,0,00000,0,00000100
28325000,1,00000098,00000060,00000060,0000005c,00000058,3c0c000c,00000098,0,00000,000f0ff0,xxxxxxxx,xxxxxxxx,00000000,00000000,00000000,00000000,0,00000,0,00000008
28335000,1,0000009c,00000098,00000060,00000060,0000005c,3c0c000c,0000009c,0,00000,000ff0ff,xxxxxxxx,xxxxxxxx,00000000,00000000,00000014,00000014,0,00000,0,00000004
28345000,1,0000009c,00000098,00000098,00000060,00000060,004cd007,0000009c,0,00000,000f0f0f,xxxxxxxx,xxxxxxxx,00000000,00000000,00000014,00000014,0,00000,0,00000004
28355000,1,000000a0,0000009c,00000098,00000098,00000060,004cd007,000000a0,0,00000,000ff0f0,xxxxxxxx,xxxxxxxx,00000000,00000000,000c0000,000c0000,0,00000,0,000c0000
28365000,1,000000a0,0000009c,0000009c,00000098,00000098,275b0044,000000a0,0,00000,000f0f0f,xxxxxxxx,xxxxxxxx,00000000,00000000,000c0000,000c0000,0,00000,0,000c0000
28375000,1,000000a4,000000a0,0000009c,0000009c,00000098,275b0044,000000a4,0,00000,000ff0f0,xxxxxxxx,xxxxxxxx,00000000,00000000,0000000c,0000000c,0,00000,0,000c0000
28385000,1,000000a4,000000a0,000000a0,0000009c,0000009c,0360f809,000000a4,0,00000,000f0f0f,xxxxxxxx,xxxxxxxx,00000000,00000000,0000000c,0000000c,0,00000,0,000c0000
28395000,1,000000a8,000000a4,000000a0,000000a0,0000009c,0360f809,000000a8,0,00000,000ff0f0,xxxxxxxx,xxxxxxxx,00000000,00000000,00000050,00000050,0,00000,0,00000050
28405000,1,000000a8,000000a4,000000a0,000000a0,000000a0,24010008,000000a8,0,00000,000ff00f,xxxxxxxx,xxxxxxxx,00000000,00000000,00000050,00000050,0,00000,0,00000050
28415000,1,00000050,000000a8,000000a4,000000a0,000000a0,24010008,00000050,0,00000,000fff00,xxxxxxxx,xxxxxxxx,00000000,00000000,00000050,00000050,0,00000,0,00000050
28425000,1,00000050,000000a8,000000a8,000000a4,000000a0,00411821,00000050,0,00000,000f0ff0,xxxxxxxx,xxxxxxxx,00000000,00000000,000000ac,000000ac,0,00000,0,00000000
28435000,1,00000054,00000050,000000a8,000000a8,000000a4,00411821,00000054,0,00000,000ff0ff,xxxxxxxx,xxxxxxxx,00000000,00000000,00000008,00000008,0,00000,0,00000008
28445000,1,00000054,00000050,00000050,000000a8,000000a8,00022082,00000054,0,00000,000f0f0f,xxxxxxxx,xxxxxxxx,00000000,00000000,00000008,00000008,0,00000,0,00000008
28455000,1,00000058,00000054,00000050,00000050,000000a8,00022082,00000058,0,00000,000ff0f0,xxxxxxxx,xxxxxxxx,00000000,00000000,00000018,00000018,0,00000,0,00000008
28465000,1,00000058,00000054,00000054,00000050,00000050,28990005,00000058,0,00000,000f0f0f,xxxxxxxx,xxxxxxxx,00000000,00000000,00000018,00000018,0,00000,0,00000008
28475000,1,0000005c,00000058,00000054,00000054,00000050,28990005,0000005c,0,00000,000ff0f0,xxxxxxxx,xxxxxxxx,00000000,00000000,00000004,00000004,0,00000,0,00000010
28485000,1,0000005c,00000058,00000058,00000054,00000054,0721000e,0000005c,0,00000,000f0f0f,xxxxxxxx,xxxxxxxx,00000000,00000000,00000004,00000004,0,00000,0,00000010
28495000,1,00000060,0000005c,00000058,00000058,00000054,0721000e,00000060,0,00000,000ff0f0,xxxxxxxx,xxxxxxxx,00000000,00000000,00000001,00000001,0,00000,0,00000100
28505000,1,00000060,0000005c,00000058,00000058,00000058,00642823,00000060,0,00000,000ff00f,xxxxxxxx,xxxxxxxx,00000000,00000000,00000001,00000001,0,00000,0,00000100
28515000,1,00000098,00000060,0000005c,00000058,00000058,00642823,00000098,0,00000,000fff00,xxxxxxxx,xxxxxxxx,00000000,00000000,00000001,00000001,0,00000,0,00000100
28525000,1,00000098,00000060,00000060,0000005c,00000058,3c0c000c,00000098,0,00000,000f0ff0,xxxxxxxx,xxxxxxxx,00000000,00000000,00000000,00000000,0,00000,0,00000008
28535000,1,0000009c,00000098,00000060,00000060,0000005c,3c0c000c,0000009c,0,00000,000ff0ff,xxxxxxxx,xxxxxxxx,00000000,00000000,00000014,00000014,0,00000,0,00000004
28545000,1,0000009c,00000098,00000098,00000060,00000060,004cd007,0000009c,0,00000,000f0f0f,xxxxxxxx,xxxxxxxx,00000000,00000000,00000014,00000014,0,00000,0,00000004
28555000,1,000000a0,0000009c,00000098,00000098,00000060,004cd007,000000a0,0,00000,000ff0f0,xxxxxxxx,xxxxxxxx,00000000,00000000,000c0000,000c0000,0,00000,0,000c0000
28565000,1,000000a0,0000009c,0000009c,00000098,00000098,275b0044,000000a0,0,00000,000f0f0f,xxxxxxxx,xxxxxxxx,00000000,00000000,000c0000,000c0000,0,00000,0,000c0000
28575000,1,000000a4,000000a0,0000009c,0000009c,00000098,275b0044,000000a4,0,00000,000ff0f0,xxxxxxxx,xxxxxxxx,00000000,00000000,0000000c,0000000c,0,00000,0,000c0000
28585000,1,000000a4,000000a0,000000a0,0000009c,0000009c,0360f809,000000a4,0,00000,000f0f0f,xxxxxxxx,xxxxxxxx,00000000,00000000,0000000c,0000000c,0,00000,0,000c0000
28595000,1,000000a8,000000a4,000000a0,000000a0,0000009c,0360f809,000000a8,0,00000,000ff0f0,xxxxxxxx,xxxxxxxx,00000000,00000000,00000050,00000050,0,00000,0,00000050
28605000,1,000000a8,000000a4,000000a0,000000a0,000000a0,24010008,000000a8,0,00000,000ff00f,xxxxxxxx,xxxxxxxx,00000000,00000000,00000050,00000050,0,00000,0,00000050
28615000,1,00000050,000000a8,000000a4,000000a0,000000a0,24010008,00000050,0,00000,000fff00,xxxxxxxx,xxxxxxxx,00000000,00000000,00000050,00000050,0,00000,0,00000050
28625000,1,00000050,000000a8,000000a8,000000a4,000000a0,00411821,00000050,0,00000,000f0ff0,xxxxxxxx,xxxxxxxx,00000000,00000000,000000ac,000000ac,0,00000,0,00000000
28635000,1,00000054,00000050,000000a8,000000a8,000000a4,00411821,00000054,0,00000,000ff0ff,xxxxxxxx,xxxxxxxx,00000000,00000000,00000008,00000008,0,00000,0,00000008
28645000,1,00000054,00000050,00000050,000000a8,000000a8,00022082,00000054,0,00000,000f0f0f,xxxxxxxx,xxxxxxxx,00000000,00000000,00000008,00000008,0,00000,0,00000008
28655000,1,00000058,00000054,00000050,00000050,000000a8,00022082,00000058,0,00000,000ff0f0,xxxxxxxx,xxxxxxxx,00000000,00000000,00000018,00000018,0,00000,0,00000008
28665000,1,00000058,00000054,00000054,00000050,00000050,28990005,00000058,0,00000,000f0f0f,xxxxxxxx,xxxxxxxx,00000000,00000000,00000018,00000018,0,00000,0,00000008
28675000,1,0000005c,00000058,00000054,00000054,00000050,28990005,0000005c,0,00000,000ff0f0,xxxxxxxx,xxxxxxxx,00000000,00000000,00000004,00000004,0,00000,0,00000010
28685000,1,0000005c,00000058,00000058,00000054,00000054,0721000e,0000005c,0,00000,000f0f0f,xxxxxxxx,xxxxxxxx,00000000,00000000,00000004,00000004,0,00000,0,00000010
28695000,1,00000060,0000005c,00000058,00000058,00000054,0721000e,00000060,0,00000,000ff0f0,xxxxxxxx,xxxxxxxx,00000000,00000000,00000001,00000001,0,00000,0,00000100
28705000,1,00000060,0000005c,00000058,00000058,00000058,00642823,00000060,0,00000,000ff00f,xxxxxxxx,xxxxxxxx,00000000,00000000,00000001,00000001,0,00000,0,00000100
28715000,1,00000098,00000060,0000005c,00000058,00000058,00642823,00000098,0,00000,000fff00,xxxxxxxx,xxxxxxxx,00000000,00000000,00000001,00000001,0,00000,0,00000100
28725000,1,00000098,00000060,00000060,0000005c,00000058,3c0c000c,00000098,0,00000,000f0ff0,xxxxxxxx,xxxxxxxx,00000000,00000000,00000000,00000000,0,00000,0,00000008
28735000,1,0000009c,00000098,00000060,00000060,0000005c,3c0c000c,0000009c,0,00000,000ff0ff,xxxxxxxx,xxxxxxxx,00000000,00000000,00000014,00000014,0,00000,0,00000004
28745000,1,0000009c,00000098,00000098,00000060,00000060,004cd007,0000009c,0,00000,000f0f0f,xxxxxxxx,xxxxxxxx,00000000,00000000,00000014,00000014,0,00000,0,00000004
28755000,1,000000a0,0000009c,00000098,00000098,00000060,004cd007,000000a0,0,00000,000ff0f0,xxxxxxxx,xxxxxxxx,00000000,00000000,000c0000,000c0000,0,00000,0,000c0000
28765000,1,000000a0,0000009c,0000009c,00000098,00000098,275b0044,000000a0,0,00000,000f0f0f,xxxxxxxx,xxxxxxxx,00000000,00000000,000c0000,000c0000,0,00000,0,000c0000
28775000,1,000000a4,000000a0,0000009c,0000009c,00000098,275b0044,000000a4,0,00000,000ff0f0,xxxxxxxx,xxxxxxxx,00000000,00000000,0000000c,0000000c,0,00000,0,000c0000
28785000,1,000000a4,000000a0,000000a0,0000009c,0000009c,0360f809,000000a4,0,00000,000f0f0f,xxxxxxxx,xxxxxxxx,00000000,00000000,0000000c,0000000c,0,00000,0,000c0000
28795000,1,000000a8,000000a4,000000a0,000000a0,0000009c,0360f809,000000a8,0,00000,000ff0f0,xxxxxxxx,xxxxxxxx,00000000,00000000,00000050,00000050,0,00000,0,00000050
28805000,1,000000a8,000000a4,000000a0,000000a0,000000a0,24010008,000000a8,0,00000,000ff00f,xxxxxxxx,xxxxxxxx,00000000,00000000,00000050,00000050,0,00000,0,00000050
28815000,1,00000050,000000a8,000000a4,000000a0,000000a0,24010008,00000050,0,00000,000fff00,xxxxxxxx,xxxxxxxx,00000000,00000000,00000050,00000050,0,00000,0,00000050
28825000,1,00000050,000000a8,000000a8,000000a4,000000a0,00411821,00000050,0,00000,000f0ff0,xxxxxxxx,xxxxxxxx,00000000,00000000,000000ac,000000ac,0,00000,0,00000000
28835000,1,00000054,00000050,000000a8,000000a8,000000a4,00411821,00000054,0,00000,000ff0ff,xxxxxxxx,xxxxxxxx,00000000,00000000,00000008,00000008,0,00000,0,00000008
28845000,1,00000054,00000050,00000050,000000a8,000000a8,00022082,00000054,0,00000,000f0f0f,xxxxxxxx,xxxxxxxx,00000000,00000000,00000008,00000008,0,00000,0,00000008
28855000,1,00000058,00000054,00000050,00000050,000000a8,00022082,00000058,0,00000,000ff0f0,xxxxxxxx,xxxxxxxx,00000000,00000000,00000018,00000018,0,00000,0,00000008
28865000,1,00000058,00000054,00000054,00000050,00000050,28990005,00000058,0,00000,000f0f0f,xxxxxxxx,xxxxxxxx,00000000,00000000,00000018,00000018,0,00000,0,00000008
28875000,1,0000005c,00000058,00000054,00000054,00000050,28990005,0000005c,0,00000,000ff0f0,xxxxxxxx,xxxxxxxx,00000000,00000000,00000004,00000004,0,00000,0,00000010
28885000,1,0000005c,00000058,00000058,00000054,00000054,0721000e,0000005c,0,00000,000f0f0f,xxxxxxxx,xxxxxxxx,00000000,00000000,00000004,00000004,0,00000,0,00000010
28895000,1,00000060,0000005c,00000058,00000058,00000054,0721000e,00000060,0,00000,000ff0f0,xxxxxxxx,xxxxxxxx,00000000,00000000,00000001,00000001,0,00000,0,00000100
28905000,1,00000060,0000005c,00000058,00000058,00000058,00642823,00000060,0,00000,000ff00f,xxxxxxxx,xxxxxxxx,00000000,00000000,00000001,00000001,0,00000,0,00000100
28915000,1,00000098,00000060,0000005c,00000058,00000058,00642823,00000098,0,00000,000fff00,xxxxxxxx,xxxxxxxx,00000000,00000000,00000001,00000001,0,00000,0,00000100
28925000,1,00000098,00000060,00000060,0000005c,00000058,3c0c000c,00000098,0,00000,000f0ff0,xxxxxxxx,xxxxxxxx,00000000,00000000,00000000,00000000,0,00000,0,00000008
28935000,1,0000009c,00000098,00000060,00000060,0000005c,3c0c000c,0000009c,0,00000,000ff0ff,xxxxxxxx,xxxxxxxx,00000000,00000000,00000014,00000014,0,00000,0,00000004
28945000,1,0000009c,00000098,00000098,00000060,00000060,004cd007,0000009c,0,00000,000f0f0f,xxxxxxxx,xxxxxxxx,00000000,00000000,00000014,00000014,0,00000,0,00000004
28955000,1,000000a0,0000009c,00000098,00000098,00000060,004cd007,000000a0,0,00000,000ff0f0,xxxxxxxx,xxxxxxxx,00000000,00000000,000c0000,000c0000,0,00000,0,000c0000
28965000,1,000000a0,0000009c,0000009c,00000098,00000098,275b0044,000000a0,0,00000,000f0f0f,xxxxxxxx,xxxxxxxx,00000000,00000000,000c0000,000c0000,0,00000,0,000c0000
28975000,1,000000a4,000000a0,0000009c,0000009c,00000098,275b0044,000000a4,0,00000,000ff0f0,xxxxxxxx,xxxxxxxx,00000000,00000000,0000000c,0000000c,0,00000,0,000c0000
28985000,1,000000a4,000000a0,000000a0,0000009c,0000009c,0360f809,000000a4,0,00000,000f0f0f,xxxxxxxx,xxxxxxxx,00000000,00000000,0000000c,0000000c,0,00000,0,000c0000
28995000,1,000000a8,000000a4,000000a0,000000a0,0000009c,0360f809,000000a8,0,00000,000ff0f0,xxxxxxxx,xxxxxxxx,00000000,00000000,00000050,00000050,0,00000,0,00000050
29005000,1,000000a8,000000a4,000000a0,000000a0,000000a0,24010008,000000a8,0,00000,000ff00f,xxxxxxxx,xxxxxxxx,00000000,00000000,00000050,00000050,0,00000,0,00000050
29015000,1,00000050,000000a8,000000a4,000000a0,000000a0,24010008,00000050,0,00000,000fff00,xxxxxxxx,xxxxxxxx,00000000,00000000,00000050,00000050,0,00000,0,00000050
29025000,1,00000050,000000a8,000000a8,000000a4,000000a0,00411821,00000050,0,00000,000f0ff0,xxxxxxxx,xxxxxxxx,00000000,00000000,000000ac,000000ac,0,00000,0,00000000
29035000,1,00000054,00000050,000000a8,000000a8,000000a4,00411821,00000054,0,00000,000ff0ff,xxxxxxxx,xxxxxxxx,00000000,00000000,00000008,00000008,0,00000,0,00000008
29045000,1,00000054,00000050,00000050,000000a8,000000a8,00022082,00000054,0,00000,000f0f0f,xxxxxxxx,xxxxxxxx,00000000,00000000,00000008,00000008,0,00000,0,00000008
29055000,1,00000058,00000054,00000050,00000050,000000a8,00022082,00000058,0,00000,000ff0f0,xxxxxxxx,xxxxxxxx,00000000,00000000,00000018,00000018,0,00000,0,00000008
29065000,1,00000058,00000054,00000054,00000050,00000050,28990005,00000058,0,00000,000f0f0f,xxxxxxxx,xxxxxxxx,00000000,00000000,00000018,00000018,0,00000,0,00000008
29075000,1,0000005c,00000058,00000054,00000054,00000050,28990005,0000005c,0,00000,000ff0f0,xxxxxxxx,xxxxxxxx,00000000,00000000,00000004,00000004,0,00000,0,00000010
29085000,1,0000005c,00000058,00000058,00000054,00000054,0721000e,0000005c,0,00000,000f0f0f,xxxxxxxx,xxxxxxxx,00000000,00000000,00000004,00000004,0,00000,0,00000010
29095000,1,00000060,0000005c,00000058,00000058,00000054,0721000e,00000060,0,00000,000ff0f0,xxxxxxxx,xxxxxxxx,00000000,00000000,00000001,00000001,0,00000,0,00000100
29105000,1,00000060,0000005c,00000058,00000058,00000058,00642823,00000060,0,00000,000ff00f,xxxxxxxx,xxxxxxxx,00000000,00000000,00000001,00000001,0,00000,0,00000100
29115000,1,00000098,00000060,0000005c,00000058,00000058,00642823,00000098,0,00000,000fff00,xxxxxxxx,xxxxxxxx,00000000,00000000,00000001,00000001,0,00000,0,00000100
29125000,1,00000098,00000060,00000060,0000005c,00000058,3c0c000c,00000098,0,00000,000f0ff0,xxxxxxxx,xxxxxxxx,00000000,00000000,00000000,00000000,0,00000,0,00000008
29135000,1,0000009c,00000098,00000060,00000060,0000005c,3c0c000c,0000009c,0,00000,000ff0ff,xxxxxxxx,xxxxxxxx,00000000,00000000,00000014,00000014,0,00000,0,00000004
29145000,1,0000009c,00000098,00000098,00000060,00000060,004cd007,0000009c,0,00000,000f0f0f,xxxxxxxx,xxxxxxxx,00000000,00000000,00000014,00000014,0,00000,0,00000004
29155000,1,000000a0,0000009c,00000098,00000098,00000060,004cd007,000000a0,0,00000,000ff0f0,xxxxxxxx,xxxxxxxx,00000000,00000000,000c0000,000c0000,0,00000,0,000c0000
29165000,1,000000a0,0000009c,0000009c,00000098,00000098,275b0044,000000a0,0,00000,000f0f0f,xxxxxxxx,xxxxxxxx,00000000,00000000,000c0000,000c0000,0,00000,0,000c0000
29175000,1,000000a4,000000a0,0000009c,0000009c,00000098,275b0044,000000a4,0,00000,000ff0f0,xxxxxxxx,xxxxxxxx,00000000,00000000,0000000c,0000000c,0,00000,0,000c0000
29185000,1,000000a4,000000a0,000000a0,0000009c,0000009c,0360f809,000000a4,0,00000,000f0f0f,xxxxxxxx,xxxxxxxx,00000000,00000000,0000000c,0000000c,0,00000,0,000c0000
29195000,1,000000a8,000000a4,000000a0,000000a0,0000009c,0360f809,000000a8,0,00000,000ff0f0,xxxxxxxx,xxxxxxxx,00000000,00000000,00000050,00000050,0,00000,0,00000050
29205000,1,000000a8,000000a4,000000a0,000000a0,000000a0,24010008,000000a8,0,00000,000ff00f,xxxxxxxx,xxxxxxxx,00000000,00000000,00000050,00000050,0,00000,0,00000050
29215000,1,00000050,000000a8,000000a4,000000a0,000000a0,24010008,00000050,0,00000,000fff00,xxxxxxxx,xxxxxxxx,00000000,00000000,00000050,00000050,0,00000,0,00000050
29225000,1,00000050,000000a8,000000a8,000000a4,000000a0,00411821,00000050,0,00000,000f0ff0,xxxxxxxx,xxxxxxxx,00000000,00000000,000000ac,000000ac,0,00000,0,00000000
29235000,1,00000054,00000050,000000a8,000000a8,000000a4,00411821,00000054,0,00000,000ff0ff,xxxxxxxx,xxxxxxxx,00000000,00000000,00000008,00000008,0,00000,0,00000008
29245000,1,00000054,00000050,00000050,000000a8,000000a8,00022082,00000054,0,00000,000f0f0f,xxxxxxxx,xxxxxxxx,00000000,00000000,00000008,00000008,0,00000,0,00000008
29255000,1,00000058,00000054,00000050,00000050,000000a8,00022082,00000058,0,00000,000ff0f0,xxxxxxxx,xxxxxxxx,00000000,00000000,00000018,00000018,0,00000,0,00000008
29265000,1,00000058,00000054,00000054,00000050,00000050,28990005,00000058,0,00000,000f0f0f,xxxxxxxx,xxxxxxxx,00000000,00000000,00000018,00000018,0,00000,0,00000008
29275000,1,0000005c,00000058,00000054,00000054,00000050,28990005,0000005c,0,00000,000ff0f0,xxxxxxxx,xxxxxxxx,00000000,00000000,00000004,00000004,0,00000,0,00000010
29285000,1,0000005c,00000058,00000058,00000054,00000054,0721000e,0000005c,0,00000,000f0f0f,xxxxxxxx,xxxxxxxx,00000000,00000000,00000004,00000004,0,00000,0,00000010
29295000,1,00000060,0000005c,00000058,00000058,00000054,0721000e,00000060,0,00000,000ff0f0,xxxxxxxx,xxxxxxxx,00000000,00000000,00000001,00000001,0,00000,0,00000100
29305000,1,00000060,0000005c,00000058,00000058,00000058,00642823,00000060,0,00000,000ff00f,xxxxxxxx,xxxxxxxx,00000000,00000000,00000001,00000001,0,00000,0,00000100
29315000,1,00000098,00000060,0000005c,00000058,00000058,00642823,00000098,0,00000,000fff00,xxxxxxxx,xxxxxxxx,00000000,00000000,00000001,00000001,0,00000,0,00000100
29325000,1,00000098,00000060,00000060,0000005c,00000058,3c0c000c,00000098,0,00000,000f0ff0,xxxxxxxx,xxxxxxxx,00000000,00000000,00000000,00000000,0,00000,0,00000008
29335000,1,0000009c,00000098,00000060,00000060,0000005c,3c0c000c,0000009c,0,00000,000ff0ff,xxxxxxxx,xxxxxxxx,00000000,00000000,00000014,00000014,0,00000,0,00000004
29345000,1,0000009c,00000098,00000098,00000060,00000060,004cd007,0000009c,0,00000,000f0f0f,xxxxxxxx,xxxxxxxx,00000000,00000000,00000014,00000014,0,00000,0,00000004
29355000,1,000000a0,0000009c,00000098,00000098,00000060,004cd007,000000a0,0,00000,000ff0f0,xxxxxxxx,xxxxxxxx,00000000,00000000,000c0000,000c0000,0,00000,0,000c0000
29365000,1,000000a0,0000009c,0000009c,00000098,00000098,275b0044,000000a0,0,00000,000f0f0f,xxxxxxxx,xxxxxxxx,00000000,00000000,000c0000,000c0000,0,00000,0,000c0000
29375000,1,000000a4,000000a0,0000009c,0000009c,00000098,275b0044,000000a4,0,00000,000ff0f0,xxxxxxxx,xxxxxxxx,00000000,00000000,0000000c,0000000c,0,00000,0,000c0000
29385000,1,000000a4,000000a0,000000a0,0000009c,0000009c,0360f809,000000a4,0,00000,000f0f0f,xxxxxxxx,xxxxxxxx,00000000,00000000,0000000c,0000000c,0,00000,0,000c0000
29395000,1,000000a8,000000a4,000000a0,000000a0,0000009c,0360f809,000000a8,0,00000,000ff0f0,xxxxxxxx,xxxxxxxx,00000000,00000000,00000050,00000050,0,00000,0,00000050
29405000,1,000000a8,000000a4,000000a0,000000a0,000000a0,24010008,000000a8,0,00000,000ff00f,xxxxxxxx,xxxxxxxx,00000000,00000000,00000050,00000050,0,00000,0,00000050
29415000,1,00000050,000000a8,000000a4,000000a0,000000a0,24010008,00000050,0,00000,000fff00,xxxxxxxx,xxxxxxxx,00000000,00000000,00000050,00000050,0,00000,0,00000050
29425000,1,00000050,000000a8,000000a8,000000a4,000000a0,00411821,00000050,0,00000,000f0ff0,xxxxxxxx,xxxxxxxx,00000000,00000000,000000ac,000000ac,0,00000,0,00000000
29435000,1,00000054,00000050,000000a8,000000a8,000000a4,00411821,00000054,0,00000,000ff0ff,xxxxxxxx,xxxxxxxx,00000000,00000000,00000008,00000008,0,00000,0,00000008
29445000,1,00000054,00000050,00000050,000000a8,000000a8,00022082,00000054,0,00000,000f0f0f,xxxxxxxx,xxxxxxxx,00000000,00000000,00000008,00000008,0,00000,0,00000008
29455000,1,00000058,00000054,00000050,00000050,000000a8,00022082,00000058,0,00000,000ff0f0,xxxxxxxx,xxxxxxxx,00000000,00000000,00000018,00000018,0,00000,0,00000008
29465000,1,00000058,00000054,00000054,00000050,00000050,28990005,00000058,0,00000,000f0f0f,xxxxxxxx,xxxxxxxx,00000000,00000000,00000018,00000018,0,00000,0,00000008
29475000,1,0000005c,00000058,00000054,00000054,00000050,28990005,0000005c,0,00000,000ff0f0,xxxxxxxx,xxxxxxxx,00000000,00000000,00000004,00000004,0,00000,0,00000010
29485000,1,0000005c,00000058,00000058,00000054,00000054,0721000e,0000005c,0,00000,000f0f0f,xxxxxxxx,xxxxxxxx,00000000,00000000,00000004,00000004,0,00000,0,00000010
29495000,1,00000060,0000005c,00000058,00000058,00000054,0721000e,00000060,0,00000,000ff0f0,xxxxxxxx,xxxxxxxx,00000000,00000000,00000001,00000001,0,00000,0,00000100
29505000,1,00000060,0000005c,00000058,00000058,00000058,00642823,00000060,0,00000,000ff00f,xxxxxxxx,xxxxxxxx,00000000,00000000,00000001,00000001,0,00000,0,00000100
29515000,1,00000098,00000060,0000005c,00000058,00000058,00642823,00000098,0,00000,000fff00,xxxxxxxx,xxxxxxxx,00000000,00000000,00000001,00000001,0,00000,0,00000100
29525000,1,00000098,00000060,00000060,0000005c,00000058,3c0c000c,00000098,0,00000,000f0ff0,xxxxxxxx,xxxxxxxx,00000000,00000000,00000000,00000000,0,00000,0,00000008
29535000,1,0000009c,00000098,00000060,00000060,0000005c,3c0c000c,0000009c,0,00000,000ff0ff,xxxxxxxx,xxxxxxxx,00000000,00000000,00000014,00000014,0,00000,0,00000004
29545000,1,0000009c,00000098,00000098,00000060,00000060,004cd007,0000009c,0,00000,000f0f0f,xxxxxxxx,xxxxxxxx,00000000,00000000,00000014,00000014,0,00000,0,00000004
29555000,1,000000a0,0000009c,00000098,00000098,00000060,004cd007,000000a0,0,00000,000ff0f0,xxxxxxxx,xxxxxxxx,00000000,00000000,000c0000,000c0000,0,00000,0,000c0000
29565000,1,000000a0,0000009c,0000009c,00000098,00000098,275b0044,000000a0,0,00000,000f0f0f,xxxxxxxx,xxxxxxxx,00000000,00000000,000c0000,000c0000,0,00000,0,000c0000
29575000,1,000000a4,000000a0,0000009c,0000009c,00000098,275b0044,000000a4,0,00000,000ff0f0,xxxxxxxx,xxxxxxxx,00000000,00000000,0000000c,0000000c,0,00000,0,000c0000
29585000,1,000000a4,000000a0,000000a0,0000009c,0000009c,0360f809,000000a4,0,00000,000f0f0f,xxxxxxxx,xxxxxxxx,00000000,00000000,0000000c,0000000c,0,00000,0,000c0000
29595000,1,000000a8,000000a4,000000a0,000000a0,0000009c,0360f809,000000a8,0,00000,000ff0f0,xxxxxxxx,xxxxxxxx,00000000,00000000,00000050,00000050,0,00000,0,00000050
29605000,1,000000a8,000000a4,000000a0,000000a0,000000a0,24010008,000000a8,0,00000,000ff00f,xxxxxxxx,xxxxxxxx,00000000,00000000,00000050,00000050,0,00000,0,00000050
29615000,1,00000050,000000a8,000000a4,000000a0,000000a0,24010008,00000050,0,00000,000fff00,xxxxxxxx,xxxxxxxx,00000000,00000000,00000050,00000050,0,00000,0,00000050
29625000,1,00000050,000000a8,000000a8,000000a4,000000a0,00411821,00000050,0,00000,000f0ff0,xxxxxxxx,xxxxxxxx,00000000,00000000,000000ac,000000ac,0,00000,0,00000000
29635000,1,00000054,00000050,000000a8,000000a8,000000a4,00411821,00000054,0,00000,000ff0ff,xxxxxxxx,xxxxxxxx,00000000,00000000,00000008,00000008,0,00000,0,00000008
29645000,1,00000054,00000050,00000050,000000a8,000000a8,00022082,00000054,0,00000,000f0f0f,xxxxxxxx,xxxxxxxx,00000000,00000000,00000008,00000008,0,00000,0,00000008
29655000,1,00000058,00000054,00000050,00000050,000000a8,00022082,00000058,0,00000,000ff0f0,xxxxxxxx,xxxxxxxx,00000000,00000000,00000018,00000018,0,00000,0,00000008
29665000,1,00000058,00000054,00000054,00000050,00000050,28990005,00000058,0,00000,000f0f0f,xxxxxxxx,xxxxxxxx,00000000,00000000,00000018,00000018,0,00000,0,00000008
29675000,1,0000005c,00000058,00000054,00000054,00000050,28990005,0000005c,0,00000,000ff0f0,xxxxxxxx,xxxxxxxx,00000000,00000000,00000004,00000004,0,00000,0,00000010
29685000,1,0000005c,00000058,00000058,00000054,00000054,0721000e,0000005c,0,00000,000f0f0f,xxxxxxxx,xxxxxxxx,00000000,00000000,00000004,00000004,0,00000,0,00000010
29695000,1,00000060,0000005c,00000058,00000058,00000054,0721000e,00000060,0,00000,000ff0f0,xxxxxxxx,xxxxxxxx,00000000,00000000,00000001,00000001,0,00000,0,00000100
29705000,1,00000060,0000005c,00000058,00000058,00000058,00642823,00000060,0,00000,000ff00f,xxxxxxxx,xxxxxxxx,00000000,00000000,00000001,00000001,0,00000,0,00000100
29715000,1,00000098,00000060,0000005c,00000058,00000058,00642823,00000098,0,00000,000fff00,xxxxxxxx,xxxxxxxx,00000000,00000000,00000001,00000001,0,00000,0,00000100
29725000,1,00000098,00000060,00000060,0000005c,00000058,3c0c000c,00000098,0,00000,000f0ff0,xxxxxxxx,xxxxxxxx,00000000,00000000,00000000,00000000,0,00000,0,00000008
29735000,1,0000009c,00000098,00000060,00000060,0000005c,3c0c000c,0000009c,0,00000,000ff0ff,xxxxxxxx,xxxxxxxx,00000000,00000000,00000014,00000014,0,00000,0,00000004
29745000,1,0000009c,00000098,00000098,00000060,00000060,004cd007,0000009c,0,00000,000f0f0f,xxxxxxxx,xxxxxxxx,00000000,00000000,00000014,00000014,0,00000,0,00000004
29755000,1,000000a0,0000009c,00000098,00000098,00000060,004cd007,000000a0,0,00000,000ff0f0,xxxxxxxx,xxxxxxxx,00000000,00000000,000c0000,000c0000,0,00000,0,000c0000
29765000,1,000000a0,0000009c,0000009c,00000098,00000098,275b0044,000000a0,0,00000,000f0f0f,xxxxxxxx,xxxxxxxx,00000000,00000000,000c0000,000c0000,0,00000,0,000c0000
29775000,1,000000a4,000000a0,0000009c,0000009c,00000098,275b0044,000000a4,0,00000,000ff0f0,xxxxxxxx,xxxxxxxx,00000000,00000000,0000000c,0000000c,0,00000,0,000c0000
29785000,1,000000a4,000000a0,000000a0,0000009c,0000009c,0360f809,000000a4,0,00000,000f0f0f,xxxxxxxx,xxxxxxxx,00000000,00000000,0000000c,0000000c,0,00000,0,000c0000
29795000,1,000000a8,000000a4,000000a0,000000a0,0000009c,0360f809,000000a8,0,00000,000ff0f0,xxxxxxxx,xxxxxxxx,00000000,00000000,00000050,00000050,0,00000,0,00000050
29805000,1,000000a8,000000a4,000000a0,000000a0,000000a0,24010008,000000a8,0,00000,000ff00f,xxxxxxxx,xxxxxxxx,00000000,00000000,00000050,00000050,0,00000,0,00000050
29815000,1,00000050,000000a8,000000a4,000000a0,000000a0,24010008,00000050,0,00000,000fff00,xxxxxxxx,xxxxxxxx,00000000,00000000,00000050,00000050,0,00000,0,00000050
29825000,1,00000050,000000a8,000000a8,000000a4,000000a0,00411821,00000050,0,00000,000f0ff0,xxxxxxxx,xxxxxxxx,00000000,00000000,000000ac,000000ac,0,00000,0,00000000
29835000,1,00000054,00000050,000000a8,000000a8,000000a4,00411821,00000054,0,00000,000ff0ff,xxxxxxxx,xxxxxxxx,00000000,00000000,00000008,00000008,0,00000,0,00000008
29845000,1,00000054,00000050,00000050,000000a8,000000a8,00022082,00000054,0,00000,000f0f0f,xxxxxxxx,xxxxxxxx,00000000,00000000,00000008,00000008,0,00000,0,00000008
29855000,1,00000058,00000054,00000050,00000050,000000a8,00022082,00000058,0,00000,000ff0f0,xxxxxxxx,xxxxxxxx,00000000,00000000,00000018,00000018,0,00000,0,00000008
29865000,1,00000058,00000054,00000054,00000050,00000050,28990005,00000058,0,00000,000f0f0f,xxxxxxxx,xxxxxxxx,00000000,00000000,00000018,00000018,0,00000,0,00000008
29875000,1,0000005c,00000058,00000054,00000054,00000050,28990005,0000005c,0,00000,000ff0f0,xxxxxxxx,xxxxxxxx,00000000,00000000,00000004,00000004,0,00000,0,00000010
29885000,1,0000005c,00000058,00000058,00000054,00000054,0721000e,0000005c,0,00000,000f0f0f,xxxxxxxx,xxxxxxxx,00000000,00000000,00000004,00000004,0,00000,0,00000010
29895000,1,00000060,0000005c,00000058,00000058,00000054,0721000e,00000060,0,00000,000ff0f0,xxxxxxxx,xxxxxxxx,00000000,00000000,00000001,00000001,0,00000,0,00000100
29905000,1,00000060,0000005c,00000058,00000058,00000058,00642823,00000060,0,00000,000ff00f,xxxxxxxx,xxxxxxxx,00000000,00000000,00000001,00000001,0,00000,0,00000100
29915000,1,00000098,00000060,0000005c,00000058,00000058,00642823,00000098,0,00000,000fff00,xxxxxxxx,xxxxxxxx,00000000,00000000,00000001,00000001,0,00000,0,00000100
29925000,1,00000098,00000060,00000060,0000005c,00000058,3c0c000c,00000098,0,00000,000f0ff0,xxxxxxxx,xxxxxxxx,00000000,00000000,00000000,00000000,0,00000,0,00000008
29935000,1,0000009c,00000098,00000060,00000060,0000005c,3c0c000c,0000009c,0,00000,000ff0ff,xxxxxxxx,xxxxxxxx,00000000,00000000,00000014,00000014,0,00000,0,00000004
29945000,1,0000009c,00000098,00000098,00000060,00000060,004cd007,0000009c,0,00000,000f0f0f,xxxxxxxx,xxxxxxxx,00000000,00000000,00000014,00000014,0,00000,0,00000004
29955000,1,000000a0,0000009c,00000098,00000098,00000060,004cd007,000000a0,0,00000,000ff0f0,xxxxxxxx,xxxxxxxx,00000000,00000000,000c0000,000c0000,0,00000,0,000c0000
29965000,1,000000a0,0000009c,0000009c,00000098,00000098,275b0044,000000a0,0,00000,000f0f0f,xxxxxxxx,xxxxxxxx,00000000,00000000,000c0000,000c0000,0,00000,0,000c0000
29975000,1,000000a4,000000a0,0000009c,0000009c,00000098,275b0044,000000a4,0,00000,000ff0f0,xxxxxxxx,xxxxxxxx,00000000,00000000,0000000c,0000000c,0,00000,0,000c0000
29985000,1,000000a4,000000a0,000000a0,0000009c,0000009c,0360f809,000000a4,0,00000,000f0f0f,xxxxxxxx,xxxxxxxx,00000000,00000000,0000000c,0000000c,0,00000,0,000c0000
29995000,1,000000a8,000000a4,000000a0,000000a0,0000009c,0360f809,000000a8,0,00000,000ff0f0,xxxxxxxx,xxxxxxxx,00000000,00000000,00000050,00000050,0,00000,0,00000050
30005000,1,000000a8,000000a4,000000a0,000000a0,000000a0,24010008,000000a8,0,00000,000ff00f,xxxxxxxx,xxxxxxxx,00000000,00000000,00000050,00000050,0,00000,0,00000050
30015000,1,00000050,000000a8,000000a4,000000a0,000000a0,24010008,00000050,0,00000,000fff00,xxxxxxxx,xxxxxxxx,00000000,00000000,00000050,00000050,0,00000,0,00000050
30025000,1,00000050,000000a8,000000a8,000000a4,000000a0,00411821,00000050,0,00000,000f0ff0,xxxxxxxx,xxxxxxxx,00000000,00000000,000000ac,000000ac,0,00000,0,00000000
30035000,1,00000054,00000050,000000a8,000000a8,000000a4,00411821,00000054,0,00000,000ff0ff,xxxxxxxx,xxxxxxxx,00000000,00000000,00000008,00000008,0,00000,0,00000008
30045000,1,00000054,00000050,00000050,000000a8,000000a8,00022082,00000054,0,00000,000f0f0f,xxxxxxxx,xxxxxxxx,00000000,00000000,00000008,00000008,0,00000,0,00000008
30055000,1,00000058,00000054,00000050,00000050,000000a8,00022082,00000058,0,00000,000ff0f0,xxxxxxxx,xxxxxxxx,00000000,00000000,00000018,00000018,0,00000,0,00000008
30065000,1,00000058,00000054,00000054,00000050,00000050,28990005,00000058,0,00000,000f0f0f,xxxxxxxx,xxxxxxxx,00000000,00000000,00000018,00000018,0,00000,0,00000008
30075000,1,0000005c,00000058,00000054,00000054,00000050,28990005,0000005c,0,00000,000ff0f0,xxxxxxxx,xxxxxxxx,00000000,00000000,00000004,00000004,0,00000,0,00000010
30085000,1,0000005c,00000058,00000058,00000054,00000054,0721000e,0000005c,0,00000,000f0f0f,xxxxxxxx,xxxxxxxx,00000000,00000000,00000004,00000004,0,00000,0,00000010
30095000,1,00000060,0000005c,00000058,00000058,00000054,0721000e,00000060,0,00000,000ff0f0,xxxxxxxx,xxxxxxxx,00000000,00000000,00000001,00000001,0,00000,0,00000100
30105000,1,00000060,0000005c,00000058,00000058,00000058,00642823,00000060,0,00000,000ff00f,xxxxxxxx,xxxxxxxx,00000000,00000000,00000001,00000001,0,00000,0,00000100
30115000,1,00000098,00000060,0000005c,00000058,00000058,00642823,00000098,0,00000,000fff00,xxxxxxxx,xxxxxxxx,00000000,00000000,00000001,00000001,0,00000,0,00000100
30125000,1,00000098,00000060,00000060,0000005c,00000058,3c0c000c,00000098,0,00000,000f0ff0,xxxxxxxx,xxxxxxxx,00000000,00000000,00000000,00000000,0,00000,0,00000008
30135000,1,0000009c,00000098,00000060,00000060,0000005c,3c0c000c,0000009c,0,00000,000ff0ff,xxxxxxxx,xxxxxxxx,00000000,00000000,00000014,00000014,0,00000,0,00000004
30145000,1,0000009c,00000098,00000098,00000060,00000060,004cd007,0000009c,0,00000,000f0f0f,xxxxxxxx,xxxxxxxx,00000000,00000000,00000014,00000014,0,00000,0,00000004
30155000,1,000000a0,0000009c,00000098,00000098,00000060,004cd007,000000a0,0,00000,000ff0f0,xxxxxxxx,xxxxxxxx,00000000,00000000,000c0000,000c0000,0,00000,0,000c0000
30165000,1,000000a0,0000009c,0000009c,00000098,00000098,275b0044,000000a0,0,00000,000f0f0f,xxxxxxxx,xxxxxxxx,00000000,00000000,000c0000,000c0000,0,00000,0,000c0000
30175000,1,000000a4,000000a0,0000009c,0000009c,00000098,275b0044,000000a4,0,00000,000ff0f0,xxxxxxxx,xxxxxxxx,00000000,00000000,0000000c,0000000c,0,00000,0,000c0000
30185000,1,000000a4,000000a0,000000a0,0000009c,0000009c,0360f809,000000a4,0,00000,000f0f0f,xxxxxxxx,xxxxxxxx,00000000,00000000,0000000c,0000000c,0,00000,0,000c0000
30195000,1,000000a8,000000a4,000000a0,000000a0,0000009c,0360f809,000000a8,0,00000,000ff0f0,xxxxxxxx,xxxxxxxx,00000000,00000000,00000050,00000050,0,00000,0,00000050
30205000,1,000000a8,000000a4,000000a0,000000a0,000000a0,24010008,000000a8,0,00000,000ff00f,xxxxxxxx,xxxxxxxx,00000000,00000000,00000050,00000050,0,00000,0,00000050
30215000,1,00000050,000000a8,000000a4,000000a0,000000a0,24010008,00000050,0,00000,000fff00,xxxxxxxx,xxxxxxxx,00000000,00000000,00000050,00000050,0,00000,0,00000050
30225000,1,00000050,000000a8,000000a8,000000a4,000000a0,00411821,00000050,0,00000,000f0ff0,xxxxxxxx,xxxxxxxx,00000000,00000000,000000ac,000000ac,0,00000,0,00000000
30235000,1,00000054,00000050,000000a8,000000a8,000000a4,00411821,00000054,0,00000,000ff0ff,xxxxxxxx,xxxxxxxx,00000000,00000000,00000008,00000008,0,00000,0,00000008
30245000,1,00000054,00000050,00000050,000000a8,000000a8,00022082,00000054,0,00000,000f0f0f,xxxxxxxx,xxxxxxxx,00000000,00000000,00000008,00000008,0,00000,0,00000008
30255000,1,00000058,00000054,00000050,00000050,000000a8,00022082,00000058,0,00000,000ff0f0,xxxxxxxx,xxxxxxxx,00000000,00000000,00000018,00000018,0,00000,0,00000008
30265000,1,00000058,00000054,00000054,00000050,00000050,28990005,00000058,0,00000,000f0f0f,xxxxxxxx,xxxxxxxx,00000000,00000000,00000018,00000018,0,00000,0,00000008
30275000,1,0000005c,00000058,00000054,00000054,00000050,28990005,0000005c,0,00000,000ff0f0,xxxxxxxx,xxxxxxxx,00000000,00000000,00000004,00000004,0,00000,0,00000010
30285000,1,0000005c,00000058,00000058,00000054,00000054,0721000e,0000005c,0,00000,000f0f0f,xxxxxxxx,xxxxxxxx,00000000,00000000,00000004,00000004,0,00000,0,00000010
30295000,1,00000060,0000005c,00000058,00000058,00000054,0721000e,00000060,0,00000,000ff0f0,xxxxxxxx,xxxxxxxx,00000000,00000000,00000001,00000001,0,00000,0,00000100
30305000,1,00000060,0000005c,00000058,00000058,00000058,00642823,00000060,0,00000,000ff00f,xxxxxxxx,xxxxxxxx,00000000,00000000,00000001,00000001,0,00000,0,00000100
30315000,1,00000098,00000060,0000005c,00000058,00000058,00642823,00000098,0,00000,000fff00,xxxxxxxx,xxxxxxxx,00000000,00000000,00000001,00000001,0,00000,0,00000100
30325000,1,00000098,00000060,00000060,0000005c,00000058,3c0c000c,00000098,0,00000,000f0ff0,xxxxxxxx,xxxxxxxx,00000000,00000000,00000000,00000000,0,00000,0,00000008
30335000,1,0000009c,00000098,00000060,00000060,0000005c,3c0c000c,0000009c,0,00000,000ff0ff,xxxxxxxx,xxxxxxxx,00000000,00000000,00000014,00000014,0,00000,0,00000004
30345000,1,0000009c,00000098,00000098,00000060,00000060,004cd007,0000009c,0,00000,000f0f0f,xxxxxxxx,xxxxxxxx,00000000,00000000,00000014,00000014,0,00000,0,00000004
30355000,1,000000a0,0000009c,00000098,00000098,00000060,004cd007,000000a0,0,00000,000ff0f0,xxxxxxxx,xxxxxxxx,00000000,00000000,000c0000,000c0000,0,00000,0,000c0000
30365000,1,000000a0,0000009c,0000009c,00000098,00000098,275b0044,000000a0,0,00000,000f0f0f,xxxxxxxx,xxxxxxxx,00000000,00000000,000c0000,000c0000,0,00000,0,000c0000
30375000,1,000000a4,000000a0,0000009c,0000009c,00000098,275b0044,000000a4,0,00000,000ff0f0,xxxxxxxx,xxxxxxxx,00000000,00000000,0000000c,0000000c,0,00000,0,000c0000
30385000,1,000000a4,000000a0,000000a0,0000009c,0000009c,0360f809,000000a4,0,00000,000f0f0f,xxxxxxxx,xxxxxxxx,00000000,00000000,0000000c,0000000c,0,00000,0,000c0000
30395000,1,000000a8,000000a4,000000a0,000000a0,0000009c,0360f809,000000a8,0,00000,000ff0f0,xxxxxxxx,xxxxxxxx,00000000,00000000,00000050,00000050,0,00000,0,00000050
30405000,1,000000a8,000000a4,000000a0,000000a0,000000a0,24010008,000000a8,0,00000,000ff00f,xxxxxxxx,xxxxxxxx,00000000,00000000,00000050,00000050,0,00000,0,00000050
30415000,1,00000050,000000a8,000000a4,000000a0,000000a0,24010008,00000050,0,00000,000fff00,xxxxxxxx,xxxxxxxx,00000000,00000000,00000050,00000050,0,00000,0,00000050
30425000,1,00000050,000000a8,000000a8,000000a4,000000a0,00411821,00000050,0,00000,000f0ff0,xxxxxxxx,xxxxxxxx,00000000,00000000,000000ac,000000ac,0,00000,0,00000000
30435000,1,00000054,00000050,000000a8,000000a8,000000a4,00411821,00000054,0,00000,000ff0ff,xxxxxxxx,xxxxxxxx,00000000,00000000,00000008,00000008,0,00000,0,00000008
30445000,1,00000054,00000050,00000050,000000a8,000000a8,00022082,00000054,0,00000,000f0f0f,xxxxxxxx,xxxxxxxx,00000000,00000000,00000008,00000008,0,00000,0,00000008
30455000,1,00000058,00000054,00000050,00000050,000000a8,00022082,00000058,0,00000,000ff0f0,xxxxxxxx,xxxxxxxx,00000000,00000000,00000018,00000018,0,00000,0,00000008
30465000,1,00000058,00000054,00000054,00000050,00000050,28990005,00000058,0,00000,000f0f0f,xxxxxxxx,xxxxxxxx,00000000,00000000,00000018,00000018,0,00000,0,00000008
30475000,1,0000005c,00000058,00000054,00000054,00000050,28990005,0000005c,0,00000,000ff0f0,xxxxxxxx,xxxxxxxx,00000000,00000000,00000004,00000004,0,00000,0,00000010
30485000,1,0000005c,00000058,00000058,00000054,00000054,0721000e,0000005c,0,00000,000f0f0f,xxxxxxxx,xxxxxxxx,00000000,00000000,00000004,00000004,0,00000,0,00000010
30495000,1,00000060,0000005c,00000058,00000058,00000054,0721000e,00000060,0,00000,000ff0f0,xxxxxxxx,xxxxxxxx,00000000,00000000,00000001,00000001,0,00000,0,00000100
30505000,1,00000060,0000005c,00000058,00000058,00000058,00642823,00000060,0,00000,000ff00f,xxxxxxxx,xxxxxxxx,00000000,00000000,00000001,00000001,0,00000,0,00000100
30515000,1,00000098,00000060,0000005c,00000058,00000058,00642823,00000098,0,00000,000fff00,xxxxxxxx,xxxxxxxx,00000000,00000000,00000001,00000001,0,00000,0,00000100
30525000,1,00000098,00000060,00000060,0000005c,00000058,3c0c000c,00000098,0,00000,000f0ff0,xxxxxxxx,xxxxxxxx,00000000,00000000,00000000,00000000,0,00000,0,00000008
30535000,1,0000009c,00000098,00000060,00000060,0000005c,3c0c000c,0000009c,0,00000,000ff0ff,xxxxxxxx,xxxxxxxx,00000000,00000000,00000014,00000014,0,00000,0,00000004
30545000,1,0000009c,00000098,00000098,00000060,00000060,004cd007,0000009c,0,00000,000f0f0f,xxxxxxxx,xxxxxxxx,00000000,00000000,00000014,00000014,0,00000,0,00000004
30555000,1,000000a0,0000009c,00000098,00000098,00000060,004cd007,000000a0,0,00000,000ff0f0,xxxxxxxx,xxxxxxxx,00000000,00000000,000c0000,000c0000,0,00000,0,000c0000
30565000,1,000000a0,0000009c,0000009c,00000098,00000098,275b0044,000000a0,0,00000,000f0f0f,xxxxxxxx,xxxxxxxx,00000000,00000000,000c0000,000c0000,0,00000,0,000c0000
30575000,1,000000a4,000000a0,0000009c,0000009c,00000098,275b0044,000000a4,0,00000,000ff0f0,xxxxxxxx,xxxxxxxx,00000000,00000000,0000000c,0000000c,0,00000,0,000c0000
30585000,1,000000a4,000000a0,000000a0,0000009c,0000009c,0360f809,000000a4,0,00000,000f0f0f,xxxxxxxx,xxxxxxxx,00000000,00000000,0000000c,0000000c,0,00000,0,000c0000
30595000,1,000000a8,000000a4,000000a0,000000a0,0000009c,0360f809,000000a8,0,00000,000ff0f0,xxxxxxxx,xxxxxxxx,00000000,00000000,00000050,00000050,0,00000,0,00000050
30605000,1,000000a8,000000a4,000000a0,000000a0,000000a0,24010008,000000a8,0,00000,000ff00f,xxxxxxxx,xxxxxxxx,00000000,00000000,00000050,00000050,0,00000,0,00000050
30615000,1,00000050,000000a8,000000a4,000000a0,000000a0,24010008,00000050,0,00000,000fff00,xxxxxxxx,xxxxxxxx,00000000,00000000,00000050,00000050,0,00000,0,00000050
30625000,1,00000050,000000a8,000000a8,000000a4,000000a0,00411821,00000050,0,00000,000f0ff0,xxxxxxxx,xxxxxxxx,00000000,00000000,000000ac,000000ac,0,00000,0,00000000
30635000,1,00000054,00000050,000000a8,000000a8,000000a4,00411821,00000054,0,00000,000ff0ff,xxxxxxxx,xxxxxxxx,00000000,00000000,00000008,00000008,0,00000,0,00000008
30645000,1,00000054,00000050,00000050,000000a8,000000a8,00022082,00000054,0,00000,000f0f0f,xxxxxxxx,xxxxxxxx,00000000,00000000,00000008,00000008,0,00000,0,00000008
30655000,1,00000058,00000054,00000050,00000050,000000a8,00022082,00000058,0,00000,000ff0f0,xxxxxxxx,xxxxxxxx,00000000,00000000,00000018,00000018,0,00000,0,00000008
30665000,1,00000058,00000054,00000054,00000050,00000050,28990005,00000058,0,00000,000f0f0f,xxxxxxxx,xxxxxxxx,00000000,00000000,00000018,00000018,0,00000,0,00000008
30675000,1,0000005c,00000058,00000054,00000054,00000050,28990005,0000005c,0,00000,000ff0f0,xxxxxxxx,xxxxxxxx,00000000,00000000,00000004,00000004,0,00000,0,00000010
30685000,1,0000005c,00000058,00000058,00000054,00000054,0721000e,0000005c,0,00000,000f0f0f,xxxxxxxx,xxxxxxxx,00000000,00000000,00000004,00000004,0,00000,0,00000010
30695000,1,00000060,0000005c,00000058,00000058,00000054,0721000e,00000060,0,00000,000ff0f0,xxxxxxxx,xxxxxxxx,00000000,00000000,00000001,00000001,0,00000,0,00000100
30705000,1,00000060,0000005c,00000058,00000058,00000058,00642823,00000060,0,00000,000ff00f,xxxxxxxx,xxxxxxxx,00000000,00000000,00000001,00000001,0,00000,0,00000100
30715000,1,00000098,00000060,0000005c,00000058,00000058,00642823,00000098,0,00000,000fff00,xxxxxxxx,xxxxxxxx,00000000,00000000,00000001,00000001,0,00000,0,00000100
30725000,1,00000098,00000060,00000060,0000005c,00000058,3c0c000c,00000098,0,00000,000f0ff0,xxxxxxxx,xxxxxxxx,00000000,00000000,00000000,00000000,0,00000,0,00000008
30735000,1,0000009c,00000098,00000060,00000060,0000005c,3c0c000c,0000009c,0,00000,000ff0ff,xxxxxxxx,xxxxxxxx,00000000,00000000,00000014,00000014,0,00000,0,00000004
30745000,1,0000009c,00000098,00000098,00000060,00000060,004cd007,0000009c,0,00000,000f0f0f,xxxxxxxx,xxxxxxxx,00000000,00000000,00000014,00000014,0,00000,0,00000004
30755000,1,000000a0,0000009c,00000098,00000098,00000060,004cd007,000000a0,0,00000,000ff0f0,xxxxxxxx,xxxxxxxx,00000000,00000000,000c0000,000c0000,0,00000,0,000c0000
30765000,1,000000a0,0000009c,0000009c,00000098,00000098,275b0044,000000a0,0,00000,000f0f0f,xxxxxxxx,xxxxxxxx,00000000,00000000,000c0000,000c0000,0,00000,0,000c0000
30775000,1,000000a4,000000a0,0000009c,0000009c,00000098,275b0044,000000a4,0,00000,000ff0f0,xxxxxxxx,xxxxxxxx,00000000,00000000,0000000c,0000000c,0,00000,0,000c0000
30785000,1,000000a4,000000a0,000000a0,0000009c,0000009c,0360f809,000000a4,0,00000,000f0f0f,xxxxxxxx,xxxxxxxx,00000000,00000000,0000000c,0000000c,0,00000,0,000c0000
30795000,1,000000a8,000000a4,000000a0,000000a0,0000009c,0360f809,000000a8,0,00000,000ff0f0,xxxxxxxx,xxxxxxxx,00000000,00000000,00000050,00000050,0,00000,0,00000050
30805000,1,000000a8,000000a4,000000a0,000000a0,000000a0,24010008,000000a8,0,00000,000ff00f,xxxxxxxx,xxxxxxxx,00000000,00000000,00000050,00000050,0,00000,0,00000050
30815000,1,00000050,000000a8,000000a4,000000a0,000000a0,24010008,00000050,0,00000,000fff00,xxxxxxxx,xxxxxxxx,00000000,00000000,00000050,00000050,0,00000,0,00000050
30825000,1,00000050,000000a8,000000a8,000000a4,000000a0,00411821,00000050,0,00000,000f0ff0,xxxxxxxx,xxxxxxxx,00000000,00000000,000000ac,000000ac,0,00000,0,00000000
30835000,1,00000054,00000050,000000a8,000000a8,000000a4,00411821,00000054,0,00000,000ff0ff,xxxxxxxx,xxxxxxxx,00000000,00000000,00000008,00000008,0,00000,0,00000008
30845000,1,00000054,00000050,00000050,000000a8,000000a8,00022082,00000054,0,00000,000f0f0f,xxxxxxxx,xxxxxxxx,00000000,00000000,00000008,00000008,0,00000,0,00000008
30855000,1,00000058,00000054,00000050,00000050,000000a8,00022082,00000058,0,00000,000ff0f0,xxxxxxxx,xxxxxxxx,00000000,00000000,00000018,00000018,0,00000,0,00000008
30865000,1,00000058,00000054,00000054,00000050,00000050,28990005,00000058,0,00000,000f0f0f,xxxxxxxx,xxxxxxxx,00000000,00000000,00000018,00000018,0,00000,0,00000008
30875000,1,0000005c,00000058,00000054,00000054,00000050,28990005,0000005c,0,00000,000ff0f0,xxxxxxxx,xxxxxxxx,00000000,00000000,00000004,00000004,0,00000,0,00000010
30885000,1,0000005c,00000058,00000058,00000054,00000054,0721000e,0000005c,0,00000,000f0f0f,xxxxxxxx,xxxxxxxx,00000000,00000000,00000004,00000004,0,00000,0,00000010
30895000,1,00000060,0000005c,00000058,00000058,00000054,0721000e,00000060,0,00000,000ff0f0,xxxxxxxx,xxxxxxxx,00000000,00000000,00000001,00000001,0,00000,0,00000100
30905000,1,00000060,0000005c,00000058,00000058,00000058,00642823,00000060,0,00000,000ff00f,xxxxxxxx,xxxxxxxx,00000000,00000000,00000001,00000001,0,00000,0,00000100
30915000,1,00000098,00000060,0000005c,00000058,00000058,00642823,00000098,0,00000,000fff00,xxxxxxxx,xxxxxxxx,00000000,00000000,00000001,00000001,0,00000,0,00000100
30925000,1,00000098,00000060,00000060,0000005c,00000058,3c0c000c,00000098,0,00000,000f0ff0,xxxxxxxx,xxxxxxxx,00000000,00000000,00000000,00000000,0,00000,0,00000008
30935000,1,0000009c,00000098,00000060,00000060,0000005c,3c0c000c,0000009c,0,00000,000ff0ff,xxxxxxxx,xxxxxxxx,00000000,00000000,00000014,00000014,0,00000,0,00000004
30945000,1,0000009c,00000098,00000098,00000060,00000060,004cd007,0000009c,0,00000,000f0f0f,xxxxxxxx,xxxxxxxx,00000000,00000000,00000014,00000014,0,00000,0,00000004
30955000,1,000000a0,0000009c,00000098,00000098,00000060,004cd007,000000a0,0,00000,000ff0f0,xxxxxxxx,xxxxxxxx,00000000,00000000,000c0000,000c0000,0,00000,0,000c0000
30965000,1,000000a0,0000009c,0000009c,00000098,00000098,275b0044,000000a0,0,00000,000f0f0f,xxxxxxxx,xxxxxxxx,00000000,00000000,000c0000,000c0000,0,00000,0,000c0000
30975000,1,000000a4,000000a0,0000009c,0000009c,00000098,275b0044,000000a4,0,00000,000ff0f0,xxxxxxxx,xxxxxxxx,00000000,00000000,0000000c,0000000c,0,00000,0,000c0000
30985000,1,000000a4,000000a0,000000a0,0000009c,0000009c,0360f809,000000a4,0,00000,000f0f0f,xxxxxxxx,xxxxxxxx,00000000,00000000,0000000c,0000000c,0,00000,0,000c0000
30995000,1,000000a8,000000a4,000000a0,000000a0,0000009c,0360f809,000000a8,0,00000,000ff0f0,xxxxxxxx,xxxxxxxx,00000000,00000000,00000050,00000050,0,00000,0,00000050
31005000,1,000000a8,000000a4,000000a0,000000a0,000000a0,24010008,000000a8,0,00000,000ff00f,xxxxxxxx,xxxxxxxx,00000000,00000000,00000050,00000050,0,00000,0,00000050
31015000,1,00000050,000000a8,000000a4,000000a0,000000a0,24010008,00000050,0,00000,000fff00,xxxxxxxx,xxxxxxxx,00000000,00000000,00000050,00000050,0,00000,0,00000050
31025000,1,00000050,000000a8,000000a8,000000a4,000000a0,00411821,00000050,0,00000,000f0ff0,xxxxxxxx,xxxxxxxx,00000000,00000000,000000ac,000000ac,0,00000,0,00000000
31035000,1,00000054,00000050,000000a8,000000a8,000000a4,00411821,00000054,0,00000,000ff0ff,xxxxxxxx,xxxxxxxx,00000000,00000000,00000008,00000008,0,00000,0,00000008
31045000,1,00000054,00000050,00000050,000000a8,000000a8,00022082,00000054,0,00000,000f0f0f,xxxxxxxx,xxxxxxxx,00000000,00000000,00000008,00000008,0,00000,0,00000008
31055000,1,00000058,00000054,00000050,00000050,000000a8,00022082,00000058,0,00000,000ff0f0,xxxxxxxx,xxxxxxxx,00000000,00000000,00000018,00000018,0,00000,0,00000008
31065000,1,00000058,00000054,00000054,00000050,00000050,28990005,00000058,0,00000,000f0f0f,xxxxxxxx,xxxxxxxx,00000000,00000000,00000018,00000018,0,00000,0,00000008
31075000,1,0000005c,00000058,00000054,00000054,00000050,28990005,0000005c,0,00000,000ff0f0,xxxxxxxx,xxxxxxxx,00000000,00000000,00000004,00000004,0,00000,0,00000010
31085000,1,0000005c,00000058,00000058,00000054,00000054,0721000e,0000005c,0,00000,000f0f0f,xxxxxxxx,xxxxxxxx,00000000,00000000,00000004,00000004,0,00000,0,00000010
31095000,1,00000060,0000005c,00000058,00000058,00000054,0721000e,00000060,0,00000,000ff0f0,xxxxxxxx,xxxxxxxx,00000000,00000000,00000001,00000001,0,00000,0,00000100
31105000,1,00000060,0000005c,00000058,00000058,00000058,00642823,00000060,0,00000,000ff00f,xxxxxxxx,xxxxxxxx,00000000,00000000,00000001,00000001,0,00000,0,00000100
31115000,1,00000098,00000060,0000005c,00000058,00000058,00642823,00000098,0,00000,000fff00,xxxxxxxx,xxxxxxxx,00000000,00000000,00000001,00000001,0,00000,0,00000100
31125000,1,00000098,00000060,00000060,0000005c,00000058,3c0c000c,00000098,0,00000,000f0ff0,xxxxxxxx,xxxxxxxx,00000000,00000000,00000000,00000000,0,00000,0,00000008
31135000,1,0000009c,00000098,00000060,00000060,0000005c,3c0c000c,0000009c,0,00000,000ff0ff,xxxxxxxx,xxxxxxxx,00000000,00000000,00000014,00000014,0,00000,0,00000004
31145000,1,0000009c,00000098,00000098,00000060,00000060,004cd007,0000009c,0,00000,000f0f0f,xxxxxxxx,xxxxxxxx,00000000,00000000,00000014,00000014,0,00000,0,00000004
31155000,1,000000a0,0000009c,00000098,00000098,00000060,004cd007,000000a0,0,00000,000ff0f0,xxxxxxxx,xxxxxxxx,00000000,00000000,000c0000,000c0000,0,00000,0,000c0000
31165000,1,000000a0,0000009c,0000009c,00000098,00000098,275b0044,000000a0,0,00000,000f0f0f,xxxxxxxx,xxxxxxxx,00000000,00000000,000c0000,000c0000,0,00000,0,000c0000
31175000,1,000000a4,000000a0,0000009c,0000009c,00000098,275b0044,000000a4,0,00000,000ff0f0,xxxxxxxx,xxxxxxxx,00000000,00000000,0000000c,0000000c,0,00000,0,000c0000
31185000,1,000000a4,000000a0,000000a0,0000009c,0000009c,0360f809,000000a4,0,00000,000f0f0f,xxxxxxxx,xxxxxxxx,00000000,00000000,0000000c,0000000c,0,00000,0,000c0000
31195000,1,000000a8,000000a4,000000a0,000000a0,0000009c,0360f809,000000a8,0,00000,000ff0f0,xxxxxxxx,xxxxxxxx,00000000,00000000,00000050,00000050,0,00000,0,00000050
31205000,1,000000a8,000000a4,000000a0,000000a0,000000a0,24010008,000000a8,0,00000,000ff00f,xxxxxxxx,xxxxxxxx,00000000,00000000,00000050,00000050,0,00000,0,00000050
31215000,1,00000050,000000a8,000000a4,000000a0,000000a0,24010008,00000050,0,00000,000fff00,xxxxxxxx,xxxxxxxx,00000000,00000000,00000050,00000050,0,00000,0,00000050
31225000,1,00000050,000000a8,000000a8,000000a4,000000a0,00411821,00000050,0,00000,000f0ff0,xxxxxxxx,xxxxxxxx,00000000,00000000,000000ac,000000ac,0,00000,0,00000000
31235000,1,00000054,00000050,000000a8,000000a8,000000a4,00411821,00000054,0,00000,000ff0ff,xxxxxxxx,xxxxxxxx,00000000,00000000,00000008,00000008,0,00000,0,00000008
31245000,1,00000054,00000050,00000050,000000a8,000000a8,00022082,00000054,0,00000,000f0f0f,xxxxxxxx,xxxxxxxx,00000000,00000000,00000008,00000008,0,00000,0,00000008
31255000,1,00000058,00000054,00000050,00000050,000000a8,00022082,00000058,0,00000,000ff0f0,xxxxxxxx,xxxxxxxx,00000000,00000000,00000018,00000018,0,00000,0,00000008
31265000,1,00000058,00000054,00000054,00000050,00000050,28990005,00000058,0,00000,000f0f0f,xxxxxxxx,xxxxxxxx,00000000,00000000,00000018,00000018,0,00000,0,00000008
31275000,1,0000005c,00000058,00000054,00000054,00000050,28990005,0000005c,0,00000,000ff0f0,xxxxxxxx,xxxxxxxx,00000000,00000000,00000004,00000004,0,00000,0,00000010
31285000,1,0000005c,00000058,00000058,00000054,00000054,0721000e,0000005c,0,00000,000f0f0f,xxxxxxxx,xxxxxxxx,00000000,00000000,00000004,00000004,0,00000,0,00000010
31295000,1,00000060,0000005c,00000058,00000058,00000054,0721000e,00000060,0,00000,000ff0f0,xxxxxxxx,xxxxxxxx,00000000,00000000,00000001,00000001,0,00000,0,00000100
31305000,1,00000060,0000005c,00000058,00000058,00000058,00642823,00000060,0,00000,000ff00f,xxxxxxxx,xxxxxxxx,00000000,00000000,00000001,00000001,0,00000,0,00000100
31315000,1,00000098,00000060,0000005c,00000058,00000058,00642823,00000098,0,00000,000fff00,xxxxxxxx,xxxxxxxx,00000000,00000000,00000001,00000001,0,00000,0,00000100
31325000,1,00000098,00000060,00000060,0000005c,00000058,3c0c000c,00000098,0,00000,000f0ff0,xxxxxxxx,xxxxxxxx,00000000,00000000,00000000,00000000,0,00000,0,00000008
31335000,1,0000009c,00000098,00000060,00000060,0000005c,3c0c000c,0000009c,0,00000,000ff0ff,xxxxxxxx,xxxxxxxx,00000000,00000000,00000014,00000014,0,00000,0,00000004
31345000,1,0000009c,00000098,00000098,00000060,00000060,004cd007,0000009c,0,00000,000f0f0f,xxxxxxxx,xxxxxxxx,00000000,00000000,00000014,00000014,0,00000,0,00000004
31355000,1,000000a0,0000009c,00000098,00000098,00000060,004cd007,000000a0,0,00000,000ff0f0,xxxxxxxx,xxxxxxxx,00000000,00000000,000c0000,000c0000,0,00000,0,000c0000
31365000,1,000000a0,0000009c,0000009c,00000098,00000098,275b0044,000000a0,0,00000,000f0f0f,xxxxxxxx,xxxxxxxx,00000000,00000000,000c0000,000c0000,0,00000,0,000c0000
31375000,1,000000a4,000000a0,0000009c,0000009c,00000098,275b0044,000000a4,0,00000,000ff0f0,xxxxxxxx,xxxxxxxx,00000000,00000000,0000000c,0000000c,0,00000,0,000c0000
31385000,1,000000a4,000000a0,000000a0,0000009c,0000009c,0360f809,000000a4,0,00000,000f0f0f,xxxxxxxx,xxxxxxxx,00000000,00000000,0000000c,0000000c,0,00000,0,000c0000
31395000,1,000000a8,000000a4,000000a0,000000a0,0000009c,0360f809,000000a8,0,00000,000ff0f0,xxxxxxxx,xxxxxxxx,00000000,00000000,00000050,00000050,0,00000,0,00000050
31405000,1,000000a8,000000a4,000000a0,000000a0,000000a0,24010008,000000a8,0,00000,000ff00f,xxxxxxxx,xxxxxxxx,00000000,00000000,00000050,00000050,0,00000,0,00000050
31415000,1,00000050,000000a8,000000a4,000000a0,000000a0,24010008,00000050,0,00000,000fff00,xxxxxxxx,xxxxxxxx,00000000,00000000,00000050,00000050,0,00000,0,00000050
31425000,1,00000050,000000a8,000000a8,000000a4,000000a0,00411821,00000050,0,00000,000f0ff0,xxxxxxxx,xxxxxxxx,00000000,00000000,000000ac,000000ac,0,00000,0,00000000
31435000,1,00000054,00000050,000000a8,000000a8,000000a4,00411821,00000054,0,00000,000ff0ff,xxxxxxxx,xxxxxxxx,00000000,00000000,00000008,00000008,0,00000,0,00000008
31445000,1,00000054,00000050,00000050,000000a8,000000a8,00022082,00000054,0,00000,000f0f0f,xxxxxxxx,xxxxxxxx,00000000,00000000,00000008,00000008,0,00000,0,00000008
31455000,1,00000058,00000054,00000050,00000050,000000a8,00022082,00000058,0,00000,000ff0f0,xxxxxxxx,xxxxxxxx,00000000,00000000,00000018,00000018,0,00000,0,00000008
31465000,1,00000058,00000054,00000054,00000050,00000050,28990005,00000058,0,00000,000f0f0f,xxxxxxxx,xxxxxxxx,00000000,00000000,00000018,00000018,0,00000,0,00000008
31475000,1,0000005c,00000058,00000054,00000054,00000050,28990005,0000005c,0,00000,000ff0f0,xxxxxxxx,xxxxxxxx,00000000,00000000,00000004,00000004,0,00000,0,00000010
31485000,1,0000005c,00000058,00000058,00000054,00000054,0721000e,0000005c,0,00000,000f0f0f,xxxxxxxx,xxxxxxxx,00000000,00000000,00000004,00000004,0,00000,0,00000010
31495000,1,00000060,0000005c,00000058,00000058,00000054,0721000e,00000060,0,00000,000ff0f0,xxxxxxxx,xxxxxxxx,00000000,00000000,00000001,00000001,0,00000,0,00000100
31505000,1,00000060,0000005c,00000058,00000058,00000058,00642823,00000060,0,00000,000ff00f,xxxxxxxx,xxxxxxxx,00000000,00000000,00000001,00000001,0,00000,0,00000100
31515000,1,00000098,00000060,0000005c,00000058,00000058,00642823,00000098,0,00000,000fff00,xxxxxxxx,xxxxxxxx,00000000,00000000,00000001,00000001,0,00000,0,00000100
31525000,1,00000098,00000060,00000060,0000005c,00000058,3c0c000c,00000098,0,00000,000f0ff0,xxxxxxxx,xxxxxxxx,00000000,00000000,00000000,00000000,0,00000,0,00000008
31535000,1,0000009c,00000098,00000060,00000060,0000005c,3c0c000c,0000009c,0,00000,000ff0ff,xxxxxxxx,xxxxxxxx,00000000,00000000,00000014,00000014,0,00000,0,00000004
31545000,1,0000009c,00000098,00000098,00000060,00000060,004cd007,0000009c,0,00000,000f0f0f,xxxxxxxx,xxxxxxxx,00000000,00000000,00000014,00000014,0,00000,0,00000004
31555000,1,000000a0,0000009c,00000098,00000098,00000060,004cd007,000000a0,0,00000,000ff0f0,xxxxxxxx,xxxxxxxx,00000000,00000000,000c0000,000c0000,0,00000,0,000c0000
31565000,1,000000a0,0000009c,0000009c,00000098,00000098,275b0044,000000a0,0,00000,000f0f0f,xxxxxxxx,xxxxxxxx,00000000,00000000,000c0000,000c0000,0,00000,0,000c0000
31575000,1,000000a4,000000a0,0000009c,0000009c,00000098,275b0044,000000a4,0,00000,000ff0f0,xxxxxxxx,xxxxxxxx,00000000,00000000,0000000c,0000000c,0,00000,0,000c0000
31585000,1,000000a4,000000a0,000000a0,0000009c,0000009c,0360f809,000000a4,0,00000,000f0f0f,xxxxxxxx,xxxxxxxx,00000000,00000000,0000000c,0000000c,0,00000,0,000c0000
31595000,1,000000a8,000000a4,000000a0,000000a0,0000009c,0360f809,000000a8,0,00000,000ff0f0,xxxxxxxx,xxxxxxxx,00000000,00000000,00000050,00000050,0,00000,0,00000050
31605000,1,000000a8,000000a4,000000a0,000000a0,000000a0,24010008,000000a8,0,00000,000ff00f,xxxxxxxx,xxxxxxxx,00000000,00000000,00000050,00000050,0,00000,0,00000050
31615000,1,00000050,000000a8,000000a4,000000a0,000000a0,24010008,00000050,0,00000,000fff00,xxxxxxxx,xxxxxxxx,00000000,00000000,00000050,00000050,0,00000,0,00000050
31625000,1,00000050,000000a8,000000a8,000000a4,000000a0,00411821,00000050,0,00000,000f0ff0,xxxxxxxx,xxxxxxxx,00000000,00000000,000000ac,000000ac,0,00000,0,00000000
31635000,1,00000054,00000050,000000a8,000000a8,000000a4,00411821,00000054,0,00000,000ff0ff,xxxxxxxx,xxxxxxxx,00000000,00000000,00000008,00000008,0,00000,0,00000008
31645000,1,00000054,00000050,00000050,000000a8,000000a8,00022082,00000054,0,00000,000f0f0f,xxxxxxxx,xxxxxxxx,00000000,00000000,00000008,00000008,0,00000,0,00000008
31655000,1,00000058,00000054,00000050,00000050,000000a8,00022082,00000058,0,00000,000ff0f0,xxxxxxxx,xxxxxxxx,00000000,00000000,00000018,00000018,0,00000,0,00000008
31665000,1,00000058,00000054,00000054,00000050,00000050,28990005,00000058,0,00000,000f0f0f,xxxxxxxx,xxxxxxxx,00000000,00000000,00000018,00000018,0,00000,0,00000008
31675000,1,0000005c,00000058,00000054,00000054,00000050,28990005,0000005c,0,00000,000ff0f0,xxxxxxxx,xxxxxxxx,00000000,00000000,00000004,00000004,0,00000,0,00000010
31685000,1,0000005c,00000058,00000058,00000054,00000054,0721000e,0000005c,0,00000,000f0f0f,xxxxxxxx,xxxxxxxx,00000000,00000000,00000004,00000004,0,00000,0,00000010
31695000,1,00000060,0000005c,00000058,00000058,00000054,0721000e,00000060,0,00000,000ff0f0,xxxxxxxx,xxxxxxxx,00000000,00000000,00000001,00000001,0,00000,0,00000100
31705000,1,00000060,0000005c,00000058,00000058,00000058,00642823,00000060,0,00000,000ff00f,xxxxxxxx,xxxxxxxx,00000000,00000000,00000001,00000001,0,00000,0,00000100
31715000,1,00000098,00000060,0000005c,00000058,00000058,00642823,00000098,0,00000,000fff00,xxxxxxxx,xxxxxxxx,00000000,00000000,00000001,00000001,0,00000,0,00000100
31725000,1,00000098,00000060,00000060,0000005c,00000058,3c0c000c,00000098,0,00000,000f0ff0,xxxxxxxx,xxxxxxxx,00000000,00000000,00000000,00000000,0,00000,0,00000008
31735000,1,0000009c,00000098,00000060,00000060,0000005c,3c0c000c,0000009c,0,00000,000ff0ff,xxxxxxxx,xxxxxxxx,00000000,00000000,00000014,00000014,0,00000,0,00000004
31745000,1,0000009c,00000098,00000098,00000060,00000060,004cd007,0000009c,0,00000,000f0f0f,xxxxxxxx,xxxxxxxx,00000000,00000000,00000014,00000014,0,00000,0,00000004
31755000,1,000000a0,0000009c,00000098,00000098,00000060,004cd007,000000a0,0,00000,000ff0f0,xxxxxxxx,xxxxxxxx,00000000,00000000,000c0000,000c0000,0,00000,0,000c0000
31765000,1,000000a0,0000009c,0000009c,00000098,00000098,275b0044,000000a0,0,00000,000f0f0f,xxxxxxxx,xxxxxxxx,00000000,00000000,000c0000,000c0000,0,00000,0,000c0000
31775000,1,000000a4,000000a0,0000009c,0000009c,00000098,275b0044,000000a4,0,00000,000ff0f0,xxxxxxxx,xxxxxxxx,00000000,00000000,0000000c,0000000c,0,00000,0,000c0000
31785000,1,000000a4,000000a0,000000a0,0000009c,0000009c,0360f809,000000a4,0,00000,000f0f0f,xxxxxxxx,xxxxxxxx,00000000,00000000,0000000c,0000000c,0,00000,0,000c0000
31795000,1,000000a8,000000a4,000000a0,000000a0,0000009c,0360f809,000000a8,0,00000,000ff0f0,xxxxxxxx,xxxxxxxx,00000000,00000000,00000050,00000050,0,00000,0,00000050
31805000,1,000000a8,000000a4,000000a0,000000a0,000000a0,24010008,000000a8,0,00000,000ff00f,xxxxxxxx,xxxxxxxx,00000000,00000000,00000050,00000050,0,00000,0,00000050
31815000,1,00000050,000000a8,000000a4,000000a0,000000a0,24010008,00000050,0,00000,000fff00,xxxxxxxx,xxxxxxxx,00000000,00000000,00000050,00000050,0,00000,0,00000050
31825000,1,00000050,000000a8,000000a8,000000a4,000000a0,00411821,00000050,0,00000,000f0ff0,xxxxxxxx,xxxxxxxx,00000000,00000000,000000ac,000000ac,0,00000,0,00000000
31835000,1,00000054,00000050,000000a8,000000a8,000000a4,00411821,00000054,0,00000,000ff0ff,xxxxxxxx,xxxxxxxx,00000000,00000000,00000008,00000008,0,00000,0,00000008
31845000,1,00000054,00000050,00000050,000000a8,000000a8,00022082,00000054,0,00000,000f0f0f,xxxxxxxx,xxxxxxxx,00000000,00000000,00000008,00000008,0,00000,0,00000008
31855000,1,00000058,00000054,00000050,00000050,000000a8,00022082,00000058,0,00000,000ff0f0,xxxxxxxx,xxxxxxxx,00000000,00000000,00000018,00000018,0,00000,0,00000008
31865000,1,00000058,00000054,00000054,00000050,00000050,28990005,00000058,0,00000,000f0f0f,xxxxxxxx,xxxxxxxx,00000000,00000000,00000018,00000018,0,00000,0,00000008
31875000,1,0000005c,00000058,00000054,00000054,00000050,28990005,0000005c,0,00000,000ff0f0,xxxxxxxx,xxxxxxxx,00000000,00000000,00000004,00000004,0,00000,0,00000010
31885000,1,0000005c,00000058,00000058,00000054,00000054,0721000e,0000005c,0,00000,000f0f0f,xxxxxxxx,xxxxxxxx,00000000,00000000,00000004,00000004,0,00000,0,00000010
31895000,1,00000060,0000005c,00000058,00000058,00000054,0721000e,00000060,0,00000,000ff0f0,xxxxxxxx,xxxxxxxx,00000000,00000000,00000001,00000001,0,00000,0,00000100
31905000,1,00000060,0000005c,00000058,00000058,00000058,00642823,00000060,0,00000,000ff00f,xxxxxxxx,xxxxxxxx,00000000,00000000,00000001,00000001,0,00000,0,00000100
31915000,1,00000098,00000060,0000005c,00000058,00000058,00642823,00000098,0,00000,000fff00,xxxxxxxx,xxxxxxxx,00000000,00000000,00000001,00000001,0,00000,0,00000100
31925000,1,00000098,00000060,00000060,0000005c,00000058,3c0c000c,00000098,0,00000,000f0ff0,xxxxxxxx,xxxxxxxx,00000000,00000000,00000000,00000000,0,00000,0,00000008
31935000,1,0000009c,00000098,00000060,00000060,0000005c,3c0c000c,0000009c,0,00000,000ff0ff,xxxxxxxx,xxxxxxxx,00000000,00000000,00000014,00000014,0,00000,0,00000004
31945000,1,0000009c,00000098,00000098,00000060,00000060,004cd007,0000009c,0,00000,000f0f0f,xxxxxxxx,xxxxxxxx,00000000,00000000,00000014,00000014,0,00000,0,00000004
31955000,1,000000a0,0000009c,00000098,00000098,00000060,004cd007,000000a0,0,00000,000ff0f0,xxxxxxxx,xxxxxxxx,00000000,00000000,000c0000,000c0000,0,00000,0,000c0000
31965000,1,000000a0,0000009c,0000009c,00000098,00000098,275b0044,000000a0,0,00000,000f0f0f,xxxxxxxx,xxxxxxxx,00000000,00000000,000c0000,000c0000,0,00000,0,000c0000
31975000,1,000000a4,000000a0,0000009c,0000009c,00000098,275b0044,000000a4,0,00000,000ff0f0,xxxxxxxx,xxxxxxxx,00000000,00000000,0000000c,0000000c,0,00000,0,000c0000
31985000,1,000000a4,000000a0,000000a0,0000009c,0000009c,0360f809,000000a4,0,00000,000f0f0f,xxxxxxxx,xxxxxxxx,00000000,00000000,0000000c,0000000c,0,00000,0,000c0000
31995000,1,000000a8,000000a4,000000a0,000000a0,0000009c,0360f809,000000a8,0,00000,000ff0f0,xxxxxxxx,xxxxxxxx,00000000,00000000,00000050,00000050,0,00000,0,00000050
32005000,1,000000a8,000000a4,000000a0,000000a0,000000a0,24010008,000000a8,0,00000,000ff00f,xxxxxxxx,xxxxxxxx,00000000,00000000,00000050,00000050,0,00000,0,00000050
32015000,1,00000050,000000a8,000000a4,000000a0,000000a0,24010008,00000050,0,00000,000fff00,xxxxxxxx,xxxxxxxx,00000000,00000000,00000050,00000050,0,00000,0,00000050
32025000,1,00000050,000000a8,000000a8,000000a4,000000a0,00411821,00000050,0,00000,000f0ff0,xxxxxxxx,xxxxxxxx,00000000,00000000,000000ac,000000ac,0,00000,0,00000000
32035000,1,00000054,00000050,000000a8,000000a8,000000a4,00411821,00000054,0,00000,000ff0ff,xxxxxxxx,xxxxxxxx,00000000,00000000,00000008,00000008,0,00000,0,00000008
32045000,1,00000054,00000050,00000050,000000a8,000000a8,00022082,00000054,0,00000,000f0f0f,xxxxxxxx,xxxxxxxx,00000000,00000000,00000008,00000008,0,00000,0,00000008
32055000,1,00000058,00000054,00000050,00000050,000000a8,00022082,00000058,0,00000,000ff0f0,xxxxxxxx,xxxxxxxx,00000000,00000000,00000018,00000018,0,00000,0,00000008
32065000,1,00000058,00000054,00000054,00000050,00000050,28990005,00000058,0,00000,000f0f0f,xxxxxxxx,xxxxxxxx,00000000,00000000,00000018,00000018,0,00000,0,00000008
32075000,1,0000005c,00000058,00000054,00000054,00000050,28990005,0000005c,0,00000,000ff0f0,xxxxxxxx,xxxxxxxx,00000000,00000000,00000004,00000004,0,00000,0,00000010
32085000,1,0000005c,00000058,00000058,00000054,00000054,0721000e,0000005c,0,00000,000f0f0f,xxxxxxxx,xxxxxxxx,00000000,00000000,00000004,00000004,0,00000,0,00000010
32095000,1,00000060,0000005c,00000058,00000058,00000054,0721000e,00000060,0,00000,000ff0f0,xxxxxxxx,xxxxxxxx,00000000,00000000,00000001,00000001,0,00000,0,00000100
32105000,1,00000060,0000005c,00000058,00000058,00000058,00642823,00000060,0,00000,000ff00f,xxxxxxxx,xxxxxxxx,00000000,00000000,00000001,00000001,0,00000,0,00000100
32115000,1,00000098,00000060,0000005c,00000058,00000058,00642823,00000098,0,00000,000fff00,xxxxxxxx,xxxxxxxx,00000000,00000000,00000001,00000001,0,00000,0,00000100
32125000,1,00000098,00000060,00000060,0000005c,00000058,3c0c000c,00000098,0,00000,000f0ff0,xxxxxxxx,xxxxxxxx,00000000,00000000,00000000,00000000,0,00000,0,00000008
32135000,1,0000009c,00000098,00000060,00000060,0000005c,3c0c000c,0000009c,0,00000,000ff0ff,xxxxxxxx,xxxxxxxx,00000000,00000000,00000014,00000014,0,00000,0,00000004
32145000,1,0000009c,00000098,00000098,00000060,00000060,004cd007,0000009c,0,00000,000f0f0f,xxxxxxxx,xxxxxxxx,00000000,00000000,00000014,00000014,0,00000,0,00000004
32155000,1,000000a0,0000009c,00000098,00000098,00000060,004cd007,000000a0,0,00000,000ff0f0,xxxxxxxx,xxxxxxxx,00000000,00000000,000c0000,000c0000,0,00000,0,000c0000
32165000,1,000000a0,0000009c,0000009c,00000098,00000098,275b0044,000000a0,0,00000,000f0f0f,xxxxxxxx,xxxxxxxx,00000000,00000000,000c0000,000c0000,0,00000,0,000c0000
32175000,1,000000a4,000000a0,0000009c,0000009c,00000098,275b0044,000000a4,0,00000,000ff0f0,xxxxxxxx,xxxxxxxx,00000000,00000000,0000000c,0000000c,0,00000,0,000c0000
32185000,1,000000a4,000000a0,000000a0,0000009c,0000009c,0360f809,000000a4,0,00000,000f0f0f,xxxxxxxx,xxxxxxxx,00000000,00000000,0000000c,0000000c,0,00000,0,000c0000
32195000,1,000000a8,000000a4,000000a0,000000a0,0000009c,0360f809,000000a8,0,00000,000ff0f0,xxxxxxxx,xxxxxxxx,00000000,00000000,00000050,00000050,0,00000,0,00000050
32205000,1,000000a8,000000a4,000000a0,000000a0,000000a0,24010008,000000a8,0,00000,000ff00f,xxxxxxxx,xxxxxxxx,00000000,00000000,00000050,00000050,0,00000,0,00000050
32215000,1,00000050,000000a8,000000a4,000000a0,000000a0,24010008,00000050,0,00000,000fff00,xxxxxxxx,xxxxxxxx,00000000,00000000,00000050,00000050,0,00000,0,00000050
32225000,1,00000050,000000a8,000000a8,000000a4,000000a0,00411821,00000050,0,00000,000f0ff0,xxxxxxxx,xxxxxxxx,00000000,00000000,000000ac,000000ac,0,00000,0,00000000
32235000,1,00000054,00000050,000000a8,000000a8,000000a4,00411821,00000054,0,00000,000ff0ff,xxxxxxxx,xxxxxxxx,00000000,00000000,00000008,00000008,0,00000,0,00000008
32245000,1,00000054,00000050,00000050,000000a8,000000a8,00022082,00000054,0,00000,000f0f0f,xxxxxxxx,xxxxxxxx,00000000,00000000,00000008,00000008,0,00000,0,00000008
32255000,1,00000058,00000054,00000050,00000050,000000a8,00022082,00000058,0,00000,000ff0f0,xxxxxxxx,xxxxxxxx,00000000,00000000,00000018,00000018,0,00000,0,00000008
32265000,1,00000058,00000054,00000054,00000050,00000050,28990005,00000058,0,00000,000f0f0f,xxxxxxxx,xxxxxxxx,00000000,00000000,00000018,00000018,0,00000,0,00000008
32275000,1,0000005c,00000058,00000054,00000054,00000050,28990005,0000005c,0,00000,000ff0f0,xxxxxxxx,xxxxxxxx,00000000,00000000,00000004,00000004,0,00000,0,00000010
32285000,1,0000005c,00000058,00000058,00000054,00000054,0721000e,0000005c,0,00000,000f0f0f,xxxxxxxx,xxxxxxxx,00000000,00000000,00000004,00000004,0,00000,0,00000010
32295000,1,00000060,0000005c,00000058,00000058,00000054,0721000e,00000060,0,00000,000ff0f0,xxxxxxxx,xxxxxxxx,00000000,00000000,00000001,00000001,0,00000,0,00000100
32305000,1,00000060,0000005c,00000058,00000058,00000058,00642823,00000060,0,00000,000ff00f,xxxxxxxx,xxxxxxxx,00000000,00000000,00000001,00000001,0,00000,0,00000100
32315000,1,00000098,00000060,0000005c,00000058,00000058,00642823,00000098,0,00000,000fff00,xxxxxxxx,xxxxxxxx,00000000,00000000,00000001,00000001,0,00000,0,00000100
32325000,1,00000098,00000060,00000060,0000005c,00000058,3c0c000c,00000098,0,00000,000f0ff0,xxxxxxxx,xxxxxxxx,00000000,00000000,00000000,00000000,0,00000,0,00000008
32335000,1,0000009c,00000098,00000060,00000060,0000005c,3c0c000c,0000009c,0,00000,000ff0ff,xxxxxxxx,xxxxxxxx,00000000,00000000,00000014,00000014,0,00000,0,00000004
32345000,1,0000009c,00000098,00000098,00000060,00000060,004cd007,0000009c,0,00000,000f0f0f,xxxxxxxx,xxxxxxxx,00000000,00000000,00000014,00000014,0,00000,0,00000004
32355000,1,000000a0,0000009c,00000098,00000098,00000060,004cd007,000000a0,0,00000,000ff0f0,xxxxxxxx,xxxxxxxx,00000000,00000000,000c0000,000c0000,0,00000,0,000c0000
32365000,1,000000a0,0000009c,0000009c,00000098,00000098,275b0044,000000a0,0,00000,000f0f0f,xxxxxxxx,xxxxxxxx,00000000,00000000,000c0000,000c0000,0,00000,0,000c0000
32375000,1,000000a4,000000a0,0000009c,0000009c,00000098,275b0044,000000a4,0,00000,000ff0f0,xxxxxxxx,xxxxxxxx,00000000,00000000,0000000c,0000000c,0,00000,0,000c0000
32385000,1,000000a4,000000a0,000000a0,0000009c,0000009c,0360f809,000000a4,0,00000,000f0f0f,xxxxxxxx,xxxxxxxx,00000000,00000000,0000000c,0000000c,0,00000,0,000c0000
32395000,1,000000a8,000000a4,000000a0,000000a0,0000009c,0360f809,000000a8,0,00000,000ff0f0,xxxxxxxx,xxxxxxxx,00000000,00000000,00000050,00000050,0,00000,0,00000050
32405000,1,000000a8,000000a4,000000a0,000000a0,000000a0,24010008,000000a8,0,00000,000ff00f,xxxxxxxx,xxxxxxxx,00000000,00000000,00000050,00000050,0,00000,0,00000050
32415000,1,00000050,000000a8,000000a4,000000a0,000000a0,24010008,00000050,0,00000,000fff00,xxxxxxxx,xxxxxxxx,00000000,00000000,00000050,00000050,0,00000,0,00000050
32425000,1,00000050,000000a8,000000a8,000000a4,000000a0,00411821,00000050,0,00000,000f0ff0,xxxxxxxx,xxxxxxxx,00000000,00000000,000000ac,000000ac,0,00000,0,00000000
32435000,1,00000054,00000050,000000a8,000000a8,000000a4,00411821,00000054,0,00000,000ff0ff,xxxxxxxx,xxxxxxxx,00000000,00000000,00000008,00000008,0,00000,0,00000008
32445000,1,00000054,00000050,00000050,000000a8,000000a8,00022082,00000054,0,00000,000f0f0f,xxxxxxxx,xxxxxxxx,00000000,00000000,00000008,00000008,0,00000,0,00000008
32455000,1,00000058,00000054,00000050,00000050,000000a8,00022082,00000058,0,00000,000ff0f0,xxxxxxxx,xxxxxxxx,00000000,00000000,00000018,00000018,0,00000,0,00000008
32465000,1,00000058,00000054,00000054,00000050,00000050,28990005,00000058,0,00000,000f0f0f,xxxxxxxx,xxxxxxxx,00000000,00000000,00000018,00000018,0,00000,0,00000008
32475000,1,0000005c,00000058,00000054,00000054,00000050,28990005,0000005c,0,00000,000ff0f0,xxxxxxxx,xxxxxxxx,00000000,00000000,00000004,00000004,0,00000,0,00000010
32485000,1,0000005c,00000058,00000058,00000054,00000054,0721000e,0000005c,0,00000,000f0f0f,xxxxxxxx,xxxxxxxx,00000000,00000000,00000004,00000004,0,00000,0,00000010
32495000,1,00000060,0000005c,00000058,00000058,00000054,0721000e,00000060,0,00000,000ff0f0,xxxxxxxx,xxxxxxxx,00000000,00000000,00000001,00000001,0,00000,0,00000100
32505000,1,00000060,0000005c,00000058,00000058,00000058,00642823,00000060,0,00000,000ff00f,xxxxxxxx,xxxxxxxx,00000000,00000000,00000001,00000001,0,00000,0,00000100
32515000,1,00000098,00000060,0000005c,00000058,00000058,00642823,00000098,0,00000,000fff00,xxxxxxxx,xxxxxxxx,00000000,00000000,00000001,00000001,0,00000,0,00000100
32525000,1,00000098,00000060,00000060,0000005c,00000058,3c0c000c,00000098,0,00000,000f0ff0,xxxxxxxx,xxxxxxxx,00000000,00000000,00000000,00000000,0,00000,0,00000008
32535000,1,0000009c,00000098,00000060,00000060,0000005c,3c0c000c,0000009c,0,00000,000ff0ff,xxxxxxxx,xxxxxxxx,00000000,00000000,00000014,00000014,0,00000,0,00000004
32545000,1,0000009c,00000098,00000098,00000060,00000060,004cd007,0000009c,0,00000,000f0f0f,xxxxxxxx,xxxxxxxx,00000000,00000000,00000014,00000014,0,00000,0,00000004
32555000,1,000000a0,0000009c,00000098,00000098,00000060,004cd007,000000a0,0,00000,000ff0f0,xxxxxxxx,xxxxxxxx,00000000,00000000,000c0000,000c0000,0,00000,0,000c0000
32565000,1,000000a0,0000009c,0000009c,00000098,00000098,275b0044,000000a0,0,00000,000f0f0f,xxxxxxxx,xxxxxxxx,00000000,00000000,000c0000,000c0000,0,00000,0,000c0000
32575000,1,000000a4,000000a0,0000009c,0000009c,00000098,275b0044,000000a4,0,00000,000ff0f0,xxxxxxxx,xxxxxxxx,00000000,00000000,0000000c,0000000c,0,00000,0,000c0000
32585000,1,000000a4,000000a0,000000a0,0000009c,0000009c,0360f809,000000a4,0,00000,000f0f0f,xxxxxxxx,xxxxxxxx,00000000,00000000,0000000c,0000000c,0,00000,0,000c0000
32595000,1,000000a8,000000a4,000000a0,000000a0,0000009c,0360f809,000000a8,0,00000,000ff0f0,xxxxxxxx,xxxxxxxx,00000000,00000000,00000050,00000050,0,00000,0,00000050
32605000,1,000000a8,000000a4,000000a0,000000a0,000000a0,24010008,000000a8,0,00000,000ff00f,xxxxxxxx,xxxxxxxx,00000000,00000000,00000050,00000050,0,00000,0,00000050
32615000,1,00000050,000000a8,000000a4,000000a0,000000a0,24010008,00000050,0,00000,000fff00,xxxxxxxx,xxxxxxxx,00000000,00000000,00000050,00000050,0,00000,0,00000050
32625000,1,00000050,000000a8,000000a8,000000a4,000000a0,00411821,00000050,0,00000,000f0ff0,xxxxxxxx,xxxxxxxx,00000000,00000000,000000ac,000000ac,0,00000,0,00000000
32635000,1,00000054,00000050,000000a8,000000a8,000000a4,00411821,00000054,0,00000,000ff0ff,xxxxxxxx,xxxxxxxx,00000000,00000000,00000008,00000008,0,00000,0,00000008
32645000,1,00000054,00000050,00000050,000000a8,000000a8,00022082,00000054,0,00000,000f0f0f,xxxxxxxx,xxxxxxxx,00000000,00000000,00000008,00000008,0,00000,0,00000008
32655000,1,00000058,00000054,00000050,00000050,000000a8,00022082,00000058,0,00000,000ff0f0,xxxxxxxx,xxxxxxxx,00000000,00000000,00000018,00000018,0,00000,0,00000008
32665000,1,00000058,00000054,00000054,00000050,00000050,28990005,00000058,0,00000,000f0f0f,xxxxxxxx,xxxxxxxx,00000000,00000000,00000018,00000018,0,00000,0,00000008
32675000,1,0000005c,00000058,00000054,00000054,00000050,28990005,0000005c,0,00000,000ff0f0,xxxxxxxx,xxxxxxxx,00000000,00000000,00000004,00000004,0,00000,0,00000010
32685000,1,0000005c,00000058,00000058,00000054,00000054,0721000e,0000005c,0,00000,000f0f0f,xxxxxxxx,xxxxxxxx,00000000,00000000,00000004,00000004,0,00000,0,00000010
32695000,1,00000060,0000005c,00000058,00000058,00000054,0721000e,00000060,0,00000,000ff0f0,xxxxxxxx,xxxxxxxx,00000000,00000000,00000001,00000001,0,00000,0,00000100
32705000,1,00000060,0000005c,00000058,00000058,00000058,00642823,00000060,0,00000,000ff00f,xxxxxxxx,xxxxxxxx,00000000,00000000,00000001,00000001,0,00000,0,00000100
32715000,1,00000098,00000060,0000005c,00000058,00000058,00642823,00000098,0,00000,000fff00,xxxxxxxx,xxxxxxxx,00000000,00000000,00000001,00000001,0,00000,0,00000100
32725000,1,00000098,00000060,00000060,0000005c,00000058,3c0c000c,00000098,0,00000,000f0ff0,xxxxxxxx,xxxxxxxx,00000000,00000000,00000000,00000000,0,00000,0,00000008
32735000,1,0000009c,00000098,00000060,00000060,0000005c,3c0c000c,0000009c,0,00000,000ff0ff,xxxxxxxx,xxxxxxxx,00000000,00000000,00000014,00000014,0,00000,0,00000004
32745000,1,0000009c,00000098,00000098,00000060,00000060,004cd007,0000009c,0,00000,000f0f0f,xxxxxxxx,xxxxxxxx,00000000,00000000,00000014,00000014,0,00000,0,00000004
32755000,1,000000a0,0000009c,00000098,00000098,00000060,004cd007,000000a0,0,00000,000ff0f0,xxxxxxxx,xxxxxxxx,00000000,00000000,000c0000,000c0000,0,00000,0,000c0000
32765000,1,000000a0,0000009c,0000009c,00000098,00000098,275b0044,000000a0,0,00000,000f0f0f,xxxxxxxx,xxxxxxxx,00000000,00000000,000c0000,000c0000,0,00000,0,000c0000
32775000,1,000000a4,000000a0,0000009c,0000009c,00000098,275b0044,000000a4,0,00000,000ff0f0,xxxxxxxx,xxxxxxxx,00000000,00000000,0000000c,0000000c,0,00000,0,000c0000
32785000,1,000000a4,000000a0,000000a0,0000009c,0000009c,0360f809,000000a4,0,00000,000f0f0f,xxxxxxxx,xxxxxxxx,00000000,00000000,0000000c,0000000c,0,00000,0,000c0000
32795000,1,000000a8,000000a4,000000a0,000000a0,0000009c,0360f809,000000a8,0,00000,000ff0f0,xxxxxxxx,xxxxxxxx,00000000,00000000,00000050,00000050,0,00000,0,00000050
32805000,1,000000a8,000000a4,000000a0,000000a0,000000a0,24010008,000000a8,0,00000,000ff00f,xxxxxxxx,xxxxxxxx,00000000,00000000,00000050,00000050,0,00000,0,00000050
32815000,1,00000050,000000a8,000000a4,000000a0,000000a0,24010008,00000050,0,00000,000fff00,xxxxxxxx,xxxxxxxx,00000000,00000000,00000050,00000050,0,00000,0,00000050
32825000,1,00000050,000000a8,000000a8,000000a4,000000a0,00411821,00000050,0,00000,000f0ff0,xxxxxxxx,xxxxxxxx,00000000,00000000,000000ac,000000ac,0,00000,0,00000000
32835000,1,00000054,00000050,000000a8,000000a8,000000a4,00411821,00000054,0,00000,000ff0ff,xxxxxxxx,xxxxxxxx,00000000,00000000,00000008,00000008,0,00000,0,00000008
32845000,1,00000054,00000050,00000050,000000a8,000000a8,00022082,00000054,0,00000,000f0f0f,xxxxxxxx,xxxxxxxx,00000000,00000000,00000008,00000008,0,00000,0,00000008
32855000,1,00000058,00000054,00000050,00000050,000000a8,00022082,00000058,0,00000,000ff0f0,xxxxxxxx,xxxxxxxx,00000000,00000000,00000018,00000018,0,00000,0,00000008
32865000,1,00000058,00000054,00000054,00000050,00000050,28990005,00000058,0,00000,000f0f0f,xxxxxxxx,xxxxxxxx,00000000,00000000,00000018,00000018,0,00000,0,00000008
32875000,1,0000005c,00000058,00000054,00000054,00000050,28990005,0000005c,0,00000,000ff0f0,xxxxxxxx,xxxxxxxx,00000000,00000000,00000004,00000004,0,00000,0,00000010
32885000,1,0000005c,00000058,00000058,00000054,00000054,0721000e,0000005c,0,00000,000f0f0f,xxxxxxxx,xxxxxxxx,00000000,00000000,00000004,00000004,0,00000,0,00000010
32895000,1,00000060,0000005c,00000058,00000058,00000054,0721000e,00000060,0,00000,000ff0f0,xxxxxxxx,xxxxxxxx,00000000,00000000,00000001,00000001,0,00000,0,00000100
32905000,1,00000060,0000005c,00000058,00000058,00000058,00642823,00000060,0,00000,000ff00f,xxxxxxxx,xxxxxxxx,00000000,00000000,00000001,00000001,0,00000,0,00000100
32915000,1,00000098,00000060,0000005c,00000058,00000058,00642823,00000098,0,00000,000fff00,xxxxxxxx,xxxxxxxx,00000000,00000000,00000001,00000001,0,00000,0,00000100
32925000,1,00000098,00000060,00000060,0000005c,00000058,3c0c000c,00000098,0,00000,000f0ff0,xxxxxxxx,xxxxxxxx,00000000,00000000,00000000,00000000,0,00000,0,00000008
32935000,1,0000009c,00000098,00000060,00000060,0000005c,3c0c000c,0000009c,0,00000,000ff0ff,xxxxxxxx,xxxxxxxx,00000000,00000000,00000014,00000014,0,00000,0,00000004
32945000,1,0000009c,00000098,00000098,00000060,00000060,004cd007,0000009c,0,00000,000f0f0f,xxxxxxxx,xxxxxxxx,00000000,00000000,00000014,00000014,0,00000,0,00000004
32955000,1,000000a0,0000009c,00000098,00000098,00000060,004cd007,000000a0,0,00000,000ff0f0,xxxxxxxx,xxxxxxxx,00000000,00000000,000c0000,000c0000,0,00000,0,000c0000
32965000,1,000000a0,0000009c,0000009c,00000098,00000098,275b0044,000000a0,0,00000,000f0f0f,xxxxxxxx,xxxxxxxx,00000000,00000000,000c0000,000c0000,0,00000,0,000c0000
32975000,1,000000a4,000000a0,0000009c,0000009c,00000098,275b0044,000000a4,0,00000,000ff0f0,xxxxxxxx,xxxxxxxx,00000000,00000000,0000000c,0000000c,0,00000,0,000c0000
32985000,1,000000a4,000000a0,000000a0,0000009c,0000009c,0360f809,000000a4,0,00000,000f0f0f,xxxxxxxx,xxxxxxxx,00000000,00000000,0000000c,0000000c,0,00000,0,000c0000
32995000,1,000000a8,000000a4,000000a0,000000a0,0000009c,0360f809,000000a8,0,00000,000ff0f0,xxxxxxxx,xxxxxxxx,00000000,00000000,00000050,00000050,0,00000,0,00000050
33005000,1,000000a8,000000a4,000000a0,000000a0,000000a0,24010008,000000a8,0,00000,000ff00f,xxxxxxxx,xxxxxxxx,00000000,00000000,00000050,00000050,0,00000,0,00000050
33015000,1,00000050,000000a8,000000a4,000000a0,000000a0,24010008,00000050,0,00000,000fff00,xxxxxxxx,xxxxxxxx,00000000,00000000,00000050,00000050,0,00000,0,00000050
33025000,1,00000050,000000a8,000000a8,000000a4,000000a0,00411821,00000050,0,00000,000f0ff0,xxxxxxxx,xxxxxxxx,00000000,00000000,000000ac,000000ac,0,00000,0,00000000
33035000,1,00000054,00000050,000000a8,000000a8,000000a4,00411821,00000054,0,00000,000ff0ff,xxxxxxxx,xxxxxxxx,00000000,00000000,00000008,00000008,0,00000,0,00000008
33045000,1,00000054,00000050,00000050,000000a8,000000a8,00022082,00000054,0,00000,000f0f0f,xxxxxxxx,xxxxxxxx,00000000,00000000,00000008,00000008,0,00000,0,00000008
33055000,1,00000058,00000054,00000050,00000050,000000a8,00022082,00000058,0,00000,000ff0f0,xxxxxxxx,xxxxxxxx,00000000,00000000,00000018,00000018,0,00000,0,00000008
33065000,1,00000058,00000054,00000054,00000050,00000050,28990005,00000058,0,00000,000f0f0f,xxxxxxxx,xxxxxxxx,00000000,00000000,00000018,00000018,0,00000,0,00000008
33075000,1,0000005c,00000058,00000054,00000054,00000050,28990005,0000005c,0,00000,000ff0f0,xxxxxxxx,xxxxxxxx,00000000,00000000,00000004,00000004,0,00000,0,00000010
33085000,1,0000005c,00000058,00000058,00000054,00000054,0721000e,0000005c,0,00000,000f0f0f,xxxxxxxx,xxxxxxxx,00000000,00000000,00000004,00000004,0,00000,0,00000010
33095000,1,00000060,0000005c,00000058,00000058,00000054,0721000e,00000060,0,00000,000ff0f0,xxxxxxxx,xxxxxxxx,00000000,00000000,00000001,00000001,0,00000,0,00000100
33105000,1,00000060,0000005c,00000058,00000058,00000058,00642823,00000060,0,00000,000ff00f,xxxxxxxx,xxxxxxxx,00000000,00000000,00000001,00000001,0,00000,0,00000100
33115000,1,00000098,00000060,0000005c,00000058,00000058,00642823,00000098,0,00000,000fff00,xxxxxxxx,xxxxxxxx,00000000,00000000,00000001,00000001,0,00000,0,00000100
33125000,1,00000098,00000060,00000060,0000005c,00000058,3c0c000c,00000098,0,00000,000f0ff0,xxxxxxxx,xxxxxxxx,00000000,00000000,00000000,00000000,0,00000,0,00000008
33135000,1,0000009c,00000098,00000060,00000060,0000005c,3c0c000c,0000009c,0,00000,000ff0ff,xxxxxxxx,xxxxxxxx,00000000,00000000,00000014,00000014,0,00000,0,00000004
33145000,1,0000009c,00000098,00000098,00000060,00000060,004cd007,0000009c,0,00000,000f0f0f,xxxxxxxx,xxxxxxxx,00000000,00000000,00000014,00000014,0,00000,0,00000004
33155000,1,000000a0,0000009c,00000098,00000098,00000060,004cd007,000000a0,0,00000,000ff0f0,xxxxxxxx,xxxxxxxx,00000000,00000000,000c0000,000c0000,0,00000,0,000c0000
33165000,1,000000a0,0000009c,0000009c,00000098,00000098,275b0044,000000a0,0,00000,000f0f0f,xxxxxxxx,xxxxxxxx,00000000,00000000,000c0000,000c0000,0,00000,0,000c0000
33175000,1,000000a4,000000a0,0000009c,0000009c,00000098,275b0044,000000a4,0,00000,000ff0f0,xxxxxxxx,xxxxxxxx,00000000,00000000,0000000c,0000000c,0,00000,0,000c0000
33185000,1,000000a4,000000a0,000000a0,0000009c,0000009c,0360f809,000000a4,0,00000,000f0f0f,xxxxxxxx,xxxxxxxx,00000000,00000000,0000000c,0000000c,0,00000,0,000c0000
33195000,1,000000a8,000000a4,000000a0,000000a0,0000009c,0360f809,000000a8,0,00000,000ff0f0,xxxxxxxx,xxxxxxxx,00000000,00000000,00000050,00000050,0,00000,0,00000050
33205000,1,000000a8,000000a4,000000a0,000000a0,000000a0,24010008,000000a8,0,00000,000ff00f,xxxxxxxx,xxxxxxxx,00000000,00000000,00000050,00000050,0,00000,0,00000050
33215000,1,00000050,000000a8,000000a4,000000a0,000000a0,24010008,00000050,0,00000,000fff00,xxxxxxxx,xxxxxxxx,00000000,00000000,00000050,00000050,0,00000,0,00000050
33225000,1,00000050,000000a8,000000a8,000000a4,000000a0,00411821,00000050,0,00000,000f0ff0,xxxxxxxx,xxxxxxxx,00000000,00000000,000000ac,000000ac,0,00000,0,00000000
33235000,1,00000054,00000050,000000a8,000000a8,000000a4,00411821,00000054,0,00000,000ff0ff,xxxxxxxx,xxxxxxxx,00000000,00000000,00000008,00000008,0,00000,0,00000008
33245000,1,00000054,00000050,00000050,000000a8,000000a8,00022082,00000054,0,00000,000f0f0f,xxxxxxxx,xxxxxxxx,00000000,00000000,00000008,00000008,0,00000,0,00000008
33255000,1,00000058,00000054,00000050,00000050,000000a8,00022082,00000058,0,00000,000ff0f0,xxxxxxxx,xxxxxxxx,00000000,00000000,00000018,00000018,0,00000,0,00000008
33265000,1,00000058,00000054,00000054,00000050,00000050,28990005,00000058,0,00000,000f0f0f,xxxxxxxx,xxxxxxxx,00000000,00000000,00000018,00000018,0,00000,0,00000008
33275000,1,0000005c,00000058,00000054,00000054,00000050,28990005,0000005c,0,00000,000ff0f0,xxxxxxxx,xxxxxxxx,00000000,00000000,00000004,00000004,0,00000,0,00000010
33285000,1,0000005c,00000058,00000058,00000054,00000054,0721000e,0000005c,0,00000,000f0f0f,xxxxxxxx,xxxxxxxx,00000000,00000000,00000004,00000004,0,00000,0,00000010
33295000,1,00000060,0000005c,00000058,00000058,00000054,0721000e,00000060,0,00000,000ff0f0,xxxxxxxx,xxxxxxxx,00000000,00000000,00000001,00000001,0,00000,0,00000100
33305000,1,00000060,0000005c,00000058,00000058,00000058,00642823,00000060,0,00000,000ff00f,xxxxxxxx,xxxxxxxx,00000000,00000000,00000001,00000001,0,00000,0,00000100
33315000,1,00000098,00000060,0000005c,00000058,00000058,00642823,00000098,0,00000,000fff00,xxxxxxxx,xxxxxxxx,00000000,00000000,00000001,00000001,0,00000,0,00000100
33325000,1,00000098,00000060,00000060,0000005c,00000058,3c0c000c,00000098,0,00000,000f0ff0,xxxxxxxx,xxxxxxxx,00000000,00000000,00000000,00000000,0,00000,0,00000008
33335000,1,0000009c,00000098,00000060,00000060,0000005c,3c0c000c,0000009c,0,00000,000ff0ff,xxxxxxxx,xxxxxxxx,00000000,00000000,00000014,00000014,0,00000,0,00000004
33345000,1,0000009c,00000098,00000098,00000060,00000060,004cd007,0000009c,0,00000,000f0f0f,xxxxxxxx,xxxxxxxx,00000000,00000000,00000014,00000014,0,00000,0,00000004
33355000,1,000000a0,0000009c,00000098,00000098,00000060,004cd007,000000a0,0,00000,000ff0f0,xxxxxxxx,xxxxxxxx,00000000,00000000,000c0000,000c0000,0,00000,0,000c0000
33365000,1,000000a0,0000009c,0000009c,00000098,00000098,275b0044,000000a0,0,00000,000f0f0f,xxxxxxxx,xxxxxxxx,00000000,00000000,000c0000,000c0000,0,00000,0,000c0000
33375000,1,000000a4,000000a0,0000009c,0000009c,00000098,275b0044,000000a4,0,00000,000ff0f0,xxxxxxxx,xxxxxxxx,00000000,00000000,0000000c,0000000c,0,00000,0,000c0000
33385000,1,000000a4,000000a0,000000a0,0000009c,0000009c,0360f809,000000a4,0,00000,000f0f0f,xxxxxxxx,xxxxxxxx,00000000,00000000,0000000c,0000000c,0,00000,0,000c0000
33395000,1,000000a8,000000a4,000000a0,000000a0,0000009c,0360f809,000000a8,0,00000,000ff0f0,xxxxxxxx,xxxxxxxx,00000000,00000000,00000050,00000050,0,00000,0,00000050
33405000,1,000000a8,000000a4,000000a0,000000a0,000000a0,24010008,000000a8,0,00000,000ff00f,xxxxxxxx,xxxxxxxx,00000000,00000000,00000050,00000050,0,00000,0,00000050
33415000,1,00000050,000000a8,000000a4,000000a0,000000a0,24010008,00000050,0,00000,000fff00,xxxxxxxx,xxxxxxxx,00000000,00000000,00000050,00000050,0,00000,0,00000050
33425000,1,00000050,000000a8,000000a8,000000a4,000000a0,00411821,00000050,0,00000,000f0ff0,xxxxxxxx,xxxxxxxx,00000000,00000000,000000ac,000000ac,0,00000,0,00000000
33435000,1,00000054,00000050,000000a8,000000a8,000000a4,00411821,00000054,0,00000,000ff0ff,xxxxxxxx,xxxxxxxx,00000000,00000000,00000008,00000008,0,00000,0,00000008
33445000,1,00000054,00000050,00000050,000000a8,000000a8,00022082,00000054,0,00000,000f0f0f,xxxxxxxx,xxxxxxxx,00000000,00000000,00000008,00000008,0,00000,0,00000008
33455000,1,00000058,00000054,00000050,00000050,000000a8,00022082,00000058,0,00000,000ff0f0,xxxxxxxx,xxxxxxxx,00000000,00000000,00000018,00000018,0,00000,0,00000008
33465000,1,00000058,00000054,00000054,00000050,00000050,28990005,00000058,0,00000,000f0f0f,xxxxxxxx,xxxxxxxx,00000000,00000000,00000018,00000018,0,00000,0,00000008
33475000,1,0000005c,00000058,00000054,00000054,00000050,28990005,0000005c,0,00000,000ff0f0,xxxxxxxx,xxxxxxxx,00000000,00000000,00000004,00000004,0,00000,0,00000010
33485000,1,0000005c,00000058,00000058,00000054,00000054,0721000e,0000005c,0,00000,000f0f0f,xxxxxxxx,xxxxxxxx,00000000,00000000,00000004,00000004,0,00000,0,00000010
33495000,1,00000060,0000005c,00000058,00000058,00000054,0721000e,00000060,0,00000,000ff0f0,xxxxxxxx,xxxxxxxx,00000000,00000000,00000001,00000001,0,00000,0,00000100
33505000,1,00000060,0000005c,00000058,00000058,00000058,00642823,00000060,0,00000,000ff00f,xxxxxxxx,xxxxxxxx,00000000,00000000,00000001,00000001,0,00000,0,00000100
33515000,1,00000098,00000060,0000005c,00000058,00000058,00642823,00000098,0,00000,000fff00,xxxxxxxx,xxxxxxxx,00000000,00000000,00000001,00000001,0,00000,0,00000100
33525000,1,00000098,00000060,00000060,0000005c,00000058,3c0c000c,00000098,0,00000,000f0ff0,xxxxxxxx,xxxxxxxx,00000000,00000000,00000000,00000000,0,00000,0,00000008
33535000,1,0000009c,00000098,00000060,00000060,0000005c,3c0c000c,0000009c,0,00000,000ff0ff,xxxxxxxx,xxxxxxxx,00000000,00000000,00000014,00000014,0,00000,0,00000004
33545000,1,0000009c,00000098,00000098,00000060,00000060,004cd007,0000009c,0,00000,000f0f0f,xxxxxxxx,xxxxxxxx,00000000,00000000,00000014,00000014,0,00000,0,00000004
33555000,1,000000a0,0000009c,00000098,00000098,00000060,004cd007,000000a0,0,00000,000ff0f0,xxxxxxxx,xxxxxxxx,00000000,00000000,000c0000,000c0000,0,00000,0,000c0000
33565000,1,000000a0,0000009c,0000009c,00000098,00000098,275b0044,000000a0,0,00000,000f0f0f,xxxxxxxx,xxxxxxxx,00000000,00000000,000c0000,000c0000,0,00000,0,000c0000
33575000,1,000000a4,000000a0,0000009c,0000009c,00000098,275b0044,000000a4,0,00000,000ff0f0,xxxxxxxx,xxxxxxxx,00000000,00000000,0000000c,0000000c,0,00000,0,000c0000
33585000,1,000000a4,000000a0,000000a0,0000009c,0000009c,0360f809,000000a4,0,00000,000f0f0f,xxxxxxxx,xxxxxxxx,00000000,00000000,0000000c,0000000c,0,00000,0,000c0000
33595000,1,000000a8,000000a4,000000a0,000000a0,0000009c,0360f809,000000a8,0,00000,000ff0f0,xxxxxxxx,xxxxxxxx,00000000,00000000,00000050,00000050,0,00000,0,00000050
33605000,1,000000a8,000000a4,000000a0,000000a0,000000a0,24010008,000000a8,0,00000,000ff00f,xxxxxxxx,xxxxxxxx,00000000,00000000,00000050,00000050,0,00000,0,00000050
33615000,1,00000050,000000a8,000000a4,000000a0,000000a0,24010008,00000050,0,00000,000fff00,xxxxxxxx,xxxxxxxx,00000000,00000000,00000050,00000050,0,00000,0,00000050
33625000,1,00000050,000000a8,000000a8,000000a4,000000a0,00411821,00000050,0,00000,000f0ff0,xxxxxxxx,xxxxxxxx,00000000,00000000,000000ac,000000ac,0,00000,0,00000000
33635000,1,00000054,00000050,000000a8,000000a8,000000a4,00411821,00000054,0,00000,000ff0ff,xxxxxxxx,xxxxxxxx,00000000,00000000,00000008,00000008,0,00000,0,00000008
33645000,1,00000054,00000050,00000050,000000a8,000000a8,00022082,00000054,0,00000,000f0f0f,xxxxxxxx,xxxxxxxx,00000000,00000000,00000008,00000008,0,00000,0,00000008
33655000,1,00000058,00000054,00000050,00000050,000000a8,00022082,00000058,0,00000,000ff0f0,xxxxxxxx,xxxxxxxx,00000000,00000000,00000018,00000018,0,00000,0,00000008
33665000,1,00000058,00000054,00000054,00000050,00000050,28990005,00000058,0,00000,000f0f0f,xxxxxxxx,xxxxxxxx,00000000,00000000,00000018,00000018,0,00000,0,00000008
33675000,1,0000005c,00000058,00000054,00000054,00000050,28990005,0000005c,0,00000,000ff0f0,xxxxxxxx,xxxxxxxx,00000000,00000000,00000004,00000004,0,00000,0,00000010
33685000,1,0000005c,00000058,00000058,00000054,00000054,0721000e,0000005c,0,00000,000f0f0f,xxxxxxxx,xxxxxxxx,00000000,00000000,00000004,00000004,0,00000,0,00000010
33695000,1,00000060,0000005c,00000058,00000058,00000054,0721000e,00000060,0,00000,000ff0f0,xxxxxxxx,xxxxxxxx,00000000,00000000,00000001,00000001,0,00000,0,00000100
33705000,1,00000060,0000005c,00000058,00000058,00000058,00642823,00000060,0,00000,000ff00f,xxxxxxxx,xxxxxxxx,00000000,00000000,00000001,00000001,0,00000,0,00000100
33715000,1,00000098,00000060,0000005c,00000058,00000058,00642823,00000098,0,00000,000fff00,xxxxxxxx,xxxxxxxx,00000000,00000000,00000001,00000001,0,00000,0,00000100
33725000,1,00000098,00000060,00000060,0000005c,00000058,3c0c000c,00000098,0,00000,000f0ff0,xxxxxxxx,xxxxxxxx,00000000,00000000,00000000,00000000,0,00000,0,00000008
33735000,1,0000009c,00000098,00000060,00000060,0000005c,3c0c000c,0000009c,0,00000,000ff0ff,xxxxxxxx,xxxxxxxx,00000000,00000000,00000014,00000014,0,00000,0,00000004
33745000,1,0000009c,00000098,00000098,00000060,00000060,004cd007,0000009c,0,00000,000f0f0f,xxxxxxxx,xxxxxxxx,00000000,00000000,00000014,00000014,0,00000,0,00000004
33755000,1,000000a0,0000009c,00000098,00000098,00000060,004cd007,000000a0,0,00000,000ff0f0,xxxxxxxx,xxxxxxxx,00000000,00000000,000c0000,000c0000,0,00000,0,000c0000
33765000,1,000000a0,0000009c,0000009c,00000098,00000098,275b0044,000000a0,0,00000,000f0f0f,xxxxxxxx,xxxxxxxx,00000000,00000000,000c0000,000c0000,0,00000,0,000c0000
33775000,1,000000a4,000000a0,0000009c,0000009c,00000098,275b0044,000000a4,0,00000,000ff0f0,xxxxxxxx,xxxxxxxx,00000000,00000000,0000000c,0000000c,0,00000,0,000c0000
33785000,1,000000a4,000000a0,000000a0,0000009c,0000009c,0360f809,000000a4,0,00000,000f0f0f,xxxxxxxx,xxxxxxxx,00000000,00000000,0000000c,0000000c,0,00000,0,000c0000
33795000,1,000000a8,000000a4,000000a0,000000a0,0000009c,0360f809,000000a8,0,00000,000ff0f0,xxxxxxxx,xxxxxxxx,00000000,00000000,00000050,00000050,0,00000,0,00000050
33805000,1,000000a8,000000a4,000000a0,000000a0,000000a0,24010008,000000a8,0,00000,000ff00f,xxxxxxxx,xxxxxxxx,00000000,00000000,00000050,00000050,0,00000,0,00000050
33815000,1,00000050,000000a8,000000a4,000000a0,000000a0,24010008,00000050,0,00000,000fff00,xxxxxxxx,xxxxxxxx,00000000,00000000,00000050,00000050,0,00000,0,00000050
33825000,1,00000050,000000a8,000000a8,000000a4,000000a0,00411821,00000050,0,00000,000f0ff0,xxxxxxxx,xxxxxxxx,00000000,00000000,000000ac,000000ac,0,00000,0,00000000
33835000,1,00000054,00000050,000000a8,000000a8,000000a4,00411821,00000054,0,00000,000ff0ff,xxxxxxxx,xxxxxxxx,00000000,00000000,00000008,00000008,0,00000,0,00000008
33845000,1,00000054,00000050,00000050,000000a8,000000a8,00022082,00000054,0,00000,000f0f0f,xxxxxxxx,xxxxxxxx,00000000,00000000,00000008,00000008,0,00000,0,00000008
33855000,1,00000058,00000054,00000050,00000050,000000a8,00022082,00000058,0,00000,000ff0f0,xxxxxxxx,xxxxxxxx,00000000,00000000,00000018,00000018,0,00000,0,00000008
33865000,1,00000058,00000054,00000054,00000050,00000050,28990005,00000058,0,00000,000f0f0f,xxxxxxxx,xxxxxxxx,00000000,00000000,00000018,00000018,0,00000,0,00000008
33875000,1,0000005c,00000058,00000054,00000054,00000050,28990005,0000005c,0,00000,000ff0f0,xxxxxxxx,xxxxxxxx,00000000,00000000,00000004,00000004,0,00000,0,00000010
33885000,1,0000005c,00000058,00000058,00000054,00000054,0721000e,0000005c,0,00000,000f0f0f,xxxxxxxx,xxxxxxxx,00000000,00000000,00000004,00000004,0,00000,0,00000010
33895000,1,00000060,0000005c,00000058,00000058,00000054,0721000e,00000060,0,00000,000ff0f0,xxxxxxxx,xxxxxxxx,00000000,00000000,00000001,00000001,0,00000,0,00000100
33905000,1,00000060,0000005c,00000058,00000058,00000058,00642823,00000060,0,00000,000ff00f,xxxxxxxx,xxxxxxxx,00000000,00000000,00000001,00000001,0,00000,0,00000100
33915000,1,00000098,00000060,0000005c,00000058,00000058,00642823,00000098,0,00000,000fff00,xxxxxxxx,xxxxxxxx,00000000,00000000,00000001,00000001,0,00000,0,00000100
33925000,1,00000098,00000060,00000060,0000005c,00000058,3c0c000c,00000098,0,00000,000f0ff0,xxxxxxxx,xxxxxxxx,00000000,00000000,00000000,00000000,0,00000,0,00000008
33935000,1,0000009c,00000098,00000060,00000060,0000005c,3c0c000c,0000009c,0,00000,000ff0ff,xxxxxxxx,xxxxxxxx,00000000,00000000,00000014,00000014,0,00000,0,00000004
33945000,1,0000009c,00000098,00000098,00000060,00000060,004cd007,0000009c,0,00000,000f0f0f,xxxxxxxx,xxxxxxxx,00000000,00000000,00000014,00000014,0,00000,0,00000004
33955000,1,000000a0,0000009c,00000098,00000098,00000060,004cd007,000000a0,0,00000,000ff0f0,xxxxxxxx,xxxxxxxx,00000000,00000000,000c0000,000c0000,0,00000,0,000c0000
33965000,1,000000a0,0000009c,0000009c,00000098,00000098,275b0044,000000a0,0,00000,000f0f0f,xxxxxxxx,xxxxxxxx,00000000,00000000,000c0000,000c0000,0,00000,0,000c0000
33975000,1,000000a4,000000a0,0000009c,0000009c,00000098,275b0044,000000a4,0,00000,000ff0f0,xxxxxxxx,xxxxxxxx,00000000,00000000,0000000c,0000000c,0,00000,0,000c0000
33985000,1,000000a4,000000a0,000000a0,0000009c,0000009c,0360f809,000000a4,0,00000,000f0f0f,xxxxxxxx,xxxxxxxx,00000000,00000000,0000000c,0000000c,0,00000,0,000c0000
33995000,1,000000a8,000000a4,000000a0,000000a0,0000009c,0360f809,000000a8,0,00000,000ff0f0,xxxxxxxx,xxxxxxxx,00000000,00000000,00000050,00000050,0,00000,0,00000050
34005000,1,000000a8,000000a4,000000a0,000000a0,000000a0,24010008,000000a8,0,00000,000ff00f,xxxxxxxx,xxxxxxxx,00000000,00000000,00000050,00000050,0,00000,0,00000050
34015000,1,00000050,000000a8,000000a4,000000a0,000000a0,24010008,00000050,0,00000,000fff00,xxxxxxxx,xxxxxxxx,00000000,00000000,00000050,00000050,0,00000,0,00000050
34025000,1,00000050,000000a8,000000a8,000000a4,000000a0,00411821,00000050,0,00000,000f0ff0,xxxxxxxx,xxxxxxxx,00000000,00000000,000000ac,000000ac,0,00000,0,00000000
34035000,1,00000054,00000050,000000a8,000000a8,000000a4,00411821,00000054,0,00000,000ff0ff,xxxxxxxx,xxxxxxxx,00000000,00000000,00000008,00000008,0,00000,0,00000008
34045000,1,00000054,00000050,00000050,000000a8,000000a8,00022082,00000054,0,00000,000f0f0f,xxxxxxxx,xxxxxxxx,00000000,00000000,00000008,00000008,0,00000,0,00000008
34055000,1,00000058,00000054,00000050,00000050,000000a8,00022082,00000058,0,00000,000ff0f0,xxxxxxxx,xxxxxxxx,00000000,00000000,00000018,00000018,0,00000,0,00000008
34065000,1,00000058,00000054,00000054,00000050,00000050,28990005,00000058,0,00000,000f0f0f,xxxxxxxx,xxxxxxxx,00000000,00000000,00000018,00000018,0,00000,0,00000008
34075000,1,0000005c,00000058,00000054,00000054,00000050,28990005,0000005c,0,00000,000ff0f0,xxxxxxxx,xxxxxxxx,00000000,00000000,00000004,00000004,0,00000,0,00000010
34085000,1,0000005c,00000058,00000058,00000054,00000054,0721000e,0000005c,0,00000,000f0f0f,xxxxxxxx,xxxxxxxx,00000000,00000000,00000004,00000004,0,00000,0,00000010
34095000,1,00000060,0000005c,00000058,00000058,00000054,0721000e,00000060,0,00000,000ff0f0,xxxxxxxx,xxxxxxxx,00000000,00000000,00000001,00000001,0,00000,0,00000100
34105000,1,00000060,0000005c,00000058,00000058,00000058,00642823,00000060,0,00000,000ff00f,xxxxxxxx,xxxxxxxx,00000000,00000000,00000001,00000001,0,00000,0,00000100
34115000,1,00000098,00000060,0000005c,00000058,00000058,00642823,00000098,0,00000,000fff00,xxxxxxxx,xxxxxxxx,00000000,00000000,00000001,00000001,0,00000,0,00000100
34125000,1,00000098,00000060,00000060,0000005c,00000058,3c0c000c,00000098,0,00000,000f0ff0,xxxxxxxx,xxxxxxxx,00000000,00000000,00000000,00000000,0,00000,0,00000008
34135000,1,0000009c,00000098,00000060,00000060,0000005c,3c0c000c,0000009c,0,00000,000ff0ff,xxxxxxxx,xxxxxxxx,00000000,00000000,00000014,00000014,0,00000,0,00000004
34145000,1,0000009c,00000098,00000098,00000060,00000060,004cd007,0000009c,0,00000,000f0f0f,xxxxxxxx,xxxxxxxx,00000000,00000000,00000014,00000014,0,00000,0,00000004
34155000,1,000000a0,0000009c,00000098,00000098,00000060,004cd007,000000a0,0,00000,000ff0f0,xxxxxxxx,xxxxxxxx,00000000,00000000,000c0000,000c0000,0,00000,0,000c0000
34165000,1,000000a0,0000009c,0000009c,00000098,00000098,275b0044,000000a0,0,00000,000f0f0f,xxxxxxxx,xxxxxxxx,00000000,00000000,000c0000,000c0000,0,00000,0,000c0000
34175000,1,000000a4,000000a0,0000009c,0000009c,00000098,275b0044,000000a4,0,00000,000ff0f0,xxxxxxxx,xxxxxxxx,00000000,00000000,0000000c,0000000c,0,00000,0,000c0000
34185000,1,000000a4,000000a0,000000a0,0000009c,0000009c,0360f809,000000a4,0,00000,000f0f0f,xxxxxxxx,xxxxxxxx,00000000,00000000,0000000c,0000000c,0,00000,0,000c0000
34195000,1,000000a8,000000a4,000000a0,000000a0,0000009c,0360f809,000000a8,0,00000,000ff0f0,xxxxxxxx,xxxxxxxx,00000000,00000000,00000050,00000050,0,00000,0,00000050
34205000,1,000000a8,000000a4,000000a0,000000a0,000000a0,24010008,000000a8,0,00000,000ff00f,xxxxxxxx,xxxxxxxx,00000000,00000000,00000050,00000050,0,00000,0,00000050
34215000,1,00000050,000000a8,000000a4,000000a0,000000a0,24010008,00000050,0,00000,000fff00,xxxxxxxx,xxxxxxxx,00000000,00000000,00000050,00000050,0,00000,0,00000050
34225000,1,00000050,000000a8,000000a8,000000a4,000000a0,00411821,00000050,0,00000,000f0ff0,xxxxxxxx,xxxxxxxx,00000000,00000000,000000ac,000000ac,0,00000,0,00000000
34235000,1,00000054,00000050,000000a8,000000a8,000000a4,00411821,00000054,0,00000,000ff0ff,xxxxxxxx,xxxxxxxx,00000000,00000000,00000008,00000008,0,00000,0,00000008
34245000,1,00000054,00000050,00000050,000000a8,000000a8,00022082,00000054,0,00000,000f0f0f,xxxxxxxx,xxxxxxxx,00000000,00000000,00000008,00000008,0,00000,0,00000008
34255000,1,00000058,00000054,00000050,00000050,000000a8,00022082,00000058,0,00000,000ff0f0,xxxxxxxx,xxxxxxxx,00000000,00000000,00000018,00000018,0,00000,0,00000008
34265000,1,00000058,00000054,00000054,00000050,00000050,28990005,00000058,0,00000,000f0f0f,xxxxxxxx,xxxxxxxx,00000000,00000000,00000018,00000018,0,00000,0,00000008
34275000,1,0000005c,00000058,00000054,00000054,00000050,28990005,0000005c,0,00000,000ff0f0,xxxxxxxx,xxxxxxxx,00000000,00000000,00000004,00000004,0,00000,0,00000010
34285000,1,0000005c,00000058,00000058,00000054,00000054,0721000e,0000005c,0,00000,000f0f0f,xxxxxxxx,xxxxxxxx,00000000,00000000,00000004,00000004,0,00000,0,00000010
34295000,1,00000060,0000005c,00000058,00000058,00000054,0721000e,00000060,0,00000,000ff0f0,xxxxxxxx,xxxxxxxx,00000000,00000000,00000001,00000001,0,00000,0,00000100
34305000,1,00000060,0000005c,00000058,00000058,00000058,00642823,00000060,0,00000,000ff00f,xxxxxxxx,xxxxxxxx,00000000,00000000,00000001,00000001,0,00000,0,00000100
34315000,1,00000098,00000060,0000005c,00000058,00000058,00642823,00000098,0,00000,000fff00,xxxxxxxx,xxxxxxxx,00000000,00000000,00000001,00000001,0,00000,0,00000100
34325000,1,00000098,00000060,00000060,0000005c,00000058,3c0c000c,00000098,0,00000,000f0ff0,xxxxxxxx,xxxxxxxx,00000000,00000000,00000000,00000000,0,00000,0,00000008
34335000,1,0000009c,00000098,00000060,00000060,0000005c,3c0c000c,0000009c,0,00000,000ff0ff,xxxxxxxx,xxxxxxxx,00000000,00000000,00000014,00000014,0,00000,0,00000004
34345000,1,0000009c,00000098,00000098,00000060,00000060,004cd007,0000009c,0,00000,000f0f0f,xxxxxxxx,xxxxxxxx,00000000,00000000,00000014,00000014,0,00000,0,00000004
34355000,1,000000a0,0000009c,00000098,00000098,00000060,004cd007,000000a0,0,00000,000ff0f0,xxxxxxxx,xxxxxxxx,00000000,00000000,000c0000,000c0000,0,00000,0,000c0000
34365000,1,000000a0,0000009c,0000009c,00000098,00000098,275b0044,000000a0,0,00000,000f0f0f,xxxxxxxx,xxxxxxxx,00000000,00000000,000c0000,000c0000,0,00000,0,000c0000
34375000,1,000000a4,000000a0,0000009c,0000009c,00000098,275b0044,000000a4,0,00000,000ff0f0,xxxxxxxx,xxxxxxxx,00000000,00000000,0000000c,0000000c,0,00000,0,000c0000
34385000,1,000000a4,000000a0,000000a0,0000009c,0000009c,0360f809,000000a4,0,00000,000f0f0f,xxxxxxxx,xxxxxxxx,00000000,00000000,0000000c,0000000c,0,00000,0,000c0000
34395000,1,000000a8,000000a4,000000a0,000000a0,0000009c,0360f809,000000a8,0,00000,000ff0f0,xxxxxxxx,xxxxxxxx,00000000,00000000,00000050,00000050,0,00000,0,00000050
34405000,1,000000a8,000000a4,000000a0,000000a0,000000a0,24010008,000000a8,0,00000,000ff00f,xxxxxxxx,xxxxxxxx,00000000,00000000,00000050,00000050,0,00000,0,00000050
34415000,1,00000050,000000a8,000000a4,000000a0,000000a0,24010008,00000050,0,00000,000fff00,xxxxxxxx,xxxxxxxx,00000000,00000000,00000050,00000050,0,00000,0,00000050
34425000,1,00000050,000000a8,000000a8,000000a4,000000a0,00411821,00000050,0,00000,000f0ff0,xxxxxxxx,xxxxxxxx,00000000,00000000,000000ac,000000ac,0,00000,0,00000000
34435000,1,00000054,00000050,000000a8,000000a8,000000a4,00411821,00000054,0,00000,000ff0ff,xxxxxxxx,xxxxxxxx,00000000,00000000,00000008,00000008,0,00000,0,00000008
34445000,1,00000054,00000050,00000050,000000a8,000000a8,00022082,00000054,0,00000,000f0f0f,xxxxxxxx,xxxxxxxx,00000000,00000000,00000008,00000008,0,00000,0,00000008
34455000,1,00000058,00000054,00000050,00000050,000000a8,00022082,00000058,0,00000,000ff0f0,xxxxxxxx,xxxxxxxx,00000000,00000000,00000018,00000018,0,00000,0,00000008
34465000,1,00000058,00000054,00000054,00000050,00000050,28990005,00000058,0,00000,000f0f0f,xxxxxxxx,xxxxxxxx,00000000,00000000,00000018,00000018,0,00000,0,00000008
34475000,1,0000005c,00000058,00000054,00000054,00000050,28990005,0000005c,0,00000,000ff0f0,xxxxxxxx,xxxxxxxx,00000000,00000000,00000004,00000004,0,00000,0,00000010
34485000,1,0000005c,00000058,00000058,00000054,00000054,0721000e,0000005c,0,00000,000f0f0f,xxxxxxxx,xxxxxxxx,00000000,00000000,00000004,00000004,0,00000,0,00000010
34495000,1,00000060,0000005c,00000058,00000058,00000054,0721000e,00000060,0,00000,000ff0f0,xxxxxxxx,xxxxxxxx,00000000,00000000,00000001,00000001,0,00000,0,00000100
34505000,1,00000060,0000005c,00000058,00000058,00000058,00642823,00000060,0,00000,000ff00f,xxxxxxxx,xxxxxxxx,00000000,00000000,00000001,00000001,0,00000,0,00000100
34515000,1,00000098,00000060,0000005c,00000058,00000058,00642823,00000098,0,00000,000fff00,xxxxxxxx,xxxxxxxx,00000000,00000000,00000001,00000001,0,00000,0,00000100
34525000,1,00000098,00000060,00000060,0000005c,00000058,3c0c000c,00000098,0,00000,000f0ff0,xxxxxxxx,xxxxxxxx,00000000,00000000,00000000,00000000,0,00000,0,00000008
34535000,1,0000009c,00000098,00000060,00000060,0000005c,3c0c000c,0000009c,0,00000,000ff0ff,xxxxxxxx,xxxxxxxx,00000000,00000000,00000014,00000014,0,00000,0,00000004
34545000,1,0000009c,00000098,00000098,00000060,00000060,004cd007,0000009c,0,00000,000f0f0f,xxxxxxxx,xxxxxxxx,00000000,00000000,00000014,00000014,0,00000,0,00000004
34555000,1,000000a0,0000009c,00000098,00000098,00000060,004cd007,000000a0,0,00000,000ff0f0,xxxxxxxx,xxxxxxxx,00000000,00000000,000c0000,000c0000,0,00000,0,000c0000
34565000,1,000000a0,0000009c,0000009c,00000098,00000098,275b0044,000000a0,0,00000,000f0f0f,xxxxxxxx,xxxxxxxx,00000000,00000000,000c0000,000c0000,0,00000,0,000c0000
34575000,1,000000a4,000000a0,0000009c,0000009c,00000098,275b0044,000000a4,0,00000,000ff0f0,xxxxxxxx,xxxxxxxx,00000000,00000000,0000000c,0000000c,0,00000,0,000c0000
34585000,1,000000a4,000000a0,000000a0,0000009c,0000009c,0360f809,000000a4,0,00000,000f0f0f,xxxxxxxx,xxxxxxxx,00000000,00000000,0000000c,0000000c,0,00000,0,000c0000
34595000,1,000000a8,000000a4,000000a0,000000a0,0000009c,0360f809,000000a8,0,00000,000ff0f0,xxxxxxxx,xxxxxxxx,00000000,00000000,00000050,00000050,0,00000,0,00000050
34605000,1,000000a8,000000a4,000000a0,000000a0,000000a0,24010008,000000a8,0,00000,000ff00f,xxxxxxxx,xxxxxxxx,00000000,00000000,00000050,00000050,0,00000,0,00000050
34615000,1,00000050,000000a8,000000a4,000000a0,000000a0,24010008,00000050,0,00000,000fff00,xxxxxxxx,xxxxxxxx,00000000,00000000,00000050,00000050,0,00000,0,00000050
34625000,1,00000050,000000a8,000000a8,000000a4,000000a0,00411821,00000050,0,00000,000f0ff0,xxxxxxxx,xxxxxxxx,00000000,00000000,000000ac,000000ac,0,00000,0,00000000
34635000,1,00000054,00000050,000000a8,000000a8,000000a4,00411821,00000054,0,00000,000ff0ff,xxxxxxxx,xxxxxxxx,00000000,00000000,00000008,00000008,0,00000,0,00000008
34645000,1,00000054,00000050,00000050,000000a8,000000a8,00022082,00000054,0,00000,000f0f0f,xxxxxxxx,xxxxxxxx,00000000,00000000,00000008,00000008,0,00000,0,00000008
34655000,1,00000058,00000054,00000050,00000050,000000a8,00022082,00000058,0,00000,000ff0f0,xxxxxxxx,xxxxxxxx,00000000,00000000,00000018,00000018,0,00000,0,00000008
34665000,1,00000058,00000054,00000054,00000050,00000050,28990005,00000058,0,00000,000f0f0f,xxxxxxxx,xxxxxxxx,00000000,00000000,00000018,00000018,0,00000,0,00000008
34675000,1,0000005c,00000058,00000054,00000054,00000050,28990005,0000005c,0,00000,000ff0f0,xxxxxxxx,xxxxxxxx,00000000,00000000,00000004,00000004,0,00000,0,00000010
34685000,1,0000005c,00000058,00000058,00000054,00000054,0721000e,0000005c,0,00000,000f0f0f,xxxxxxxx,xxxxxxxx,00000000,00000000,00000004,00000004,0,00000,0,00000010
34695000,1,00000060,0000005c,00000058,00000058,00000054,0721000e,00000060,0,00000,000ff0f0,xxxxxxxx,xxxxxxxx,00000000,00000000,00000001,00000001,0,00000,0,00000100
34705000,1,00000060,0000005c,00000058,00000058,00000058,00642823,00000060,0,00000,000ff00f,xxxxxxxx,xxxxxxxx,00000000,00000000,00000001,00000001,0,00000,0,00000100
34715000,1,00000098,00000060,0000005c,00000058,00000058,00642823,00000098,0,00000,000fff00,xxxxxxxx,xxxxxxxx,00000000,00000000,00000001,00000001,0,00000,0,00000100
34725000,1,00000098,00000060,00000060,0000005c,00000058,3c0c000c,00000098,0,00000,000f0ff0,xxxxxxxx,xxxxxxxx,00000000,00000000,00000000,00000000,0,00000,0,00000008
34735000,1,0000009c,00000098,00000060,00000060,0000005c,3c0c000c,0000009c,0,00000,000ff0ff,xxxxxxxx,xxxxxxxx,00000000,00000000,00000014,00000014,0,00000,0,00000004
34745000,1,0000009c,00000098,00000098,00000060,00000060,004cd007,0000009c,0,00000,000f0f0f,xxxxxxxx,xxxxxxxx,00000000,00000000,00000014,00000014,0,00000,0,00000004
34755000,1,000000a0,0000009c,00000098,00000098,00000060,004cd007,000000a0,0,00000,000ff0f0,xxxxxxxx,xxxxxxxx,00000000,00000000,000c0000,000c0000,0,00000,0,000c0000
34765000,1,000000a0,0000009c,0000009c,00000098,00000098,275b0044,000000a0,0,00000,000f0f0f,xxxxxxxx,xxxxxxxx,00000000,00000000,000c0000,000c0000,0,00000,0,000c0000
34775000,1,000000a4,000000a0,0000009c,0000009c,00000098,275b0044,000000a4,0,00000,000ff0f0,xxxxxxxx,xxxxxxxx,00000000,00000000,0000000c,0000000c,0,00000,0,000c0000
34785000,1,000000a4,000000a0,000000a0,0000009c,0000009c,0360f809,000000a4,0,00000,000f0f0f,xxxxxxxx,xxxxxxxx,00000000,00000000,0000000c,0000000c,0,00000,0,000c0000
34795000,1,000000a8,000000a4,000000a0,000000a0,0000009c,0360f809,000000a8,0,00000,000ff0f0,xxxxxxxx,xxxxxxxx,00000000,00000000,00000050,00000050,0,00000,0,00000050
34805000,1,000000a8,000000a4,000000a0,000000a0,000000a0,24010008,000000a8,0,00000,000ff00f,xxxxxxxx,xxxxxxxx,00000000,00000000,00000050,00000050,0,00000,0,00000050
34815000,1,00000050,000000a8,000000a4,000000a0,000000a0,24010008,00000050,0,00000,000fff00,xxxxxxxx,xxxxxxxx,00000000,00000000,00000050,00000050,0,00000,0,00000050
34825000,1,00000050,000000a8,000000a8,000000a4,000000a0,00411821,00000050,0,00000,000f0ff0,xxxxxxxx,xxxxxxxx,00000000,00000000,000000ac,000000ac,0,00000,0,00000000
34835000,1,00000054,00000050,000000a8,000000a8,000000a4,00411821,00000054,0,00000,000ff0ff,xxxxxxxx,xxxxxxxx,00000000,00000000,00000008,00000008,0,00000,0,00000008
34845000,1,00000054,00000050,00000050,000000a8,000000a8,00022082,00000054,0,00000,000f0f0f,xxxxxxxx,xxxxxxxx,00000000,00000000,00000008,00000008,0,00000,0,00000008
34855000,1,00000058,00000054,00000050,00000050,000000a8,00022082,00000058,0,00000,000ff0f0,xxxxxxxx,xxxxxxxx,00000000,00000000,00000018,00000018,0,00000,0,00000008
34865000,1,00000058,00000054,00000054,00000050,00000050,28990005,00000058,0,00000,000f0f0f,xxxxxxxx,xxxxxxxx,00000000,00000000,00000018,00000018,0,00000,0,00000008
34875000,1,0000005c,00000058,00000054,00000054,00000050,28990005,0000005c,0,00000,000ff0f0,xxxxxxxx,xxxxxxxx,00000000,00000000,00000004,00000004,0,00000,0,00000010
34885000,1,0000005c,00000058,00000058,00000054,00000054,0721000e,0000005c,0,00000,000f0f0f,xxxxxxxx,xxxxxxxx,00000000,00000000,00000004,00000004,0,00000,0,00000010
34895000,1,00000060,0000005c,00000058,00000058,00000054,0721000e,00000060,0,00000,000ff0f0,xxxxxxxx,xxxxxxxx,00000000,00000000,00000001,00000001,0,00000,0,00000100
34905000,1,00000060,0000005c,00000058,00000058,00000058,00642823,00000060,0,00000,000ff00f,xxxxxxxx,xxxxxxxx,00000000,00000000,00000001,00000001,0,00000,0,00000100
34915000,1,00000098,00000060,0000005c,00000058,00000058,00642823,00000098,0,00000,000fff00,xxxxxxxx,xxxxxxxx,00000000,00000000,00000001,00000001,0,00000,0,00000100
34925000,1,00000098,00000060,00000060,0000005c,00000058,3c0c000c,00000098,0,00000,000f0ff0,xxxxxxxx,xxxxxxxx,00000000,00000000,00000000,00000000,0,00000,0,00000008
34935000,1,0000009c,00000098,00000060,00000060,0000005c,3c0c000c,0000009c,0,00000,000ff0ff,xxxxxxxx,xxxxxxxx,00000000,00000000,00000014,00000014,0,00000,0,00000004
34945000,1,0000009c,00000098,00000098,00000060,00000060,004cd007,0000009c,0,00000,000f0f0f,xxxxxxxx,xxxxxxxx,00000000,00000000,00000014,00000014,0,00000,0,00000004
34955000,1,000000a0,0000009c,00000098,00000098,00000060,004cd007,000000a0,0,00000,000ff0f0,xxxxxxxx,xxxxxxxx,00000000,00000000,000c0000,000c0000,0,00000,0,000c0000
34965000,1,000000a0,0000009c,0000009c,00000098,00000098,275b0044,000000a0,0,00000,000f0f0f,xxxxxxxx,xxxxxxxx,00000000,00000000,000c0000,000c0000,0,00000,0,000c0000
34975000,1,000000a4,000000a0,0000009c,0000009c,00000098,275b0044,000000a4,0,00000,000ff0f0,xxxxxxxx,xxxxxxxx,00000000,00000000,0000000c,0000000c,0,00000,0,000c0000
34985000,1,000000a4,000000a0,000000a0,0000009c,0000009c,0360f809,000000a4,0,00000,000f0f0f,xxxxxxxx,xxxxxxxx,00000000,00000000,0000000c,0000000c,0,00000,0,000c0000
34995000,1,000000a8,000000a4,000000a0,000000a0,0000009c,0360f809,000000a8,0,00000,000ff0f0,xxxxxxxx,xxxxxxxx,00000000,00000000,00000050,00000050,0,00000,0,00000050
35005000,1,000000a8,000000a4,000000a0,000000a0,000000a0,24010008,000000a8,0,00000,000ff00f,xxxxxxxx,xxxxxxxx,00000000,00000000,00000050,00000050,0,00000,0,00000050
35015000,1,00000050,000000a8,000000a4,000000a0,000000a0,24010008,00000050,0,00000,000fff00,xxxxxxxx,xxxxxxxx,00000000,00000000,00000050,00000050,0,00000,0,00000050
35025000,1,00000050,000000a8,000000a8,000000a4,000000a0,00411821,00000050,0,00000,000f0ff0,xxxxxxxx,xxxxxxxx,00000000,00000000,000000ac,000000ac,0,00000,0,00000000
35035000,1,00000054,00000050,000000a8,000000a8,000000a4,00411821,00000054,0,00000,000ff0ff,xxxxxxxx,xxxxxxxx,00000000,00000000,00000008,00000008,0,00000,0,00000008
35045000,1,00000054,00000050,00000050,000000a8,000000a8,00022082,00000054,0,00000,000f0f0f,xxxxxxxx,xxxxxxxx,00000000,00000000,00000008,00000008,0,00000,0,00000008
35055000,1,00000058,00000054,00000050,00000050,000000a8,00022082,00000058,0,00000,000ff0f0,xxxxxxxx,xxxxxxxx,00000000,00000000,00000018,00000018,0,00000,0,00000008
35065000,1,00000058,00000054,00000054,00000050,00000050,28990005,00000058,0,00000,000f0f0f,xxxxxxxx,xxxxxxxx,00000000,00000000,00000018,00000018,0,00000,0,00000008
35075000,1,0000005c,00000058,00000054,00000054,00000050,28990005,0000005c,0,00000,000ff0f0,xxxxxxxx,xxxxxxxx,00000000,00000000,00000004,00000004,0,00000,0,00000010
35085000,1,0000005c,00000058,00000058,00000054,00000054,0721000e,0000005c,0,00000,000f0f0f,xxxxxxxx,xxxxxxxx,00000000,00000000,00000004,00000004,0,00000,0,00000010
35095000,1,00000060,0000005c,00000058,00000058,00000054,0721000e,00000060,0,00000,000ff0f0,xxxxxxxx,xxxxxxxx,00000000,00000000,00000001,00000001,0,00000,0,00000100
35105000,1,00000060,0000005c,00000058,00000058,00000058,00642823,00000060,0,00000,000ff00f,xxxxxxxx,xxxxxxxx,00000000,00000000,00000001,00000001,0,00000,0,00000100
35115000,1,00000098,00000060,0000005c,00000058,00000058,00642823,00000098,0,00000,000fff00,xxxxxxxx,xxxxxxxx,00000000,00000000,00000001,00000001,0,00000,0,00000100
35125000,1,00000098,00000060,00000060,0000005c,00000058,3c0c000c,00000098,0,00000,000f0ff0,xxxxxxxx,xxxxxxxx,00000000,00000000,00000000,00000000,0,00000,0,00000008
35135000,1,0000009c,00000098,00000060,00000060,0000005c,3c0c000c,0000009c,0,00000,000ff0ff,xxxxxxxx,xxxxxxxx,00000000,00000000,00000014,00000014,0,00000,0,00000004
35145000,1,0000009c,00000098,00000098,00000060,00000060,004cd007,0000009c,0,00000,000f0f0f,xxxxxxxx,xxxxxxxx,00000000,00000000,00000014,00000014,0,00000,0,00000004
35155000,1,000000a0,0000009c,00000098,00000098,00000060,004cd007,000000a0,0,00000,000ff0f0,xxxxxxxx,xxxxxxxx,00000000,00000000,000c0000,000c0000,0,00000,0,000c0000
35165000,1,000000a0,0000009c,0000009c,00000098,00000098,275b0044,000000a0,0,00000,000f0f0f,xxxxxxxx,xxxxxxxx,00000000,00000000,000c0000,000c0000,0,00000,0,000c0000
35175000,1,000000a4,000000a0,0000009c,0000009c,00000098,275b0044,000000a4,0,00000,000ff0f0,xxxxxxxx,xxxxxxxx,00000000,00000000,0000000c,0000000c,0,00000,0,000c0000
35185000,1,000000a4,000000a0,000000a0,0000009c,0000009c,0360f809,000000a4,0,00000,000f0f0f,xxxxxxxx,xxxxxxxx,00000000,00000000,0000000c,0000000c,0,00000,0,000c0000
35195000,1,000000a8,000000a4,000000a0,000000a0,0000009c,0360f809,000000a8,0,00000,000ff0f0,xxxxxxxx,xxxxxxxx,00000000,00000000,00000050,00000050,0,00000,0,00000050
35205000,1,000000a8,000000a4,000000a0,000000a0,000000a0,24010008,000000a8,0,00000,000ff00f,xxxxxxxx,xxxxxxxx,00000000,00000000,00000050,00000050,0,00000,0,00000050
35215000,1,00000050,000000a8,000000a4,000000a0,000000a0,24010008,00000050,0,00000,000fff00,xxxxxxxx,xxxxxxxx,00000000,00000000,00000050,00000050,0,00000,0,00000050
35225000,1,00000050,000000a8,000000a8,000000a4,000000a0,00411821,00000050,0,00000,000f0ff0,xxxxxxxx,xxxxxxxx,00000000,00000000,000000ac,000000ac,0,00000,0,00000000
35235000,1,00000054,00000050,000000a8,000000a8,000000a4,00411821,00000054,0,00000,000ff0ff,xxxxxxxx,xxxxxxxx,00000000,00000000,00000008,00000008,0,00000,0,00000008
35245000,1,00000054,00000050,00000050,000000a8,000000a8,00022082,00000054,0,00000,000f0f0f,xxxxxxxx,xxxxxxxx,00000000,00000000,00000008,00000008,0,00000,0,00000008
35255000,1,00000058,00000054,00000050,00000050,000000a8,00022082,00000058,0,00000,000ff0f0,xxxxxxxx,xxxxxxxx,00000000,00000000,00000018,00000018,0,00000,0,00000008
35265000,1,00000058,00000054,00000054,00000050,00000050,28990005,00000058,0,00000,000f0f0f,xxxxxxxx,xxxxxxxx,00000000,00000000,00000018,00000018,0,00000,0,00000008
35275000,1,0000005c,00000058,00000054,00000054,00000050,28990005,0000005c,0,00000,000ff0f0,xxxxxxxx,xxxxxxxx,00000000,00000000,00000004,00000004,0,00000,0,00000010
35285000,1,0000005c,00000058,00000058,00000054,00000054,0721000e,0000005c,0,00000,000f0f0f,xxxxxxxx,xxxxxxxx,00000000,00000000,00000004,00000004,0,00000,0,00000010
35295000,1,00000060,0000005c,00000058,00000058,00000054,0721000e,00000060,0,00000,000ff0f0,xxxxxxxx,xxxxxxxx,00000000,00000000,00000001,00000001,0,00000,0,00000100
35305000,1,00000060,0000005c,00000058,00000058,00000058,00642823,00000060,0,00000,000ff00f,xxxxxxxx,xxxxxxxx,00000000,00000000,00000001,00000001,0,00000,0,00000100
35315000,1,00000098,00000060,0000005c,00000058,00000058,00642823,00000098,0,00000,000fff00,xxxxxxxx,xxxxxxxx,00000000,00000000,00000001,00000001,0,00000,0,00000100
35325000,1,00000098,00000060,00000060,0000005c,00000058,3c0c000c,00000098,0,00000,000f0ff0,xxxxxxxx,xxxxxxxx,00000000,00000000,00000000,00000000,0,00000,0,00000008
35335000,1,0000009c,00000098,00000060,00000060,0000005c,3c0c000c,0000009c,0,00000,000ff0ff,xxxxxxxx,xxxxxxxx,00000000,00000000,00000014,00000014,0,00000,0,00000004
35345000,1,0000009c,00000098,00000098,00000060,00000060,004cd007,0000009c,0,00000,000f0f0f,xxxxxxxx,xxxxxxxx,00000000,00000000,00000014,00000014,0,00000,0,00000004
35355000,1,000000a0,0000009c,00000098,00000098,00000060,004cd007,000000a0,0,00000,000ff0f0,xxxxxxxx,xxxxxxxx,00000000,00000000,000c0000,000c0000,0,00000,0,000c0000
35365000,1,000000a0,0000009c,0000009c,00000098,00000098,275b0044,000000a0,0,00000,000f0f0f,xxxxxxxx,xxxxxxxx,00000000,00000000,000c0000,000c0000,0,00000,0,000c0000
35375000,1,000000a4,000000a0,0000009c,0000009c,00000098,275b0044,000000a4,0,00000,000ff0f0,xxxxxxxx,xxxxxxxx,00000000,00000000,0000000c,0000000c,0,00000,0,000c0000
35385000,1,000000a4,000000a0,000000a0,0000009c,0000009c,0360f809,000000a4,0,00000,000f0f0f,xxxxxxxx,xxxxxxxx,00000000,00000000,0000000c,0000000c,0,00000,0,000c0000
35395000,1,000000a8,000000a4,000000a0,000000a0,0000009c,0360f809,000000a8,0,00000,000ff0f0,xxxxxxxx,xxxxxxxx,00000000,00000000,00000050,00000050,0,00000,0,00000050
35405000,1,000000a8,000000a4,000000a0,000000a0,000000a0,24010008,000000a8,0,00000,000ff00f,xxxxxxxx,xxxxxxxx,00000000,00000000,00000050,00000050,0,00000,0,00000050
35415000,1,00000050,000000a8,000000a4,000000a0,000000a0,24010008,00000050,0,00000,000fff00,xxxxxxxx,xxxxxxxx,00000000,00000000,00000050,00000050,0,00000,0,00000050
35425000,1,00000050,000000a8,000000a8,000000a4,000000a0,00411821,00000050,0,00000,000f0ff0,xxxxxxxx,xxxxxxxx,00000000,00000000,000000ac,000000ac,0,00000,0,00000000
35435000,1,00000054,00000050,000000a8,000000a8,000000a4,00411821,00000054,0,00000,000ff0ff,xxxxxxxx,xxxxxxxx,00000000,00000000,00000008,00000008,0,00000,0,00000008
35445000,1,00000054,00000050,00000050,000000a8,000000a8,00022082,00000054,0,00000,000f0f0f,xxxxxxxx,xxxxxxxx,00000000,00000000,00000008,00000008,0,00000,0,00000008
35455000,1,00000058,00000054,00000050,00000050,000000a8,00022082,00000058,0,00000,000ff0f0,xxxxxxxx,xxxxxxxx,00000000,00000000,00000018,00000018,0,00000,0,00000008
35465000,1,00000058,00000054,00000054,00000050,00000050,28990005,00000058,0,00000,000f0f0f,xxxxxxxx,xxxxxxxx,00000000,00000000,00000018,00000018,0,00000,0,00000008
35475000,1,0000005c,00000058,00000054,00000054,00000050,28990005,0000005c,0,00000,000ff0f0,xxxxxxxx,xxxxxxxx,00000000,00000000,00000004,00000004,0,00000,0,00000010
35485000,1,0000005c,00000058,00000058,00000054,00000054,0721000e,0000005c,0,00000,000f0f0f,xxxxxxxx,xxxxxxxx,00000000,00000000,00000004,00000004,0,00000,0,00000010
35495000,1,00000060,0000005c,00000058,00000058,00000054,0721000e,00000060,0,00000,000ff0f0,xxxxxxxx,xxxxxxxx,00000000,00000000,00000001,00000001,0,00000,0,00000100
35505000,1,00000060,0000005c,00000058,00000058,00000058,00642823,00000060,0,00000,000ff00f,xxxxxxxx,xxxxxxxx,00000000,00000000,00000001,00000001,0,00000,0,00000100
35515000,1,00000098,00000060,0000005c,00000058,00000058,00642823,00000098,0,00000,000fff00,xxxxxxxx,xxxxxxxx,00000000,00000000,00000001,00000001,0,00000,0,00000100
35525000,1,00000098,00000060,00000060,0000005c,00000058,3c0c000c,00000098,0,00000,000f0ff0,xxxxxxxx,xxxxxxxx,00000000,00000000,00000000,00000000,0,00000,0,00000008
35535000,1,0000009c,00000098,00000060,00000060,0000005c,3c0c000c,0000009c,0,00000,000ff0ff,xxxxxxxx,xxxxxxxx,00000000,00000000,00000014,00000014,0,00000,0,00000004
35545000,1,0000009c,00000098,00000098,00000060,00000060,004cd007,0000009c,0,00000,000f0f0f,xxxxxxxx,xxxxxxxx,00000000,00000000,00000014,00000014,0,00000,0,00000004
35555000,1,000000a0,0000009c,00000098,00000098,00000060,004cd007,000000a0,0,00000,000ff0f0,xxxxxxxx,xxxxxxxx,00000000,00000000,000c0000,000c0000,0,00000,0,000c0000
35565000,1,000000a0,0000009c,0000009c,00000098,00000098,275b0044,000000a0,0,00000,000f0f0f,xxxxxxxx,xxxxxxxx,00000000,00000000,000c0000,000c0000,0,00000,0,000c0000
35575000,1,000000a4,000000a0,0000009c,0000009c,00000098,275b0044,000000a4,0,00000,000ff0f0,xxxxxxxx,xxxxxxxx,00000000,00000000,0000000c,0000000c,0,00000,0,000c0000
35585000,1,000000a4,000000a0,000000a0,0000009c,0000009c,0360f809,000000a4,0,00000,000f0f0f,xxxxxxxx,xxxxxxxx,00000000,00000000,0000000c,0000000c,0,00000,0,000c0000
35595000,1,000000a8,000000a4,000000a0,000000a0,0000009c,0360f809,000000a8,0,00000,000ff0f0,xxxxxxxx,xxxxxxxx,00000000,00000000,00000050,00000050,0,00000,0,00000050
35605000,1,000000a8,000000a4,000000a0,000000a0,000000a0,24010008,000000a8,0,00000,000ff00f,xxxxxxxx,xxxxxxxx,00000000,00000000,00000050,00000050,0,00000,0,00000050
35615000,1,00000050,000000a8,000000a4,000000a0,000000a0,24010008,00000050,0,00000,000fff00,xxxxxxxx,xxxxxxxx,00000000,00000000,00000050,00000050,0,00000,0,00000050
35625000,1,00000050,000000a8,000000a8,000000a4,000000a0,00411821,00000050,0,00000,000f0ff0,xxxxxxxx,xxxxxxxx,00000000,00000000,000000ac,000000ac,0,00000,0,00000000
35635000,1,00000054,00000050,000000a8,000000a8,000000a4,00411821,00000054,0,00000,000ff0ff,xxxxxxxx,xxxxxxxx,00000000,00000000,00000008,00000008,0,00000,0,00000008
35645000,1,00000054,00000050,00000050,000000a8,000000a8,00022082,00000054,0,00000,000f0f0f,xxxxxxxx,xxxxxxxx,00000000,00000000,00000008,00000008,0,00000,0,00000008
35655000,1,00000058,00000054,00000050,00000050,000000a8,00022082,00000058,0,00000,000ff0f0,xxxxxxxx,xxxxxxxx,00000000,00000000,00000018,00000018,0,00000,0,00000008
35665000,1,00000058,00000054,00000054,00000050,00000050,28990005,00000058,0,00000,000f0f0f,xxxxxxxx,xxxxxxxx,00000000,00000000,00000018,00000018,0,00000,0,00000008
35675000,1,0000005c,00000058,00000054,00000054,00000050,28990005,0000005c,0,00000,000ff0f0,xxxxxxxx,xxxxxxxx,00000000,00000000,00000004,00000004,0,00000,0,00000010
35685000,1,0000005c,00000058,00000058,00000054,00000054,0721000e,0000005c,0,00000,000f0f0f,xxxxxxxx,xxxxxxxx,00000000,00000000,00000004,00000004,0,00000,0,00000010
35695000,1,00000060,0000005c,00000058,00000058,00000054,0721000e,00000060,0,00000,000ff0f0,xxxxxxxx,xxxxxxxx,00000000,00000000,00000001,00000001,0,00000,0,00000100
35705000,1,00000060,0000005c,00000058,00000058,00000058,00642823,00000060,0,00000,000ff00f,xxxxxxxx,xxxxxxxx,00000000,00000000,00000001,00000001,0,00000,0,00000100
35715000,1,00000098,00000060,0000005c,00000058,00000058,00642823,00000098,0,00000,000fff00,xxxxxxxx,xxxxxxxx,00000000,00000000,00000001,00000001,0,00000,0,00000100
35725000,1,00000098,00000060,00000060,0000005c,00000058,3c0c000c,00000098,0,00000,000f0ff0,xxxxxxxx,xxxxxxxx,00000000,00000000,00000000,00000000,0,00000,0,00000008
35735000,1,0000009c,00000098,00000060,00000060,0000005c,3c0c000c,0000009c,0,00000,000ff0ff,xxxxxxxx,xxxxxxxx,00000000,00000000,00000014,00000014,0,00000,0,00000004
35745000,1,0000009c,00000098,00000098,00000060,00000060,004cd007,0000009c,0,00000,000f0f0f,xxxxxxxx,xxxxxxxx,00000000,00000000,00000014,00000014,0,00000,0,00000004
35755000,1,000000a0,0000009c,00000098,00000098,00000060,004cd007,000000a0,0,00000,000ff0f0,xxxxxxxx,xxxxxxxx,00000000,00000000,000c0000,000c0000,0,00000,0,000c0000
35765000,1,000000a0,0000009c,0000009c,00000098,00000098,275b0044,000000a0,0,00000,000f0f0f,xxxxxxxx,xxxxxxxx,00000000,00000000,000c0000,000c0000,0,00000,0,000c0000
35775000,1,000000a4,000000a0,0000009c,0000009c,00000098,275b0044,000000a4,0,00000,000ff0f0,xxxxxxxx,xxxxxxxx,00000000,00000000,0000000c,0000000c,0,00000,0,000c0000
35785000,1,000000a4,000000a0,000000a0,0000009c,0000009c,0360f809,000000a4,0,00000,000f0f0f,xxxxxxxx,xxxxxxxx,00000000,00000000,0000000c,0000000c,0,00000,0,000c0000
35795000,1,000000a8,000000a4,000000a0,000000a0,0000009c,0360f809,000000a8,0,00000,000ff0f0,xxxxxxxx,xxxxxxxx,00000000,00000000,00000050,00000050,0,00000,0,00000050
35805000,1,000000a8,000000a4,000000a0,000000a0,000000a0,24010008,000000a8,0,00000,000ff00f,xxxxxxxx,xxxxxxxx,00000000,00000000,00000050,00000050,0,00000,0,00000050
35815000,1,00000050,000000a8,000000a4,000000a0,000000a0,24010008,00000050,0,00000,000fff00,xxxxxxxx,xxxxxxxx,00000000,00000000,00000050,00000050,0,00000,0,00000050
35825000,1,00000050,000000a8,000000a8,000000a4,000000a0,00411821,00000050,0,00000,000f0ff0,xxxxxxxx,xxxxxxxx,00000000,00000000,000000ac,000000ac,0,00000,0,00000000
35835000,1,00000054,00000050,000000a8,000000a8,000000a4,00411821,00000054,0,00000,000ff0ff,xxxxxxxx,xxxxxxxx,00000000,00000000,00000008,00000008,0,00000,0,00000008
35845000,1,00000054,00000050,00000050,000000a8,000000a8,00022082,00000054,0,00000,000f0f0f,xxxxxxxx,xxxxxxxx,00000000,00000000,00000008,00000008,0,00000,0,00000008
35855000,1,00000058,00000054,00000050,00000050,000000a8,00022082,00000058,0,00000,000ff0f0,xxxxxxxx,xxxxxxxx,00000000,00000000,00000018,00000018,0,00000,0,00000008
35865000,1,00000058,00000054,00000054,00000050,00000050,28990005,00000058,0,00000,000f0f0f,xxxxxxxx,xxxxxxxx,00000000,00000000,00000018,00000018,0,00000,0,00000008
35875000,1,0000005c,00000058,00000054,00000054,00000050,28990005,0000005c,0,00000,000ff0f0,xxxxxxxx,xxxxxxxx,00000000,00000000,00000004,00000004,0,00000,0,00000010
35885000,1,0000005c,00000058,00000058,00000054,00000054,0721000e,0000005c,0,00000,000f0f0f,xxxxxxxx,xxxxxxxx,00000000,00000000,00000004,00000004,0,00000,0,00000010
35895000,1,00000060,0000005c,00000058,00000058,00000054,0721000e,00000060,0,00000,000ff0f0,xxxxxxxx,xxxxxxxx,00000000,00000000,00000001,00000001,0,00000,0,00000100
35905000,1,00000060,0000005c,00000058,00000058,00000058,00642823,00000060,0,00000,000ff00f,xxxxxxxx,xxxxxxxx,00000000,00000000,00000001,00000001,0,00000,0,00000100
35915000,1,00000098,00000060,0000005c,00000058,00000058,00642823,00000098,0,00000,000fff00,xxxxxxxx,xxxxxxxx,00000000,00000000,00000001,00000001,0,00000,0,00000100
35925000,1,00000098,00000060,00000060,0000005c,00000058,3c0c000c,00000098,0,00000,000f0ff0,xxxxxxxx,xxxxxxxx,00000000,00000000,00000000,00000000,0,00000,0,00000008
35935000,1,0000009c,00000098,00000060,00000060,0000005c,3c0c000c,0000009c,0,00000,000ff0ff,xxxxxxxx,xxxxxxxx,00000000,00000000,00000014,00000014,0,00000,0,00000004
35945000,1,0000009c,00000098,00000098,00000060,00000060,004cd007,0000009c,0,00000,000f0f0f,xxxxxxxx,xxxxxxxx,00000000,00000000,00000014,00000014,0,00000,0,00000004
35955000,1,000000a0,0000009c,00000098,00000098,00000060,004cd007,000000a0,0,00000,000ff0f0,xxxxxxxx,xxxxxxxx,00000000,00000000,000c0000,000c0000,0,00000,0,000c0000
35965000,1,000000a0,0000009c,0000009c,00000098,00000098,275b0044,000000a0,0,00000,000f0f0f,xxxxxxxx,xxxxxxxx,00000000,00000000,000c0000,000c0000,0,00000,0,000c0000
35975000,1,000000a4,000000a0,0000009c,0000009c,00000098,275b0044,000000a4,0,00000,000ff0f0,xxxxxxxx,xxxxxxxx,00000000,00000000,0000000c,0000000c,0,00000,0,000c0000
35985000,1,000000a4,000000a0,000000a0,0000009c,0000009c,0360f809,000000a4,0,00000,000f0f0f,xxxxxxxx,xxxxxxxx,00000000,00000000,0000000c,0000000c,0,00000,0,000c0000
35995000,1,000000a8,000000a4,000000a0,000000a0,0000009c,0360f809,000000a8,0,00000,000ff0f0,xxxxxxxx,xxxxxxxx,00000000,00000000,00000050,00000050,0,00000,0,00000050
36005000,1,000000a8,000000a4,000000a0,000000a0,000000a0,24010008,000000a8,0,00000,000ff00f,xxxxxxxx,xxxxxxxx,00000000,00000000,00000050,00000050,0,00000,0,00000050
36015000,1,00000050,000000a8,000000a4,000000a0,000000a0,24010008,00000050,0,00000,000fff00,xxxxxxxx,xxxxxxxx,00000000,00000000,00000050,00000050,0,00000,0,00000050
36025000,1,00000050,000000a8,000000a8,000000a4,000000a0,00411821,00000050,0,00000,000f0ff0,xxxxxxxx,xxxxxxxx,00000000,00000000,000000ac,000000ac,0,00000,0,00000000
36035000,1,00000054,00000050,000000a8,000000a8,000000a4,00411821,00000054,0,00000,000ff0ff,xxxxxxxx,xxxxxxxx,00000000,00000000,00000008,00000008,0,00000,0,00000008
36045000,1,00000054,00000050,00000050,000000a8,000000a8,00022082,00000054,0,00000,000f0f0f,xxxxxxxx,xxxxxxxx,00000000,00000000,00000008,00000008,0,00000,0,00000008
36055000,1,00000058,00000054,00000050,00000050,000000a8,00022082,00000058,0,00000,000ff0f0,xxxxxxxx,xxxxxxxx,00000000,00000000,00000018,00000018,0,00000,0,00000008
36065000,1,00000058,00000054,00000054,00000050,00000050,28990005,00000058,0,00000,000f0f0f,xxxxxxxx,xxxxxxxx,00000000,00000000,00000018,00000018,0,00000,0,00000008
36075000,1,0000005c,00000058,00000054,00000054,00000050,28990005,0000005c,0,00000,000ff0f0,xxxxxxxx,xxxxxxxx,00000000,00000000,00000004,00000004,0,00000,0,00000010
36085000,1,0000005c,00000058,00000058,00000054,00000054,0721000e,0000005c,0,00000,000f0f0f,xxxxxxxx,xxxxxxxx,00000000,00000000,00000004,00000004,0,00000,0,00000010
36095000,1,00000060,0000005c,00000058,00000058,00000054,0721000e,00000060,0,00000,000ff0f0,xxxxxxxx,xxxxxxxx,00000000,00000000,00000001,00000001,0,00000,0,00000100
36105000,1,00000060,0000005c,00000058,00000058,00000058,00642823,00000060,0,00000,000ff00f,xxxxxxxx,xxxxxxxx,00000000,00000000,00000001,00000001,0,00000,0,00000100
36115000,1,00000098,00000060,0000005c,00000058,00000058,00642823,00000098,0,00000,000fff00,xxxxxxxx,xxxxxxxx,00000000,00000000,00000001,00000001,0,00000,0,00000100
36125000,1,00000098,00000060,00000060,0000005c,00000058,3c0c000c,00000098,0,00000,000f0ff0,xxxxxxxx,xxxxxxxx,00000000,00000000,00000000,00000000,0,00000,0,00000008
36135000,1,0000009c,00000098,00000060,00000060,0000005c,3c0c000c,0000009c,0,00000,000ff0ff,xxxxxxxx,xxxxxxxx,00000000,00000000,00000014,00000014,0,00000,0,00000004
36145000,1,0000009c,00000098,00000098,00000060,00000060,004cd007,0000009c,0,00000,000f0f0f,xxxxxxxx,xxxxxxxx,00000000,00000000,00000014,00000014,0,00000,0,00000004
36155000,1,000000a0,0000009c,00000098,00000098,00000060,004cd007,000000a0,0,00000,000ff0f0,xxxxxxxx,xxxxxxxx,00000000,00000000,000c0000,000c0000,0,00000,0,000c0000
36165000,1,000000a0,0000009c,0000009c,00000098,00000098,275b0044,000000a0,0,00000,000f0f0f,xxxxxxxx,xxxxxxxx,00000000,00000000,000c0000,000c0000,0,00000,0,000c0000
36175000,1,000000a4,000000a0,0000009c,0000009c,00000098,275b0044,000000a4,0,00000,000ff0f0,xxxxxxxx,xxxxxxxx,00000000,00000000,0000000c,0000000c,0,00000,0,000c0000
36185000,1,000000a4,000000a0,000000a0,0000009c,0000009c,0360f809,000000a4,0,00000,000f0f0f,xxxxxxxx,xxxxxxxx,00000000,00000000,0000000c,0000000c,0,00000,0,000c0000
36195000,1,000000a8,000000a4,000000a0,000000a0,0000009c,0360f809,000000a8,0,00000,000ff0f0,xxxxxxxx,xxxxxxxx,00000000,00000000,00000050,00000050,0,00000,0,00000050
36205000,1,000000a8,000000a4,000000a0,000000a0,000000a0,24010008,000000a8,0,00000,000ff00f,xxxxxxxx,xxxxxxxx,00000000,00000000,00000050,00000050,0,00000,0,00000050
36215000,1,00000050,000000a8,000000a4,000000a0,000000a0,24010008,00000050,0,00000,000fff00,xxxxxxxx,xxxxxxxx,00000000,00000000,00000050,00000050,0,00000,0,00000050
36225000,1,00000050,000000a8,000000a8,000000a4,000000a0,00411821,00000050,0,00000,000f0ff0,xxxxxxxx,xxxxxxxx,00000000,00000000,000000ac,000000ac,0,00000,0,00000000
36235000,1,00000054,00000050,000000a8,000000a8,000000a4,00411821,00000054,0,00000,000ff0ff,xxxxxxxx,xxxxxxxx,00000000,00000000,00000008,00000008,0,00000,0,00000008
36245000,1,00000054,00000050,00000050,000000a8,000000a8,00022082,00000054,0,00000,000f0f0f,xxxxxxxx,xxxxxxxx,00000000,00000000,00000008,00000008,0,00000,0,00000008
36255000,1,00000058,00000054,00000050,00000050,000000a8,00022082,00000058,0,00000,000ff0f0,xxxxxxxx,xxxxxxxx,00000000,00000000,00000018,00000018,0,00000,0,00000008
36265000,1,00000058,00000054,00000054,00000050,00000050,28990005,00000058,0,00000,000f0f0f,xxxxxxxx,xxxxxxxx,00000000,00000000,00000018,00000018,0,00000,0,00000008
36275000,1,0000005c,00000058,00000054,00000054,00000050,28990005,0000005c,0,00000,000ff0f0,xxxxxxxx,xxxxxxxx,00000000,00000000,00000004,00000004,0,00000,0,00000010
36285000,1,0000005c,00000058,00000058,00000054,00000054,0721000e,0000005c,0,00000,000f0f0f,xxxxxxxx,xxxxxxxx,00000000,00000000,00000004,00000004,0,00000,0,00000010
36295000,1,00000060,0000005c,00000058,00000058,00000054,0721000e,00000060,0,00000,000ff0f0,xxxxxxxx,xxxxxxxx,00000000,00000000,00000001,00000001,0,00000,0,00000100
36305000,1,00000060,0000005c,00000058,00000058,00000058,00642823,00000060,0,00000,000ff00f,xxxxxxxx,xxxxxxxx,00000000,00000000,00000001,00000001,0,00000,0,00000100
36315000,1,00000098,00000060,0000005c,00000058,00000058,00642823,00000098,0,00000,000fff00,xxxxxxxx,xxxxxxxx,00000000,00000000,00000001,00000001,0,00000,0,00000100
36325000,1,00000098,00000060,00000060,0000005c,00000058,3c0c000c,00000098,0,00000,000f0ff0,xxxxxxxx,xxxxxxxx,00000000,00000000,00000000,00000000,0,00000,0,00000008
36335000,1,0000009c,00000098,00000060,00000060,0000005c,3c0c000c,0000009c,0,00000,000ff0ff,xxxxxxxx,xxxxxxxx,00000000,00000000,00000014,00000014,0,00000,0,00000004
36345000,1,0000009c,00000098,00000098,00000060,00000060,004cd007,0000009c,0,00000,000f0f0f,xxxxxxxx,xxxxxxxx,00000000,00000000,00000014,00000014,0,00000,0,00000004
36355000,1,000000a0,0000009c,00000098,00000098,00000060,004cd007,000000a0,0,00000,000ff0f0,xxxxxxxx,xxxxxxxx,00000000,00000000,000c0000,000c0000,0,00000,0,000c0000
36365000,1,000000a0,0000009c,0000009c,00000098,00000098,275b0044,000000a0,0,00000,000f0f0f,xxxxxxxx,xxxxxxxx,00000000,00000000,000c0000,000c0000,0,00000,0,000c0000
36375000,1,000000a4,000000a0,0000009c,0000009c,00000098,275b0044,000000a4,0,00000,000ff0f0,xxxxxxxx,xxxxxxxx,00000000,00000000,0000000c,0000000c,0,00000,0,000c0000
36385000,1,000000a4,000000a0,000000a0,0000009c,0000009c,0360f809,000000a4,0,00000,000f0f0f,xxxxxxxx,xxxxxxxx,00000000,00000000,0000000c,0000000c,0,00000,0,000c0000
36395000,1,000000a8,000000a4,000000a0,000000a0,0000009c,0360f809,000000a8,0,00000,000ff0f0,xxxxxxxx,xxxxxxxx,00000000,00000000,00000050,00000050,0,00000,0,00000050
36405000,1,000000a8,000000a4,000000a0,000000a0,000000a0,24010008,000000a8,0,00000,000ff00f,xxxxxxxx,xxxxxxxx,00000000,00000000,00000050,00000050,0,00000,0,00000050
36415000,1,00000050,000000a8,000000a4,000000a0,000000a0,24010008,00000050,0,00000,000fff00,xxxxxxxx,xxxxxxxx,00000000,00000000,00000050,00000050,0,00000,0,00000050
36425000,1,00000050,000000a8,000000a8,000000a4,000000a0,00411821,00000050,0,00000,000f0ff0,xxxxxxxx,xxxxxxxx,00000000,00000000,000000ac,000000ac,0,00000,0,00000000
36435000,1,00000054,00000050,000000a8,000000a8,000000a4,00411821,00000054,0,00000,000ff0ff,xxxxxxxx,xxxxxxxx,00000000,00000000,00000008,00000008,0,00000,0,00000008
36445000,1,00000054,00000050,00000050,000000a8,000000a8,00022082,00000054,0,00000,000f0f0f,xxxxxxxx,xxxxxxxx,00000000,00000000,00000008,00000008,0,00000,0,00000008
36455000,1,00000058,00000054,00000050,00000050,000000a8,00022082,00000058,0,00000,000ff0f0,xxxxxxxx,xxxxxxxx,00000000,00000000,00000018,00000018,0,00000,0,00000008
36465000,1,00000058,00000054,00000054,00000050,00000050,28990005,00000058,0,00000,000f0f0f,xxxxxxxx,xxxxxxxx,00000000,00000000,00000018,00000018,0,00000,0,00000008
36475000,1,0000005c,00000058,00000054,00000054,00000050,28990005,0000005c,0,00000,000ff0f0,xxxxxxxx,xxxxxxxx,00000000,00000000,00000004,00000004,0,00000,0,00000010
36485000,1,0000005c,00000058,00000058,00000054,00000054,0721000e,0000005c,0,00000,000f0f0f,xxxxxxxx,xxxxxxxx,00000000,00000000,00000004,00000004,0,00000,0,00000010
36495000,1,00000060,0000005c,00000058,00000058,00000054,0721000e,00000060,0,00000,000ff0f0,xxxxxxxx,xxxxxxxx,00000000,00000000,00000001,00000001,0,00000,0,00000100
36505000,1,00000060,0000005c,00000058,00000058,00000058,00642823,00000060,0,00000,000ff00f,xxxxxxxx,xxxxxxxx,00000000,00000000,00000001,00000001,0,00000,0,00000100
36515000,1,00000098,00000060,0000005c,00000058,00000058,00642823,00000098,0,00000,000fff00,xxxxxxxx,xxxxxxxx,00000000,00000000,00000001,00000001,0,00000,0,00000100
36525000,1,00000098,00000060,00000060,0000005c,00000058,3c0c000c,00000098,0,00000,000f0ff0,xxxxxxxx,xxxxxxxx,00000000,00000000,00000000,00000000,0,00000,0,00000008
36535000,1,0000009c,00000098,00000060,00000060,0000005c,3c0c000c,0000009c,0,00000,000ff0ff,xxxxxxxx,xxxxxxxx,00000000,00000000,00000014,00000014,0,00000,0,00000004
36545000,1,0000009c,00000098,00000098,00000060,00000060,004cd007,0000009c,0,00000,000f0f0f,xxxxxxxx,xxxxxxxx,00000000,00000000,00000014,00000014,0,00000,0,00000004
36555000,1,000000a0,0000009c,00000098,00000098,00000060,004cd007,000000a0,0,00000,000ff0f0,xxxxxxxx,xxxxxxxx,00000000,00000000,000c0000,000c0000,0,00000,0,000c0000
36565000,1,000000a0,0000009c,0000009c,00000098,00000098,275b0044,000000a0,0,00000,000f0f0f,xxxxxxxx,xxxxxxxx,00000000,00000000,000c0000,000c0000,0,00000,0,000c0000
36575000,1,000000a4,000000a0,0000009c,0000009c,00000098,275b0044,000000a4,0,00000,000ff0f0,xxxxxxxx,xxxxxxxx,00000000,00000000,0000000c,0000000c,0,00000,0,000c0000
36585000,1,000000a4,000000a0,000000a0,0000009c,0000009c,0360f809,000000a4,0,00000,000f0f0f,xxxxxxxx,xxxxxxxx,00000000,00000000,0000000c,0000000c,0,00000,0,000c0000
36595000,1,000000a8,000000a4,000000a0,000000a0,0000009c,0360f809,000000a8,0,00000,000ff0f0,xxxxxxxx,xxxxxxxx,00000000,00000000,00000050,00000050,0,00000,0,00000050
36605000,1,000000a8,000000a4,000000a0,000000a0,000000a0,24010008,000000a8,0,00000,000ff00f,xxxxxxxx,xxxxxxxx,00000000,00000000,00000050,00000050,0,00000,0,00000050
36615000,1,00000050,000000a8,000000a4,000000a0,000000a0,24010008,00000050,0,00000,000fff00,xxxxxxxx,xxxxxxxx,00000000,00000000,00000050,00000050,0,00000,0,00000050
36625000,1,00000050,000000a8,000000a8,000000a4,000000a0,00411821,00000050,0,00000,000f0ff0,xxxxxxxx,xxxxxxxx,00000000,00000000,000000ac,000000ac,0,00000,0,00000000
36635000,1,00000054,00000050,000000a8,000000a8,000000a4,00411821,00000054,0,00000,000ff0ff,xxxxxxxx,xxxxxxxx,00000000,00000000,00000008,00000008,0,00000,0,00000008
36645000,1,00000054,00000050,00000050,000000a8,000000a8,00022082,00000054,0,00000,000f0f0f,xxxxxxxx,xxxxxxxx,00000000,00000000,00000008,00000008,0,00000,0,00000008
36655000,1,00000058,00000054,00000050,00000050,000000a8,00022082,00000058,0,00000,000ff0f0,xxxxxxxx,xxxxxxxx,00000000,00000000,00000018,00000018,0,00000,0,00000008
36665000,1,00000058,00000054,00000054,00000050,00000050,28990005,00000058,0,00000,000f0f0f,xxxxxxxx,xxxxxxxx,00000000,00000000,00000018,00000018,0,00000,0,00000008
36675000,1,0000005c,00000058,00000054,00000054,00000050,28990005,0000005c,0,00000,000ff0f0,xxxxxxxx,xxxxxxxx,00000000,00000000,00000004,00000004,0,00000,0,00000010
36685000,1,0000005c,00000058,00000058,00000054,00000054,0721000e,0000005c,0,00000,000f0f0f,xxxxxxxx,xxxxxxxx,00000000,00000000,00000004,00000004,0,00000,0,00000010
36695000,1,00000060,0000005c,00000058,00000058,00000054,0721000e,00000060,0,00000,000ff0f0,xxxxxxxx,xxxxxxxx,00000000,00000000,00000001,00000001,0,00000,0,00000100
36705000,1,00000060,0000005c,00000058,00000058,00000058,00642823,00000060,0,00000,000ff00f,xxxxxxxx,xxxxxxxx,00000000,00000000,00000001,00000001,0,00000,0,00000100
36715000,1,00000098,00000060,0000005c,00000058,00000058,00642823,00000098,0,00000,000fff00,xxxxxxxx,xxxxxxxx,00000000,00000000,00000001,00000001,0,00000,0,00000100
36725000,1,00000098,00000060,00000060,0000005c,00000058,3c0c000c,00000098,0,00000,000f0ff0,xxxxxxxx,xxxxxxxx,00000000,00000000,00000000,00000000,0,00000,0,00000008
36735000,1,0000009c,00000098,00000060,00000060,0000005c,3c0c000c,0000009c,0,00000,000ff0ff,xxxxxxxx,xxxxxxxx,00000000,00000000,00000014,00000014,0,00000,0,00000004
36745000,1,0000009c,00000098,00000098,00000060,00000060,004cd007,0000009c,0,00000,000f0f0f,xxxxxxxx,xxxxxxxx,00000000,00000000,00000014,00000014,0,00000,0,00000004
36755000,1,000000a0,0000009c,00000098,00000098,00000060,004cd007,000000a0,0,00000,000ff0f0,xxxxxxxx,xxxxxxxx,00000000,00000000,000c0000,000c0000,0,00000,0,000c0000
36765000,1,000000a0,0000009c,0000009c,00000098,00000098,275b0044,000000a0,0,00000,000f0f0f,xxxxxxxx,xxxxxxxx,00000000,00000000,000c0000,000c0000,0,00000,0,000c0000
36775000,1,000000a4,000000a0,0000009c,0000009c,00000098,275b0044,000000a4,0,00000,000ff0f0,xxxxxxxx,xxxxxxxx,00000000,00000000,0000000c,0000000c,0,00000,0,000c0000
36785000,1,000000a4,000000a0,000000a0,0000009c,0000009c,0360f809,000000a4,0,00000,000f0f0f,xxxxxxxx,xxxxxxxx,00000000,00000000,0000000c,0000000c,0,00000,0,000c0000
36795000,1,000000a8,000000a4,000000a0,000000a0,0000009c,0360f809,000000a8,0,00000,000ff0f0,xxxxxxxx,xxxxxxxx,00000000,00000000,00000050,00000050,0,00000,0,00000050
36805000,1,000000a8,000000a4,000000a0,000000a0,000000a0,24010008,000000a8,0,00000,000ff00f,xxxxxxxx,xxxxxxxx,00000000,00000000,00000050,00000050,0,00000,0,00000050
36815000,1,00000050,000000a8,000000a4,000000a0,000000a0,24010008,00000050,0,00000,000fff00,xxxxxxxx,xxxxxxxx,00000000,00000000,00000050,00000050,0,00000,0,00000050
36825000,1,00000050,000000a8,000000a8,000000a4,000000a0,00411821,00000050,0,00000,000f0ff0,xxxxxxxx,xxxxxxxx,00000000,00000000,000000ac,000000ac,0,00000,0,00000000
36835000,1,00000054,00000050,000000a8,000000a8,000000a4,00411821,00000054,0,00000,000ff0ff,xxxxxxxx,xxxxxxxx,00000000,00000000,00000008,00000008,0,00000,0,00000008
36845000,1,00000054,00000050,00000050,000000a8,000000a8,00022082,00000054,0,00000,000f0f0f,xxxxxxxx,xxxxxxxx,00000000,00000000,00000008,00000008,0,00000,0,00000008
36855000,1,00000058,00000054,00000050,00000050,000000a8,00022082,00000058,0,00000,000ff0f0,xxxxxxxx,xxxxxxxx,00000000,00000000,00000018,00000018,0,00000,0,00000008
36865000,1,00000058,00000054,00000054,00000050,00000050,28990005,00000058,0,00000,000f0f0f,xxxxxxxx,xxxxxxxx,00000000,00000000,00000018,00000018,0,00000,0,00000008
36875000,1,0000005c,00000058,00000054,00000054,00000050,28990005,0000005c,0,00000,000ff0f0,xxxxxxxx,xxxxxxxx,00000000,00000000,00000004,00000004,0,00000,0,00000010
36885000,1,0000005c,00000058,00000058,00000054,00000054,0721000e,0000005c,0,00000,000f0f0f,xxxxxxxx,xxxxxxxx,00000000,00000000,00000004,00000004,0,00000,0,00000010
36895000,1,00000060,0000005c,00000058,00000058,00000054,0721000e,00000060,0,00000,000ff0f0,xxxxxxxx,xxxxxxxx,00000000,00000000,00000001,00000001,0,00000,0,00000100
36905000,1,00000060,0000005c,00000058,00000058,00000058,00642823,00000060,0,00000,000ff00f,xxxxxxxx,xxxxxxxx,00000000,00000000,00000001,00000001,0,00000,0,00000100
36915000,1,00000098,00000060,0000005c,00000058,00000058,00642823,00000098,0,00000,000fff00,xxxxxxxx,xxxxxxxx,00000000,00000000,00000001,00000001,0,00000,0,00000100
36925000,1,00000098,00000060,00000060,0000005c,00000058,3c0c000c,00000098,0,00000,000f0ff0,xxxxxxxx,xxxxxxxx,00000000,00000000,00000000,00000000,0,00000,0,00000008
36935000,1,0000009c,00000098,00000060,00000060,0000005c,3c0c000c,0000009c,0,00000,000ff0ff,xxxxxxxx,xxxxxxxx,00000000,00000000,00000014,00000014,0,00000,0,00000004
36945000,1,0000009c,00000098,00000098,00000060,00000060,004cd007,0000009c,0,00000,000f0f0f,xxxxxxxx,xxxxxxxx,00000000,00000000,00000014,00000014,0,00000,0,00000004
36955000,1,000000a0,0000009c,00000098,00000098,00000060,004cd007,000000a0,0,00000,000ff0f0,xxxxxxxx,xxxxxxxx,00000000,00000000,000c0000,000c0000,0,00000,0,000c0000
36965000,1,000000a0,0000009c,0000009c,00000098,00000098,275b0044,000000a0,0,00000,000f0f0f,xxxxxxxx,xxxxxxxx,00000000,00000000,000c0000,000c0000,0,00000,0,000c0000
36975000,1,000000a4,000000a0,0000009c,0000009c,00000098,275b0044,000000a4,0,00000,000ff0f0,xxxxxxxx,xxxxxxxx,00000000,00000000,0000000c,0000000c,0,00000,0,000c0000
36985000,1,000000a4,000000a0,000000a0,0000009c,0000009c,0360f809,000000a4,0,00000,000f0f0f,xxxxxxxx,xxxxxxxx,00000000,00000000,0000000c,0000000c,0,00000,0,000c0000
36995000,1,000000a8,000000a4,000000a0,000000a0,0000009c,0360f809,000000a8,0,00000,000ff0f0,xxxxxxxx,xxxxxxxx,00000000,00000000,00000050,00000050,0,00000,0,00000050
37005000,1,000000a8,000000a4,000000a0,000000a0,000000a0,24010008,000000a8,0,00000,000ff00f,xxxxxxxx,xxxxxxxx,00000000,00000000,00000050,00000050,0,00000,0,00000050
37015000,1,00000050,000000a8,000000a4,000000a0,000000a0,24010008,00000050,0,00000,000fff00,xxxxxxxx,xxxxxxxx,00000000,00000000,00000050,00000050,0,00000,0,00000050
37025000,1,00000050,000000a8,000000a8,000000a4,000000a0,00411821,00000050,0,00000,000f0ff0,xxxxxxxx,xxxxxxxx,00000000,00000000,000000ac,000000ac,0,00000,0,00000000
37035000,1,00000054,00000050,000000a8,000000a8,000000a4,00411821,00000054,0,00000,000ff0ff,xxxxxxxx,xxxxxxxx,00000000,00000000,00000008,00000008,0,00000,0,00000008
37045000,1,00000054,00000050,00000050,000000a8,000000a8,00022082,00000054,0,00000,000f0f0f,xxxxxxxx,xxxxxxxx,00000000,00000000,00000008,00000008,0,00000,0,00000008
37055000,1,00000058,00000054,00000050,00000050,000000a8,00022082,00000058,0,00000,000ff0f0,xxxxxxxx,xxxxxxxx,00000000,00000000,00000018,00000018,0,00000,0,00000008
37065000,1,00000058,00000054,00000054,00000050,00000050,28990005,00000058,0,00000,000f0f0f,xxxxxxxx,xxxxxxxx,00000000,00000000,00000018,00000018,0,00000,0,00000008
37075000,1,0000005c,00000058,00000054,00000054,00000050,28990005,0000005c,0,00000,000ff0f0,xxxxxxxx,xxxxxxxx,00000000,00000000,00000004,00000004,0,00000,0,00000010
37085000,1,0000005c,00000058,00000058,00000054,00000054,0721000e,0000005c,0,00000,000f0f0f,xxxxxxxx,xxxxxxxx,00000000,00000000,00000004,00000004,0,00000,0,00000010
37095000,1,00000060,0000005c,00000058,00000058,00000054,0721000e,00000060,0,00000,000ff0f0,xxxxxxxx,xxxxxxxx,00000000,00000000,00000001,00000001,0,00000,0,00000100
37105000,1,00000060,0000005c,00000058,00000058,00000058,00642823,00000060,0,00000,000ff00f,xxxxxxxx,xxxxxxxx,00000000,00000000,00000001,00000001,0,00000,0,00000100
37115000,1,00000098,00000060,0000005c,00000058,00000058,00642823,00000098,0,00000,000fff00,xxxxxxxx,xxxxxxxx,00000000,00000000,00000001,00000001,0,00000,0,00000100
37125000,1,00000098,00000060,00000060,0000005c,00000058,3c0c000c,00000098,0,00000,000f0ff0,xxxxxxxx,xxxxxxxx,00000000,00000000,00000000,00000000,0,00000,0,00000008
37135000,1,0000009c,00000098,00000060,00000060,0000005c,3c0c000c,0000009c,0,00000,000ff0ff,xxxxxxxx,xxxxxxxx,00000000,00000000,00000014,00000014,0,00000,0,00000004
37145000,1,0000009c,00000098,00000098,00000060,00000060,004cd007,0000009c,0,00000,000f0f0f,xxxxxxxx,xxxxxxxx,00000000,00000000,00000014,00000014,0,00000,0,00000004
37155000,1,000000a0,0000009c,00000098,00000098,00000060,004cd007,000000a0,0,00000,000ff0f0,xxxxxxxx,xxxxxxxx,00000000,00000000,000c0000,000c0000,0,00000,0,000c0000
37165000,1,000000a0,0000009c,0000009c,00000098,00000098,275b0044,000000a0,0,00000,000f0f0f,xxxxxxxx,xxxxxxxx,00000000,00000000,000c0000,000c0000,0,00000,0,000c0000
37175000,1,000000a4,000000a0,0000009c,0000009c,00000098,275b0044,000000a4,0,00000,000ff0f0,xxxxxxxx,xxxxxxxx,00000000,00000000,0000000c,0000000c,0,00000,0,000c0000
37185000,1,000000a4,000000a0,000000a0,0000009c,0000009c,0360f809,000000a4,0,00000,000f0f0f,xxxxxxxx,xxxxxxxx,00000000,00000000,0000000c,0000000c,0,00000,0,000c0000
37195000,1,000000a8,000000a4,000000a0,000000a0,0000009c,0360f809,000000a8,0,00000,000ff0f0,xxxxxxxx,xxxxxxxx,00000000,00000000,00000050,00000050,0,00000,0,00000050
37205000,1,000000a8,000000a4,000000a0,000000a0,000000a0,24010008,000000a8,0,00000,000ff00f,xxxxxxxx,xxxxxxxx,00000000,00000000,00000050,00000050,0,00000,0,00000050
37215000,1,00000050,000000a8,000000a4,000000a0,000000a0,24010008,00000050,0,00000,000fff00,xxxxxxxx,xxxxxxxx,00000000,00000000,00000050,00000050,0,00000,0,00000050
37225000,1,00000050,000000a8,000000a8,000000a4,000000a0,00411821,00000050,0,00000,000f0ff0,xxxxxxxx,xxxxxxxx,00000000,00000000,000000ac,000000ac,0,00000,0,00000000
37235000,1,00000054,00000050,000000a8,000000a8,000000a4,00411821,00000054,0,00000,000ff0ff,xxxxxxxx,xxxxxxxx,00000000,00000000,00000008,00000008,0,00000,0,00000008
37245000,1,00000054,00000050,00000050,000000a8,000000a8,00022082,00000054,0,00000,000f0f0f,xxxxxxxx,xxxxxxxx,00000000,00000000,00000008,00000008,0,00000,0,00000008
37255000,1,00000058,00000054,00000050,00000050,000000a8,00022082,00000058,0,00000,000ff0f0,xxxxxxxx,xxxxxxxx,00000000,00000000,00000018,00000018,0,00000,0,00000008
37265000,1,00000058,00000054,00000054,00000050,00000050,28990005,00000058,0,00000,000f0f0f,xxxxxxxx,xxxxxxxx,00000000,00000000,00000018,00000018,0,00000,0,00000008
37275000,1,0000005c,00000058,00000054,00000054,00000050,28990005,0000005c,0,00000,000ff0f0,xxxxxxxx,xxxxxxxx,00000000,00000000,00000004,00000004,0,00000,0,00000010
37285000,1,0000005c,00000058,00000058,00000054,00000054,0721000e,0000005c,0,00000,000f0f0f,xxxxxxxx,xxxxxxxx,00000000,00000000,00000004,00000004,0,00000,0,00000010
37295000,1,00000060,0000005c,00000058,00000058,00000054,0721000e,00000060,0,00000,000ff0f0,xxxxxxxx,xxxxxxxx,00000000,00000000,00000001,00000001,0,00000,0,00000100
37305000,1,00000060,0000005c,00000058,00000058,00000058,00642823,00000060,0,00000,000ff00f,xxxxxxxx,xxxxxxxx,00000000,00000000,00000001,00000001,0,00000,0,00000100
37315000,1,00000098,00000060,0000005c,00000058,00000058,00642823,00000098,0,00000,000fff00,xxxxxxxx,xxxxxxxx,00000000,00000000,00000001,00000001,0,00000,0,00000100
37325000,1,00000098,00000060,00000060,0000005c,00000058,3c0c000c,00000098,0,00000,000f0ff0,xxxxxxxx,xxxxxxxx,00000000,00000000,00000000,00000000,0,00000,0,00000008
37335000,1,0000009c,00000098,00000060,00000060,0000005c,3c0c000c,0000009c,0,00000,000ff0ff,xxxxxxxx,xxxxxxxx,00000000,00000000,00000014,00000014,0,00000,0,00000004
37345000,1,0000009c,00000098,00000098,00000060,00000060,004cd007,0000009c,0,00000,000f0f0f,xxxxxxxx,xxxxxxxx,00000000,00000000,00000014,00000014,0,00000,0,00000004
37355000,1,000000a0,0000009c,00000098,00000098,00000060,004cd007,000000a0,0,00000,000ff0f0,xxxxxxxx,xxxxxxxx,00000000,00000000,000c0000,000c0000,0,00000,0,000c0000
37365000,1,000000a0,0000009c,0000009c,00000098,00000098,275b0044,000000a0,0,00000,000f0f0f,xxxxxxxx,xxxxxxxx,00000000,00000000,000c0000,000c0000,0,00000,0,000c0000
37375000,1,000000a4,000000a0,0000009c,0000009c,00000098,275b0044,000000a4,0,00000,000ff0f0,xxxxxxxx,xxxxxxxx,00000000,00000000,0000000c,0000000c,0,00000,0,000c0000
37385000,1,000000a4,000000a0,000000a0,0000009c,0000009c,0360f809,000000a4,0,00000,000f0f0f,xxxxxxxx,xxxxxxxx,00000000,00000000,0000000c,0000000c,0,00000,0,000c0000
37395000,1,000000a8,000000a4,000000a0,000000a0,0000009c,0360f809,000000a8,0,00000,000ff0f0,xxxxxxxx,xxxxxxxx,00000000,00000000,00000050,00000050,0,00000,0,00000050
37405000,1,000000a8,000000a4,000000a0,000000a0,000000a0,24010008,000000a8,0,00000,000ff00f,xxxxxxxx,xxxxxxxx,00000000,00000000,00000050,00000050,0,00000,0,00000050
37415000,1,00000050,000000a8,000000a4,000000a0,000000a0,24010008,00000050,0,00000,000fff00,xxxxxxxx,xxxxxxxx,00000000,00000000,00000050,00000050,0,00000,0,00000050
37425000,1,00000050,000000a8,000000a8,000000a4,000000a0,00411821,00000050,0,00000,000f0ff0,xxxxxxxx,xxxxxxxx,00000000,00000000,000000ac,000000ac,0,00000,0,00000000
37435000,1,00000054,00000050,000000a8,000000a8,000000a4,00411821,00000054,0,00000,000ff0ff,xxxxxxxx,xxxxxxxx,00000000,00000000,00000008,00000008,0,00000,0,00000008
37445000,1,00000054,00000050,00000050,000000a8,000000a8,00022082,00000054,0,00000,000f0f0f,xxxxxxxx,xxxxxxxx,00000000,00000000,00000008,00000008,0,00000,0,00000008
37455000,1,00000058,00000054,00000050,00000050,000000a8,00022082,00000058,0,00000,000ff0f0,xxxxxxxx,xxxxxxxx,00000000,00000000,00000018,00000018,0,00000,0,00000008
37465000,1,00000058,00000054,00000054,00000050,00000050,28990005,00000058,0,00000,000f0f0f,xxxxxxxx,xxxxxxxx,00000000,00000000,00000018,00000018,0,00000,0,00000008
37475000,1,0000005c,00000058,00000054,00000054,00000050,28990005,0000005c,0,00000,000ff0f0,xxxxxxxx,xxxxxxxx,00000000,00000000,00000004,00000004,0,00000,0,00000010
37485000,1,0000005c,00000058,00000058,00000054,00000054,0721000e,0000005c,0,00000,000f0f0f,xxxxxxxx,xxxxxxxx,00000000,00000000,00000004,00000004,0,00000,0,00000010
37495000,1,00000060,0000005c,00000058,00000058,00000054,0721000e,00000060,0,00000,000ff0f0,xxxxxxxx,xxxxxxxx,00000000,00000000,00000001,00000001,0,00000,0,00000100
37505000,1,00000060,0000005c,00000058,00000058,00000058,00642823,00000060,0,00000,000ff00f,xxxxxxxx,xxxxxxxx,00000000,00000000,00000001,00000001,0,00000,0,00000100
37515000,1,00000098,00000060,0000005c,00000058,00000058,00642823,00000098,0,00000,000fff00,xxxxxxxx,xxxxxxxx,00000000,00000000,00000001,00000001,0,00000,0,00000100
37525000,1,00000098,00000060,00000060,0000005c,00000058,3c0c000c,00000098,0,00000,000f0ff0,xxxxxxxx,xxxxxxxx,00000000,00000000,00000000,00000000,0,00000,0,00000008
37535000,1,0000009c,00000098,00000060,00000060,0000005c,3c0c000c,0000009c,0,00000,000ff0ff,xxxxxxxx,xxxxxxxx,00000000,00000000,00000014,00000014,0,00000,0,00000004
37545000,1,0000009c,00000098,00000098,00000060,00000060,004cd007,0000009c,0,00000,000f0f0f,xxxxxxxx,xxxxxxxx,00000000,00000000,00000014,00000014,0,00000,0,00000004
37555000,1,000000a0,0000009c,00000098,00000098,00000060,004cd007,000000a0,0,00000,000ff0f0,xxxxxxxx,xxxxxxxx,00000000,00000000,000c0000,000c0000,0,00000,0,000c0000
37565000,1,000000a0,0000009c,0000009c,00000098,00000098,275b0044,000000a0,0,00000,000f0f0f,xxxxxxxx,xxxxxxxx,00000000,00000000,000c0000,000c0000,0,00000,0,000c0000
37575000,1,000000a4,000000a0,0000009c,0000009c,00000098,275b0044,000000a4,0,00000,000ff0f0,xxxxxxxx,xxxxxxxx,00000000,00000000,0000000c,0000000c,0,00000,0,000c0000
37585000,1,000000a4,000000a0,000000a0,0000009c,0000009c,0360f809,000000a4,0,00000,000f0f0f,xxxxxxxx,xxxxxxxx,00000000,00000000,0000000c,0000000c,0,00000,0,000c0000
37595000,1,000000a8,000000a4,000000a0,000000a0,0000009c,0360f809,000000a8,0,00000,000ff0f0,xxxxxxxx,xxxxxxxx,00000000,00000000,00000050,00000050,0,00000,0,00000050
37605000,1,000000a8,000000a4,000000a0,000000a0,000000a0,24010008,000000a8,0,00000,000ff00f,xxxxxxxx,xxxxxxxx,00000000,00000000,00000050,00000050,0,00000,0,00000050
37615000,1,00000050,000000a8,000000a4,000000a0,000000a0,24010008,00000050,0,00000,000fff00,xxxxxxxx,xxxxxxxx,00000000,00000000,00000050,00000050,0,00000,0,00000050
37625000,1,00000050,000000a8,000000a8,000000a4,000000a0,00411821,00000050,0,00000,000f0ff0,xxxxxxxx,xxxxxxxx,00000000,00000000,000000ac,000000ac,0,00000,0,00000000
37635000,1,00000054,00000050,000000a8,000000a8,000000a4,00411821,00000054,0,00000,000ff0ff,xxxxxxxx,xxxxxxxx,00000000,00000000,00000008,00000008,0,00000,0,00000008
37645000,1,00000054,00000050,00000050,000000a8,000000a8,00022082,00000054,0,00000,000f0f0f,xxxxxxxx,xxxxxxxx,00000000,00000000,00000008,00000008,0,00000,0,00000008
37655000,1,00000058,00000054,00000050,00000050,000000a8,00022082,00000058,0,00000,000ff0f0,xxxxxxxx,xxxxxxxx,00000000,00000000,00000018,00000018,0,00000,0,00000008
37665000,1,00000058,00000054,00000054,00000050,00000050,28990005,00000058,0,00000,000f0f0f,xxxxxxxx,xxxxxxxx,00000000,00000000,00000018,00000018,0,00000,0,00000008
37675000,1,0000005c,00000058,00000054,00000054,00000050,28990005,0000005c,0,00000,000ff0f0,xxxxxxxx,xxxxxxxx,00000000,00000000,00000004,00000004,0,00000,0,00000010
37685000,1,0000005c,00000058,00000058,00000054,00000054,0721000e,0000005c,0,00000,000f0f0f,xxxxxxxx,xxxxxxxx,00000000,00000000,00000004,00000004,0,00000,0,00000010
37695000,1,00000060,0000005c,00000058,00000058,00000054,0721000e,00000060,0,00000,000ff0f0,xxxxxxxx,xxxxxxxx,00000000,00000000,00000001,00000001,0,00000,0,00000100
37705000,1,00000060,0000005c,00000058,00000058,00000058,00642823,00000060,0,00000,000ff00f,xxxxxxxx,xxxxxxxx,00000000,00000000,00000001,00000001,0,00000,0,00000100
37715000,1,00000098,00000060,0000005c,00000058,00000058,00642823,00000098,0,00000,000fff00,xxxxxxxx,xxxxxxxx,00000000,00000000,00000001,00000001,0,00000,0,00000100
37725000,1,00000098,00000060,00000060,0000005c,00000058,3c0c000c,00000098,0,00000,000f0ff0,xxxxxxxx,xxxxxxxx,00000000,00000000,00000000,00000000,0,00000,0,00000008
37735000,1,0000009c,00000098,00000060,00000060,0000005c,3c0c000c,0000009c,0,00000,000ff0ff,xxxxxxxx,xxxxxxxx,00000000,00000000,00000014,00000014,0,00000,0,00000004
37745000,1,0000009c,00000098,00000098,00000060,00000060,004cd007,0000009c,0,00000,000f0f0f,xxxxxxxx,xxxxxxxx,00000000,00000000,00000014,00000014,0,00000,0,00000004
37755000,1,000000a0,0000009c,00000098,00000098,00000060,004cd007,000000a0,0,00000,000ff0f0,xxxxxxxx,xxxxxxxx,00000000,00000000,000c0000,000c0000,0,00000,0,000c0000
37765000,1,000000a0,0000009c,0000009c,00000098,00000098,275b0044,000000a0,0,00000,000f0f0f,xxxxxxxx,xxxxxxxx,00000000,00000000,000c0000,000c0000,0,00000,0,000c0000
37775000,1,000000a4,000000a0,0000009c,0000009c,00000098,275b0044,000000a4,0,00000,000ff0f0,xxxxxxxx,xxxxxxxx,00000000,00000000,0000000c,0000000c,0,00000,0,000c0000
37785000,1,000000a4,000000a0,000000a0,0000009c,0000009c,0360f809,000000a4,0,00000,000f0f0f,xxxxxxxx,xxxxxxxx,00000000,00000000,0000000c,0000000c,0,00000,0,000c0000
37795000,1,000000a8,000000a4,000000a0,000000a0,0000009c,0360f809,000000a8,0,00000,000ff0f0,xxxxxxxx,xxxxxxxx,00000000,00000000,00000050,00000050,0,00000,0,00000050
37805000,1,000000a8,000000a4,000000a0,000000a0,000000a0,24010008,000000a8,0,00000,000ff00f,xxxxxxxx,xxxxxxxx,00000000,00000000,00000050,00000050,0,00000,0,00000050
37815000,1,00000050,000000a8,000000a4,000000a0,000000a0,24010008,00000050,0,00000,000fff00,xxxxxxxx,xxxxxxxx,00000000,00000000,00000050,00000050,0,00000,0,00000050
37825000,1,00000050,000000a8,000000a8,000000a4,000000a0,00411821,00000050,0,00000,000f0ff0,xxxxxxxx,xxxxxxxx,00000000,00000000,000000ac,000000ac,0,00000,0,00000000
37835000,1,00000054,00000050,000000a8,000000a8,000000a4,00411821,00000054,0,00000,000ff0ff,xxxxxxxx,xxxxxxxx,00000000,00000000,00000008,00000008,0,00000,0,00000008
37845000,1,00000054,00000050,00000050,000000a8,000000a8,00022082,00000054,0,00000,000f0f0f,xxxxxxxx,xxxxxxxx,00000000,00000000,00000008,00000008,0,00000,0,00000008
37855000,1,00000058,00000054,00000050,00000050,000000a8,00022082,00000058,0,00000,000ff0f0,xxxxxxxx,xxxxxxxx,00000000,00000000,00000018,00000018,0,00000,0,00000008
37865000,1,00000058,00000054,00000054,00000050,00000050,28990005,00000058,0,00000,000f0f0f,xxxxxxxx,xxxxxxxx,00000000,00000000,00000018,00000018,0,00000,0,00000008
37875000,1,0000005c,00000058,00000054,00000054,00000050,28990005,0000005c,0,00000,000ff0f0,xxxxxxxx,xxxxxxxx,00000000,00000000,00000004,00000004,0,00000,0,00000010
37885000,1,0000005c,00000058,00000058,00000054,00000054,0721000e,0000005c,0,00000,000f0f0f,xxxxxxxx,xxxxxxxx,00000000,00000000,00000004,00000004,0,00000,0,00000010
37895000,1,00000060,0000005c,00000058,00000058,00000054,0721000e,00000060,0,00000,000ff0f0,xxxxxxxx,xxxxxxxx,00000000,00000000,00000001,00000001,0,00000,0,00000100
37905000,1,00000060,0000005c,00000058,00000058,00000058,00642823,00000060,0,00000,000ff00f,xxxxxxxx,xxxxxxxx,00000000,00000000,00000001,00000001,0,00000,0,00000100
37915000,1,00000098,00000060,0000005c,00000058,00000058,00642823,00000098,0,00000,000fff00,xxxxxxxx,xxxxxxxx,00000000,00000000,00000001,00000001,0,00000,0,00000100
37925000,1,00000098,00000060,00000060,0000005c,00000058,3c0c000c,00000098,0,00000,000f0ff0,xxxxxxxx,xxxxxxxx,00000000,00000000,00000000,00000000,0,00000,0,00000008
37935000,1,0000009c,00000098,00000060,00000060,0000005c,3c0c000c,0000009c,0,00000,000ff0ff,xxxxxxxx,xxxxxxxx,00000000,00000000,00000014,00000014,0,00000,0,00000004
37945000,1,0000009c,00000098,00000098,00000060,00000060,004cd007,0000009c,0,00000,000f0f0f,xxxxxxxx,xxxxxxxx,00000000,00000000,00000014,00000014,0,00000,0,00000004
37955000,1,000000a0,0000009c,00000098,00000098,00000060,004cd007,000000a0,0,00000,000ff0f0,xxxxxxxx,xxxxxxxx,00000000,00000000,000c0000,000c0000,0,00000,0,000c0000
37965000,1,000000a0,0000009c,0000009c,00000098,00000098,275b0044,000000a0,0,00000,000f0f0f,xxxxxxxx,xxxxxxxx,00000000,00000000,000c0000,000c0000,0,00000,0,000c0000
37975000,1,000000a4,000000a0,0000009c,0000009c,00000098,275b0044,000000a4,0,00000,000ff0f0,xxxxxxxx,xxxxxxxx,00000000,00000000,0000000c,0000000c,0,00000,0,000c0000
37985000,1,000000a4,000000a0,000000a0,0000009c,0000009c,0360f809,000000a4,0,00000,000f0f0f,xxxxxxxx,xxxxxxxx,00000000,00000000,0000000c,0000000c,0,00000,0,000c0000
37995000,1,000000a8,000000a4,000000a0,000000a0,0000009c,0360f809,000000a8,0,00000,000ff0f0,xxxxxxxx,xxxxxxxx,00000000,00000000,00000050,00000050,0,00000,0,00000050
38005000,1,000000a8,000000a4,000000a0,000000a0,000000a0,24010008,000000a8,0,00000,000ff00f,xxxxxxxx,xxxxxxxx,00000000,00000000,00000050,00000050,0,00000,0,00000050
38015000,1,00000050,000000a8,000000a4,000000a0,000000a0,24010008,00000050,0,00000,000fff00,xxxxxxxx,xxxxxxxx,00000000,00000000,00000050,00000050,0,00000,0,00000050
38025000,1,00000050,000000a8,000000a8,000000a4,000000a0,00411821,00000050,0,00000,000f0ff0,xxxxxxxx,xxxxxxxx,00000000,00000000,000000ac,000000ac,0,00000,0,00000000
38035000,1,00000054,00000050,000000a8,000000a8,000000a4,00411821,00000054,0,00000,000ff0ff,xxxxxxxx,xxxxxxxx,00000000,00000000,00000008,00000008,0,00000,0,00000008
38045000,1,00000054,00000050,00000050,000000a8,000000a8,00022082,00000054,0,00000,000f0f0f,xxxxxxxx,xxxxxxxx,00000000,00000000,00000008,00000008,0,00000,0,00000008
38055000,1,00000058,00000054,00000050,00000050,000000a8,00022082,00000058,0,00000,000ff0f0,xxxxxxxx,xxxxxxxx,00000000,00000000,00000018,00000018,0,00000,0,00000008
38065000,1,00000058,00000054,00000054,00000050,00000050,28990005,00000058,0,00000,000f0f0f,xxxxxxxx,xxxxxxxx,00000000,00000000,00000018,00000018,0,00000,0,00000008
38075000,1,0000005c,00000058,00000054,00000054,00000050,28990005,0000005c,0,00000,000ff0f0,xxxxxxxx,xxxxxxxx,00000000,00000000,00000004,00000004,0,00000,0,00000010
38085000,1,0000005c,00000058,00000058,00000054,00000054,0721000e,0000005c,0,00000,000f0f0f,xxxxxxxx,xxxxxxxx,00000000,00000000,00000004,00000004,0,00000,0,00000010
38095000,1,00000060,0000005c,00000058,00000058,00000054,0721000e,00000060,0,00000,000ff0f0,xxxxxxxx,xxxxxxxx,00000000,00000000,00000001,00000001,0,00000,0,00000100
38105000,1,00000060,0000005c,00000058,00000058,00000058,00642823,00000060,0,00000,000ff00f,xxxxxxxx,xxxxxxxx,00000000,00000000,00000001,00000001,0,00000,0,00000100
38115000,1,00000098,00000060,0000005c,00000058,00000058,00642823,00000098,0,00000,000fff00,xxxxxxxx,xxxxxxxx,00000000,00000000,00000001,00000001,0,00000,0,00000100
38125000,1,00000098,00000060,00000060,0000005c,00000058,3c0c000c,00000098,0,00000,000f0ff0,xxxxxxxx,xxxxxxxx,00000000,00000000,00000000,00000000,0,00000,0,00000008
38135000,1,0000009c,00000098,00000060,00000060,0000005c,3c0c000c,0000009c,0,00000,000ff0ff,xxxxxxxx,xxxxxxxx,00000000,00000000,00000014,00000014,0,00000,0,00000004
38145000,1,0000009c,00000098,00000098,00000060,00000060,004cd007,0000009c,0,00000,000f0f0f,xxxxxxxx,xxxxxxxx,00000000,00000000,00000014,00000014,0,00000,0,00000004
38155000,1,000000a0,0000009c,00000098,00000098,00000060,004cd007,000000a0,0,00000,000ff0f0,xxxxxxxx,xxxxxxxx,00000000,00000000,000c0000,000c0000,0,00000,0,000c0000
38165000,1,000000a0,0000009c,0000009c,00000098,00000098,275b0044,000000a0,0,00000,000f0f0f,xxxxxxxx,xxxxxxxx,00000000,00000000,000c0000,000c0000,0,00000,0,000c0000
38175000,1,000000a4,000000a0,0000009c,0000009c,00000098,275b0044,000000a4,0,00000,000ff0f0,xxxxxxxx,xxxxxxxx,00000000,00000000,0000000c,0000000c,0,00000,0,000c0000
38185000,1,000000a4,000000a0,000000a0,0000009c,0000009c,0360f809,000000a4,0,00000,000f0f0f,xxxxxxxx,xxxxxxxx,00000000,00000000,0000000c,0000000c,0,00000,0,000c0000
38195000,1,000000a8,000000a4,000000a0,000000a0,0000009c,0360f809,000000a8,0,00000,000ff0f0,xxxxxxxx,xxxxxxxx,00000000,00000000,00000050,00000050,0,00000,0,00000050
38205000,1,000000a8,000000a4,000000a0,000000a0,000000a0,24010008,000000a8,0,00000,000ff00f,xxxxxxxx,xxxxxxxx,00000000,00000000,00000050,00000050,0,00000,0,00000050
38215000,1,00000050,000000a8,000000a4,000000a0,000000a0,24010008,00000050,0,00000,000fff00,xxxxxxxx,xxxxxxxx,00000000,00000000,00000050,00000050,0,00000,0,00000050
38225000,1,00000050,000000a8,000000a8,000000a4,000000a0,00411821,00000050,0,00000,000f0ff0,xxxxxxxx,xxxxxxxx,00000000,00000000,000000ac,000000ac,0,00000,0,00000000
38235000,1,00000054,00000050,000000a8,000000a8,000000a4,00411821,00000054,0,00000,000ff0ff,xxxxxxxx,xxxxxxxx,00000000,00000000,00000008,00000008,0,00000,0,00000008
38245000,1,00000054,00000050,00000050,000000a8,000000a8,00022082,00000054,0,00000,000f0f0f,xxxxxxxx,xxxxxxxx,00000000,00000000,00000008,00000008,0,00000,0,00000008
38255000,1,00000058,00000054,00000050,00000050,000000a8,00022082,00000058,0,00000,000ff0f0,xxxxxxxx,xxxxxxxx,00000000,00000000,00000018,00000018,0,00000,0,00000008
38265000,1,00000058,00000054,00000054,00000050,00000050,28990005,00000058,0,00000,000f0f0f,xxxxxxxx,xxxxxxxx,00000000,00000000,00000018,00000018,0,00000,0,00000008
38275000,1,0000005c,00000058,00000054,00000054,00000050,28990005,0000005c,0,00000,000ff0f0,xxxxxxxx,xxxxxxxx,00000000,00000000,00000004,00000004,0,00000,0,00000010
38285000,1,0000005c,00000058,00000058,00000054,00000054,0721000e,0000005c,0,00000,000f0f0f,xxxxxxxx,xxxxxxxx,00000000,00000000,00000004,00000004,0,00000,0,00000010
38295000,1,00000060,0000005c,00000058,00000058,00000054,0721000e,00000060,0,00000,000ff0f0,xxxxxxxx,xxxxxxxx,00000000,00000000,00000001,00000001,0,00000,0,00000100
38305000,1,00000060,0000005c,00000058,00000058,00000058,00642823,00000060,0,00000,000ff00f,xxxxxxxx,xxxxxxxx,00000000,00000000,00000001,00000001,0,00000,0,00000100
38315000,1,00000098,00000060,0000005c,00000058,00000058,00642823,00000098,0,00000,000fff00,xxxxxxxx,xxxxxxxx,00000000,00000000,00000001,00000001,0,00000,0,00000100
38325000,1,00000098,00000060,00000060,0000005c,00000058,3c0c000c,00000098,0,00000,000f0ff0,xxxxxxxx,xxxxxxxx,00000000,00000000,00000000,00000000,0,00000,0,00000008
38335000,1,0000009c,00000098,00000060,00000060,0000005c,3c0c000c,0000009c,0,00000,000ff0ff,xxxxxxxx,xxxxxxxx,00000000,00000000,00000014,00000014,0,00000,0,00000004
38345000,1,0000009c,00000098,00000098,00000060,00000060,004cd007,0000009c,0,00000,000f0f0f,xxxxxxxx,xxxxxxxx,00000000,00000000,00000014,00000014,0,00000,0,00000004
38355000,1,000000a0,0000009c,00000098,00000098,00000060,004cd007,000000a0,0,00000,000ff0f0,xxxxxxxx,xxxxxxxx,00000000,00000000,000c0000,000c0000,0,00000,0,000c0000
38365000,1,000000a0,0000009c,0000009c,00000098,00000098,275b0044,000000a0,0,00000,000f0f0f,xxxxxxxx,xxxxxxxx,00000000,00000000,000c0000,000c0000,0,00000,0,000c0000
38375000,1,000000a4,000000a0,0000009c,0000009c,00000098,275b0044,000000a4,0,00000,000ff0f0,xxxxxxxx,xxxxxxxx,00000000,00000000,0000000c,0000000c,0,00000,0,000c0000
38385000,1,000000a4,000000a0,000000a0,0000009c,0000009c,0360f809,000000a4,0,00000,000f0f0f,xxxxxxxx,xxxxxxxx,00000000,00000000,0000000c,0000000c,0,00000,0,000c0000
38395000,1,000000a8,000000a4,000000a0,000000a0,0000009c,0360f809,000000a8,0,00000,000ff0f0,xxxxxxxx,xxxxxxxx,00000000,00000000,00000050,00000050,0,00000,0,00000050
38405000,1,000000a8,000000a4,000000a0,000000a0,000000a0,24010008,000000a8,0,00000,000ff00f,xxxxxxxx,xxxxxxxx,00000000,00000000,00000050,00000050,0,00000,0,00000050
38415000,1,00000050,000000a8,000000a4,000000a0,000000a0,24010008,00000050,0,00000,000fff00,xxxxxxxx,xxxxxxxx,00000000,00000000,00000050,00000050,0,00000,0,00000050
38425000,1,00000050,000000a8,000000a8,000000a4,000000a0,00411821,00000050,0,00000,000f0ff0,xxxxxxxx,xxxxxxxx,00000000,00000000,000000ac,000000ac,0,00000,0,00000000
38435000,1,00000054,00000050,000000a8,000000a8,000000a4,00411821,00000054,0,00000,000ff0ff,xxxxxxxx,xxxxxxxx,00000000,00000000,00000008,00000008,0,00000,0,00000008
38445000,1,00000054,00000050,00000050,000000a8,000000a8,00022082,00000054,0,00000,000f0f0f,xxxxxxxx,xxxxxxxx,00000000,00000000,00000008,00000008,0,00000,0,00000008
38455000,1,00000058,00000054,00000050,00000050,000000a8,00022082,00000058,0,00000,000ff0f0,xxxxxxxx,xxxxxxxx,00000000,00000000,00000018,00000018,0,00000,0,00000008
38465000,1,00000058,00000054,00000054,00000050,00000050,28990005,00000058,0,00000,000f0f0f,xxxxxxxx,xxxxxxxx,00000000,00000000,00000018,00000018,0,00000,0,00000008
38475000,1,0000005c,00000058,00000054,00000054,00000050,28990005,0000005c,0,00000,000ff0f0,xxxxxxxx,xxxxxxxx,00000000,00000000,00000004,00000004,0,00000,0,00000010
38485000,1,0000005c,00000058,00000058,00000054,00000054,0721000e,0000005c,0,00000,000f0f0f,xxxxxxxx,xxxxxxxx,00000000,00000000,00000004,00000004,0,00000,0,00000010
38495000,1,00000060,0000005c,00000058,00000058,00000054,0721000e,00000060,0,00000,000ff0f0,xxxxxxxx,xxxxxxxx,00000000,00000000,00000001,00000001,0,00000,0,00000100
38505000,1,00000060,0000005c,00000058,00000058,00000058,00642823,00000060,0,00000,000ff00f,xxxxxxxx,xxxxxxxx,00000000,00000000,00000001,00000001,0,00000,0,00000100
38515000,1,00000098,00000060,0000005c,00000058,00000058,00642823,00000098,0,00000,000fff00,xxxxxxxx,xxxxxxxx,00000000,00000000,00000001,00000001,0,00000,0,00000100
38525000,1,00000098,00000060,00000060,0000005c,00000058,3c0c000c,00000098,0,00000,000f0ff0,xxxxxxxx,xxxxxxxx,00000000,00000000,00000000,00000000,0,00000,0,00000008
38535000,1,0000009c,00000098,00000060,00000060,0000005c,3c0c000c,0000009c,0,00000,000ff0ff,xxxxxxxx,xxxxxxxx,00000000,00000000,00000014,00000014,0,00000,0,00000004
38545000,1,0000009c,00000098,00000098,00000060,00000060,004cd007,0000009c,0,00000,000f0f0f,xxxxxxxx,xxxxxxxx,00000000,00000000,00000014,00000014,0,00000,0,00000004
38555000,1,000000a0,0000009c,00000098,00000098,00000060,004cd007,000000a0,0,00000,000ff0f0,xxxxxxxx,xxxxxxxx,00000000,00000000,000c0000,000c0000,0,00000,0,000c0000
38565000,1,000000a0,0000009c,0000009c,00000098,00000098,275b0044,000000a0,0,00000,000f0f0f,xxxxxxxx,xxxxxxxx,00000000,00000000,000c0000,000c0000,0,00000,0,000c0000
38575000,1,000000a4,000000a0,0000009c,0000009c,00000098,275b0044,000000a4,0,00000,000ff0f0,xxxxxxxx,xxxxxxxx,00000000,00000000,0000000c,0000000c,0,00000,0,000c0000
38585000,1,000000a4,000000a0,000000a0,0000009c,0000009c,0360f809,000000a4,0,00000,000f0f0f,xxxxxxxx,xxxxxxxx,00000000,00000000,0000000c,0000000c,0,00000,0,000c0000
38595000,1,000000a8,000000a4,000000a0,000000a0,0000009c,0360f809,000000a8,0,00000,000ff0f0,xxxxxxxx,xxxxxxxx,00000000,00000000,00000050,00000050,0,00000,0,00000050
38605000,1,000000a8,000000a4,000000a0,000000a0,000000a0,24010008,000000a8,0,00000,000ff00f,xxxxxxxx,xxxxxxxx,00000000,00000000,00000050,00000050,0,00000,0,00000050
38615000,1,00000050,000000a8,000000a4,000000a0,000000a0,24010008,00000050,0,00000,000fff00,xxxxxxxx,xxxxxxxx,00000000,00000000,00000050,00000050,0,00000,0,00000050
38625000,1,00000050,000000a8,000000a8,000000a4,000000a0,00411821,00000050,0,00000,000f0ff0,xxxxxxxx,xxxxxxxx,00000000,00000000,000000ac,000000ac,0,00000,0,00000000
38635000,1,00000054,00000050,000000a8,000000a8,000000a4,00411821,00000054,0,00000,000ff0ff,xxxxxxxx,xxxxxxxx,00000000,00000000,00000008,00000008,0,00000,0,00000008
38645000,1,00000054,00000050,00000050,000000a8,000000a8,00022082,00000054,0,00000,000f0f0f,xxxxxxxx,xxxxxxxx,00000000,00000000,00000008,00000008,0,00000,0,00000008
38655000,1,00000058,00000054,00000050,00000050,000000a8,00022082,00000058,0,00000,000ff0f0,xxxxxxxx,xxxxxxxx,00000000,00000000,00000018,00000018,0,00000,0,00000008
38665000,1,00000058,00000054,00000054,00000050,00000050,28990005,00000058,0,00000,000f0f0f,xxxxxxxx,xxxxxxxx,00000000,00000000,00000018,00000018,0,00000,0,00000008
38675000,1,0000005c,00000058,00000054,00000054,00000050,28990005,0000005c,0,00000,000ff0f0,xxxxxxxx,xxxxxxxx,00000000,00000000,00000004,00000004,0,00000,0,00000010
38685000,1,0000005c,00000058,00000058,00000054,00000054,0721000e,0000005c,0,00000,000f0f0f,xxxxxxxx,xxxxxxxx,00000000,00000000,00000004,00000004,0,00000,0,00000010
38695000,1,00000060,0000005c,00000058,00000058,00000054,0721000e,00000060,0,00000,000ff0f0,xxxxxxxx,xxxxxxxx,00000000,00000000,00000001,00000001,0,00000,0,00000100
38705000,1,00000060,0000005c,00000058,00000058,00000058,00642823,00000060,0,00000,000ff00f,xxxxxxxx,xxxxxxxx,00000000,00000000,00000001,00000001,0,00000,0,00000100
38715000,1,00000098,00000060,0000005c,00000058,00000058,00642823,00000098,0,00000,000fff00,xxxxxxxx,xxxxxxxx,00000000,00000000,00000001,00000001,0,00000,0,00000100
38725000,1,00000098,00000060,00000060,0000005c,00000058,3c0c000c,00000098,0,00000,000f0ff0,xxxxxxxx,xxxxxxxx,00000000,00000000,00000000,00000000,0,00000,0,00000008
38735000,1,0000009c,00000098,00000060,00000060,0000005c,3c0c000c,0000009c,0,00000,000ff0ff,xxxxxxxx,xxxxxxxx,00000000,00000000,00000014,00000014,0,00000,0,00000004
38745000,1,0000009c,00000098,00000098,00000060,00000060,004cd007,0000009c,0,00000,000f0f0f,xxxxxxxx,xxxxxxxx,00000000,00000000,00000014,00000014,0,00000,0,00000004
38755000,1,000000a0,0000009c,00000098,00000098,00000060,004cd007,000000a0,0,00000,000ff0f0,xxxxxxxx,xxxxxxxx,00000000,00000000,000c0000,000c0000,0,00000,0,000c0000
38765000,1,000000a0,0000009c,0000009c,00000098,00000098,275b0044,000000a0,0,00000,000f0f0f,xxxxxxxx,xxxxxxxx,00000000,00000000,000c0000,000c0000,0,00000,0,000c0000
38775000,1,000000a4,000000a0,0000009c,0000009c,00000098,275b0044,000000a4,0,00000,000ff0f0,xxxxxxxx,xxxxxxxx,00000000,00000000,0000000c,0000000c,0,00000,0,000c0000
38785000,1,000000a4,000000a0,000000a0,0000009c,0000009c,0360f809,000000a4,0,00000,000f0f0f,xxxxxxxx,xxxxxxxx,00000000,00000000,0000000c,0000000c,0,00000,0,000c0000
38795000,1,000000a8,000000a4,000000a0,000000a0,0000009c,0360f809,000000a8,0,00000,000ff0f0,xxxxxxxx,xxxxxxxx,00000000,00000000,00000050,00000050,0,00000,0,00000050
38805000,1,000000a8,000000a4,000000a0,000000a0,000000a0,24010008,000000a8,0,00000,000ff00f,xxxxxxxx,xxxxxxxx,00000000,00000000,00000050,00000050,0,00000,0,00000050
38815000,1,00000050,000000a8,000000a4,000000a0,000000a0,24010008,00000050,0,00000,000fff00,xxxxxxxx,xxxxxxxx,00000000,00000000,00000050,00000050,0,00000,0,00000050
38825000,1,00000050,000000a8,000000a8,000000a4,000000a0,00411821,00000050,0,00000,000f0ff0,xxxxxxxx,xxxxxxxx,00000000,00000000,000000ac,000000ac,0,00000,0,00000000
38835000,1,00000054,00000050,000000a8,000000a8,000000a4,00411821,00000054,0,00000,000ff0ff,xxxxxxxx,xxxxxxxx,00000000,00000000,00000008,00000008,0,00000,0,00000008
38845000,1,00000054,00000050,00000050,000000a8,000000a8,00022082,00000054,0,00000,000f0f0f,xxxxxxxx,xxxxxxxx,00000000,00000000,00000008,00000008,0,00000,0,00000008
38855000,1,00000058,00000054,00000050,00000050,000000a8,00022082,00000058,0,00000,000ff0f0,xxxxxxxx,xxxxxxxx,00000000,00000000,00000018,00000018,0,00000,0,00000008
38865000,1,00000058,00000054,00000054,00000050,00000050,28990005,00000058,0,00000,000f0f0f,xxxxxxxx,xxxxxxxx,00000000,00000000,00000018,00000018,0,00000,0,00000008
38875000,1,0000005c,00000058,00000054,00000054,00000050,28990005,0000005c,0,00000,000ff0f0,xxxxxxxx,xxxxxxxx,00000000,00000000,00000004,00000004,0,00000,0,00000010
38885000,1,0000005c,00000058,00000058,00000054,00000054,0721000e,0000005c,0,00000,000f0f0f,xxxxxxxx,xxxxxxxx,00000000,00000000,00000004,00000004,0,00000,0,00000010
38895000,1,00000060,0000005c,00000058,00000058,00000054,0721000e,00000060,0,00000,000ff0f0,xxxxxxxx,xxxxxxxx,00000000,00000000,00000001,00000001,0,00000,0,00000100
38905000,1,00000060,0000005c,00000058,00000058,00000058,00642823,00000060,0,00000,000ff00f,xxxxxxxx,xxxxxxxx,00000000,00000000,00000001,00000001,0,00000,0,00000100
38915000,1,00000098,00000060,0000005c,00000058,00000058,00642823,00000098,0,00000,000fff00,xxxxxxxx,xxxxxxxx,00000000,00000000,00000001,00000001,0,00000,0,00000100
38925000,1,00000098,00000060,00000060,0000005c,00000058,3c0c000c,00000098,0,00000,000f0ff0,xxxxxxxx,xxxxxxxx,00000000,00000000,00000000,00000000,0,00000,0,00000008
38935000,1,0000009c,00000098,00000060,00000060,0000005c,3c0c000c,0000009c,0,00000,000ff0ff,xxxxxxxx,xxxxxxxx,00000000,00000000,00000014,00000014,0,00000,0,00000004
38945000,1,0000009c,00000098,00000098,00000060,00000060,004cd007,0000009c,0,00000,000f0f0f,xxxxxxxx,xxxxxxxx,00000000,00000000,00000014,00000014,0,00000,0,00000004
38955000,1,000000a0,0000009c,00000098,00000098,00000060,004cd007,000000a0,0,00000,000ff0f0,xxxxxxxx,xxxxxxxx,00000000,00000000,000c0000,000c0000,0,00000,0,000c0000
38965000,1,000000a0,0000009c,0000009c,00000098,00000098,275b0044,000000a0,0,00000,000f0f0f,xxxxxxxx,xxxxxxxx,00000000,00000000,000c0000,000c0000,0,00000,0,000c0000
38975000,1,000000a4,000000a0,0000009c,0000009c,00000098,275b0044,000000a4,0,00000,000ff0f0,xxxxxxxx,xxxxxxxx,00000000,00000000,0000000c,0000000c,0,00000,0,000c0000
38985000,1,000000a4,000000a0,000000a0,0000009c,0000009c,0360f809,000000a4,0,00000,000f0f0f,xxxxxxxx,xxxxxxxx,00000000,00000000,0000000c,0000000c,0,00000,0,000c0000
38995000,1,000000a8,000000a4,000000a0,000000a0,0000009c,0360f809,000000a8,0,00000,000ff0f0,xxxxxxxx,xxxxxxxx,00000000,00000000,00000050,00000050,0,00000,0,00000050
39005000,1,000000a8,000000a4,000000a0,000000a0,000000a0,24010008,000000a8,0,00000,000ff00f,xxxxxxxx,xxxxxxxx,00000000,00000000,00000050,00000050,0,00000,0,00000050
39015000,1,00000050,000000a8,000000a4,000000a0,000000a0,24010008,00000050,0,00000,000fff00,xxxxxxxx,xxxxxxxx,00000000,00000000,00000050,00000050,0,00000,0,00000050
39025000,1,00000050,000000a8,000000a8,000000a4,000000a0,00411821,00000050,0,00000,000f0ff0,xxxxxxxx,xxxxxxxx,00000000,00000000,000000ac,000000ac,0,00000,0,00000000
39035000,1,00000054,00000050,000000a8,000000a8,000000a4,00411821,00000054,0,00000,000ff0ff,xxxxxxxx,xxxxxxxx,00000000,00000000,00000008,00000008,0,00000,0,00000008
39045000,1,00000054,00000050,00000050,000000a8,000000a8,00022082,00000054,0,00000,000f0f0f,xxxxxxxx,xxxxxxxx,00000000,00000000,00000008,00000008,0,00000,0,00000008
39055000,1,00000058,00000054,00000050,00000050,000000a8,00022082,00000058,0,00000,000ff0f0,xxxxxxxx,xxxxxxxx,00000000,00000000,00000018,00000018,0,00000,0,00000008
39065000,1,00000058,00000054,00000054,00000050,00000050,28990005,00000058,0,00000,000f0f0f,xxxxxxxx,xxxxxxxx,00000000,00000000,00000018,00000018,0,00000,0,00000008
39075000,1,0000005c,00000058,00000054,00000054,00000050,28990005,0000005c,0,00000,000ff0f0,xxxxxxxx,xxxxxxxx,00000000,00000000,00000004,00000004,0,00000,0,00000010
39085000,1,0000005c,00000058,00000058,00000054,00000054,0721000e,0000005c,0,00000,000f0f0f,xxxxxxxx,xxxxxxxx,00000000,00000000,00000004,00000004,0,00000,0,00000010
39095000,1,00000060,0000005c,00000058,00000058,00000054,0721000e,00000060,0,00000,000ff0f0,xxxxxxxx,xxxxxxxx,00000000,00000000,00000001,00000001,0,00000,0,00000100
39105000,1,00000060,0000005c,00000058,00000058,00000058,00642823,00000060,0,00000,000ff00f,xxxxxxxx,xxxxxxxx,00000000,00000000,00000001,00000001,0,00000,0,00000100
39115000,1,00000098,00000060,0000005c,00000058,00000058,00642823,00000098,0,00000,000fff00,xxxxxxxx,xxxxxxxx,00000000,00000000,00000001,00000001,0,00000,0,00000100
39125000,1,00000098,00000060,00000060,0000005c,00000058,3c0c000c,00000098,0,00000,000f0ff0,xxxxxxxx,xxxxxxxx,00000000,00000000,00000000,00000000,0,00000,0,00000008
39135000,1,0000009c,00000098,00000060,00000060,0000005c,3c0c000c,0000009c,0,00000,000ff0ff,xxxxxxxx,xxxxxxxx,00000000,00000000,00000014,00000014,0,00000,0,00000004
39145000,1,0000009c,00000098,00000098,00000060,00000060,004cd007,0000009c,0,00000,000f0f0f,xxxxxxxx,xxxxxxxx,00000000,00000000,00000014,00000014,0,00000,0,00000004
39155000,1,000000a0,0000009c,00000098,00000098,00000060,004cd007,000000a0,0,00000,000ff0f0,xxxxxxxx,xxxxxxxx,00000000,00000000,000c0000,000c0000,0,00000,0,000c0000
39165000,1,000000a0,0000009c,0000009c,00000098,00000098,275b0044,000000a0,0,00000,000f0f0f,xxxxxxxx,xxxxxxxx,00000000,00000000,000c0000,000c0000,0,00000,0,000c0000
39175000,1,000000a4,000000a0,0000009c,0000009c,00000098,275b0044,000000a4,0,00000,000ff0f0,xxxxxxxx,xxxxxxxx,00000000,00000000,0000000c,0000000c,0,00000,0,000c0000
39185000,1,000000a4,000000a0,000000a0,0000009c,0000009c,0360f809,000000a4,0,00000,000f0f0f,xxxxxxxx,xxxxxxxx,00000000,00000000,0000000c,0000000c,0,00000,0,000c0000
39195000,1,000000a8,000000a4,000000a0,000000a0,0000009c,0360f809,000000a8,0,00000,000ff0f0,xxxxxxxx,xxxxxxxx,00000000,00000000,00000050,00000050,0,00000,0,00000050
39205000,1,000000a8,000000a4,000000a0,000000a0,000000a0,24010008,000000a8,0,00000,000ff00f,xxxxxxxx,xxxxxxxx,00000000,00000000,00000050,00000050,0,00000,0,00000050
39215000,1,00000050,000000a8,000000a4,000000a0,000000a0,24010008,00000050,0,00000,000fff00,xxxxxxxx,xxxxxxxx,00000000,00000000,00000050,00000050,0,00000,0,00000050
39225000,1,00000050,000000a8,000000a8,000000a4,000000a0,00411821,00000050,0,00000,000f0ff0,xxxxxxxx,xxxxxxxx,00000000,00000000,000000ac,000000ac,0,00000,0,00000000
39235000,1,00000054,00000050,000000a8,000000a8,000000a4,00411821,00000054,0,00000,000ff0ff,xxxxxxxx,xxxxxxxx,00000000,00000000,00000008,00000008,0,00000,0,00000008
39245000,1,00000054,00000050,00000050,000000a8,000000a8,00022082,00000054,0,00000,000f0f0f,xxxxxxxx,xxxxxxxx,00000000,00000000,00000008,00000008,0,00000,0,00000008
39255000,1,00000058,00000054,00000050,00000050,000000a8,00022082,00000058,0,00000,000ff0f0,xxxxxxxx,xxxxxxxx,00000000,00000000,00000018,00000018,0,00000,0,00000008
39265000,1,00000058,00000054,00000054,00000050,00000050,28990005,00000058,0,00000,000f0f0f,xxxxxxxx,xxxxxxxx,00000000,00000000,00000018,00000018,0,00000,0,00000008
39275000,1,0000005c,00000058,00000054,00000054,00000050,28990005,0000005c,0,00000,000ff0f0,xxxxxxxx,xxxxxxxx,00000000,00000000,00000004,00000004,0,00000,0,00000010
39285000,1,0000005c,00000058,00000058,00000054,00000054,0721000e,0000005c,0,00000,000f0f0f,xxxxxxxx,xxxxxxxx,00000000,00000000,00000004,00000004,0,00000,0,00000010
39295000,1,00000060,0000005c,00000058,00000058,00000054,0721000e,00000060,0,00000,000ff0f0,xxxxxxxx,xxxxxxxx,00000000,00000000,00000001,00000001,0,00000,0,00000100
39305000,1,00000060,0000005c,00000058,00000058,00000058,00642823,00000060,0,00000,000ff00f,xxxxxxxx,xxxxxxxx,00000000,00000000,00000001,00000001,0,00000,0,00000100
39315000,1,00000098,00000060,0000005c,00000058,00000058,00642823,00000098,0,00000,000fff00,xxxxxxxx,xxxxxxxx,00000000,00000000,00000001,00000001,0,00000,0,00000100
39325000,1,00000098,00000060,00000060,0000005c,00000058,3c0c000c,00000098,0,00000,000f0ff0,xxxxxxxx,xxxxxxxx,00000000,00000000,00000000,00000000,0,00000,0,00000008
39335000,1,0000009c,00000098,00000060,00000060,0000005c,3c0c000c,0000009c,0,00000,000ff0ff,xxxxxxxx,xxxxxxxx,00000000,00000000,00000014,00000014,0,00000,0,00000004
39345000,1,0000009c,00000098,00000098,00000060,00000060,004cd007,0000009c,0,00000,000f0f0f,xxxxxxxx,xxxxxxxx,00000000,00000000,00000014,00000014,0,00000,0,00000004
39355000,1,000000a0,0000009c,00000098,00000098,00000060,004cd007,000000a0,0,00000,000ff0f0,xxxxxxxx,xxxxxxxx,00000000,00000000,000c0000,000c0000,0,00000,0,000c0000
39365000,1,000000a0,0000009c,0000009c,00000098,00000098,275b0044,000000a0,0,00000,000f0f0f,xxxxxxxx,xxxxxxxx,00000000,00000000,000c0000,000c0000,0,00000,0,000c0000
39375000,1,000000a4,000000a0,0000009c,0000009c,00000098,275b0044,000000a4,0,00000,000ff0f0,xxxxxxxx,xxxxxxxx,00000000,00000000,0000000c,0000000c,0,00000,0,000c0000
39385000,1,000000a4,000000a0,000000a0,0000009c,0000009c,0360f809,000000a4,0,00000,000f0f0f,xxxxxxxx,xxxxxxxx,00000000,00000000,0000000c,0000000c,0,00000,0,000c0000
39395000,1,000000a8,000000a4,000000a0,000000a0,0000009c,0360f809,000000a8,0,00000,000ff0f0,xxxxxxxx,xxxxxxxx,00000000,00000000,00000050,00000050,0,00000,0,00000050
39405000,1,000000a8,000000a4,000000a0,000000a0,000000a0,24010008,000000a8,0,00000,000ff00f,xxxxxxxx,xxxxxxxx,00000000,00000000,00000050,00000050,0,00000,0,00000050
39415000,1,00000050,000000a8,000000a4,000000a0,000000a0,24010008,00000050,0,00000,000fff00,xxxxxxxx,xxxxxxxx,00000000,00000000,00000050,00000050,0,00000,0,00000050
39425000,1,00000050,000000a8,000000a8,000000a4,000000a0,00411821,00000050,0,00000,000f0ff0,xxxxxxxx,xxxxxxxx,00000000,00000000,000000ac,000000ac,0,00000,0,00000000
39435000,1,00000054,00000050,000000a8,000000a8,000000a4,00411821,00000054,0,00000,000ff0ff,xxxxxxxx,xxxxxxxx,00000000,00000000,00000008,00000008,0,00000,0,00000008
39445000,1,00000054,00000050,00000050,000000a8,000000a8,00022082,00000054,0,00000,000f0f0f,xxxxxxxx,xxxxxxxx,00000000,00000000,00000008,00000008,0,00000,0,00000008
39455000,1,00000058,00000054,00000050,00000050,000000a8,00022082,00000058,0,00000,000ff0f0,xxxxxxxx,xxxxxxxx,00000000,00000000,00000018,00000018,0,00000,0,00000008
39465000,1,00000058,00000054,00000054,00000050,00000050,28990005,00000058,0,00000,000f0f0f,xxxxxxxx,xxxxxxxx,00000000,00000000,00000018,00000018,0,00000,0,00000008
39475000,1,0000005c,00000058,00000054,00000054,00000050,28990005,0000005c,0,00000,000ff0f0,xxxxxxxx,xxxxxxxx,00000000,00000000,00000004,00000004,0,00000,0,00000010
39485000,1,0000005c,00000058,00000058,00000054,00000054,0721000e,0000005c,0,00000,000f0f0f,xxxxxxxx,xxxxxxxx,00000000,00000000,00000004,00000004,0,00000,0,00000010
39495000,1,00000060,0000005c,00000058,00000058,00000054,0721000e,00000060,0,00000,000ff0f0,xxxxxxxx,xxxxxxxx,00000000,00000000,00000001,00000001,0,00000,0,00000100
39505000,1,00000060,0000005c,00000058,00000058,00000058,00642823,00000060,0,00000,000ff00f,xxxxxxxx,xxxxxxxx,00000000,00000000,00000001,00000001,0,00000,0,00000100
39515000,1,00000098,00000060,0000005c,00000058,00000058,00642823,00000098,0,00000,000fff00,xxxxxxxx,xxxxxxxx,00000000,00000000,00000001,00000001,0,00000,0,00000100
39525000,1,00000098,00000060,00000060,0000005c,00000058,3c0c000c,00000098,0,00000,000f0ff0,xxxxxxxx,xxxxxxxx,00000000,00000000,00000000,00000000,0,00000,0,00000008
39535000,1,0000009c,00000098,00000060,00000060,0000005c,3c0c000c,0000009c,0,00000,000ff0ff,xxxxxxxx,xxxxxxxx,00000000,00000000,00000014,00000014,0,00000,0,00000004
39545000,1,0000009c,00000098,00000098,00000060,00000060,004cd007,0000009c,0,00000,000f0f0f,xxxxxxxx,xxxxxxxx,00000000,00000000,00000014,00000014,0,00000,0,00000004
39555000,1,000000a0,0000009c,00000098,00000098,00000060,004cd007,000000a0,0,00000,000ff0f0,xxxxxxxx,xxxxxxxx,00000000,00000000,000c0000,000c0000,0,00000,0,000c0000
39565000,1,000000a0,0000009c,0000009c,00000098,00000098,275b0044,000000a0,0,00000,000f0f0f,xxxxxxxx,xxxxxxxx,00000000,00000000,000c0000,000c0000,0,00000,0,000c0000
39575000,1,000000a4,000000a0,0000009c,0000009c,00000098,275b0044,000000a4,0,00000,000ff0f0,xxxxxxxx,xxxxxxxx,00000000,00000000,0000000c,0000000c,0,00000,0,000c0000
39585000,1,000000a4,000000a0,000000a0,0000009c,0000009c,0360f809,000000a4,0,00000,000f0f0f,xxxxxxxx,xxxxxxxx,00000000,00000000,0000000c,0000000c,0,00000,0,000c0000
39595000,1,000000a8,000000a4,000000a0,000000a0,0000009c,0360f809,000000a8,0,00000,000ff0f0,xxxxxxxx,xxxxxxxx,00000000,00000000,00000050,00000050,0,00000,0,00000050
39605000,1,000000a8,000000a4,000000a0,000000a0,000000a0,24010008,000000a8,0,00000,000ff00f,xxxxxxxx,xxxxxxxx,00000000,00000000,00000050,00000050,0,00000,0,00000050
39615000,1,00000050,000000a8,000000a4,000000a0,000000a0,24010008,00000050,0,00000,000fff00,xxxxxxxx,xxxxxxxx,00000000,00000000,00000050,00000050,0,00000,0,00000050
39625000,1,00000050,000000a8,000000a8,000000a4,000000a0,00411821,00000050,0,00000,000f0ff0,xxxxxxxx,xxxxxxxx,00000000,00000000,000000ac,000000ac,0,00000,0,00000000
39635000,1,00000054,00000050,000000a8,000000a8,000000a4,00411821,00000054,0,00000,000ff0ff,xxxxxxxx,xxxxxxxx,00000000,00000000,00000008,00000008,0,00000,0,00000008
39645000,1,00000054,00000050,00000050,000000a8,000000a8,00022082,00000054,0,00000,000f0f0f,xxxxxxxx,xxxxxxxx,00000000,00000000,00000008,00000008,0,00000,0,00000008
39655000,1,00000058,00000054,00000050,00000050,000000a8,00022082,00000058,0,00000,000ff0f0,xxxxxxxx,xxxxxxxx,00000000,00000000,00000018,00000018,0,00000,0,00000008
39665000,1,00000058,00000054,00000054,00000050,00000050,28990005,00000058,0,00000,000f0f0f,xxxxxxxx,xxxxxxxx,00000000,00000000,00000018,00000018,0,00000,0,00000008
39675000,1,0000005c,00000058,00000054,00000054,00000050,28990005,0000005c,0,00000,000ff0f0,xxxxxxxx,xxxxxxxx,00000000,00000000,00000004,00000004,0,00000,0,00000010
39685000,1,0000005c,00000058,00000058,00000054,00000054,0721000e,0000005c,0,00000,000f0f0f,xxxxxxxx,xxxxxxxx,00000000,00000000,00000004,00000004,0,00000,0,00000010
39695000,1,00000060,0000005c,00000058,00000058,00000054,0721000e,00000060,0,00000,000ff0f0,xxxxxxxx,xxxxxxxx,00000000,00000000,00000001,00000001,0,00000,0,00000100
39705000,1,00000060,0000005c,00000058,00000058,00000058,00642823,00000060,0,00000,000ff00f,xxxxxxxx,xxxxxxxx,00000000,00000000,00000001,00000001,0,00000,0,00000100
39715000,1,00000098,00000060,0000005c,00000058,00000058,00642823,00000098,0,00000,000fff00,xxxxxxxx,xxxxxxxx,00000000,00000000,00000001,00000001,0,00000,0,00000100
39725000,1,00000098,00000060,00000060,0000005c,00000058,3c0c000c,00000098,0,00000,000f0ff0,xxxxxxxx,xxxxxxxx,00000000,00000000,00000000,00000000,0,00000,0,00000008
39735000,1,0000009c,00000098,00000060,00000060,0000005c,3c0c000c,0000009c,0,00000,000ff0ff,xxxxxxxx,xxxxxxxx,00000000,00000000,00000014,00000014,0,00000,0,00000004
39745000,1,0000009c,00000098,00000098,00000060,00000060,004cd007,0000009c,0,00000,000f0f0f,xxxxxxxx,xxxxxxxx,00000000,00000000,00000014,00000014,0,00000,0,00000004
39755000,1,000000a0,0000009c,00000098,00000098,00000060,004cd007,000000a0,0,00000,000ff0f0,xxxxxxxx,xxxxxxxx,00000000,00000000,000c0000,000c0000,0,00000,0,000c0000
39765000,1,000000a0,0000009c,0000009c,00000098,00000098,275b0044,000000a0,0,00000,000f0f0f,xxxxxxxx,xxxxxxxx,00000000,00000000,000c0000,000c0000,0,00000,0,000c0000
39775000,1,000000a4,000000a0,0000009c,0000009c,00000098,275b0044,000000a4,0,00000,000ff0f0,xxxxxxxx,xxxxxxxx,00000000,00000000,0000000c,0000000c,0,00000,0,000c0000
39785000,1,000000a4,000000a0,000000a0,0000009c,0000009c,0360f809,000000a4,0,00000,000f0f0f,xxxxxxxx,xxxxxxxx,00000000,00000000,0000000c,0000000c,0,00000,0,000c0000
39795000,1,000000a8,000000a4,000000a0,000000a0,0000009c,0360f809,000000a8,0,00000,000ff0f0,xxxxxxxx,xxxxxxxx,00000000,00000000,00000050,00000050,0,00000,0,00000050
39805000,1,000000a8,000000a4,000000a0,000000a0,000000a0,24010008,000000a8,0,00000,000ff00f,xxxxxxxx,xxxxxxxx,00000000,00000000,00000050,00000050,0,00000,0,00000050
39815000,1,00000050,000000a8,000000a4,000000a0,000000a0,24010008,00000050,0,00000,000fff00,xxxxxxxx,xxxxxxxx,00000000,00000000,00000050,00000050,0,00000,0,00000050
39825000,1,00000050,000000a8,000000a8,000000a4,000000a0,00411821,00000050,0,00000,000f0ff0,xxxxxxxx,xxxxxxxx,00000000,00000000,000000ac,000000ac,0,00000,0,00000000
39835000,1,00000054,00000050,000000a8,000000a8,000000a4,00411821,00000054,0,00000,000ff0ff,xxxxxxxx,xxxxxxxx,00000000,00000000,00000008,00000008,0,00000,0,00000008
39845000,1,00000054,00000050,00000050,000000a8,000000a8,00022082,00000054,0,00000,000f0f0f,xxxxxxxx,xxxxxxxx,00000000,00000000,00000008,00000008,0,00000,0,00000008
39855000,1,00000058,00000054,00000050,00000050,000000a8,00022082,00000058,0,00000,000ff0f0,xxxxxxxx,xxxxxxxx,00000000,00000000,00000018,00000018,0,00000,0,00000008
39865000,1,00000058,00000054,00000054,00000050,00000050,28990005,00000058,0,00000,000f0f0f,xxxxxxxx,xxxxxxxx,00000000,00000000,00000018,00000018,0,00000,0,00000008
39875000,1,0000005c,00000058,00000054,00000054,00000050,28990005,0000005c,0,00000,000ff0f0,xxxxxxxx,xxxxxxxx,00000000,00000000,00000004,00000004,0,00000,0,00000010
39885000,1,0000005c,00000058,00000058,00000054,00000054,0721000e,0000005c,0,00000,000f0f0f,xxxxxxxx,xxxxxxxx,00000000,00000000,00000004,00000004,0,00000,0,00000010
39895000,1,00000060,0000005c,00000058,00000058,00000054,0721000e,00000060,0,00000,000ff0f0,xxxxxxxx,xxxxxxxx,00000000,00000000,00000001,00000001,0,00000,0,00000100
39905000,1,00000060,0000005c,00000058,00000058,00000058,00642823,00000060,0,00000,000ff00f,xxxxxxxx,xxxxxxxx,00000000,00000000,00000001,00000001,0,00000,0,00000100
39915000,1,00000098,00000060,0000005c,00000058,00000058,00642823,00000098,0,00000,000fff00,xxxxxxxx,xxxxxxxx,00000000,00000000,00000001,00000001,0,00000,0,00000100
39925000,1,00000098,00000060,00000060,0000005c,00000058,3c0c000c,00000098,0,00000,000f0ff0,xxxxxxxx,xxxxxxxx,00000000,00000000,00000000,00000000,0,00000,0,00000008
39935000,1,0000009c,00000098,00000060,00000060,0000005c,3c0c000c,0000009c,0,00000,000ff0ff,xxxxxxxx,xxxxxxxx,00000000,00000000,00000014,00000014,0,00000,0,00000004
39945000,1,0000009c,00000098,00000098,00000060,00000060,004cd007,0000009c,0,00000,000f0f0f,xxxxxxxx,xxxxxxxx,00000000,00000000,00000014,00000014,0,00000,0,00000004
39955000,1,000000a0,0000009c,00000098,00000098,00000060,004cd007,000000a0,0,00000,000ff0f0,xxxxxxxx,xxxxxxxx,00000000,00000000,000c0000,000c0000,0,00000,0,000c0000
39965000,1,000000a0,0000009c,0000009c,00000098,00000098,275b0044,000000a0,0,00000,000f0f0f,xxxxxxxx,xxxxxxxx,00000000,00000000,000c0000,000c0000,0,00000,0,000c0000
39975000,1,000000a4,000000a0,0000009c,0000009c,00000098,275b0044,000000a4,0,00000,000ff0f0,xxxxxxxx,xxxxxxxx,00000000,00000000,0000000c,0000000c,0,00000,0,000c0000
39985000,1,000000a4,000000a0,000000a0,0000009c,0000009c,0360f809,000000a4,0,00000,000f0f0f,xxxxxxxx,xxxxxxxx,00000000,00000000,0000000c,0000000c,0,00000,0,000c0000
39995000,1,000000a8,000000a4,000000a0,000000a0,0000009c,0360f809,000000a8,0,00000,000ff0f0,xxxxxxxx,xxxxxxxx,00000000,00000000,00000050,00000050,0,00000,0,00000050
40005000,1,000000a8,000000a4,000000a0,000000a0,000000a0,24010008,000000a8,0,00000,000ff00f,xxxxxxxx,xxxxxxxx,00000000,00000000,00000050,00000050,0,00000,0,00000050
40015000,1,00000050,000000a8,000000a4,000000a0,000000a0,24010008,00000050,0,00000,000fff00,xxxxxxxx,xxxxxxxx,00000000,00000000,00000050,00000050,0,00000,0,00000050
40025000,1,00000050,000000a8,000000a8,000000a4,000000a0,00411821,00000050,0,00000,000f0ff0,xxxxxxxx,xxxxxxxx,00000000,00000000,000000ac,000000ac,0,00000,0,00000000
40035000,1,00000054,00000050,000000a8,000000a8,000000a4,00411821,00000054,0,00000,000ff0ff,xxxxxxxx,xxxxxxxx,00000000,00000000,00000008,00000008,0,00000,0,00000008
40045000,1,00000054,00000050,00000050,000000a8,000000a8,00022082,00000054,0,00000,000f0f0f,xxxxxxxx,xxxxxxxx,00000000,00000000,00000008,00000008,0,00000,0,00000008
40055000,1,00000058,00000054,00000050,00000050,000000a8,00022082,00000058,0,00000,000ff0f0,xxxxxxxx,xxxxxxxx,00000000,00000000,00000018,00000018,0,00000,0,00000008
40065000,1,00000058,00000054,00000054,00000050,00000050,28990005,00000058,0,00000,000f0f0f,xxxxxxxx,xxxxxxxx,00000000,00000000,00000018,00000018,0,00000,0,00000008
40075000,1,0000005c,00000058,00000054,00000054,00000050,28990005,0000005c,0,00000,000ff0f0,xxxxxxxx,xxxxxxxx,00000000,00000000,00000004,00000004,0,00000,0,00000010
40085000,1,0000005c,00000058,00000058,00000054,00000054,0721000e,0000005c,0,00000,000f0f0f,xxxxxxxx,xxxxxxxx,00000000,00000000,00000004,00000004,0,00000,0,00000010
40095000,1,00000060,0000005c,00000058,00000058,00000054,0721000e,00000060,0,00000,000ff0f0,xxxxxxxx,xxxxxxxx,00000000,00000000,00000001,00000001,0,00000,0,00000100
40105000,1,00000060,0000005c,00000058,00000058,00000058,00642823,00000060,0,00000,000ff00f,xxxxxxxx,xxxxxxxx,00000000,00000000,00000001,00000001,0,00000,0,00000100
40115000,1,00000098,00000060,0000005c,00000058,00000058,00642823,00000098,0,00000,000fff00,xxxxxxxx,xxxxxxxx,00000000,00000000,00000001,00000001,0,00000,0,00000100
40125000,1,00000098,00000060,00000060,0000005c,00000058,3c0c000c,00000098,0,00000,000f0ff0,xxxxxxxx,xxxxxxxx,00000000,00000000,00000000,00000000,0,00000,0,00000008
40135000,1,0000009c,00000098,00000060,00000060,0000005c,3c0c000c,0000009c,0,00000,000ff0ff,xxxxxxxx,xxxxxxxx,00000000,00000000,00000014,00000014,0,00000,0,00000004
40145000,1,0000009c,00000098,00000098,00000060,00000060,004cd007,0000009c,0,00000,000f0f0f,xxxxxxxx,xxxxxxxx,00000000,00000000,00000014,00000014,0,00000,0,00000004
40155000,1,000000a0,0000009c,00000098,00000098,00000060,004cd007,000000a0,0,00000,000ff0f0,xxxxxxxx,xxxxxxxx,00000000,00000000,000c0000,000c0000,0,00000,0,000c0000
40165000,1,000000a0,0000009c,0000009c,00000098,00000098,275b0044,000000a0,0,00000,000f0f0f,xxxxxxxx,xxxxxxxx,00000000,00000000,000c0000,000c0000,0,00000,0,000c0000
40175000,1,000000a4,000000a0,0000009c,0000009c,00000098,275b0044,000000a4,0,00000,000ff0f0,xxxxxxxx,xxxxxxxx,00000000,00000000,0000000c,0000000c,0,00000,0,000c0000
40185000,1,000000a4,000000a0,000000a0,0000009c,0000009c,0360f809,000000a4,0,00000,000f0f0f,xxxxxxxx,xxxxxxxx,00000000,00000000,0000000c,0000000c,0,00000,0,000c0000
40195000,1,000000a8,000000a4,000000a0,000000a0,0000009c,0360f809,000000a8,0,00000,000ff0f0,xxxxxxxx,xxxxxxxx,00000000,00000000,00000050,00000050,0,00000,0,00000050
40205000,1,000000a8,000000a4,000000a0,000000a0,000000a0,24010008,000000a8,0,00000,000ff00f,xxxxxxxx,xxxxxxxx,00000000,00000000,00000050,00000050,0,00000,0,00000050
40215000,1,00000050,000000a8,000000a4,000000a0,000000a0,24010008,00000050,0,00000,000fff00,xxxxxxxx,xxxxxxxx,00000000,00000000,00000050,00000050,0,00000,0,00000050
40225000,1,00000050,000000a8,000000a8,000000a4,000000a0,00411821,00000050,0,00000,000f0ff0,xxxxxxxx,xxxxxxxx,00000000,00000000,000000ac,000000ac,0,00000,0,00000000
40235000,1,00000054,00000050,000000a8,000000a8,000000a4,00411821,00000054,0,00000,000ff0ff,xxxxxxxx,xxxxxxxx,00000000,00000000,00000008,00000008,0,00000,0,00000008
40245000,1,00000054,00000050,00000050,000000a8,000000a8,00022082,00000054,0,00000,000f0f0f,xxxxxxxx,xxxxxxxx,00000000,00000000,00000008,00000008,0,00000,0,00000008
40255000,1,00000058,00000054,00000050,00000050,000000a8,00022082,00000058,0,00000,000ff0f0,xxxxxxxx,xxxxxxxx,00000000,00000000,00000018,00000018,0,00000,0,00000008
40265000,1,00000058,00000054,00000054,00000050,00000050,28990005,00000058,0,00000,000f0f0f,xxxxxxxx,xxxxxxxx,00000000,00000000,00000018,00000018,0,00000,0,00000008
40275000,1,0000005c,00000058,00000054,00000054,00000050,28990005,0000005c,0,00000,000ff0f0,xxxxxxxx,xxxxxxxx,00000000,00000000,00000004,00000004,0,00000,0,00000010
40285000,1,0000005c,00000058,00000058,00000054,00000054,0721000e,0000005c,0,00000,000f0f0f,xxxxxxxx,xxxxxxxx,00000000,00000000,00000004,00000004,0,00000,0,00000010
40295000,1,00000060,0000005c,00000058,00000058,00000054,0721000e,00000060,0,00000,000ff0f0,xxxxxxxx,xxxxxxxx,00000000,00000000,00000001,00000001,0,00000,0,00000100
40305000,1,00000060,0000005c,00000058,00000058,00000058,00642823,00000060,0,00000,000ff00f,xxxxxxxx,xxxxxxxx,00000000,00000000,00000001,00000001,0,00000,0,00000100
40315000,1,00000098,00000060,0000005c,00000058,00000058,00642823,00000098,0,00000,000fff00,xxxxxxxx,xxxxxxxx,00000000,00000000,00000001,00000001,0,00000,0,00000100
40325000,1,00000098,00000060,00000060,0000005c,00000058,3c0c000c,00000098,0,00000,000f0ff0,xxxxxxxx,xxxxxxxx,00000000,00000000,00000000,00000000,0,00000,0,00000008
40335000,1,0000009c,00000098,00000060,00000060,0000005c,3c0c000c,0000009c,0,00000,000ff0ff,xxxxxxxx,xxxxxxxx,00000000,00000000,00000014,00000014,0,00000,0,00000004
40345000,1,0000009c,00000098,00000098,00000060,00000060,004cd007,0000009c,0,00000,000f0f0f,xxxxxxxx,xxxxxxxx,00000000,00000000,00000014,00000014,0,00000,0,00000004
40355000,1,000000a0,0000009c,00000098,00000098,00000060,004cd007,000000a0,0,00000,000ff0f0,xxxxxxxx,xxxxxxxx,00000000,00000000,000c0000,000c0000,0,00000,0,000c0000
40365000,1,000000a0,0000009c,0000009c,00000098,00000098,275b0044,000000a0,0,00000,000f0f0f,xxxxxxxx,xxxxxxxx,00000000,00000000,000c0000,000c0000,0,00000,0,000c0000
40375000,1,000000a4,000000a0,0000009c,0000009c,00000098,275b0044,000000a4,0,00000,000ff0f0,xxxxxxxx,xxxxxxxx,00000000,00000000,0000000c,0000000c,0,00000,0,000c0000
40385000,1,000000a4,000000a0,000000a0,0000009c,0000009c,0360f809,000000a4,0,00000,000f0f0f,xxxxxxxx,xxxxxxxx,00000000,00000000,0000000c,0000000c,0,00000,0,000c0000
40395000,1,000000a8,000000a4,000000a0,000000a0,0000009c,0360f809,000000a8,0,00000,000ff0f0,xxxxxxxx,xxxxxxxx,00000000,00000000,00000050,00000050,0,00000,0,00000050
40405000,1,000000a8,000000a4,000000a0,000000a0,000000a0,24010008,000000a8,0,00000,000ff00f,xxxxxxxx,xxxxxxxx,00000000,00000000,00000050,00000050,0,00000,0,00000050
40415000,1,00000050,000000a8,000000a4,000000a0,000000a0,24010008,00000050,0,00000,000fff00,xxxxxxxx,xxxxxxxx,00000000,00000000,00000050,00000050,0,00000,0,00000050
40425000,1,00000050,000000a8,000000a8,000000a4,000000a0,00411821,00000050,0,00000,000f0ff0,xxxxxxxx,xxxxxxxx,00000000,00000000,000000ac,000000ac,0,00000,0,00000000
40435000,1,00000054,00000050,000000a8,000000a8,000000a4,00411821,00000054,0,00000,000ff0ff,xxxxxxxx,xxxxxxxx,00000000,00000000,00000008,00000008,0,00000,0,00000008
40445000,1,00000054,00000050,00000050,000000a8,000000a8,00022082,00000054,0,00000,000f0f0f,xxxxxxxx,xxxxxxxx,00000000,00000000,00000008,00000008,0,00000,0,00000008
40455000,1,00000058,00000054,00000050,00000050,000000a8,00022082,00000058,0,00000,000ff0f0,xxxxxxxx,xxxxxxxx,00000000,00000000,00000018,00000018,0,00000,0,00000008
40465000,1,00000058,00000054,00000054,00000050,00000050,28990005,00000058,0,00000,000f0f0f,xxxxxxxx,xxxxxxxx,00000000,00000000,00000018,00000018,0,00000,0,00000008
40475000,1,0000005c,00000058,00000054,00000054,00000050,28990005,0000005c,0,00000,000ff0f0,xxxxxxxx,xxxxxxxx,00000000,00000000,00000004,00000004,0,00000,0,00000010
40485000,1,0000005c,00000058,00000058,00000054,00000054,0721000e,0000005c,0,00000,000f0f0f,xxxxxxxx,xxxxxxxx,00000000,00000000,00000004,00000004,0,00000,0,00000010
40495000,1,00000060,0000005c,00000058,00000058,00000054,0721000e,00000060,0,00000,000ff0f0,xxxxxxxx,xxxxxxxx,00000000,00000000,00000001,00000001,0,00000,0,00000100
40505000,1,00000060,0000005c,00000058,00000058,00000058,00642823,00000060,0,00000,000ff00f,xxxxxxxx,xxxxxxxx,00000000,00000000,00000001,00000001,0,00000,0,00000100
40515000,1,00000098,00000060,0000005c,00000058,00000058,00642823,00000098,0,00000,000fff00,xxxxxxxx,xxxxxxxx,00000000,00000000,00000001,00000001,0,00000,0,00000100
40525000,1,00000098,00000060,00000060,0000005c,00000058,3c0c000c,00000098,0,00000,000f0ff0,xxxxxxxx,xxxxxxxx,00000000,00000000,00000000,00000000,0,00000,0,00000008
40535000,1,0000009c,00000098,00000060,00000060,0000005c,3c0c000c,0000009c,0,00000,000ff0ff,xxxxxxxx,xxxxxxxx,00000000,00000000,00000014,00000014,0,00000,0,00000004
40545000,1,0000009c,00000098,00000098,00000060,00000060,004cd007,0000009c,0,00000,000f0f0f,xxxxxxxx,xxxxxxxx,00000000,00000000,00000014,00000014,0,00000,0,00000004
40555000,1,000000a0,0000009c,00000098,00000098,00000060,004cd007,000000a0,0,00000,000ff0f0,xxxxxxxx,xxxxxxxx,00000000,00000000,000c0000,000c0000,0,00000,0,000c0000
40565000,1,000000a0,0000009c,0000009c,00000098,00000098,275b0044,000000a0,0,00000,000f0f0f,xxxxxxxx,xxxxxxxx,00000000,00000000,000c0000,000c0000,0,00000,0,000c0000
40575000,1,000000a4,000000a0,0000009c,0000009c,00000098,275b0044,000000a4,0,00000,000ff0f0,xxxxxxxx,xxxxxxxx,00000000,00000000,0000000c,0000000c,0,00000,0,000c0000
40585000,1,000000a4,000000a0,000000a0,0000009c,0000009c,0360f809,000000a4,0,00000,000f0f0f,xxxxxxxx,xxxxxxxx,00000000,00000000,0000000c,0000000c,0,00000,0,000c0000
40595000,1,000000a8,000000a4,000000a0,000000a0,0000009c,0360f809,000000a8,0,00000,000ff0f0,xxxxxxxx,xxxxxxxx,00000000,00000000,00000050,00000050,0,00000,0,00000050
40605000,1,000000a8,000000a4,000000a0,000000a0,000000a0,24010008,000000a8,0,00000,000ff00f,xxxxxxxx,xxxxxxxx,00000000,00000000,00000050,00000050,0,00000,0,00000050
40615000,1,00000050,000000a8,000000a4,000000a0,000000a0,24010008,00000050,0,00000,000fff00,xxxxxxxx,xxxxxxxx,00000000,00000000,00000050,00000050,0,00000,0,00000050
40625000,1,00000050,000000a8,000000a8,000000a4,000000a0,00411821,00000050,0,00000,000f0ff0,xxxxxxxx,xxxxxxxx,00000000,00000000,000000ac,000000ac,0,00000,0,00000000
40635000,1,00000054,00000050,000000a8,000000a8,000000a4,00411821,00000054,0,00000,000ff0ff,xxxxxxxx,xxxxxxxx,00000000,00000000,00000008,00000008,0,00000,0,00000008
40645000,1,00000054,00000050,00000050,000000a8,000000a8,00022082,00000054,0,00000,000f0f0f,xxxxxxxx,xxxxxxxx,00000000,00000000,00000008,00000008,0,00000,0,00000008
40655000,1,00000058,00000054,00000050,00000050,000000a8,00022082,00000058,0,00000,000ff0f0,xxxxxxxx,xxxxxxxx,00000000,00000000,00000018,00000018,0,00000,0,00000008
40665000,1,00000058,00000054,00000054,00000050,00000050,28990005,00000058,0,00000,000f0f0f,xxxxxxxx,xxxxxxxx,00000000,00000000,00000018,00000018,0,00000,0,00000008
40675000,1,0000005c,00000058,00000054,00000054,00000050,28990005,0000005c,0,00000,000ff0f0,xxxxxxxx,xxxxxxxx,00000000,00000000,00000004,00000004,0,00000,0,00000010
40685000,1,0000005c,00000058,00000058,00000054,00000054,0721000e,0000005c,0,00000,000f0f0f,xxxxxxxx,xxxxxxxx,00000000,00000000,00000004,00000004,0,00000,0,00000010
40695000,1,00000060,0000005c,00000058,00000058,00000054,0721000e,00000060,0,00000,000ff0f0,xxxxxxxx,xxxxxxxx,00000000,00000000,00000001,00000001,0,00000,0,00000100
40705000,1,00000060,0000005c,00000058,00000058,00000058,00642823,00000060,0,00000,000ff00f,xxxxxxxx,xxxxxxxx,00000000,00000000,00000001,00000001,0,00000,0,00000100
40715000,1,00000098,00000060,0000005c,00000058,00000058,00642823,00000098,0,00000,000fff00,xxxxxxxx,xxxxxxxx,00000000,00000000,00000001,00000001,0,00000,0,00000100
40725000,1,00000098,00000060,00000060,0000005c,00000058,3c0c000c,00000098,0,00000,000f0ff0,xxxxxxxx,xxxxxxxx,00000000,00000000,00000000,00000000,0,00000,0,00000008
40735000,1,0000009c,00000098,00000060,00000060,0000005c,3c0c000c,0000009c,0,00000,000ff0ff,xxxxxxxx,xxxxxxxx,00000000,00000000,00000014,00000014,0,00000,0,00000004
40745000,1,0000009c,00000098,00000098,00000060,00000060,004cd007,0000009c,0,00000,000f0f0f,xxxxxxxx,xxxxxxxx,00000000,00000000,00000014,00000014,0,00000,0,00000004
40755000,1,000000a0,0000009c,00000098,00000098,00000060,004cd007,000000a0,0,00000,000ff0f0,xxxxxxxx,xxxxxxxx,00000000,00000000,000c0000,000c0000,0,00000,0,000c0000
40765000,1,000000a0,0000009c,0000009c,00000098,00000098,275b0044,000000a0,0,00000,000f0f0f,xxxxxxxx,xxxxxxxx,00000000,00000000,000c0000,000c0000,0,00000,0,000c0000
40775000,1,000000a4,000000a0,0000009c,0000009c,00000098,275b0044,000000a4,0,00000,000ff0f0,xxxxxxxx,xxxxxxxx,00000000,00000000,0000000c,0000000c,0,00000,0,000c0000
40785000,1,000000a4,000000a0,000000a0,0000009c,0000009c,0360f809,000000a4,0,00000,000f0f0f,xxxxxxxx,xxxxxxxx,00000000,00000000,0000000c,0000000c,0,00000,0,000c0000
40795000,1,000000a8,000000a4,000000a0,000000a0,0000009c,0360f809,000000a8,0,00000,000ff0f0,xxxxxxxx,xxxxxxxx,00000000,00000000,00000050,00000050,0,00000,0,00000050
40805000,1,000000a8,000000a4,000000a0,000000a0,000000a0,24010008,000000a8,0,00000,000ff00f,xxxxxxxx,xxxxxxxx,00000000,00000000,00000050,00000050,0,00000,0,00000050
40815000,1,00000050,000000a8,000000a4,000000a0,000000a0,24010008,00000050,0,00000,000fff00,xxxxxxxx,xxxxxxxx,00000000,00000000,00000050,00000050,0,00000,0,00000050
40825000,1,00000050,000000a8,000000a8,000000a4,000000a0,00411821,00000050,0,00000,000f0ff0,xxxxxxxx,xxxxxxxx,00000000,00000000,000000ac,000000ac,0,00000,0,00000000
40835000,1,00000054,00000050,000000a8,000000a8,000000a4,00411821,00000054,0,00000,000ff0ff,xxxxxxxx,xxxxxxxx,00000000,00000000,00000008,00000008,0,00000,0,00000008
40845000,1,00000054,00000050,00000050,000000a8,000000a8,00022082,00000054,0,00000,000f0f0f,xxxxxxxx,xxxxxxxx,00000000,00000000,00000008,00000008,0,00000,0,00000008
40855000,1,00000058,00000054,00000050,00000050,000000a8,00022082,00000058,0,00000,000ff0f0,xxxxxxxx,xxxxxxxx,00000000,00000000,00000018,00000018,0,00000,0,00000008
40865000,1,00000058,00000054,00000054,00000050,00000050,28990005,00000058,0,00000,000f0f0f,xxxxxxxx,xxxxxxxx,00000000,00000000,00000018,00000018,0,00000,0,00000008
40875000,1,0000005c,00000058,00000054,00000054,00000050,28990005,0000005c,0,00000,000ff0f0,xxxxxxxx,xxxxxxxx,00000000,00000000,00000004,00000004,0,00000,0,00000010
40885000,1,0000005c,00000058,00000058,00000054,00000054,0721000e,0000005c,0,00000,000f0f0f,xxxxxxxx,xxxxxxxx,00000000,00000000,00000004,00000004,0,00000,0,00000010
40895000,1,00000060,0000005c,00000058,00000058,00000054,0721000e,00000060,0,00000,000ff0f0,xxxxxxxx,xxxxxxxx,00000000,00000000,00000001,00000001,0,00000,0,00000100
40905000,1,00000060,0000005c,00000058,00000058,00000058,00642823,00000060,0,00000,000ff00f,xxxxxxxx,xxxxxxxx,00000000,00000000,00000001,00000001,0,00000,0,00000100
40915000,1,00000098,00000060,0000005c,00000058,00000058,00642823,00000098,0,00000,000fff00,xxxxxxxx,xxxxxxxx,00000000,00000000,00000001,00000001,0,00000,0,00000100
40925000,1,00000098,00000060,00000060,0000005c,00000058,3c0c000c,00000098,0,00000,000f0ff0,xxxxxxxx,xxxxxxxx,00000000,00000000,00000000,00000000,0,00000,0,00000008
40935000,1,0000009c,00000098,00000060,00000060,0000005c,3c0c000c,0000009c,0,00000,000ff0ff,xxxxxxxx,xxxxxxxx,00000000,00000000,00000014,00000014,0,00000,0,00000004
40945000,1,0000009c,00000098,00000098,00000060,00000060,004cd007,0000009c,0,00000,000f0f0f,xxxxxxxx,xxxxxxxx,00000000,00000000,00000014,00000014,0,00000,0,00000004
40955000,1,000000a0,0000009c,00000098,00000098,00000060,004cd007,000000a0,0,00000,000ff0f0,xxxxxxxx,xxxxxxxx,00000000,00000000,000c0000,000c0000,0,00000,0,000c0000
40965000,1,000000a0,0000009c,0000009c,00000098,00000098,275b0044,000000a0,0,00000,000f0f0f,xxxxxxxx,xxxxxxxx,00000000,00000000,000c0000,000c0000,0,00000,0,000c0000
40975000,1,000000a4,000000a0,0000009c,0000009c,00000098,275b0044,000000a4,0,00000,000ff0f0,xxxxxxxx,xxxxxxxx,00000000,00000000,0000000c,0000000c,0,00000,0,000c0000
40985000,1,000000a4,000000a0,000000a0,0000009c,0000009c,0360f809,000000a4,0,00000,000f0f0f,xxxxxxxx,xxxxxxxx,00000000,00000000,0000000c,0000000c,0,00000,0,000c0000
40995000,1,000000a8,000000a4,000000a0,000000a0,0000009c,0360f809,000000a8,0,00000,000ff0f0,xxxxxxxx,xxxxxxxx,00000000,00000000,00000050,00000050,0,00000,0,00000050
41005000,1,000000a8,000000a4,000000a0,000000a0,000000a0,24010008,000000a8,0,00000,000ff00f,xxxxxxxx,xxxxxxxx,00000000,00000000,00000050,00000050,0,00000,0,00000050
41015000,1,00000050,000000a8,000000a4,000000a0,000000a0,24010008,00000050,0,00000,000fff00,xxxxxxxx,xxxxxxxx,00000000,00000000,00000050,00000050,0,00000,0,00000050
41025000,1,00000050,000000a8,000000a8,000000a4,000000a0,00411821,00000050,0,00000,000f0ff0,xxxxxxxx,xxxxxxxx,00000000,00000000,000000ac,000000ac,0,00000,0,00000000
41035000,1,00000054,00000050,000000a8,000000a8,000000a4,00411821,00000054,0,00000,000ff0ff,xxxxxxxx,xxxxxxxx,00000000,00000000,00000008,00000008,0,00000,0,00000008
41045000,1,00000054,00000050,00000050,000000a8,000000a8,00022082,00000054,0,00000,000f0f0f,xxxxxxxx,xxxxxxxx,00000000,00000000,00000008,00000008,0,00000,0,00000008
41055000,1,00000058,00000054,00000050,00000050,000000a8,00022082,00000058,0,00000,000ff0f0,xxxxxxxx,xxxxxxxx,00000000,00000000,00000018,00000018,0,00000,0,00000008
41065000,1,00000058,00000054,00000054,00000050,00000050,28990005,00000058,0,00000,000f0f0f,xxxxxxxx,xxxxxxxx,00000000,00000000,00000018,00000018,0,00000,0,00000008
41075000,1,0000005c,00000058,00000054,00000054,00000050,28990005,0000005c,0,00000,000ff0f0,xxxxxxxx,xxxxxxxx,00000000,00000000,00000004,00000004,0,00000,0,00000010
41085000,1,0000005c,00000058,00000058,00000054,00000054,0721000e,0000005c,0,00000,000f0f0f,xxxxxxxx,xxxxxxxx,00000000,00000000,00000004,00000004,0,00000,0,00000010
41095000,1,00000060,0000005c,00000058,00000058,00000054,0721000e,00000060,0,00000,000ff0f0,xxxxxxxx,xxxxxxxx,00000000,00000000,00000001,00000001,0,00000,0,00000100
41105000,1,00000060,0000005c,00000058,00000058,00000058,00642823,00000060,0,00000,000ff00f,xxxxxxxx,xxxxxxxx,00000000,00000000,00000001,00000001,0,00000,0,00000100
41115000,1,00000098,00000060,0000005c,00000058,00000058,00642823,00000098,0,00000,000fff00,xxxxxxxx,xxxxxxxx,00000000,00000000,00000001,00000001,0,00000,0,00000100
41125000,1,00000098,00000060,00000060,0000005c,00000058,3c0c000c,00000098,0,00000,000f0ff0,xxxxxxxx,xxxxxxxx,00000000,00000000,00000000,00000000,0,00000,0,00000008
41135000,1,0000009c,00000098,00000060,00000060,0000005c,3c0c000c,0000009c,0,00000,000ff0ff,xxxxxxxx,xxxxxxxx,00000000,00000000,00000014,00000014,0,00000,0,00000004
41145000,1,0000009c,00000098,00000098,00000060,00000060,004cd007,0000009c,0,00000,000f0f0f,xxxxxxxx,xxxxxxxx,00000000,00000000,00000014,00000014,0,00000,0,00000004
41155000,1,000000a0,0000009c,00000098,00000098,00000060,004cd007,000000a0,0,00000,000ff0f0,xxxxxxxx,xxxxxxxx,00000000,00000000,000c0000,000c0000,0,00000,0,000c0000
41165000,1,000000a0,0000009c,0000009c,00000098,00000098,275b0044,000000a0,0,00000,000f0f0f,xxxxxxxx,xxxxxxxx,00000000,00000000,000c0000,000c0000,0,00000,0,000c0000
41175000,1,000000a4,000000a0,0000009c,0000009c,00000098,275b0044,000000a4,0,00000,000ff0f0,xxxxxxxx,xxxxxxxx,00000000,00000000,0000000c,0000000c,0,00000,0,000c0000
41185000,1,000000a4,000000a0,000000a0,0000009c,0000009c,0360f809,000000a4,0,00000,000f0f0f,xxxxxxxx,xxxxxxxx,00000000,00000000,0000000c,0000000c,0,00000,0,000c0000
41195000,1,000000a8,000000a4,000000a0,000000a0,0000009c,0360f809,000000a8,0,00000,000ff0f0,xxxxxxxx,xxxxxxxx,00000000,00000000,00000050,00000050,0,00000,0,00000050
41205000,1,000000a8,000000a4,000000a0,000000a0,000000a0,24010008,000000a8,0,00000,000ff00f,xxxxxxxx,xxxxxxxx,00000000,00000000,00000050,00000050,0,00000,0,00000050
41215000,1,00000050,000000a8,000000a4,000000a0,000000a0,24010008,00000050,0,00000,000fff00,xxxxxxxx,xxxxxxxx,00000000,00000000,00000050,00000050,0,00000,0,00000050
41225000,1,00000050,000000a8,000000a8,000000a4,000000a0,00411821,00000050,0,00000,000f0ff0,xxxxxxxx,xxxxxxxx,00000000,00000000,000000ac,000000ac,0,00000,0,00000000
41235000,1,00000054,00000050,000000a8,000000a8,000000a4,00411821,00000054,0,00000,000ff0ff,xxxxxxxx,xxxxxxxx,00000000,00000000,00000008,00000008,0,00000,0,00000008
41245000,1,00000054,00000050,00000050,000000a8,000000a8,00022082,00000054,0,00000,000f0f0f,xxxxxxxx,xxxxxxxx,00000000,00000000,00000008,00000008,0,00000,0,00000008
41255000,1,00000058,00000054,00000050,00000050,000000a8,00022082,00000058,0,00000,000ff0f0,xxxxxxxx,xxxxxxxx,00000000,00000000,00000018,00000018,0,00000,0,00000008
41265000,1,00000058,00000054,00000054,00000050,00000050,28990005,00000058,0,00000,000f0f0f,xxxxxxxx,xxxxxxxx,00000000,00000000,00000018,00000018,0,00000,0,00000008
41275000,1,0000005c,00000058,00000054,00000054,00000050,28990005,0000005c,0,00000,000ff0f0,xxxxxxxx,xxxxxxxx,00000000,00000000,00000004,00000004,0,00000,0,00000010
41285000,1,0000005c,00000058,00000058,00000054,00000054,0721000e,0000005c,0,00000,000f0f0f,xxxxxxxx,xxxxxxxx,00000000,00000000,00000004,00000004,0,00000,0,00000010
41295000,1,00000060,0000005c,00000058,00000058,00000054,0721000e,00000060,0,00000,000ff0f0,xxxxxxxx,xxxxxxxx,00000000,00000000,00000001,00000001,0,00000,0,00000100
41305000,1,00000060,0000005c,00000058,00000058,00000058,00642823,00000060,0,00000,000ff00f,xxxxxxxx,xxxxxxxx,00000000,00000000,00000001,00000001,0,00000,0,00000100
41315000,1,00000098,00000060,0000005c,00000058,00000058,00642823,00000098,0,00000,000fff00,xxxxxxxx,xxxxxxxx,00000000,00000000,00000001,00000001,0,00000,0,00000100
41325000,1,00000098,00000060,00000060,0000005c,00000058,3c0c000c,00000098,0,00000,000f0ff0,xxxxxxxx,xxxxxxxx,00000000,00000000,00000000,00000000,0,00000,0,00000008
41335000,1,0000009c,00000098,00000060,00000060,0000005c,3c0c000c,0000009c,0,00000,000ff0ff,xxxxxxxx,xxxxxxxx,00000000,00000000,00000014,00000014,0,00000,0,00000004
41345000,1,0000009c,00000098,00000098,00000060,00000060,004cd007,0000009c,0,00000,000f0f0f,xxxxxxxx,xxxxxxxx,00000000,00000000,00000014,00000014,0,00000,0,00000004
41355000,1,000000a0,0000009c,00000098,00000098,00000060,004cd007,000000a0,0,00000,000ff0f0,xxxxxxxx,xxxxxxxx,00000000,00000000,000c0000,000c0000,0,00000,0,000c0000
41365000,1,000000a0,0000009c,0000009c,00000098,00000098,275b0044,000000a0,0,00000,000f0f0f,xxxxxxxx,xxxxxxxx,00000000,00000000,000c0000,000c0000,0,00000,0,000c0000
41375000,1,000000a4,000000a0,0000009c,0000009c,00000098,275b0044,000000a4,0,00000,000ff0f0,xxxxxxxx,xxxxxxxx,00000000,00000000,0000000c,0000000c,0,00000,0,000c0000
41385000,1,000000a4,000000a0,000000a0,0000009c,0000009c,0360f809,000000a4,0,00000,000f0f0f,xxxxxxxx,xxxxxxxx,00000000,00000000,0000000c,0000000c,0,00000,0,000c0000
41395000,1,000000a8,000000a4,000000a0,000000a0,0000009c,0360f809,000000a8,0,00000,000ff0f0,xxxxxxxx,xxxxxxxx,00000000,00000000,00000050,00000050,0,00000,0,00000050
41405000,1,000000a8,000000a4,000000a0,000000a0,000000a0,24010008,000000a8,0,00000,000ff00f,xxxxxxxx,xxxxxxxx,00000000,00000000,00000050,00000050,0,00000,0,00000050
41415000,1,00000050,000000a8,000000a4,000000a0,000000a0,24010008,00000050,0,00000,000fff00,xxxxxxxx,xxxxxxxx,00000000,00000000,00000050,00000050,0,00000,0,00000050
41425000,1,00000050,000000a8,000000a8,000000a4,000000a0,00411821,00000050,0,00000,000f0ff0,xxxxxxxx,xxxxxxxx,00000000,00000000,000000ac,000000ac,0,00000,0,00000000
41435000,1,00000054,00000050,000000a8,000000a8,000000a4,00411821,00000054,0,00000,000ff0ff,xxxxxxxx,xxxxxxxx,00000000,00000000,00000008,00000008,0,00000,0,00000008
41445000,1,00000054,00000050,00000050,000000a8,000000a8,00022082,00000054,0,00000,000f0f0f,xxxxxxxx,xxxxxxxx,00000000,00000000,00000008,00000008,0,00000,0,00000008
41455000,1,00000058,00000054,00000050,00000050,000000a8,00022082,00000058,0,00000,000ff0f0,xxxxxxxx,xxxxxxxx,00000000,00000000,00000018,00000018,0,00000,0,00000008
41465000,1,00000058,00000054,00000054,00000050,00000050,28990005,00000058,0,00000,000f0f0f,xxxxxxxx,xxxxxxxx,00000000,00000000,00000018,00000018,0,00000,0,00000008
41475000,1,0000005c,00000058,00000054,00000054,00000050,28990005,0000005c,0,00000,000ff0f0,xxxxxxxx,xxxxxxxx,00000000,00000000,00000004,00000004,0,00000,0,00000010
41485000,1,0000005c,00000058,00000058,00000054,00000054,0721000e,0000005c,0,00000,000f0f0f,xxxxxxxx,xxxxxxxx,00000000,00000000,00000004,00000004,0,00000,0,00000010
41495000,1,00000060,0000005c,00000058,00000058,00000054,0721000e,00000060,0,00000,000ff0f0,xxxxxxxx,xxxxxxxx,00000000,00000000,00000001,00000001,0,00000,0,00000100
41505000,1,00000060,0000005c,00000058,00000058,00000058,00642823,00000060,0,00000,000ff00f,xxxxxxxx,xxxxxxxx,00000000,00000000,00000001,00000001,0,00000,0,00000100
41515000,1,00000098,00000060,0000005c,00000058,00000058,00642823,00000098,0,00000,000fff00,xxxxxxxx,xxxxxxxx,00000000,00000000,00000001,00000001,0,00000,0,00000100
41525000,1,00000098,00000060,00000060,0000005c,00000058,3c0c000c,00000098,0,00000,000f0ff0,xxxxxxxx,xxxxxxxx,00000000,00000000,00000000,00000000,0,00000,0,00000008
41535000,1,0000009c,00000098,00000060,00000060,0000005c,3c0c000c,0000009c,0,00000,000ff0ff,xxxxxxxx,xxxxxxxx,00000000,00000000,00000014,00000014,0,00000,0,00000004
41545000,1,0000009c,00000098,00000098,00000060,00000060,004cd007,0000009c,0,00000,000f0f0f,xxxxxxxx,xxxxxxxx,00000000,00000000,00000014,00000014,0,00000,0,00000004
41555000,1,000000a0,0000009c,00000098,00000098,00000060,004cd007,000000a0,0,00000,000ff0f0,xxxxxxxx,xxxxxxxx,00000000,00000000,000c0000,000c0000,0,00000,0,000c0000
41565000,1,000000a0,0000009c,0000009c,00000098,00000098,275b0044,000000a0,0,00000,000f0f0f,xxxxxxxx,xxxxxxxx,00000000,00000000,000c0000,000c0000,0,00000,0,000c0000
41575000,1,000000a4,000000a0,0000009c,0000009c,00000098,275b0044,000000a4,0,00000,000ff0f0,xxxxxxxx,xxxxxxxx,00000000,00000000,0000000c,0000000c,0,00000,0,000c0000
41585000,1,000000a4,000000a0,000000a0,0000009c,0000009c,0360f809,000000a4,0,00000,000f0f0f,xxxxxxxx,xxxxxxxx,00000000,00000000,0000000c,0000000c,0,00000,0,000c0000
41595000,1,000000a8,000000a4,000000a0,000000a0,0000009c,0360f809,000000a8,0,00000,000ff0f0,xxxxxxxx,xxxxxxxx,00000000,00000000,00000050,00000050,0,00000,0,00000050
41605000,1,000000a8,000000a4,000000a0,000000a0,000000a0,24010008,000000a8,0,00000,000ff00f,xxxxxxxx,xxxxxxxx,00000000,00000000,00000050,00000050,0,00000,0,00000050
41615000,1,00000050,000000a8,000000a4,000000a0,000000a0,24010008,00000050,0,00000,000fff00,xxxxxxxx,xxxxxxxx,00000000,00000000,00000050,00000050,0,00000,0,00000050
41625000,1,00000050,000000a8,000000a8,000000a4,000000a0,00411821,00000050,0,00000,000f0ff0,xxxxxxxx,xxxxxxxx,00000000,00000000,000000ac,000000ac,0,00000,0,00000000
41635000,1,00000054,00000050,000000a8,000000a8,000000a4,00411821,00000054,0,00000,000ff0ff,xxxxxxxx,xxxxxxxx,00000000,00000000,00000008,00000008,0,00000,0,00000008
41645000,1,00000054,00000050,00000050,000000a8,000000a8,00022082,00000054,0,00000,000f0f0f,xxxxxxxx,xxxxxxxx,00000000,00000000,00000008,00000008,0,00000,0,00000008
41655000,1,00000058,00000054,00000050,00000050,000000a8,00022082,00000058,0,00000,000ff0f0,xxxxxxxx,xxxxxxxx,00000000,00000000,00000018,00000018,0,00000,0,00000008
41665000,1,00000058,00000054,00000054,00000050,00000050,28990005,00000058,0,00000,000f0f0f,xxxxxxxx,xxxxxxxx,00000000,00000000,00000018,00000018,0,00000,0,00000008
41675000,1,0000005c,00000058,00000054,00000054,00000050,28990005,0000005c,0,00000,000ff0f0,xxxxxxxx,xxxxxxxx,00000000,00000000,00000004,00000004,0,00000,0,00000010
41685000,1,0000005c,00000058,00000058,00000054,00000054,0721000e,0000005c,0,00000,000f0f0f,xxxxxxxx,xxxxxxxx,00000000,00000000,00000004,00000004,0,00000,0,00000010
41695000,1,00000060,0000005c,00000058,00000058,00000054,0721000e,00000060,0,00000,000ff0f0,xxxxxxxx,xxxxxxxx,00000000,00000000,00000001,00000001,0,00000,0,00000100
41705000,1,00000060,0000005c,00000058,00000058,00000058,00642823,00000060,0,00000,000ff00f,xxxxxxxx,xxxxxxxx,00000000,00000000,00000001,00000001,0,00000,0,00000100
41715000,1,00000098,00000060,0000005c,00000058,00000058,00642823,00000098,0,00000,000fff00,xxxxxxxx,xxxxxxxx,00000000,00000000,00000001,00000001,0,00000,0,00000100
41725000,1,00000098,00000060,00000060,0000005c,00000058,3c0c000c,00000098,0,00000,000f0ff0,xxxxxxxx,xxxxxxxx,00000000,00000000,00000000,00000000,0,00000,0,00000008
41735000,1,0000009c,00000098,00000060,00000060,0000005c,3c0c000c,0000009c,0,00000,000ff0ff,xxxxxxxx,xxxxxxxx,00000000,00000000,00000014,00000014,0,00000,0,00000004
41745000,1,0000009c,00000098,00000098,00000060,00000060,004cd007,0000009c,0,00000,000f0f0f,xxxxxxxx,xxxxxxxx,00000000,00000000,00000014,00000014,0,00000,0,00000004
41755000,1,000000a0,0000009c,00000098,00000098,00000060,004cd007,000000a0,0,00000,000ff0f0,xxxxxxxx,xxxxxxxx,00000000,00000000,000c0000,000c0000,0,00000,0,000c0000
41765000,1,000000a0,0000009c,0000009c,00000098,00000098,275b0044,000000a0,0,00000,000f0f0f,xxxxxxxx,xxxxxxxx,00000000,00000000,000c0000,000c0000,0,00000,0,000c0000
41775000,1,000000a4,000000a0,0000009c,0000009c,00000098,275b0044,000000a4,0,00000,000ff0f0,xxxxxxxx,xxxxxxxx,00000000,00000000,0000000c,0000000c,0,00000,0,000c0000
41785000,1,000000a4,000000a0,000000a0,0000009c,0000009c,0360f809,000000a4,0,00000,000f0f0f,xxxxxxxx,xxxxxxxx,00000000,00000000,0000000c,0000000c,0,00000,0,000c0000
41795000,1,000000a8,000000a4,000000a0,000000a0,0000009c,0360f809,000000a8,0,00000,000ff0f0,xxxxxxxx,xxxxxxxx,00000000,00000000,00000050,00000050,0,00000,0,00000050
41805000,1,000000a8,000000a4,000000a0,000000a0,000000a0,24010008,000000a8,0,00000,000ff00f,xxxxxxxx,xxxxxxxx,00000000,00000000,00000050,00000050,0,00000,0,00000050
41815000,1,00000050,000000a8,000000a4,000000a0,000000a0,24010008,00000050,0,00000,000fff00,xxxxxxxx,xxxxxxxx,00000000,00000000,00000050,00000050,0,00000,0,00000050
41825000,1,00000050,000000a8,000000a8,000000a4,000000a0,00411821,00000050,0,00000,000f0ff0,xxxxxxxx,xxxxxxxx,00000000,00000000,000000ac,000000ac,0,00000,0,00000000
41835000,1,00000054,00000050,000000a8,000000a8,000000a4,00411821,00000054,0,00000,000ff0ff,xxxxxxxx,xxxxxxxx,00000000,00000000,00000008,00000008,0,00000,0,00000008
41845000,1,00000054,00000050,00000050,000000a8,000000a8,00022082,00000054,0,00000,000f0f0f,xxxxxxxx,xxxxxxxx,00000000,00000000,00000008,00000008,0,00000,0,00000008
41855000,1,00000058,00000054,00000050,00000050,000000a8,00022082,00000058,0,00000,000ff0f0,xxxxxxxx,xxxxxxxx,00000000,00000000,00000018,00000018,0,00000,0,00000008
41865000,1,00000058,00000054,00000054,00000050,00000050,28990005,00000058,0,00000,000f0f0f,xxxxxxxx,xxxxxxxx,00000000,00000000,00000018,00000018,0,00000,0,00000008
41875000,1,0000005c,00000058,00000054,00000054,00000050,28990005,0000005c,0,00000,000ff0f0,xxxxxxxx,xxxxxxxx,00000000,00000000,00000004,00000004,0,00000,0,00000010
41885000,1,0000005c,00000058,00000058,00000054,00000054,0721000e,0000005c,0,00000,000f0f0f,xxxxxxxx,xxxxxxxx,00000000,00000000,00000004,00000004,0,00000,0,00000010
41895000,1,00000060,0000005c,00000058,00000058,00000054,0721000e,00000060,0,00000,000ff0f0,xxxxxxxx,xxxxxxxx,00000000,00000000,00000001,00000001,0,00000,0,00000100
41905000,1,00000060,0000005c,00000058,00000058,00000058,00642823,00000060,0,00000,000ff00f,xxxxxxxx,xxxxxxxx,00000000,00000000,00000001,00000001,0,00000,0,00000100
41915000,1,00000098,00000060,0000005c,00000058,00000058,00642823,00000098,0,00000,000fff00,xxxxxxxx,xxxxxxxx,00000000,00000000,00000001,00000001,0,00000,0,00000100
41925000,1,00000098,00000060,00000060,0000005c,00000058,3c0c000c,00000098,0,00000,000f0ff0,xxxxxxxx,xxxxxxxx,00000000,00000000,00000000,00000000,0,00000,0,00000008
41935000,1,0000009c,00000098,00000060,00000060,0000005c,3c0c000c,0000009c,0,00000,000ff0ff,xxxxxxxx,xxxxxxxx,00000000,00000000,00000014,00000014,0,00000,0,00000004
41945000,1,0000009c,00000098,00000098,00000060,00000060,004cd007,0000009c,0,00000,000f0f0f,xxxxxxxx,xxxxxxxx,00000000,00000000,00000014,00000014,0,00000,0,00000004
41955000,1,000000a0,0000009c,00000098,00000098,00000060,004cd007,000000a0,0,00000,000ff0f0,xxxxxxxx,xxxxxxxx,00000000,00000000,000c0000,000c0000,0,00000,0,000c0000
41965000,1,000000a0,0000009c,0000009c,00000098,00000098,275b0044,000000a0,0,00000,000f0f0f,xxxxxxxx,xxxxxxxx,00000000,00000000,000c0000,000c0000,0,00000,0,000c0000
41975000,1,000000a4,000000a0,0000009c,0000009c,00000098,275b0044,000000a4,0,00000,000ff0f0,xxxxxxxx,xxxxxxxx,00000000,00000000,0000000c,0000000c,0,00000,0,000c0000
41985000,1,000000a4,000000a0,000000a0,0000009c,0000009c,0360f809,000000a4,0,00000,000f0f0f,xxxxxxxx,xxxxxxxx,00000000,00000000,0000000c,0000000c,0,00000,0,000c0000
41995000,1,000000a8,000000a4,000000a0,000000a0,0000009c,0360f809,000000a8,0,00000,000ff0f0,xxxxxxxx,xxxxxxxx,00000000,00000000,00000050,00000050,0,00000,0,00000050
42005000,1,000000a8,000000a4,000000a0,000000a0,000000a0,24010008,000000a8,0,00000,000ff00f,xxxxxxxx,xxxxxxxx,00000000,00000000,00000050,00000050,0,00000,0,00000050
42015000,1,00000050,000000a8,000000a4,000000a0,000000a0,24010008,00000050,0,00000,000fff00,xxxxxxxx,xxxxxxxx,00000000,00000000,00000050,00000050,0,00000,0,00000050
42025000,1,00000050,000000a8,000000a8,000000a4,000000a0,00411821,00000050,0,00000,000f0ff0,xxxxxxxx,xxxxxxxx,00000000,00000000,000000ac,000000ac,0,00000,0,00000000
42035000,1,00000054,00000050,000000a8,000000a8,000000a4,00411821,00000054,0,00000,000ff0ff,xxxxxxxx,xxxxxxxx,00000000,00000000,00000008,00000008,0,00000,0,00000008
42045000,1,00000054,00000050,00000050,000000a8,000000a8,00022082,00000054,0,00000,000f0f0f,xxxxxxxx,xxxxxxxx,00000000,00000000,00000008,00000008,0,00000,0,00000008
42055000,1,00000058,00000054,00000050,00000050,000000a8,00022082,00000058,0,00000,000ff0f0,xxxxxxxx,xxxxxxxx,00000000,00000000,00000018,00000018,0,00000,0,00000008
42065000,1,00000058,00000054,00000054,00000050,00000050,28990005,00000058,0,00000,000f0f0f,xxxxxxxx,xxxxxxxx,00000000,00000000,00000018,00000018,0,00000,0,00000008
42075000,1,0000005c,00000058,00000054,00000054,00000050,28990005,0000005c,0,00000,000ff0f0,xxxxxxxx,xxxxxxxx,00000000,00000000,00000004,00000004,0,00000,0,00000010
42085000,1,0000005c,00000058,00000058,00000054,00000054,0721000e,0000005c,0,00000,000f0f0f,xxxxxxxx,xxxxxxxx,00000000,00000000,00000004,00000004,0,00000,0,00000010
42095000,1,00000060,0000005c,00000058,00000058,00000054,0721000e,00000060,0,00000,000ff0f0,xxxxxxxx,xxxxxxxx,00000000,00000000,00000001,00000001,0,00000,0,00000100
42105000,1,00000060,0000005c,00000058,00000058,00000058,00642823,00000060,0,00000,000ff00f,xxxxxxxx,xxxxxxxx,00000000,00000000,00000001,00000001,0,00000,0,00000100
42115000,1,00000098,00000060,0000005c,00000058,00000058,00642823,00000098,0,00000,000fff00,xxxxxxxx,xxxxxxxx,00000000,00000000,00000001,00000001,0,00000,0,00000100
42125000,1,00000098,00000060,00000060,0000005c,00000058,3c0c000c,00000098,0,00000,000f0ff0,xxxxxxxx,xxxxxxxx,00000000,00000000,00000000,00000000,0,00000,0,00000008
42135000,1,0000009c,00000098,00000060,00000060,0000005c,3c0c000c,0000009c,0,00000,000ff0ff,xxxxxxxx,xxxxxxxx,00000000,00000000,00000014,00000014,0,00000,0,00000004
42145000,1,0000009c,00000098,00000098,00000060,00000060,004cd007,0000009c,0,00000,000f0f0f,xxxxxxxx,xxxxxxxx,00000000,00000000,00000014,00000014,0,00000,0,00000004
42155000,1,000000a0,0000009c,00000098,00000098,00000060,004cd007,000000a0,0,00000,000ff0f0,xxxxxxxx,xxxxxxxx,00000000,00000000,000c0000,000c0000,0,00000,0,000c0000
42165000,1,000000a0,0000009c,0000009c,00000098,00000098,275b0044,000000a0,0,00000,000f0f0f,xxxxxxxx,xxxxxxxx,00000000,00000000,000c0000,000c0000,0,00000,0,000c0000
42175000,1,000000a4,000000a0,0000009c,0000009c,00000098,275b0044,000000a4,0,00000,000ff0f0,xxxxxxxx,xxxxxxxx,00000000,00000000,0000000c,0000000c,0,00000,0,000c0000
42185000,1,000000a4,000000a0,000000a0,0000009c,0000009c,0360f809,000000a4,0,00000,000f0f0f,xxxxxxxx,xxxxxxxx,00000000,00000000,0000000c,0000000c,0,00000,0,000c0000
42195000,1,000000a8,000000a4,000000a0,000000a0,0000009c,0360f809,000000a8,0,00000,000ff0f0,xxxxxxxx,xxxxxxxx,00000000,00000000,00000050,00000050,0,00000,0,00000050
42205000,1,000000a8,000000a4,000000a0,000000a0,000000a0,24010008,000000a8,0,00000,000ff00f,xxxxxxxx,xxxxxxxx,00000000,00000000,00000050,00000050,0,00000,0,00000050
42215000,1,00000050,000000a8,000000a4,000000a0,000000a0,24010008,00000050,0,00000,000fff00,xxxxxxxx,xxxxxxxx,00000000,00000000,00000050,00000050,0,00000,0,00000050
42225000,1,00000050,000000a8,000000a8,000000a4,000000a0,00411821,00000050,0,00000,000f0ff0,xxxxxxxx,xxxxxxxx,00000000,00000000,000000ac,000000ac,0,00000,0,00000000
42235000,1,00000054,00000050,000000a8,000000a8,000000a4,00411821,00000054,0,00000,000ff0ff,xxxxxxxx,xxxxxxxx,00000000,00000000,00000008,00000008,0,00000,0,00000008
42245000,1,00000054,00000050,00000050,000000a8,000000a8,00022082,00000054,0,00000,000f0f0f,xxxxxxxx,xxxxxxxx,00000000,00000000,00000008,00000008,0,00000,0,00000008
42255000,1,00000058,00000054,00000050,00000050,000000a8,00022082,00000058,0,00000,000ff0f0,xxxxxxxx,xxxxxxxx,00000000,00000000,00000018,00000018,0,00000,0,00000008
42265000,1,00000058,00000054,00000054,00000050,00000050,28990005,00000058,0,00000,000f0f0f,xxxxxxxx,xxxxxxxx,00000000,00000000,00000018,00000018,0,00000,0,00000008
42275000,1,0000005c,00000058,00000054,00000054,00000050,28990005,0000005c,0,00000,000ff0f0,xxxxxxxx,xxxxxxxx,00000000,00000000,00000004,00000004,0,00000,0,00000010
42285000,1,0000005c,00000058,00000058,00000054,00000054,0721000e,0000005c,0,00000,000f0f0f,xxxxxxxx,xxxxxxxx,00000000,00000000,00000004,00000004,0,00000,0,00000010
42295000,1,00000060,0000005c,00000058,00000058,00000054,0721000e,00000060,0,00000,000ff0f0,xxxxxxxx,xxxxxxxx,00000000,00000000,00000001,00000001,0,00000,0,00000100
42305000,1,00000060,0000005c,00000058,00000058,00000058,00642823,00000060,0,00000,000ff00f,xxxxxxxx,xxxxxxxx,00000000,00000000,00000001,00000001,0,00000,0,00000100
42315000,1,00000098,00000060,0000005c,00000058,00000058,00642823,00000098,0,00000,000fff00,xxxxxxxx,xxxxxxxx,00000000,00000000,00000001,00000001,0,00000,0,00000100
42325000,1,00000098,00000060,00000060,0000005c,00000058,3c0c000c,00000098,0,00000,000f0ff0,xxxxxxxx,xxxxxxxx,00000000,00000000,00000000,00000000,0,00000,0,00000008
42335000,1,0000009c,00000098,00000060,00000060,0000005c,3c0c000c,0000009c,0,00000,000ff0ff,xxxxxxxx,xxxxxxxx,00000000,00000000,00000014,00000014,0,00000,0,00000004
42345000,1,0000009c,00000098,00000098,00000060,00000060,004cd007,0000009c,0,00000,000f0f0f,xxxxxxxx,xxxxxxxx,00000000,00000000,00000014,00000014,0,00000,0,00000004
42355000,1,000000a0,0000009c,00000098,00000098,00000060,004cd007,000000a0,0,00000,000ff0f0,xxxxxxxx,xxxxxxxx,00000000,00000000,000c0000,000c0000,0,00000,0,000c0000
42365000,1,000000a0,0000009c,0000009c,00000098,00000098,275b0044,000000a0,0,00000,000f0f0f,xxxxxxxx,xxxxxxxx,00000000,00000000,000c0000,000c0000,0,00000,0,000c0000
42375000,1,000000a4,000000a0,0000009c,0000009c,00000098,275b0044,000000a4,0,00000,000ff0f0,xxxxxxxx,xxxxxxxx,00000000,00000000,0000000c,0000000c,0,00000,0,000c0000
42385000,1,000000a4,000000a0,000000a0,0000009c,0000009c,0360f809,000000a4,0,00000,000f0f0f,xxxxxxxx,xxxxxxxx,00000000,00000000,0000000c,0000000c,0,00000,0,000c0000
42395000,1,000000a8,000000a4,000000a0,000000a0,0000009c,0360f809,000000a8,0,00000,000ff0f0,xxxxxxxx,xxxxxxxx,00000000,00000000,00000050,00000050,0,00000,0,00000050
42405000,1,000000a8,000000a4,000000a0,000000a0,000000a0,24010008,000000a8,0,00000,000ff00f,xxxxxxxx,xxxxxxxx,00000000,00000000,00000050,00000050,0,00000,0,00000050
42415000,1,00000050,000000a8,000000a4,000000a0,000000a0,24010008,00000050,0,00000,000fff00,xxxxxxxx,xxxxxxxx,00000000,00000000,00000050,00000050,0,00000,0,00000050
42425000,1,00000050,000000a8,000000a8,000000a4,000000a0,00411821,00000050,0,00000,000f0ff0,xxxxxxxx,xxxxxxxx,00000000,00000000,000000ac,000000ac,0,00000,0,00000000
42435000,1,00000054,00000050,000000a8,000000a8,000000a4,00411821,00000054,0,00000,000ff0ff,xxxxxxxx,xxxxxxxx,00000000,00000000,00000008,00000008,0,00000,0,00000008
42445000,1,00000054,00000050,00000050,000000a8,000000a8,00022082,00000054,0,00000,000f0f0f,xxxxxxxx,xxxxxxxx,00000000,00000000,00000008,00000008,0,00000,0,00000008
42455000,1,00000058,00000054,00000050,00000050,000000a8,00022082,00000058,0,00000,000ff0f0,xxxxxxxx,xxxxxxxx,00000000,00000000,00000018,00000018,0,00000,0,00000008
42465000,1,00000058,00000054,00000054,00000050,00000050,28990005,00000058,0,00000,000f0f0f,xxxxxxxx,xxxxxxxx,00000000,00000000,00000018,00000018,0,00000,0,00000008
42475000,1,0000005c,00000058,00000054,00000054,00000050,28990005,0000005c,0,00000,000ff0f0,xxxxxxxx,xxxxxxxx,00000000,00000000,00000004,00000004,0,00000,0,00000010
42485000,1,0000005c,00000058,00000058,00000054,00000054,0721000e,0000005c,0,00000,000f0f0f,xxxxxxxx,xxxxxxxx,00000000,00000000,00000004,00000004,0,00000,0,00000010
42495000,1,00000060,0000005c,00000058,00000058,00000054,0721000e,00000060,0,00000,000ff0f0,xxxxxxxx,xxxxxxxx,00000000,00000000,00000001,00000001,0,00000,0,00000100
42505000,1,00000060,0000005c,00000058,00000058,00000058,00642823,00000060,0,00000,000ff00f,xxxxxxxx,xxxxxxxx,00000000,00000000,00000001,00000001,0,00000,0,00000100
42515000,1,00000098,00000060,0000005c,00000058,00000058,00642823,00000098,0,00000,000fff00,xxxxxxxx,xxxxxxxx,00000000,00000000,00000001,00000001,0,00000,0,00000100
42525000,1,00000098,00000060,00000060,0000005c,00000058,3c0c000c,00000098,0,00000,000f0ff0,xxxxxxxx,xxxxxxxx,00000000,00000000,00000000,00000000,0,00000,0,00000008
42535000,1,0000009c,00000098,00000060,00000060,0000005c,3c0c000c,0000009c,0,00000,000ff0ff,xxxxxxxx,xxxxxxxx,00000000,00000000,00000014,00000014,0,00000,0,00000004
42545000,1,0000009c,00000098,00000098,00000060,00000060,004cd007,0000009c,0,00000,000f0f0f,xxxxxxxx,xxxxxxxx,00000000,00000000,00000014,00000014,0,00000,0,00000004
42555000,1,000000a0,0000009c,00000098,00000098,00000060,004cd007,000000a0,0,00000,000ff0f0,xxxxxxxx,xxxxxxxx,00000000,00000000,000c0000,000c0000,0,00000,0,000c0000
42565000,1,000000a0,0000009c,0000009c,00000098,00000098,275b0044,000000a0,0,00000,000f0f0f,xxxxxxxx,xxxxxxxx,00000000,00000000,000c0000,000c0000,0,00000,0,000c0000
42575000,1,000000a4,000000a0,0000009c,0000009c,00000098,275b0044,000000a4,0,00000,000ff0f0,xxxxxxxx,xxxxxxxx,00000000,00000000,0000000c,0000000c,0,00000,0,000c0000
42585000,1,000000a4,000000a0,000000a0,0000009c,0000009c,0360f809,000000a4,0,00000,000f0f0f,xxxxxxxx,xxxxxxxx,00000000,00000000,0000000c,0000000c,0,00000,0,000c0000
42595000,1,000000a8,000000a4,000000a0,000000a0,0000009c,0360f809,000000a8,0,00000,000ff0f0,xxxxxxxx,xxxxxxxx,00000000,00000000,00000050,00000050,0,00000,0,00000050
42605000,1,000000a8,000000a4,000000a0,000000a0,000000a0,24010008,000000a8,0,00000,000ff00f,xxxxxxxx,xxxxxxxx,00000000,00000000,00000050,00000050,0,00000,0,00000050
42615000,1,00000050,000000a8,000000a4,000000a0,000000a0,24010008,00000050,0,00000,000fff00,xxxxxxxx,xxxxxxxx,00000000,00000000,00000050,00000050,0,00000,0,00000050
42625000,1,00000050,000000a8,000000a8,000000a4,000000a0,00411821,00000050,0,00000,000f0ff0,xxxxxxxx,xxxxxxxx,00000000,00000000,000000ac,000000ac,0,00000,0,00000000
42635000,1,00000054,00000050,000000a8,000000a8,000000a4,00411821,00000054,0,00000,000ff0ff,xxxxxxxx,xxxxxxxx,00000000,00000000,00000008,00000008,0,00000,0,00000008
42645000,1,00000054,00000050,00000050,000000a8,000000a8,00022082,00000054,0,00000,000f0f0f,xxxxxxxx,xxxxxxxx,00000000,00000000,00000008,00000008,0,00000,0,00000008
42655000,1,00000058,00000054,00000050,00000050,000000a8,00022082,00000058,0,00000,000ff0f0,xxxxxxxx,xxxxxxxx,00000000,00000000,00000018,00000018,0,00000,0,00000008
42665000,1,00000058,00000054,00000054,00000050,00000050,28990005,00000058,0,00000,000f0f0f,xxxxxxxx,xxxxxxxx,00000000,00000000,00000018,00000018,0,00000,0,00000008
42675000,1,0000005c,00000058,00000054,00000054,00000050,28990005,0000005c,0,00000,000ff0f0,xxxxxxxx,xxxxxxxx,00000000,00000000,00000004,00000004,0,00000,0,00000010
42685000,1,0000005c,00000058,00000058,00000054,00000054,0721000e,0000005c,0,00000,000f0f0f,xxxxxxxx,xxxxxxxx,00000000,00000000,00000004,00000004,0,00000,0,00000010
42695000,1,00000060,0000005c,00000058,00000058,00000054,0721000e,00000060,0,00000,000ff0f0,xxxxxxxx,xxxxxxxx,00000000,00000000,00000001,00000001,0,00000,0,00000100
42705000,1,00000060,0000005c,00000058,00000058,00000058,00642823,00000060,0,00000,000ff00f,xxxxxxxx,xxxxxxxx,00000000,00000000,00000001,00000001,0,00000,0,00000100
42715000,1,00000098,00000060,0000005c,00000058,00000058,00642823,00000098,0,00000,000fff00,xxxxxxxx,xxxxxxxx,00000000,00000000,00000001,00000001,0,00000,0,00000100
42725000,1,00000098,00000060,00000060,0000005c,00000058,3c0c000c,00000098,0,00000,000f0ff0,xxxxxxxx,xxxxxxxx,00000000,00000000,00000000,00000000,0,00000,0,00000008
42735000,1,0000009c,00000098,00000060,00000060,0000005c,3c0c000c,0000009c,0,00000,000ff0ff,xxxxxxxx,xxxxxxxx,00000000,00000000,00000014,00000014,0,00000,0,00000004
42745000,1,0000009c,00000098,00000098,00000060,00000060,004cd007,0000009c,0,00000,000f0f0f,xxxxxxxx,xxxxxxxx,00000000,00000000,00000014,00000014,0,00000,0,00000004
42755000,1,000000a0,0000009c,00000098,00000098,00000060,004cd007,000000a0,0,00000,000ff0f0,xxxxxxxx,xxxxxxxx,00000000,00000000,000c0000,000c0000,0,00000,0,000c0000
42765000,1,000000a0,0000009c,0000009c,00000098,00000098,275b0044,000000a0,0,00000,000f0f0f,xxxxxxxx,xxxxxxxx,00000000,00000000,000c0000,000c0000,0,00000,0,000c0000
42775000,1,000000a4,000000a0,0000009c,0000009c,00000098,275b0044,000000a4,0,00000,000ff0f0,xxxxxxxx,xxxxxxxx,00000000,00000000,0000000c,0000000c,0,00000,0,000c0000
42785000,1,000000a4,000000a0,000000a0,0000009c,0000009c,0360f809,000000a4,0,00000,000f0f0f,xxxxxxxx,xxxxxxxx,00000000,00000000,0000000c,0000000c,0,00000,0,000c0000
42795000,1,000000a8,000000a4,000000a0,000000a0,0000009c,0360f809,000000a8,0,00000,000ff0f0,xxxxxxxx,xxxxxxxx,00000000,00000000,00000050,00000050,0,00000,0,00000050
42805000,1,000000a8,000000a4,000000a0,000000a0,000000a0,24010008,000000a8,0,00000,000ff00f,xxxxxxxx,xxxxxxxx,00000000,00000000,00000050,00000050,0,00000,0,00000050
42815000,1,00000050,000000a8,000000a4,000000a0,000000a0,24010008,00000050,0,00000,000fff00,xxxxxxxx,xxxxxxxx,00000000,00000000,00000050,00000050,0,00000,0,00000050
42825000,1,00000050,000000a8,000000a8,000000a4,000000a0,00411821,00000050,0,00000,000f0ff0,xxxxxxxx,xxxxxxxx,00000000,00000000,000000ac,000000ac,0,00000,0,00000000
42835000,1,00000054,00000050,000000a8,000000a8,000000a4,00411821,00000054,0,00000,000ff0ff,xxxxxxxx,xxxxxxxx,00000000,00000000,00000008,00000008,0,00000,0,00000008
42845000,1,00000054,00000050,00000050,000000a8,000000a8,00022082,00000054,0,00000,000f0f0f,xxxxxxxx,xxxxxxxx,00000000,00000000,00000008,00000008,0,00000,0,00000008
42855000,1,00000058,00000054,00000050,00000050,000000a8,00022082,00000058,0,00000,000ff0f0,xxxxxxxx,xxxxxxxx,00000000,00000000,00000018,00000018,0,00000,0,00000008
42865000,1,00000058,00000054,00000054,00000050,00000050,28990005,00000058,0,00000,000f0f0f,xxxxxxxx,xxxxxxxx,00000000,00000000,00000018,00000018,0,00000,0,00000008
42875000,1,0000005c,00000058,00000054,00000054,00000050,28990005,0000005c,0,00000,000ff0f0,xxxxxxxx,xxxxxxxx,00000000,00000000,00000004,00000004,0,00000,0,00000010
42885000,1,0000005c,00000058,00000058,00000054,00000054,0721000e,0000005c,0,00000,000f0f0f,xxxxxxxx,xxxxxxxx,00000000,00000000,00000004,00000004,0,00000,0,00000010
42895000,1,00000060,0000005c,00000058,00000058,00000054,0721000e,00000060,0,00000,000ff0f0,xxxxxxxx,xxxxxxxx,00000000,00000000,00000001,00000001,0,00000,0,00000100
42905000,1,00000060,0000005c,00000058,00000058,00000058,00642823,00000060,0,00000,000ff00f,xxxxxxxx,xxxxxxxx,00000000,00000000,00000001,00000001,0,00000,0,00000100
42915000,1,00000098,00000060,0000005c,00000058,00000058,00642823,00000098,0,00000,000fff00,xxxxxxxx,xxxxxxxx,00000000,00000000,00000001,00000001,0,00000,0,00000100
42925000,1,00000098,00000060,00000060,0000005c,00000058,3c0c000c,00000098,0,00000,000f0ff0,xxxxxxxx,xxxxxxxx,00000000,00000000,00000000,00000000,0,00000,0,00000008
42935000,1,0000009c,00000098,00000060,00000060,0000005c,3c0c000c,0000009c,0,00000,000ff0ff,xxxxxxxx,xxxxxxxx,00000000,00000000,00000014,00000014,0,00000,0,00000004
42945000,1,0000009c,00000098,00000098,00000060,00000060,004cd007,0000009c,0,00000,000f0f0f,xxxxxxxx,xxxxxxxx,00000000,00000000,00000014,00000014,0,00000,0,00000004
42955000,1,000000a0,0000009c,00000098,00000098,00000060,004cd007,000000a0,0,00000,000ff0f0,xxxxxxxx,xxxxxxxx,00000000,00000000,000c0000,000c0000,0,00000,0,000c0000
42965000,1,000000a0,0000009c,0000009c,00000098,00000098,275b0044,000000a0,0,00000,000f0f0f,xxxxxxxx,xxxxxxxx,00000000,00000000,000c0000,000c0000,0,00000,0,000c0000
42975000,1,000000a4,000000a0,0000009c,0000009c,00000098,275b0044,000000a4,0,00000,000ff0f0,xxxxxxxx,xxxxxxxx,00000000,00000000,0000000c,0000000c,0,00000,0,000c0000
42985000,1,000000a4,000000a0,000000a0,0000009c,0000009c,0360f809,000000a4,0,00000,000f0f0f,xxxxxxxx,xxxxxxxx,00000000,00000000,0000000c,0000000c,0,00000,0,000c0000
42995000,1,000000a8,000000a4,000000a0,000000a0,0000009c,0360f809,000000a8,0,00000,000ff0f0,xxxxxxxx,xxxxxxxx,00000000,00000000,00000050,00000050,0,00000,0,00000050
43005000,1,000000a8,000000a4,000000a0,000000a0,000000a0,24010008,000000a8,0,00000,000ff00f,xxxxxxxx,xxxxxxxx,00000000,00000000,00000050,00000050,0,00000,0,00000050
43015000,1,00000050,000000a8,000000a4,000000a0,000000a0,24010008,00000050,0,00000,000fff00,xxxxxxxx,xxxxxxxx,00000000,00000000,00000050,00000050,0,00000,0,00000050
43025000,1,00000050,000000a8,000000a8,000000a4,000000a0,00411821,00000050,0,00000,000f0ff0,xxxxxxxx,xxxxxxxx,00000000,00000000,000000ac,000000ac,0,00000,0,00000000
43035000,1,00000054,00000050,000000a8,000000a8,000000a4,00411821,00000054,0,00000,000ff0ff,xxxxxxxx,xxxxxxxx,00000000,00000000,00000008,00000008,0,00000,0,00000008
43045000,1,00000054,00000050,00000050,000000a8,000000a8,00022082,00000054,0,00000,000f0f0f,xxxxxxxx,xxxxxxxx,00000000,00000000,00000008,00000008,0,00000,0,00000008
43055000,1,00000058,00000054,00000050,00000050,000000a8,00022082,00000058,0,00000,000ff0f0,xxxxxxxx,xxxxxxxx,00000000,00000000,00000018,00000018,0,00000,0,00000008
43065000,1,00000058,00000054,00000054,00000050,00000050,28990005,00000058,0,00000,000f0f0f,xxxxxxxx,xxxxxxxx,00000000,00000000,00000018,00000018,0,00000,0,00000008
43075000,1,0000005c,00000058,00000054,00000054,00000050,28990005,0000005c,0,00000,000ff0f0,xxxxxxxx,xxxxxxxx,00000000,00000000,00000004,00000004,0,00000,0,00000010
43085000,1,0000005c,00000058,00000058,00000054,00000054,0721000e,0000005c,0,00000,000f0f0f,xxxxxxxx,xxxxxxxx,00000000,00000000,00000004,00000004,0,00000,0,00000010
43095000,1,00000060,0000005c,00000058,00000058,00000054,0721000e,00000060,0,00000,000ff0f0,xxxxxxxx,xxxxxxxx,00000000,00000000,00000001,00000001,0,00000,0,00000100
43105000,1,00000060,0000005c,00000058,00000058,00000058,00642823,00000060,0,00000,000ff00f,xxxxxxxx,xxxxxxxx,00000000,00000000,00000001,00000001,0,00000,0,00000100
43115000,1,00000098,00000060,0000005c,00000058,00000058,00642823,00000098,0,00000,000fff00,xxxxxxxx,xxxxxxxx,00000000,00000000,00000001,00000001,0,00000,0,00000100
43125000,1,00000098,00000060,00000060,0000005c,00000058,3c0c000c,00000098,0,00000,000f0ff0,xxxxxxxx,xxxxxxxx,00000000,00000000,00000000,00000000,0,00000,0,00000008
43135000,1,0000009c,00000098,00000060,00000060,0000005c,3c0c000c,0000009c,0,00000,000ff0ff,xxxxxxxx,xxxxxxxx,00000000,00000000,00000014,00000014,0,00000,0,00000004
43145000,1,0000009c,00000098,00000098,00000060,00000060,004cd007,0000009c,0,00000,000f0f0f,xxxxxxxx,xxxxxxxx,00000000,00000000,00000014,00000014,0,00000,0,00000004
43155000,1,000000a0,0000009c,00000098,00000098,00000060,004cd007,000000a0,0,00000,000ff0f0,xxxxxxxx,xxxxxxxx,00000000,00000000,000c0000,000c0000,0,00000,0,000c0000
43165000,1,000000a0,0000009c,0000009c,00000098,00000098,275b0044,000000a0,0,00000,000f0f0f,xxxxxxxx,xxxxxxxx,00000000,00000000,000c0000,000c0000,0,00000,0,000c0000
43175000,1,000000a4,000000a0,0000009c,0000009c,00000098,275b0044,000000a4,0,00000,000ff0f0,xxxxxxxx,xxxxxxxx,00000000,00000000,0000000c,0000000c,0,00000,0,000c0000
43185000,1,000000a4,000000a0,000000a0,0000009c,0000009c,0360f809,000000a4,0,00000,000f0f0f,xxxxxxxx,xxxxxxxx,00000000,00000000,0000000c,0000000c,0,00000,0,000c0000
43195000,1,000000a8,000000a4,000000a0,000000a0,0000009c,0360f809,000000a8,0,00000,000ff0f0,xxxxxxxx,xxxxxxxx,00000000,00000000,00000050,00000050,0,00000,0,00000050
43205000,1,000000a8,000000a4,000000a0,000000a0,000000a0,24010008,000000a8,0,00000,000ff00f,xxxxxxxx,xxxxxxxx,00000000,00000000,00000050,00000050,0,00000,0,00000050
43215000,1,00000050,000000a8,000000a4,000000a0,000000a0,24010008,00000050,0,00000,000fff00,xxxxxxxx,xxxxxxxx,00000000,00000000,00000050,00000050,0,00000,0,00000050
43225000,1,00000050,000000a8,000000a8,000000a4,000000a0,00411821,00000050,0,00000,000f0ff0,xxxxxxxx,xxxxxxxx,00000000,00000000,000000ac,000000ac,0,00000,0,00000000
43235000,1,00000054,00000050,000000a8,000000a8,000000a4,00411821,00000054,0,00000,000ff0ff,xxxxxxxx,xxxxxxxx,00000000,00000000,00000008,00000008,0,00000,0,00000008
43245000,1,00000054,00000050,00000050,000000a8,000000a8,00022082,00000054,0,00000,000f0f0f,xxxxxxxx,xxxxxxxx,00000000,00000000,00000008,00000008,0,00000,0,00000008
43255000,1,00000058,00000054,00000050,00000050,000000a8,00022082,00000058,0,00000,000ff0f0,xxxxxxxx,xxxxxxxx,00000000,00000000,00000018,00000018,0,00000,0,00000008
43265000,1,00000058,00000054,00000054,00000050,00000050,28990005,00000058,0,00000,000f0f0f,xxxxxxxx,xxxxxxxx,00000000,00000000,00000018,00000018,0,00000,0,00000008
43275000,1,0000005c,00000058,00000054,00000054,00000050,28990005,0000005c,0,00000,000ff0f0,xxxxxxxx,xxxxxxxx,00000000,00000000,00000004,00000004,0,00000,0,00000010
43285000,1,0000005c,00000058,00000058,00000054,00000054,0721000e,0000005c,0,00000,000f0f0f,xxxxxxxx,xxxxxxxx,00000000,00000000,00000004,00000004,0,00000,0,00000010
43295000,1,00000060,0000005c,00000058,00000058,00000054,0721000e,00000060,0,00000,000ff0f0,xxxxxxxx,xxxxxxxx,00000000,00000000,00000001,00000001,0,00000,0,00000100
43305000,1,00000060,0000005c,00000058,00000058,00000058,00642823,00000060,0,00000,000ff00f,xxxxxxxx,xxxxxxxx,00000000,00000000,00000001,00000001,0,00000,0,00000100
43315000,1,00000098,00000060,0000005c,00000058,00000058,00642823,00000098,0,00000,000fff00,xxxxxxxx,xxxxxxxx,00000000,00000000,00000001,00000001,0,00000,0,00000100
43325000,1,00000098,00000060,00000060,0000005c,00000058,3c0c000c,00000098,0,00000,000f0ff0,xxxxxxxx,xxxxxxxx,00000000,00000000,00000000,00000000,0,00000,0,00000008
43335000,1,0000009c,00000098,00000060,00000060,0000005c,3c0c000c,0000009c,0,00000,000ff0ff,xxxxxxxx,xxxxxxxx,00000000,00000000,00000014,00000014,0,00000,0,00000004
43345000,1,0000009c,00000098,00000098,00000060,00000060,004cd007,0000009c,0,00000,000f0f0f,xxxxxxxx,xxxxxxxx,00000000,00000000,00000014,00000014,0,00000,0,00000004
43355000,1,000000a0,0000009c,00000098,00000098,00000060,004cd007,000000a0,0,00000,000ff0f0,xxxxxxxx,xxxxxxxx,00000000,00000000,000c0000,000c0000,0,00000,0,000c0000
43365000,1,000000a0,0000009c,0000009c,00000098,00000098,275b0044,000000a0,0,00000,000f0f0f,xxxxxxxx,xxxxxxxx,00000000,00000000,000c0000,000c0000,0,00000,0,000c0000
43375000,1,000000a4,000000a0,0000009c,0000009c,00000098,275b0044,000000a4,0,00000,000ff0f0,xxxxxxxx,xxxxxxxx,00000000,00000000,0000000c,0000000c,0,00000,0,000c0000
43385000,1,000000a4,000000a0,000000a0,0000009c,0000009c,0360f809,000000a4,0,00000,000f0f0f,xxxxxxxx,xxxxxxxx,00000000,00000000,0000000c,0000000c,0,00000,0,000c0000
43395000,1,000000a8,000000a4,000000a0,000000a0,0000009c,0360f809,000000a8,0,00000,000ff0f0,xxxxxxxx,xxxxxxxx,00000000,00000000,00000050,00000050,0,00000,0,00000050
43405000,1,000000a8,000000a4,000000a0,000000a0,000000a0,24010008,000000a8,0,00000,000ff00f,xxxxxxxx,xxxxxxxx,00000000,00000000,00000050,00000050,0,00000,0,00000050
43415000,1,00000050,000000a8,000000a4,000000a0,000000a0,24010008,00000050,0,00000,000fff00,xxxxxxxx,xxxxxxxx,00000000,00000000,00000050,00000050,0,00000,0,00000050
43425000,1,00000050,000000a8,000000a8,000000a4,000000a0,00411821,00000050,0,00000,000f0ff0,xxxxxxxx,xxxxxxxx,00000000,00000000,000000ac,000000ac,0,00000,0,00000000
43435000,1,00000054,00000050,000000a8,000000a8,000000a4,00411821,00000054,0,00000,000ff0ff,xxxxxxxx,xxxxxxxx,00000000,00000000,00000008,00000008,0,00000,0,00000008
43445000,1,00000054,00000050,00000050,000000a8,000000a8,00022082,00000054,0,00000,000f0f0f,xxxxxxxx,xxxxxxxx,00000000,00000000,00000008,00000008,0,00000,0,00000008
43455000,1,00000058,00000054,00000050,00000050,000000a8,00022082,00000058,0,00000,000ff0f0,xxxxxxxx,xxxxxxxx,00000000,00000000,00000018,00000018,0,00000,0,00000008
43465000,1,00000058,00000054,00000054,00000050,00000050,28990005,00000058,0,00000,000f0f0f,xxxxxxxx,xxxxxxxx,00000000,00000000,00000018,00000018,0,00000,0,00000008
43475000,1,0000005c,00000058,00000054,00000054,00000050,28990005,0000005c,0,00000,000ff0f0,xxxxxxxx,xxxxxxxx,00000000,00000000,00000004,00000004,0,00000,0,00000010
43485000,1,0000005c,00000058,00000058,00000054,00000054,0721000e,0000005c,0,00000,000f0f0f,xxxxxxxx,xxxxxxxx,00000000,00000000,00000004,00000004,0,00000,0,00000010
43495000,1,00000060,0000005c,00000058,00000058,00000054,0721000e,00000060,0,00000,000ff0f0,xxxxxxxx,xxxxxxxx,00000000,00000000,00000001,00000001,0,00000,0,00000100
43505000,1,00000060,0000005c,00000058,00000058,00000058,00642823,00000060,0,00000,000ff00f,xxxxxxxx,xxxxxxxx,00000000,00000000,00000001,00000001,0,00000,0,00000100
43515000,1,00000098,00000060,0000005c,00000058,00000058,00642823,00000098,0,00000,000fff00,xxxxxxxx,xxxxxxxx,00000000,00000000,00000001,00000001,0,00000,0,00000100
43525000,1,00000098,00000060,00000060,0000005c,00000058,3c0c000c,00000098,0,00000,000f0ff0,xxxxxxxx,xxxxxxxx,00000000,00000000,00000000,00000000,0,00000,0,00000008
43535000,1,0000009c,00000098,00000060,00000060,0000005c,3c0c000c,0000009c,0,00000,000ff0ff,xxxxxxxx,xxxxxxxx,00000000,00000000,00000014,00000014,0,00000,0,00000004
43545000,1,0000009c,00000098,00000098,00000060,00000060,004cd007,0000009c,0,00000,000f0f0f,xxxxxxxx,xxxxxxxx,00000000,00000000,00000014,00000014,0,00000,0,00000004
43555000,1,000000a0,0000009c,00000098,00000098,00000060,004cd007,000000a0,0,00000,000ff0f0,xxxxxxxx,xxxxxxxx,00000000,00000000,000c0000,000c0000,0,00000,0,000c0000
43565000,1,000000a0,0000009c,0000009c,00000098,00000098,275b0044,000000a0,0,00000,000f0f0f,xxxxxxxx,xxxxxxxx,00000000,00000000,000c0000,000c0000,0,00000,0,000c0000
43575000,1,000000a4,000000a0,0000009c,0000009c,00000098,275b0044,000000a4,0,00000,000ff0f0,xxxxxxxx,xxxxxxxx,00000000,00000000,0000000c,0000000c,0,00000,0,000c0000
43585000,1,000000a4,000000a0,000000a0,0000009c,0000009c,0360f809,000000a4,0,00000,000f0f0f,xxxxxxxx,xxxxxxxx,00000000,00000000,0000000c,0000000c,0,00000,0,000c0000
43595000,1,000000a8,000000a4,000000a0,000000a0,0000009c,0360f809,000000a8,0,00000,000ff0f0,xxxxxxxx,xxxxxxxx,00000000,00000000,00000050,00000050,0,00000,0,00000050
43605000,1,000000a8,000000a4,000000a0,000000a0,000000a0,24010008,000000a8,0,00000,000ff00f,xxxxxxxx,xxxxxxxx,00000000,00000000,00000050,00000050,0,00000,0,00000050
43615000,1,00000050,000000a8,000000a4,000000a0,000000a0,24010008,00000050,0,00000,000fff00,xxxxxxxx,xxxxxxxx,00000000,00000000,00000050,00000050,0,00000,0,00000050
43625000,1,00000050,000000a8,000000a8,000000a4,000000a0,00411821,00000050,0,00000,000f0ff0,xxxxxxxx,xxxxxxxx,00000000,00000000,000000ac,000000ac,0,00000,0,00000000
43635000,1,00000054,00000050,000000a8,000000a8,000000a4,00411821,00000054,0,00000,000ff0ff,xxxxxxxx,xxxxxxxx,00000000,00000000,00000008,00000008,0,00000,0,00000008
43645000,1,00000054,00000050,00000050,000000a8,000000a8,00022082,00000054,0,00000,000f0f0f,xxxxxxxx,xxxxxxxx,00000000,00000000,00000008,00000008,0,00000,0,00000008
43655000,1,00000058,00000054,00000050,00000050,000000a8,00022082,00000058,0,00000,000ff0f0,xxxxxxxx,xxxxxxxx,00000000,00000000,00000018,00000018,0,00000,0,00000008
43665000,1,00000058,00000054,00000054,00000050,00000050,28990005,00000058,0,00000,000f0f0f,xxxxxxxx,xxxxxxxx,00000000,00000000,00000018,00000018,0,00000,0,00000008
43675000,1,0000005c,00000058,00000054,00000054,00000050,28990005,0000005c,0,00000,000ff0f0,xxxxxxxx,xxxxxxxx,00000000,00000000,00000004,00000004,0,00000,0,00000010
43685000,1,0000005c,00000058,00000058,00000054,00000054,0721000e,0000005c,0,00000,000f0f0f,xxxxxxxx,xxxxxxxx,00000000,00000000,00000004,00000004,0,00000,0,00000010
43695000,1,00000060,0000005c,00000058,00000058,00000054,0721000e,00000060,0,00000,000ff0f0,xxxxxxxx,xxxxxxxx,00000000,00000000,00000001,00000001,0,00000,0,00000100
43705000,1,00000060,0000005c,00000058,00000058,00000058,00642823,00000060,0,00000,000ff00f,xxxxxxxx,xxxxxxxx,00000000,00000000,00000001,00000001,0,00000,0,00000100
43715000,1,00000098,00000060,0000005c,00000058,00000058,00642823,00000098,0,00000,000fff00,xxxxxxxx,xxxxxxxx,00000000,00000000,00000001,00000001,0,00000,0,00000100
43725000,1,00000098,00000060,00000060,0000005c,00000058,3c0c000c,00000098,0,00000,000f0ff0,xxxxxxxx,xxxxxxxx,00000000,00000000,00000000,00000000,0,00000,0,00000008
43735000,1,0000009c,00000098,00000060,00000060,0000005c,3c0c000c,0000009c,0,00000,000ff0ff,xxxxxxxx,xxxxxxxx,00000000,00000000,00000014,00000014,0,00000,0,00000004
43745000,1,0000009c,00000098,00000098,00000060,00000060,004cd007,0000009c,0,00000,000f0f0f,xxxxxxxx,xxxxxxxx,00000000,00000000,00000014,00000014,0,00000,0,00000004
43755000,1,000000a0,0000009c,00000098,00000098,00000060,004cd007,000000a0,0,00000,000ff0f0,xxxxxxxx,xxxxxxxx,00000000,00000000,000c0000,000c0000,0,00000,0,000c0000
43765000,1,000000a0,0000009c,0000009c,00000098,00000098,275b0044,000000a0,0,00000,000f0f0f,xxxxxxxx,xxxxxxxx,00000000,00000000,000c0000,000c0000,0,00000,0,000c0000
43775000,1,000000a4,000000a0,0000009c,0000009c,00000098,275b0044,000000a4,0,00000,000ff0f0,xxxxxxxx,xxxxxxxx,00000000,00000000,0000000c,0000000c,0,00000,0,000c0000
43785000,1,000000a4,000000a0,000000a0,0000009c,0000009c,0360f809,000000a4,0,00000,000f0f0f,xxxxxxxx,xxxxxxxx,00000000,00000000,0000000c,0000000c,0,00000,0,000c0000
43795000,1,000000a8,000000a4,000000a0,000000a0,0000009c,0360f809,000000a8,0,00000,000ff0f0,xxxxxxxx,xxxxxxxx,00000000,00000000,00000050,00000050,0,00000,0,00000050
43805000,1,000000a8,000000a4,000000a0,000000a0,000000a0,24010008,000000a8,0,00000,000ff00f,xxxxxxxx,xxxxxxxx,00000000,00000000,00000050,00000050,0,00000,0,00000050
43815000,1,00000050,000000a8,000000a4,000000a0,000000a0,24010008,00000050,0,00000,000fff00,xxxxxxxx,xxxxxxxx,00000000,00000000,00000050,00000050,0,00000,0,00000050
43825000,1,00000050,000000a8,000000a8,000000a4,000000a0,00411821,00000050,0,00000,000f0ff0,xxxxxxxx,xxxxxxxx,00000000,00000000,000000ac,000000ac,0,00000,0,00000000
43835000,1,00000054,00000050,000000a8,000000a8,000000a4,00411821,00000054,0,00000,000ff0ff,xxxxxxxx,xxxxxxxx,00000000,00000000,00000008,00000008,0,00000,0,00000008
43845000,1,00000054,00000050,00000050,000000a8,000000a8,00022082,00000054,0,00000,000f0f0f,xxxxxxxx,xxxxxxxx,00000000,00000000,00000008,00000008,0,00000,0,00000008
43855000,1,00000058,00000054,00000050,00000050,000000a8,00022082,00000058,0,00000,000ff0f0,xxxxxxxx,xxxxxxxx,00000000,00000000,00000018,00000018,0,00000,0,00000008
43865000,1,00000058,00000054,00000054,00000050,00000050,28990005,00000058,0,00000,000f0f0f,xxxxxxxx,xxxxxxxx,00000000,00000000,00000018,00000018,0,00000,0,00000008
43875000,1,0000005c,00000058,00000054,00000054,00000050,28990005,0000005c,0,00000,000ff0f0,xxxxxxxx,xxxxxxxx,00000000,00000000,00000004,00000004,0,00000,0,00000010
43885000,1,0000005c,00000058,00000058,00000054,00000054,0721000e,0000005c,0,00000,000f0f0f,xxxxxxxx,xxxxxxxx,00000000,00000000,00000004,00000004,0,00000,0,00000010
43895000,1,00000060,0000005c,00000058,00000058,00000054,0721000e,00000060,0,00000,000ff0f0,xxxxxxxx,xxxxxxxx,00000000,00000000,00000001,00000001,0,00000,0,00000100
43905000,1,00000060,0000005c,00000058,00000058,00000058,00642823,00000060,0,00000,000ff00f,xxxxxxxx,xxxxxxxx,00000000,00000000,00000001,00000001,0,00000,0,00000100
43915000,1,00000098,00000060,0000005c,00000058,00000058,00642823,00000098,0,00000,000fff00,xxxxxxxx,xxxxxxxx,00000000,00000000,00000001,00000001,0,00000,0,00000100
43925000,1,00000098,00000060,00000060,0000005c,00000058,3c0c000c,00000098,0,00000,000f0ff0,xxxxxxxx,xxxxxxxx,00000000,00000000,00000000,00000000,0,00000,0,00000008
43935000,1,0000009c,00000098,00000060,00000060,0000005c,3c0c000c,0000009c,0,00000,000ff0ff,xxxxxxxx,xxxxxxxx,00000000,00000000,00000014,00000014,0,00000,0,00000004
43945000,1,0000009c,00000098,00000098,00000060,00000060,004cd007,0000009c,0,00000,000f0f0f,xxxxxxxx,xxxxxxxx,00000000,00000000,00000014,00000014,0,00000,0,00000004
43955000,1,000000a0,0000009c,00000098,00000098,00000060,004cd007,000000a0,0,00000,000ff0f0,xxxxxxxx,xxxxxxxx,00000000,00000000,000c0000,000c0000,0,00000,0,000c0000
43965000,1,000000a0,0000009c,0000009c,00000098,00000098,275b0044,000000a0,0,00000,000f0f0f,xxxxxxxx,xxxxxxxx,00000000,00000000,000c0000,000c0000,0,00000,0,000c0000
43975000,1,000000a4,000000a0,0000009c,0000009c,00000098,275b0044,000000a4,0,00000,000ff0f0,xxxxxxxx,xxxxxxxx,00000000,00000000,0000000c,0000000c,0,00000,0,000c0000
43985000,1,000000a4,000000a0,000000a0,0000009c,0000009c,0360f809,000000a4,0,00000,000f0f0f,xxxxxxxx,xxxxxxxx,00000000,00000000,0000000c,0000000c,0,00000,0,000c0000
43995000,1,000000a8,000000a4,000000a0,000000a0,0000009c,0360f809,000000a8,0,00000,000ff0f0,xxxxxxxx,xxxxxxxx,00000000,00000000,00000050,00000050,0,00000,0,00000050
44005000,1,000000a8,000000a4,000000a0,000000a0,000000a0,24010008,000000a8,0,00000,000ff00f,xxxxxxxx,xxxxxxxx,00000000,00000000,00000050,00000050,0,00000,0,00000050
44015000,1,00000050,000000a8,000000a4,000000a0,000000a0,24010008,00000050,0,00000,000fff00,xxxxxxxx,xxxxxxxx,00000000,00000000,00000050,00000050,0,00000,0,00000050
44025000,1,00000050,000000a8,000000a8,000000a4,000000a0,00411821,00000050,0,00000,000f0ff0,xxxxxxxx,xxxxxxxx,00000000,00000000,000000ac,000000ac,0,00000,0,00000000
44035000,1,00000054,00000050,000000a8,000000a8,000000a4,00411821,00000054,0,00000,000ff0ff,xxxxxxxx,xxxxxxxx,00000000,00000000,00000008,00000008,0,00000,0,00000008
44045000,1,00000054,00000050,00000050,000000a8,000000a8,00022082,00000054,0,00000,000f0f0f,xxxxxxxx,xxxxxxxx,00000000,00000000,00000008,00000008,0,00000,0,00000008
44055000,1,00000058,00000054,00000050,00000050,000000a8,00022082,00000058,0,00000,000ff0f0,xxxxxxxx,xxxxxxxx,00000000,00000000,00000018,00000018,0,00000,0,00000008
44065000,1,00000058,00000054,00000054,00000050,00000050,28990005,00000058,0,00000,000f0f0f,xxxxxxxx,xxxxxxxx,00000000,00000000,00000018,00000018,0,00000,0,00000008
44075000,1,0000005c,00000058,00000054,00000054,00000050,28990005,0000005c,0,00000,000ff0f0,xxxxxxxx,xxxxxxxx,00000000,00000000,00000004,00000004,0,00000,0,00000010
44085000,1,0000005c,00000058,00000058,00000054,00000054,0721000e,0000005c,0,00000,000f0f0f,xxxxxxxx,xxxxxxxx,00000000,00000000,00000004,00000004,0,00000,0,00000010
44095000,1,00000060,0000005c,00000058,00000058,00000054,0721000e,00000060,0,00000,000ff0f0,xxxxxxxx,xxxxxxxx,00000000,00000000,00000001,00000001,0,00000,0,00000100
44105000,1,00000060,0000005c,00000058,00000058,00000058,00642823,00000060,0,00000,000ff00f,xxxxxxxx,xxxxxxxx,00000000,00000000,00000001,00000001,0,00000,0,00000100
44115000,1,00000098,00000060,0000005c,00000058,00000058,00642823,00000098,0,00000,000fff00,xxxxxxxx,xxxxxxxx,00000000,00000000,00000001,00000001,0,00000,0,00000100
44125000,1,00000098,00000060,00000060,0000005c,00000058,3c0c000c,00000098,0,00000,000f0ff0,xxxxxxxx,xxxxxxxx,00000000,00000000,00000000,00000000,0,00000,0,00000008
44135000,1,0000009c,00000098,00000060,00000060,0000005c,3c0c000c,0000009c,0,00000,000ff0ff,xxxxxxxx,xxxxxxxx,00000000,00000000,00000014,00000014,0,00000,0,00000004
44145000,1,0000009c,00000098,00000098,00000060,00000060,004cd007,0000009c,0,00000,000f0f0f,xxxxxxxx,xxxxxxxx,00000000,00000000,00000014,00000014,0,00000,0,00000004
44155000,1,000000a0,0000009c,00000098,00000098,00000060,004cd007,000000a0,0,00000,000ff0f0,xxxxxxxx,xxxxxxxx,00000000,00000000,000c0000,000c0000,0,00000,0,000c0000
44165000,1,000000a0,0000009c,0000009c,00000098,00000098,275b0044,000000a0,0,00000,000f0f0f,xxxxxxxx,xxxxxxxx,00000000,00000000,000c0000,000c0000,0,00000,0,000c0000
44175000,1,000000a4,000000a0,0000009c,0000009c,00000098,275b0044,000000a4,0,00000,000ff0f0,xxxxxxxx,xxxxxxxx,00000000,00000000,0000000c,0000000c,0,00000,0,000c0000
44185000,1,000000a4,000000a0,000000a0,0000009c,0000009c,0360f809,000000a4,0,00000,000f0f0f,xxxxxxxx,xxxxxxxx,00000000,00000000,0000000c,0000000c,0,00000,0,000c0000
44195000,1,000000a8,000000a4,000000a0,000000a0,0000009c,0360f809,000000a8,0,00000,000ff0f0,xxxxxxxx,xxxxxxxx,00000000,00000000,00000050,00000050,0,00000,0,00000050
44205000,1,000000a8,000000a4,000000a0,000000a0,000000a0,24010008,000000a8,0,00000,000ff00f,xxxxxxxx,xxxxxxxx,00000000,00000000,00000050,00000050,0,00000,0,00000050
44215000,1,00000050,000000a8,000000a4,000000a0,000000a0,24010008,00000050,0,00000,000fff00,xxxxxxxx,xxxxxxxx,00000000,00000000,00000050,00000050,0,00000,0,00000050
44225000,1,00000050,000000a8,000000a8,000000a4,000000a0,00411821,00000050,0,00000,000f0ff0,xxxxxxxx,xxxxxxxx,00000000,00000000,000000ac,000000ac,0,00000,0,00000000
44235000,1,00000054,00000050,000000a8,000000a8,000000a4,00411821,00000054,0,00000,000ff0ff,xxxxxxxx,xxxxxxxx,00000000,00000000,00000008,00000008,0,00000,0,00000008
44245000,1,00000054,00000050,00000050,000000a8,000000a8,00022082,00000054,0,00000,000f0f0f,xxxxxxxx,xxxxxxxx,00000000,00000000,00000008,00000008,0,00000,0,00000008
44255000,1,00000058,00000054,00000050,00000050,000000a8,00022082,00000058,0,00000,000ff0f0,xxxxxxxx,xxxxxxxx,00000000,00000000,00000018,00000018,0,00000,0,00000008
44265000,1,00000058,00000054,00000054,00000050,00000050,28990005,00000058,0,00000,000f0f0f,xxxxxxxx,xxxxxxxx,00000000,00000000,00000018,00000018,0,00000,0,00000008
44275000,1,0000005c,00000058,00000054,00000054,00000050,28990005,0000005c,0,00000,000ff0f0,xxxxxxxx,xxxxxxxx,00000000,00000000,00000004,00000004,0,00000,0,00000010
44285000,1,0000005c,00000058,00000058,00000054,00000054,0721000e,0000005c,0,00000,000f0f0f,xxxxxxxx,xxxxxxxx,00000000,00000000,00000004,00000004,0,00000,0,00000010
44295000,1,00000060,0000005c,00000058,00000058,00000054,0721000e,00000060,0,00000,000ff0f0,xxxxxxxx,xxxxxxxx,00000000,00000000,00000001,00000001,0,00000,0,00000100
44305000,1,00000060,0000005c,00000058,00000058,00000058,00642823,00000060,0,00000,000ff00f,xxxxxxxx,xxxxxxxx,00000000,00000000,00000001,00000001,0,00000,0,00000100
44315000,1,00000098,00000060,0000005c,00000058,00000058,00642823,00000098,0,00000,000fff00,xxxxxxxx,xxxxxxxx,00000000,00000000,00000001,00000001,0,00000,0,00000100
44325000,1,00000098,00000060,00000060,0000005c,00000058,3c0c000c,00000098,0,00000,000f0ff0,xxxxxxxx,xxxxxxxx,00000000,00000000,00000000,00000000,0,00000,0,00000008
44335000,1,0000009c,00000098,00000060,00000060,0000005c,3c0c000c,0000009c,0,00000,000ff0ff,xxxxxxxx,xxxxxxxx,00000000,00000000,00000014,00000014,0,00000,0,00000004
44345000,1,0000009c,00000098,00000098,00000060,00000060,004cd007,0000009c,0,00000,000f0f0f,xxxxxxxx,xxxxxxxx,00000000,00000000,00000014,00000014,0,00000,0,00000004
44355000,1,000000a0,0000009c,00000098,00000098,00000060,004cd007,000000a0,0,00000,000ff0f0,xxxxxxxx,xxxxxxxx,00000000,00000000,000c0000,000c0000,0,00000,0,000c0000
44365000,1,000000a0,0000009c,0000009c,00000098,00000098,275b0044,000000a0,0,00000,000f0f0f,xxxxxxxx,xxxxxxxx,00000000,00000000,000c0000,000c0000,0,00000,0,000c0000
44375000,1,000000a4,000000a0,0000009c,0000009c,00000098,275b0044,000000a4,0,00000,000ff0f0,xxxxxxxx,xxxxxxxx,00000000,00000000,0000000c,0000000c,0,00000,0,000c0000
44385000,1,000000a4,000000a0,000000a0,0000009c,0000009c,0360f809,000000a4,0,00000,000f0f0f,xxxxxxxx,xxxxxxxx,00000000,00000000,0000000c,0000000c,0,00000,0,000c0000
44395000,1,000000a8,000000a4,000000a0,000000a0,0000009c,0360f809,000000a8,0,00000,000ff0f0,xxxxxxxx,xxxxxxxx,00000000,00000000,00000050,00000050,0,00000,0,00000050
44405000,1,000000a8,000000a4,000000a0,000000a0,000000a0,24010008,000000a8,0,00000,000ff00f,xxxxxxxx,xxxxxxxx,00000000,00000000,00000050,00000050,0,00000,0,00000050
44415000,1,00000050,000000a8,000000a4,000000a0,000000a0,24010008,00000050,0,00000,000fff00,xxxxxxxx,xxxxxxxx,00000000,00000000,00000050,00000050,0,00000,0,00000050
44425000,1,00000050,000000a8,000000a8,000000a4,000000a0,00411821,00000050,0,00000,000f0ff0,xxxxxxxx,xxxxxxxx,00000000,00000000,000000ac,000000ac,0,00000,0,00000000
44435000,1,00000054,00000050,000000a8,000000a8,000000a4,00411821,00000054,0,00000,000ff0ff,xxxxxxxx,xxxxxxxx,00000000,00000000,00000008,00000008,0,00000,0,00000008
44445000,1,00000054,00000050,00000050,000000a8,000000a8,00022082,00000054,0,00000,000f0f0f,xxxxxxxx,xxxxxxxx,00000000,00000000,00000008,00000008,0,00000,0,00000008
44455000,1,00000058,00000054,00000050,00000050,000000a8,00022082,00000058,0,00000,000ff0f0,xxxxxxxx,xxxxxxxx,00000000,00000000,00000018,00000018,0,00000,0,00000008
44465000,1,00000058,00000054,00000054,00000050,00000050,28990005,00000058,0,00000,000f0f0f,xxxxxxxx,xxxxxxxx,00000000,00000000,00000018,00000018,0,00000,0,00000008
44475000,1,0000005c,00000058,00000054,00000054,00000050,28990005,0000005c,0,00000,000ff0f0,xxxxxxxx,xxxxxxxx,00000000,00000000,00000004,00000004,0,00000,0,00000010
44485000,1,0000005c,00000058,00000058,00000054,00000054,0721000e,0000005c,0,00000,000f0f0f,xxxxxxxx,xxxxxxxx,00000000,00000000,00000004,00000004,0,00000,0,00000010
44495000,1,00000060,0000005c,00000058,00000058,00000054,0721000e,00000060,0,00000,000ff0f0,xxxxxxxx,xxxxxxxx,00000000,00000000,00000001,00000001,0,00000,0,00000100
44505000,1,00000060,0000005c,00000058,00000058,00000058,00642823,00000060,0,00000,000ff00f,xxxxxxxx,xxxxxxxx,00000000,00000000,00000001,00000001,0,00000,0,00000100
44515000,1,00000098,00000060,0000005c,00000058,00000058,00642823,00000098,0,00000,000fff00,xxxxxxxx,xxxxxxxx,00000000,00000000,00000001,00000001,0,00000,0,00000100
44525000,1,00000098,00000060,00000060,0000005c,00000058,3c0c000c,00000098,0,00000,000f0ff0,xxxxxxxx,xxxxxxxx,00000000,00000000,00000000,00000000,0,00000,0,00000008
44535000,1,0000009c,00000098,00000060,00000060,0000005c,3c0c000c,0000009c,0,00000,000ff0ff,xxxxxxxx,xxxxxxxx,00000000,00000000,00000014,00000014,0,00000,0,00000004
44545000,1,0000009c,00000098,00000098,00000060,00000060,004cd007,0000009c,0,00000,000f0f0f,xxxxxxxx,xxxxxxxx,00000000,00000000,00000014,00000014,0,00000,0,00000004
44555000,1,000000a0,0000009c,00000098,00000098,00000060,004cd007,000000a0,0,00000,000ff0f0,xxxxxxxx,xxxxxxxx,00000000,00000000,000c0000,000c0000,0,00000,0,000c0000
44565000,1,000000a0,0000009c,0000009c,00000098,00000098,275b0044,000000a0,0,00000,000f0f0f,xxxxxxxx,xxxxxxxx,00000000,00000000,000c0000,000c0000,0,00000,0,000c0000
44575000,1,000000a4,000000a0,0000009c,0000009c,00000098,275b0044,000000a4,0,00000,000ff0f0,xxxxxxxx,xxxxxxxx,00000000,00000000,0000000c,0000000c,0,00000,0,000c0000
44585000,1,000000a4,000000a0,000000a0,0000009c,0000009c,0360f809,000000a4,0,00000,000f0f0f,xxxxxxxx,xxxxxxxx,00000000,00000000,0000000c,0000000c,0,00000,0,000c0000
44595000,1,000000a8,000000a4,000000a0,000000a0,0000009c,0360f809,000000a8,0,00000,000ff0f0,xxxxxxxx,xxxxxxxx,00000000,00000000,00000050,00000050,0,00000,0,00000050
44605000,1,000000a8,000000a4,000000a0,000000a0,000000a0,24010008,000000a8,0,00000,000ff00f,xxxxxxxx,xxxxxxxx,00000000,00000000,00000050,00000050,0,00000,0,00000050
44615000,1,00000050,000000a8,000000a4,000000a0,000000a0,24010008,00000050,0,00000,000fff00,xxxxxxxx,xxxxxxxx,00000000,00000000,00000050,00000050,0,00000,0,00000050
44625000,1,00000050,000000a8,000000a8,000000a4,000000a0,00411821,00000050,0,00000,000f0ff0,xxxxxxxx,xxxxxxxx,00000000,00000000,000000ac,000000ac,0,00000,0,00000000
44635000,1,00000054,00000050,000000a8,000000a8,000000a4,00411821,00000054,0,00000,000ff0ff,xxxxxxxx,xxxxxxxx,00000000,00000000,00000008,00000008,0,00000,0,00000008
44645000,1,00000054,00000050,00000050,000000a8,000000a8,00022082,00000054,0,00000,000f0f0f,xxxxxxxx,xxxxxxxx,00000000,00000000,00000008,00000008,0,00000,0,00000008
44655000,1,00000058,00000054,00000050,00000050,000000a8,00022082,00000058,0,00000,000ff0f0,xxxxxxxx,xxxxxxxx,00000000,00000000,00000018,00000018,0,00000,0,00000008
44665000,1,00000058,00000054,00000054,00000050,00000050,28990005,00000058,0,00000,000f0f0f,xxxxxxxx,xxxxxxxx,00000000,00000000,00000018,00000018,0,00000,0,00000008
44675000,1,0000005c,00000058,00000054,00000054,00000050,28990005,0000005c,0,00000,000ff0f0,xxxxxxxx,xxxxxxxx,00000000,00000000,00000004,00000004,0,00000,0,00000010
44685000,1,0000005c,00000058,00000058,00000054,00000054,0721000e,0000005c,0,00000,000f0f0f,xxxxxxxx,xxxxxxxx,00000000,00000000,00000004,00000004,0,00000,0,00000010
44695000,1,00000060,0000005c,00000058,00000058,00000054,0721000e,00000060,0,00000,000ff0f0,xxxxxxxx,xxxxxxxx,00000000,00000000,00000001,00000001,0,00000,0,00000100
44705000,1,00000060,0000005c,00000058,00000058,00000058,00642823,00000060,0,00000,000ff00f,xxxxxxxx,xxxxxxxx,00000000,00000000,00000001,00000001,0,00000,0,00000100
44715000,1,00000098,00000060,0000005c,00000058,00000058,00642823,00000098,0,00000,000fff00,xxxxxxxx,xxxxxxxx,00000000,00000000,00000001,00000001,0,00000,0,00000100
44725000,1,00000098,00000060,00000060,0000005c,00000058,3c0c000c,00000098,0,00000,000f0ff0,xxxxxxxx,xxxxxxxx,00000000,00000000,00000000,00000000,0,00000,0,00000008
44735000,1,0000009c,00000098,00000060,00000060,0000005c,3c0c000c,0000009c,0,00000,000ff0ff,xxxxxxxx,xxxxxxxx,00000000,00000000,00000014,00000014,0,00000,0,00000004
44745000,1,0000009c,00000098,00000098,00000060,00000060,004cd007,0000009c,0,00000,000f0f0f,xxxxxxxx,xxxxxxxx,00000000,00000000,00000014,00000014,0,00000,0,00000004
44755000,1,000000a0,0000009c,00000098,00000098,00000060,004cd007,000000a0,0,00000,000ff0f0,xxxxxxxx,xxxxxxxx,00000000,00000000,000c0000,000c0000,0,00000,0,000c0000
44765000,1,000000a0,0000009c,0000009c,00000098,00000098,275b0044,000000a0,0,00000,000f0f0f,xxxxxxxx,xxxxxxxx,00000000,00000000,000c0000,000c0000,0,00000,0,000c0000
44775000,1,000000a4,000000a0,0000009c,0000009c,00000098,275b0044,000000a4,0,00000,000ff0f0,xxxxxxxx,xxxxxxxx,00000000,00000000,0000000c,0000000c,0,00000,0,000c0000
44785000,1,000000a4,000000a0,000000a0,0000009c,0000009c,0360f809,000000a4,0,00000,000f0f0f,xxxxxxxx,xxxxxxxx,00000000,00000000,0000000c,0000000c,0,00000,0,000c0000
44795000,1,000000a8,000000a4,000000a0,000000a0,0000009c,0360f809,000000a8,0,00000,000ff0f0,xxxxxxxx,xxxxxxxx,00000000,00000000,00000050,00000050,0,00000,0,00000050
44805000,1,000000a8,000000a4,000000a0,000000a0,000000a0,24010008,000000a8,0,00000,000ff00f,xxxxxxxx,xxxxxxxx,00000000,00000000,00000050,00000050,0,00000,0,00000050
44815000,1,00000050,000000a8,000000a4,000000a0,000000a0,24010008,00000050,0,00000,000fff00,xxxxxxxx,xxxxxxxx,00000000,00000000,00000050,00000050,0,00000,0,00000050
44825000,1,00000050,000000a8,000000a8,000000a4,000000a0,00411821,00000050,0,00000,000f0ff0,xxxxxxxx,xxxxxxxx,00000000,00000000,000000ac,000000ac,0,00000,0,00000000
44835000,1,00000054,00000050,000000a8,000000a8,000000a4,00411821,00000054,0,00000,000ff0ff,xxxxxxxx,xxxxxxxx,00000000,00000000,00000008,00000008,0,00000,0,00000008
44845000,1,00000054,00000050,00000050,000000a8,000000a8,00022082,00000054,0,00000,000f0f0f,xxxxxxxx,xxxxxxxx,00000000,00000000,00000008,00000008,0,00000,0,00000008
44855000,1,00000058,00000054,00000050,00000050,000000a8,00022082,00000058,0,00000,000ff0f0,xxxxxxxx,xxxxxxxx,00000000,00000000,00000018,00000018,0,00000,0,00000008
44865000,1,00000058,00000054,00000054,00000050,00000050,28990005,00000058,0,00000,000f0f0f,xxxxxxxx,xxxxxxxx,00000000,00000000,00000018,00000018,0,00000,0,00000008
44875000,1,0000005c,00000058,00000054,00000054,00000050,28990005,0000005c,0,00000,000ff0f0,xxxxxxxx,xxxxxxxx,00000000,00000000,00000004,00000004,0,00000,0,00000010
44885000,1,0000005c,00000058,00000058,00000054,00000054,0721000e,0000005c,0,00000,000f0f0f,xxxxxxxx,xxxxxxxx,00000000,00000000,00000004,00000004,0,00000,0,00000010
44895000,1,00000060,0000005c,00000058,00000058,00000054,0721000e,00000060,0,00000,000ff0f0,xxxxxxxx,xxxxxxxx,00000000,00000000,00000001,00000001,0,00000,0,00000100
44905000,1,00000060,0000005c,00000058,00000058,00000058,00642823,00000060,0,00000,000ff00f,xxxxxxxx,xxxxxxxx,00000000,00000000,00000001,00000001,0,00000,0,00000100
44915000,1,00000098,00000060,0000005c,00000058,00000058,00642823,00000098,0,00000,000fff00,xxxxxxxx,xxxxxxxx,00000000,00000000,00000001,00000001,0,00000,0,00000100
44925000,1,00000098,00000060,00000060,0000005c,00000058,3c0c000c,00000098,0,00000,000f0ff0,xxxxxxxx,xxxxxxxx,00000000,00000000,00000000,00000000,0,00000,0,00000008
44935000,1,0000009c,00000098,00000060,00000060,0000005c,3c0c000c,0000009c,0,00000,000ff0ff,xxxxxxxx,xxxxxxxx,00000000,00000000,00000014,00000014,0,00000,0,00000004
44945000,1,0000009c,00000098,00000098,00000060,00000060,004cd007,0000009c,0,00000,000f0f0f,xxxxxxxx,xxxxxxxx,00000000,00000000,00000014,00000014,0,00000,0,00000004
44955000,1,000000a0,0000009c,00000098,00000098,00000060,004cd007,000000a0,0,00000,000ff0f0,xxxxxxxx,xxxxxxxx,00000000,00000000,000c0000,000c0000,0,00000,0,000c0000
44965000,1,000000a0,0000009c,0000009c,00000098,00000098,275b0044,000000a0,0,00000,000f0f0f,xxxxxxxx,xxxxxxxx,00000000,00000000,000c0000,000c0000,0,00000,0,000c0000
44975000,1,000000a4,000000a0,0000009c,0000009c,00000098,275b0044,000000a4,0,00000,000ff0f0,xxxxxxxx,xxxxxxxx,00000000,00000000,0000000c,0000000c,0,00000,0,000c0000
44985000,1,000000a4,000000a0,000000a0,0000009c,0000009c,0360f809,000000a4,0,00000,000f0f0f,xxxxxxxx,xxxxxxxx,00000000,00000000,0000000c,0000000c,0,00000,0,000c0000
44995000,1,000000a8,000000a4,000000a0,000000a0,0000009c,0360f809,000000a8,0,00000,000ff0f0,xxxxxxxx,xxxxxxxx,00000000,00000000,00000050,00000050,0,00000,0,00000050
45005000,1,000000a8,000000a4,000000a0,000000a0,000000a0,24010008,000000a8,0,00000,000ff00f,xxxxxxxx,xxxxxxxx,00000000,00000000,00000050,00000050,0,00000,0,00000050
45015000,1,00000050,000000a8,000000a4,000000a0,000000a0,24010008,00000050,0,00000,000fff00,xxxxxxxx,xxxxxxxx,00000000,00000000,00000050,00000050,0,00000,0,00000050
45025000,1,00000050,000000a8,000000a8,000000a4,000000a0,00411821,00000050,0,00000,000f0ff0,xxxxxxxx,xxxxxxxx,00000000,00000000,000000ac,000000ac,0,00000,0,00000000
45035000,1,00000054,00000050,000000a8,000000a8,000000a4,00411821,00000054,0,00000,000ff0ff,xxxxxxxx,xxxxxxxx,00000000,00000000,00000008,00000008,0,00000,0,00000008
45045000,1,00000054,00000050,00000050,000000a8,000000a8,00022082,00000054,0,00000,000f0f0f,xxxxxxxx,xxxxxxxx,00000000,00000000,00000008,00000008,0,00000,0,00000008
45055000,1,00000058,00000054,00000050,00000050,000000a8,00022082,00000058,0,00000,000ff0f0,xxxxxxxx,xxxxxxxx,00000000,00000000,00000018,00000018,0,00000,0,00000008
45065000,1,00000058,00000054,00000054,00000050,00000050,28990005,00000058,0,00000,000f0f0f,xxxxxxxx,xxxxxxxx,00000000,00000000,00000018,00000018,0,00000,0,00000008
45075000,1,0000005c,00000058,00000054,00000054,00000050,28990005,0000005c,0,00000,000ff0f0,xxxxxxxx,xxxxxxxx,00000000,00000000,00000004,00000004,0,00000,0,00000010
45085000,1,0000005c,00000058,00000058,00000054,00000054,0721000e,0000005c,0,00000,000f0f0f,xxxxxxxx,xxxxxxxx,00000000,00000000,00000004,00000004,0,00000,0,00000010
45095000,1,00000060,0000005c,00000058,00000058,00000054,0721000e,00000060,0,00000,000ff0f0,xxxxxxxx,xxxxxxxx,00000000,00000000,00000001,00000001,0,00000,0,00000100
45105000,1,00000060,0000005c,00000058,00000058,00000058,00642823,00000060,0,00000,000ff00f,xxxxxxxx,xxxxxxxx,00000000,00000000,00000001,00000001,0,00000,0,00000100
45115000,1,00000098,00000060,0000005c,00000058,00000058,00642823,00000098,0,00000,000fff00,xxxxxxxx,xxxxxxxx,00000000,00000000,00000001,00000001,0,00000,0,00000100
45125000,1,00000098,00000060,00000060,0000005c,00000058,3c0c000c,00000098,0,00000,000f0ff0,xxxxxxxx,xxxxxxxx,00000000,00000000,00000000,00000000,0,00000,0,00000008
45135000,1,0000009c,00000098,00000060,00000060,0000005c,3c0c000c,0000009c,0,00000,000ff0ff,xxxxxxxx,xxxxxxxx,00000000,00000000,00000014,00000014,0,00000,0,00000004
45145000,1,0000009c,00000098,00000098,00000060,00000060,004cd007,0000009c,0,00000,000f0f0f,xxxxxxxx,xxxxxxxx,00000000,00000000,00000014,00000014,0,00000,0,00000004
45155000,1,000000a0,0000009c,00000098,00000098,00000060,004cd007,000000a0,0,00000,000ff0f0,xxxxxxxx,xxxxxxxx,00000000,00000000,000c0000,000c0000,0,00000,0,000c0000
45165000,1,000000a0,0000009c,0000009c,00000098,00000098,275b0044,000000a0,0,00000,000f0f0f,xxxxxxxx,xxxxxxxx,00000000,00000000,000c0000,000c0000,0,00000,0,000c0000
45175000,1,000000a4,000000a0,0000009c,0000009c,00000098,275b0044,000000a4,0,00000,000ff0f0,xxxxxxxx,xxxxxxxx,00000000,00000000,0000000c,0000000c,0,00000,0,000c0000
45185000,1,000000a4,000000a0,000000a0,0000009c,0000009c,0360f809,000000a4,0,00000,000f0f0f,xxxxxxxx,xxxxxxxx,00000000,00000000,0000000c,0000000c,0,00000,0,000c0000
45195000,1,000000a8,000000a4,000000a0,000000a0,0000009c,0360f809,000000a8,0,00000,000ff0f0,xxxxxxxx,xxxxxxxx,00000000,00000000,00000050,00000050,0,00000,0,00000050
45205000,1,000000a8,000000a4,000000a0,000000a0,000000a0,24010008,000000a8,0,00000,000ff00f,xxxxxxxx,xxxxxxxx,00000000,00000000,00000050,00000050,0,00000,0,00000050
45215000,1,00000050,000000a8,000000a4,000000a0,000000a0,24010008,00000050,0,00000,000fff00,xxxxxxxx,xxxxxxxx,00000000,00000000,00000050,00000050,0,00000,0,00000050
45225000,1,00000050,000000a8,000000a8,000000a4,000000a0,00411821,00000050,0,00000,000f0ff0,xxxxxxxx,xxxxxxxx,00000000,00000000,000000ac,000000ac,0,00000,0,00000000
45235000,1,00000054,00000050,000000a8,000000a8,000000a4,00411821,00000054,0,00000,000ff0ff,xxxxxxxx,xxxxxxxx,00000000,00000000,00000008,00000008,0,00000,0,00000008
45245000,1,00000054,00000050,00000050,000000a8,000000a8,00022082,00000054,0,00000,000f0f0f,xxxxxxxx,xxxxxxxx,00000000,00000000,00000008,00000008,0,00000,0,00000008
45255000,1,00000058,00000054,00000050,00000050,000000a8,00022082,00000058,0,00000,000ff0f0,xxxxxxxx,xxxxxxxx,00000000,00000000,00000018,00000018,0,00000,0,00000008
45265000,1,00000058,00000054,00000054,00000050,00000050,28990005,00000058,0,00000,000f0f0f,xxxxxxxx,xxxxxxxx,00000000,00000000,00000018,00000018,0,00000,0,00000008
45275000,1,0000005c,00000058,00000054,00000054,00000050,28990005,0000005c,0,00000,000ff0f0,xxxxxxxx,xxxxxxxx,00000000,00000000,00000004,00000004,0,00000,0,00000010
45285000,1,0000005c,00000058,00000058,00000054,00000054,0721000e,0000005c,0,00000,000f0f0f,xxxxxxxx,xxxxxxxx,00000000,00000000,00000004,00000004,0,00000,0,00000010
45295000,1,00000060,0000005c,00000058,00000058,00000054,0721000e,00000060,0,00000,000ff0f0,xxxxxxxx,xxxxxxxx,00000000,00000000,00000001,00000001,0,00000,0,00000100
45305000,1,00000060,0000005c,00000058,00000058,00000058,00642823,00000060,0,00000,000ff00f,xxxxxxxx,xxxxxxxx,00000000,00000000,00000001,00000001,0,00000,0,00000100
45315000,1,00000098,00000060,0000005c,00000058,00000058,00642823,00000098,0,00000,000fff00,xxxxxxxx,xxxxxxxx,00000000,00000000,00000001,00000001,0,00000,0,00000100
45325000,1,00000098,00000060,00000060,0000005c,00000058,3c0c000c,00000098,0,00000,000f0ff0,xxxxxxxx,xxxxxxxx,00000000,00000000,00000000,00000000,0,00000,0,00000008
45335000,1,0000009c,00000098,00000060,00000060,0000005c,3c0c000c,0000009c,0,00000,000ff0ff,xxxxxxxx,xxxxxxxx,00000000,00000000,00000014,00000014,0,00000,0,00000004
45345000,1,0000009c,00000098,00000098,00000060,00000060,004cd007,0000009c,0,00000,000f0f0f,xxxxxxxx,xxxxxxxx,00000000,00000000,00000014,00000014,0,00000,0,00000004
45355000,1,000000a0,0000009c,00000098,00000098,00000060,004cd007,000000a0,0,00000,000ff0f0,xxxxxxxx,xxxxxxxx,00000000,00000000,000c0000,000c0000,0,00000,0,000c0000
45365000,1,000000a0,0000009c,0000009c,00000098,00000098,275b0044,000000a0,0,00000,000f0f0f,xxxxxxxx,xxxxxxxx,00000000,00000000,000c0000,000c0000,0,00000,0,000c0000
45375000,1,000000a4,000000a0,0000009c,0000009c,00000098,275b0044,000000a4,0,00000,000ff0f0,xxxxxxxx,xxxxxxxx,00000000,00000000,0000000c,0000000c,0,00000,0,000c0000
45385000,1,000000a4,000000a0,000000a0,0000009c,0000009c,0360f809,000000a4,0,00000,000f0f0f,xxxxxxxx,xxxxxxxx,00000000,00000000,0000000c,0000000c,0,00000,0,000c0000
45395000,1,000000a8,000000a4,000000a0,000000a0,0000009c,0360f809,000000a8,0,00000,000ff0f0,xxxxxxxx,xxxxxxxx,00000000,00000000,00000050,00000050,0,00000,0,00000050
45405000,1,000000a8,000000a4,000000a0,000000a0,000000a0,24010008,000000a8,0,00000,000ff00f,xxxxxxxx,xxxxxxxx,00000000,00000000,00000050,00000050,0,00000,0,00000050
45415000,1,00000050,000000a8,000000a4,000000a0,000000a0,24010008,00000050,0,00000,000fff00,xxxxxxxx,xxxxxxxx,00000000,00000000,00000050,00000050,0,00000,0,00000050
45425000,1,00000050,000000a8,000000a8,000000a4,000000a0,00411821,00000050,0,00000,000f0ff0,xxxxxxxx,xxxxxxxx,00000000,00000000,000000ac,000000ac,0,00000,0,00000000
45435000,1,00000054,00000050,000000a8,000000a8,000000a4,00411821,00000054,0,00000,000ff0ff,xxxxxxxx,xxxxxxxx,00000000,00000000,00000008,00000008,0,00000,0,00000008
45445000,1,00000054,00000050,00000050,000000a8,000000a8,00022082,00000054,0,00000,000f0f0f,xxxxxxxx,xxxxxxxx,00000000,00000000,00000008,00000008,0,00000,0,00000008
45455000,1,00000058,00000054,00000050,00000050,000000a8,00022082,00000058,0,00000,000ff0f0,xxxxxxxx,xxxxxxxx,00000000,00000000,00000018,00000018,0,00000,0,00000008
45465000,1,00000058,00000054,00000054,00000050,00000050,28990005,00000058,0,00000,000f0f0f,xxxxxxxx,xxxxxxxx,00000000,00000000,00000018,00000018,0,00000,0,00000008
45475000,1,0000005c,00000058,00000054,00000054,00000050,28990005,0000005c,0,00000,000ff0f0,xxxxxxxx,xxxxxxxx,00000000,00000000,00000004,00000004,0,00000,0,00000010
45485000,1,0000005c,00000058,00000058,00000054,00000054,0721000e,0000005c,0,00000,000f0f0f,xxxxxxxx,xxxxxxxx,00000000,00000000,00000004,00000004,0,00000,0,00000010
45495000,1,00000060,0000005c,00000058,00000058,00000054,0721000e,00000060,0,00000,000ff0f0,xxxxxxxx,xxxxxxxx,00000000,00000000,00000001,00000001,0,00000,0,00000100
45505000,1,00000060,0000005c,00000058,00000058,00000058,00642823,00000060,0,00000,000ff00f,xxxxxxxx,xxxxxxxx,00000000,00000000,00000001,00000001,0,00000,0,00000100
45515000,1,00000098,00000060,0000005c,00000058,00000058,00642823,00000098,0,00000,000fff00,xxxxxxxx,xxxxxxxx,00000000,00000000,00000001,00000001,0,00000,0,00000100
45525000,1,00000098,00000060,00000060,0000005c,00000058,3c0c000c,00000098,0,00000,000f0ff0,xxxxxxxx,xxxxxxxx,00000000,00000000,00000000,00000000,0,00000,0,00000008
45535000,1,0000009c,00000098,00000060,00000060,0000005c,3c0c000c,0000009c,0,00000,000ff0ff,xxxxxxxx,xxxxxxxx,00000000,00000000,00000014,00000014,0,00000,0,00000004
45545000,1,0000009c,00000098,00000098,00000060,00000060,004cd007,0000009c,0,00000,000f0f0f,xxxxxxxx,xxxxxxxx,00000000,00000000,00000014,00000014,0,00000,0,00000004
45555000,1,000000a0,0000009c,00000098,00000098,00000060,004cd007,000000a0,0,00000,000ff0f0,xxxxxxxx,xxxxxxxx,00000000,00000000,000c0000,000c0000,0,00000,0,000c0000
45565000,1,000000a0,0000009c,0000009c,00000098,00000098,275b0044,000000a0,0,00000,000f0f0f,xxxxxxxx,xxxxxxxx,00000000,00000000,000c0000,000c0000,0,00000,0,000c0000
45575000,1,000000a4,000000a0,0000009c,0000009c,00000098,275b0044,000000a4,0,00000,000ff0f0,xxxxxxxx,xxxxxxxx,00000000,00000000,0000000c,0000000c,0,00000,0,000c0000
45585000,1,000000a4,000000a0,000000a0,0000009c,0000009c,0360f809,000000a4,0,00000,000f0f0f,xxxxxxxx,xxxxxxxx,00000000,00000000,0000000c,0000000c,0,00000,0,000c0000
45595000,1,000000a8,000000a4,000000a0,000000a0,0000009c,0360f809,000000a8,0,00000,000ff0f0,xxxxxxxx,xxxxxxxx,00000000,00000000,00000050,00000050,0,00000,0,00000050
45605000,1,000000a8,000000a4,000000a0,000000a0,000000a0,24010008,000000a8,0,00000,000ff00f,xxxxxxxx,xxxxxxxx,00000000,00000000,00000050,00000050,0,00000,0,00000050
45615000,1,00000050,000000a8,000000a4,000000a0,000000a0,24010008,00000050,0,00000,000fff00,xxxxxxxx,xxxxxxxx,00000000,00000000,00000050,00000050,0,00000,0,00000050
45625000,1,00000050,000000a8,000000a8,000000a4,000000a0,00411821,00000050,0,00000,000f0ff0,xxxxxxxx,xxxxxxxx,00000000,00000000,000000ac,000000ac,0,00000,0,00000000
45635000,1,00000054,00000050,000000a8,000000a8,000000a4,00411821,00000054,0,00000,000ff0ff,xxxxxxxx,xxxxxxxx,00000000,00000000,00000008,00000008,0,00000,0,00000008
45645000,1,00000054,00000050,00000050,000000a8,000000a8,00022082,00000054,0,00000,000f0f0f,xxxxxxxx,xxxxxxxx,00000000,00000000,00000008,00000008,0,00000,0,00000008
45655000,1,00000058,00000054,00000050,00000050,000000a8,00022082,00000058,0,00000,000ff0f0,xxxxxxxx,xxxxxxxx,00000000,00000000,00000018,00000018,0,00000,0,00000008
45665000,1,00000058,00000054,00000054,00000050,00000050,28990005,00000058,0,00000,000f0f0f,xxxxxxxx,xxxxxxxx,00000000,00000000,00000018,00000018,0,00000,0,00000008
45675000,1,0000005c,00000058,00000054,00000054,00000050,28990005,0000005c,0,00000,000ff0f0,xxxxxxxx,xxxxxxxx,00000000,00000000,00000004,00000004,0,00000,0,00000010
45685000,1,0000005c,00000058,00000058,00000054,00000054,0721000e,0000005c,0,00000,000f0f0f,xxxxxxxx,xxxxxxxx,00000000,00000000,00000004,00000004,0,00000,0,00000010
45695000,1,00000060,0000005c,00000058,00000058,00000054,0721000e,00000060,0,00000,000ff0f0,xxxxxxxx,xxxxxxxx,00000000,00000000,00000001,00000001,0,00000,0,00000100
45705000,1,00000060,0000005c,00000058,00000058,00000058,00642823,00000060,0,00000,000ff00f,xxxxxxxx,xxxxxxxx,00000000,00000000,00000001,00000001,0,00000,0,00000100
45715000,1,00000098,00000060,0000005c,00000058,00000058,00642823,00000098,0,00000,000fff00,xxxxxxxx,xxxxxxxx,00000000,00000000,00000001,00000001,0,00000,0,00000100
45725000,1,00000098,00000060,00000060,0000005c,00000058,3c0c000c,00000098,0,00000,000f0ff0,xxxxxxxx,xxxxxxxx,00000000,00000000,00000000,00000000,0,00000,0,00000008
45735000,1,0000009c,00000098,00000060,00000060,0000005c,3c0c000c,0000009c,0,00000,000ff0ff,xxxxxxxx,xxxxxxxx,00000000,00000000,00000014,00000014,0,00000,0,00000004
45745000,1,0000009c,00000098,00000098,00000060,00000060,004cd007,0000009c,0,00000,000f0f0f,xxxxxxxx,xxxxxxxx,00000000,00000000,00000014,00000014,0,00000,0,00000004
45755000,1,000000a0,0000009c,00000098,00000098,00000060,004cd007,000000a0,0,00000,000ff0f0,xxxxxxxx,xxxxxxxx,00000000,00000000,000c0000,000c0000,0,00000,0,000c0000
45765000,1,000000a0,0000009c,0000009c,00000098,00000098,275b0044,000000a0,0,00000,000f0f0f,xxxxxxxx,xxxxxxxx,00000000,00000000,000c0000,000c0000,0,00000,0,000c0000
45775000,1,000000a4,000000a0,0000009c,0000009c,00000098,275b0044,000000a4,0,00000,000ff0f0,xxxxxxxx,xxxxxxxx,00000000,00000000,0000000c,0000000c,0,00000,0,000c0000
45785000,1,000000a4,000000a0,000000a0,0000009c,0000009c,0360f809,000000a4,0,00000,000f0f0f,xxxxxxxx,xxxxxxxx,00000000,00000000,0000000c,0000000c,0,00000,0,000c0000
45795000,1,000000a8,000000a4,000000a0,000000a0,0000009c,0360f809,000000a8,0,00000,000ff0f0,xxxxxxxx,xxxxxxxx,00000000,00000000,00000050,00000050,0,00000,0,00000050
45805000,1,000000a8,000000a4,000000a0,000000a0,000000a0,24010008,000000a8,0,00000,000ff00f,xxxxxxxx,xxxxxxxx,00000000,00000000,00000050,00000050,0,00000,0,00000050
45815000,1,00000050,000000a8,000000a4,000000a0,000000a0,24010008,00000050,0,00000,000fff00,xxxxxxxx,xxxxxxxx,00000000,00000000,00000050,00000050,0,00000,0,00000050
45825000,1,00000050,000000a8,000000a8,000000a4,000000a0,00411821,00000050,0,00000,000f0ff0,xxxxxxxx,xxxxxxxx,00000000,00000000,000000ac,000000ac,0,00000,0,00000000
45835000,1,00000054,00000050,000000a8,000000a8,000000a4,00411821,00000054,0,00000,000ff0ff,xxxxxxxx,xxxxxxxx,00000000,00000000,00000008,00000008,0,00000,0,00000008
45845000,1,00000054,00000050,00000050,000000a8,000000a8,00022082,00000054,0,00000,000f0f0f,xxxxxxxx,xxxxxxxx,00000000,00000000,00000008,00000008,0,00000,0,00000008
45855000,1,00000058,00000054,00000050,00000050,000000a8,00022082,00000058,0,00000,000ff0f0,xxxxxxxx,xxxxxxxx,00000000,00000000,00000018,00000018,0,00000,0,00000008
45865000,1,00000058,00000054,00000054,00000050,00000050,28990005,00000058,0,00000,000f0f0f,xxxxxxxx,xxxxxxxx,00000000,00000000,00000018,00000018,0,00000,0,00000008
45875000,1,0000005c,00000058,00000054,00000054,00000050,28990005,0000005c,0,00000,000ff0f0,xxxxxxxx,xxxxxxxx,00000000,00000000,00000004,00000004,0,00000,0,00000010
45885000,1,0000005c,00000058,00000058,00000054,00000054,0721000e,0000005c,0,00000,000f0f0f,xxxxxxxx,xxxxxxxx,00000000,00000000,00000004,00000004,0,00000,0,00000010
45895000,1,00000060,0000005c,00000058,00000058,00000054,0721000e,00000060,0,00000,000ff0f0,xxxxxxxx,xxxxxxxx,00000000,00000000,00000001,00000001,0,00000,0,00000100
45905000,1,00000060,0000005c,00000058,00000058,00000058,00642823,00000060,0,00000,000ff00f,xxxxxxxx,xxxxxxxx,00000000,00000000,00000001,00000001,0,00000,0,00000100
45915000,1,00000098,00000060,0000005c,00000058,00000058,00642823,00000098,0,00000,000fff00,xxxxxxxx,xxxxxxxx,00000000,00000000,00000001,00000001,0,00000,0,00000100
45925000,1,00000098,00000060,00000060,0000005c,00000058,3c0c000c,00000098,0,00000,000f0ff0,xxxxxxxx,xxxxxxxx,00000000,00000000,00000000,00000000,0,00000,0,00000008
45935000,1,0000009c,00000098,00000060,00000060,0000005c,3c0c000c,0000009c,0,00000,000ff0ff,xxxxxxxx,xxxxxxxx,00000000,00000000,00000014,00000014,0,00000,0,00000004
45945000,1,0000009c,00000098,00000098,00000060,00000060,004cd007,0000009c,0,00000,000f0f0f,xxxxxxxx,xxxxxxxx,00000000,00000000,00000014,00000014,0,00000,0,00000004
45955000,1,000000a0,0000009c,00000098,00000098,00000060,004cd007,000000a0,0,00000,000ff0f0,xxxxxxxx,xxxxxxxx,00000000,00000000,000c0000,000c0000,0,00000,0,000c0000
45965000,1,000000a0,0000009c,0000009c,00000098,00000098,275b0044,000000a0,0,00000,000f0f0f,xxxxxxxx,xxxxxxxx,00000000,00000000,000c0000,000c0000,0,00000,0,000c0000
45975000,1,000000a4,000000a0,0000009c,0000009c,00000098,275b0044,000000a4,0,00000,000ff0f0,xxxxxxxx,xxxxxxxx,00000000,00000000,0000000c,0000000c,0,00000,0,000c0000
45985000,1,000000a4,000000a0,000000a0,0000009c,0000009c,0360f809,000000a4,0,00000,000f0f0f,xxxxxxxx,xxxxxxxx,00000000,00000000,0000000c,0000000c,0,00000,0,000c0000
45995000,1,000000a8,000000a4,000000a0,000000a0,0000009c,0360f809,000000a8,0,00000,000ff0f0,xxxxxxxx,xxxxxxxx,00000000,00000000,00000050,00000050,0,00000,0,00000050
46005000,1,000000a8,000000a4,000000a0,000000a0,000000a0,24010008,000000a8,0,00000,000ff00f,xxxxxxxx,xxxxxxxx,00000000,00000000,00000050,00000050,0,00000,0,00000050
46015000,1,00000050,000000a8,000000a4,000000a0,000000a0,24010008,00000050,0,00000,000fff00,xxxxxxxx,xxxxxxxx,00000000,00000000,00000050,00000050,0,00000,0,00000050
46025000,1,00000050,000000a8,000000a8,000000a4,000000a0,00411821,00000050,0,00000,000f0ff0,xxxxxxxx,xxxxxxxx,00000000,00000000,000000ac,000000ac,0,00000,0,00000000
46035000,1,00000054,00000050,000000a8,000000a8,000000a4,00411821,00000054,0,00000,000ff0ff,xxxxxxxx,xxxxxxxx,00000000,00000000,00000008,00000008,0,00000,0,00000008
46045000,1,00000054,00000050,00000050,000000a8,000000a8,00022082,00000054,0,00000,000f0f0f,xxxxxxxx,xxxxxxxx,00000000,00000000,00000008,00000008,0,00000,0,00000008
46055000,1,00000058,00000054,00000050,00000050,000000a8,00022082,00000058,0,00000,000ff0f0,xxxxxxxx,xxxxxxxx,00000000,00000000,00000018,00000018,0,00000,0,00000008
46065000,1,00000058,00000054,00000054,00000050,00000050,28990005,00000058,0,00000,000f0f0f,xxxxxxxx,xxxxxxxx,00000000,00000000,00000018,00000018,0,00000,0,00000008
46075000,1,0000005c,00000058,00000054,00000054,00000050,28990005,0000005c,0,00000,000ff0f0,xxxxxxxx,xxxxxxxx,00000000,00000000,00000004,00000004,0,00000,0,00000010
46085000,1,0000005c,00000058,00000058,00000054,00000054,0721000e,0000005c,0,00000,000f0f0f,xxxxxxxx,xxxxxxxx,00000000,00000000,00000004,00000004,0,00000,0,00000010
46095000,1,00000060,0000005c,00000058,00000058,00000054,0721000e,00000060,0,00000,000ff0f0,xxxxxxxx,xxxxxxxx,00000000,00000000,00000001,00000001,0,00000,0,00000100
46105000,1,00000060,0000005c,00000058,00000058,00000058,00642823,00000060,0,00000,000ff00f,xxxxxxxx,xxxxxxxx,00000000,00000000,00000001,00000001,0,00000,0,00000100
46115000,1,00000098,00000060,0000005c,00000058,00000058,00642823,00000098,0,00000,000fff00,xxxxxxxx,xxxxxxxx,00000000,00000000,00000001,00000001,0,00000,0,00000100
46125000,1,00000098,00000060,00000060,0000005c,00000058,3c0c000c,00000098,0,00000,000f0ff0,xxxxxxxx,xxxxxxxx,00000000,00000000,00000000,00000000,0,00000,0,00000008
46135000,1,0000009c,00000098,00000060,00000060,0000005c,3c0c000c,0000009c,0,00000,000ff0ff,xxxxxxxx,xxxxxxxx,00000000,00000000,00000014,00000014,0,00000,0,00000004
46145000,1,0000009c,00000098,00000098,00000060,00000060,004cd007,0000009c,0,00000,000f0f0f,xxxxxxxx,xxxxxxxx,00000000,00000000,00000014,00000014,0,00000,0,00000004
46155000,1,000000a0,0000009c,00000098,00000098,00000060,004cd007,000000a0,0,00000,000ff0f0,xxxxxxxx,xxxxxxxx,00000000,00000000,000c0000,000c0000,0,00000,0,000c0000
46165000,1,000000a0,0000009c,0000009c,00000098,00000098,275b0044,000000a0,0,00000,000f0f0f,xxxxxxxx,xxxxxxxx,00000000,00000000,000c0000,000c0000,0,00000,0,000c0000
46175000,1,000000a4,000000a0,0000009c,0000009c,00000098,275b0044,000000a4,0,00000,000ff0f0,xxxxxxxx,xxxxxxxx,00000000,00000000,0000000c,0000000c,0,00000,0,000c0000
46185000,1,000000a4,000000a0,000000a0,0000009c,0000009c,0360f809,000000a4,0,00000,000f0f0f,xxxxxxxx,xxxxxxxx,00000000,00000000,0000000c,0000000c,0,00000,0,000c0000
46195000,1,000000a8,000000a4,000000a0,000000a0,0000009c,0360f809,000000a8,0,00000,000ff0f0,xxxxxxxx,xxxxxxxx,00000000,00000000,00000050,00000050,0,00000,0,00000050
46205000,1,000000a8,000000a4,000000a0,000000a0,000000a0,24010008,000000a8,0,00000,000ff00f,xxxxxxxx,xxxxxxxx,00000000,00000000,00000050,00000050,0,00000,0,00000050
46215000,1,00000050,000000a8,000000a4,000000a0,000000a0,24010008,00000050,0,00000,000fff00,xxxxxxxx,xxxxxxxx,00000000,00000000,00000050,00000050,0,00000,0,00000050
46225000,1,00000050,000000a8,000000a8,000000a4,000000a0,00411821,00000050,0,00000,000f0ff0,xxxxxxxx,xxxxxxxx,00000000,00000000,000000ac,000000ac,0,00000,0,00000000
46235000,1,00000054,00000050,000000a8,000000a8,000000a4,00411821,00000054,0,00000,000ff0ff,xxxxxxxx,xxxxxxxx,00000000,00000000,00000008,00000008,0,00000,0,00000008
46245000,1,00000054,00000050,00000050,000000a8,000000a8,00022082,00000054,0,00000,000f0f0f,xxxxxxxx,xxxxxxxx,00000000,00000000,00000008,00000008,0,00000,0,00000008
46255000,1,00000058,00000054,00000050,00000050,000000a8,00022082,00000058,0,00000,000ff0f0,xxxxxxxx,xxxxxxxx,00000000,00000000,00000018,00000018,0,00000,0,00000008
46265000,1,00000058,00000054,00000054,00000050,00000050,28990005,00000058,0,00000,000f0f0f,xxxxxxxx,xxxxxxxx,00000000,00000000,00000018,00000018,0,00000,0,00000008
46275000,1,0000005c,00000058,00000054,00000054,00000050,28990005,0000005c,0,00000,000ff0f0,xxxxxxxx,xxxxxxxx,00000000,00000000,00000004,00000004,0,00000,0,00000010
46285000,1,0000005c,00000058,00000058,00000054,00000054,0721000e,0000005c,0,00000,000f0f0f,xxxxxxxx,xxxxxxxx,00000000,00000000,00000004,00000004,0,00000,0,00000010
46295000,1,00000060,0000005c,00000058,00000058,00000054,0721000e,00000060,0,00000,000ff0f0,xxxxxxxx,xxxxxxxx,00000000,00000000,00000001,00000001,0,00000,0,00000100
46305000,1,00000060,0000005c,00000058,00000058,00000058,00642823,00000060,0,00000,000ff00f,xxxxxxxx,xxxxxxxx,00000000,00000000,00000001,00000001,0,00000,0,00000100
46315000,1,00000098,00000060,0000005c,00000058,00000058,00642823,00000098,0,00000,000fff00,xxxxxxxx,xxxxxxxx,00000000,00000000,00000001,00000001,0,00000,0,00000100
46325000,1,00000098,00000060,00000060,0000005c,00000058,3c0c000c,00000098,0,00000,000f0ff0,xxxxxxxx,xxxxxxxx,00000000,00000000,00000000,00000000,0,00000,0,00000008
46335000,1,0000009c,00000098,00000060,00000060,0000005c,3c0c000c,0000009c,0,00000,000ff0ff,xxxxxxxx,xxxxxxxx,00000000,00000000,00000014,00000014,0,00000,0,00000004
46345000,1,0000009c,00000098,00000098,00000060,00000060,004cd007,0000009c,0,00000,000f0f0f,xxxxxxxx,xxxxxxxx,00000000,00000000,00000014,00000014,0,00000,0,00000004
46355000,1,000000a0,0000009c,00000098,00000098,00000060,004cd007,000000a0,0,00000,000ff0f0,xxxxxxxx,xxxxxxxx,00000000,00000000,000c0000,000c0000,0,00000,0,000c0000
46365000,1,000000a0,0000009c,0000009c,00000098,00000098,275b0044,000000a0,0,00000,000f0f0f,xxxxxxxx,xxxxxxxx,00000000,00000000,000c0000,000c0000,0,00000,0,000c0000
46375000,1,000000a4,000000a0,0000009c,0000009c,00000098,275b0044,000000a4,0,00000,000ff0f0,xxxxxxxx,xxxxxxxx,00000000,00000000,0000000c,0000000c,0,00000,0,000c0000
46385000,1,000000a4,000000a0,000000a0,0000009c,0000009c,0360f809,000000a4,0,00000,000f0f0f,xxxxxxxx,xxxxxxxx,00000000,00000000,0000000c,0000000c,0,00000,0,000c0000
46395000,1,000000a8,000000a4,000000a0,000000a0,0000009c,0360f809,000000a8,0,00000,000ff0f0,xxxxxxxx,xxxxxxxx,00000000,00000000,00000050,00000050,0,00000,0,00000050
46405000,1,000000a8,000000a4,000000a0,000000a0,000000a0,24010008,000000a8,0,00000,000ff00f,xxxxxxxx,xxxxxxxx,00000000,00000000,00000050,00000050,0,00000,0,00000050
46415000,1,00000050,000000a8,000000a4,000000a0,000000a0,24010008,00000050,0,00000,000fff00,xxxxxxxx,xxxxxxxx,00000000,00000000,00000050,00000050,0,00000,0,00000050
46425000,1,00000050,000000a8,000000a8,000000a4,000000a0,00411821,00000050,0,00000,000f0ff0,xxxxxxxx,xxxxxxxx,00000000,00000000,000000ac,000000ac,0,00000,0,00000000
46435000,1,00000054,00000050,000000a8,000000a8,000000a4,00411821,00000054,0,00000,000ff0ff,xxxxxxxx,xxxxxxxx,00000000,00000000,00000008,00000008,0,00000,0,00000008
46445000,1,00000054,00000050,00000050,000000a8,000000a8,00022082,00000054,0,00000,000f0f0f,xxxxxxxx,xxxxxxxx,00000000,00000000,00000008,00000008,0,00000,0,00000008
46455000,1,00000058,00000054,00000050,00000050,000000a8,00022082,00000058,0,00000,000ff0f0,xxxxxxxx,xxxxxxxx,00000000,00000000,00000018,00000018,0,00000,0,00000008
46465000,1,00000058,00000054,00000054,00000050,00000050,28990005,00000058,0,00000,000f0f0f,xxxxxxxx,xxxxxxxx,00000000,00000000,00000018,00000018,0,00000,0,00000008
46475000,1,0000005c,00000058,00000054,00000054,00000050,28990005,0000005c,0,00000,000ff0f0,xxxxxxxx,xxxxxxxx,00000000,00000000,00000004,00000004,0,00000,0,00000010
46485000,1,0000005c,00000058,00000058,00000054,00000054,0721000e,0000005c,0,00000,000f0f0f,xxxxxxxx,xxxxxxxx,00000000,00000000,00000004,00000004,0,00000,0,00000010
46495000,1,00000060,0000005c,00000058,00000058,00000054,0721000e,00000060,0,00000,000ff0f0,xxxxxxxx,xxxxxxxx,00000000,00000000,00000001,00000001,0,00000,0,00000100
46505000,1,00000060,0000005c,00000058,00000058,00000058,00642823,00000060,0,00000,000ff00f,xxxxxxxx,xxxxxxxx,00000000,00000000,00000001,00000001,0,00000,0,00000100
46515000,1,00000098,00000060,0000005c,00000058,00000058,00642823,00000098,0,00000,000fff00,xxxxxxxx,xxxxxxxx,00000000,00000000,00000001,00000001,0,00000,0,00000100
46525000,1,00000098,00000060,00000060,0000005c,00000058,3c0c000c,00000098,0,00000,000f0ff0,xxxxxxxx,xxxxxxxx,00000000,00000000,00000000,00000000,0,00000,0,00000008
46535000,1,0000009c,00000098,00000060,00000060,0000005c,3c0c000c,0000009c,0,00000,000ff0ff,xxxxxxxx,xxxxxxxx,00000000,00000000,00000014,00000014,0,00000,0,00000004
46545000,1,0000009c,00000098,00000098,00000060,00000060,004cd007,0000009c,0,00000,000f0f0f,xxxxxxxx,xxxxxxxx,00000000,00000000,00000014,00000014,0,00000,0,00000004
46555000,1,000000a0,0000009c,00000098,00000098,00000060,004cd007,000000a0,0,00000,000ff0f0,xxxxxxxx,xxxxxxxx,00000000,00000000,000c0000,000c0000,0,00000,0,000c0000
46565000,1,000000a0,0000009c,0000009c,00000098,00000098,275b0044,000000a0,0,00000,000f0f0f,xxxxxxxx,xxxxxxxx,00000000,00000000,000c0000,000c0000,0,00000,0,000c0000
46575000,1,000000a4,000000a0,0000009c,0000009c,00000098,275b0044,000000a4,0,00000,000ff0f0,xxxxxxxx,xxxxxxxx,00000000,00000000,0000000c,0000000c,0,00000,0,000c0000
46585000,1,000000a4,000000a0,000000a0,0000009c,0000009c,0360f809,000000a4,0,00000,000f0f0f,xxxxxxxx,xxxxxxxx,00000000,00000000,0000000c,0000000c,0,00000,0,000c0000
46595000,1,000000a8,000000a4,000000a0,000000a0,0000009c,0360f809,000000a8,0,00000,000ff0f0,xxxxxxxx,xxxxxxxx,00000000,00000000,00000050,00000050,0,00000,0,00000050
46605000,1,000000a8,000000a4,000000a0,000000a0,000000a0,24010008,000000a8,0,00000,000ff00f,xxxxxxxx,xxxxxxxx,00000000,00000000,00000050,00000050,0,00000,0,00000050
46615000,1,00000050,000000a8,000000a4,000000a0,000000a0,24010008,00000050,0,00000,000fff00,xxxxxxxx,xxxxxxxx,00000000,00000000,00000050,00000050,0,00000,0,00000050
46625000,1,00000050,000000a8,000000a8,000000a4,000000a0,00411821,00000050,0,00000,000f0ff0,xxxxxxxx,xxxxxxxx,00000000,00000000,000000ac,000000ac,0,00000,0,00000000
46635000,1,00000054,00000050,000000a8,000000a8,000000a4,00411821,00000054,0,00000,000ff0ff,xxxxxxxx,xxxxxxxx,00000000,00000000,00000008,00000008,0,00000,0,00000008
46645000,1,00000054,00000050,00000050,000000a8,000000a8,00022082,00000054,0,00000,000f0f0f,xxxxxxxx,xxxxxxxx,00000000,00000000,00000008,00000008,0,00000,0,00000008
46655000,1,00000058,00000054,00000050,00000050,000000a8,00022082,00000058,0,00000,000ff0f0,xxxxxxxx,xxxxxxxx,00000000,00000000,00000018,00000018,0,00000,0,00000008
46665000,1,00000058,00000054,00000054,00000050,00000050,28990005,00000058,0,00000,000f0f0f,xxxxxxxx,xxxxxxxx,00000000,00000000,00000018,00000018,0,00000,0,00000008
46675000,1,0000005c,00000058,00000054,00000054,00000050,28990005,0000005c,0,00000,000ff0f0,xxxxxxxx,xxxxxxxx,00000000,00000000,00000004,00000004,0,00000,0,00000010
46685000,1,0000005c,00000058,00000058,00000054,00000054,0721000e,0000005c,0,00000,000f0f0f,xxxxxxxx,xxxxxxxx,00000000,00000000,00000004,00000004,0,00000,0,00000010
46695000,1,00000060,0000005c,00000058,00000058,00000054,0721000e,00000060,0,00000,000ff0f0,xxxxxxxx,xxxxxxxx,00000000,00000000,00000001,00000001,0,00000,0,00000100
46705000,1,00000060,0000005c,00000058,00000058,00000058,00642823,00000060,0,00000,000ff00f,xxxxxxxx,xxxxxxxx,00000000,00000000,00000001,00000001,0,00000,0,00000100
46715000,1,00000098,00000060,0000005c,00000058,00000058,00642823,00000098,0,00000,000fff00,xxxxxxxx,xxxxxxxx,00000000,00000000,00000001,00000001,0,00000,0,00000100
46725000,1,00000098,00000060,00000060,0000005c,00000058,3c0c000c,00000098,0,00000,000f0ff0,xxxxxxxx,xxxxxxxx,00000000,00000000,00000000,00000000,0,00000,0,00000008
46735000,1,0000009c,00000098,00000060,00000060,0000005c,3c0c000c,0000009c,0,00000,000ff0ff,xxxxxxxx,xxxxxxxx,00000000,00000000,00000014,00000014,0,00000,0,00000004
46745000,1,0000009c,00000098,00000098,00000060,00000060,004cd007,0000009c,0,00000,000f0f0f,xxxxxxxx,xxxxxxxx,00000000,00000000,00000014,00000014,0,00000,0,00000004
46755000,1,000000a0,0000009c,00000098,00000098,00000060,004cd007,000000a0,0,00000,000ff0f0,xxxxxxxx,xxxxxxxx,00000000,00000000,000c0000,000c0000,0,00000,0,000c0000
46765000,1,000000a0,0000009c,0000009c,00000098,00000098,275b0044,000000a0,0,00000,000f0f0f,xxxxxxxx,xxxxxxxx,00000000,00000000,000c0000,000c0000,0,00000,0,000c0000
46775000,1,000000a4,000000a0,0000009c,0000009c,00000098,275b0044,000000a4,0,00000,000ff0f0,xxxxxxxx,xxxxxxxx,00000000,00000000,0000000c,0000000c,0,00000,0,000c0000
46785000,1,000000a4,000000a0,000000a0,0000009c,0000009c,0360f809,000000a4,0,00000,000f0f0f,xxxxxxxx,xxxxxxxx,00000000,00000000,0000000c,0000000c,0,00000,0,000c0000
46795000,1,000000a8,000000a4,000000a0,000000a0,0000009c,0360f809,000000a8,0,00000,000ff0f0,xxxxxxxx,xxxxxxxx,00000000,00000000,00000050,00000050,0,00000,0,00000050
46805000,1,000000a8,000000a4,000000a0,000000a0,000000a0,24010008,000000a8,0,00000,000ff00f,xxxxxxxx,xxxxxxxx,00000000,00000000,00000050,00000050,0,00000,0,00000050
46815000,1,00000050,000000a8,000000a4,000000a0,000000a0,24010008,00000050,0,00000,000fff00,xxxxxxxx,xxxxxxxx,00000000,00000000,00000050,00000050,0,00000,0,00000050
46825000,1,00000050,000000a8,000000a8,000000a4,000000a0,00411821,00000050,0,00000,000f0ff0,xxxxxxxx,xxxxxxxx,00000000,00000000,000000ac,000000ac,0,00000,0,00000000
46835000,1,00000054,00000050,000000a8,000000a8,000000a4,00411821,00000054,0,00000,000ff0ff,xxxxxxxx,xxxxxxxx,00000000,00000000,00000008,00000008,0,00000,0,00000008
46845000,1,00000054,00000050,00000050,000000a8,000000a8,00022082,00000054,0,00000,000f0f0f,xxxxxxxx,xxxxxxxx,00000000,00000000,00000008,00000008,0,00000,0,00000008
46855000,1,00000058,00000054,00000050,00000050,000000a8,00022082,00000058,0,00000,000ff0f0,xxxxxxxx,xxxxxxxx,00000000,00000000,00000018,00000018,0,00000,0,00000008
46865000,1,00000058,00000054,00000054,00000050,00000050,28990005,00000058,0,00000,000f0f0f,xxxxxxxx,xxxxxxxx,00000000,00000000,00000018,00000018,0,00000,0,00000008
46875000,1,0000005c,00000058,00000054,00000054,00000050,28990005,0000005c,0,00000,000ff0f0,xxxxxxxx,xxxxxxxx,00000000,00000000,00000004,00000004,0,00000,0,00000010
46885000,1,0000005c,00000058,00000058,00000054,00000054,0721000e,0000005c,0,00000,000f0f0f,xxxxxxxx,xxxxxxxx,00000000,00000000,00000004,00000004,0,00000,0,00000010
46895000,1,00000060,0000005c,00000058,00000058,00000054,0721000e,00000060,0,00000,000ff0f0,xxxxxxxx,xxxxxxxx,00000000,00000000,00000001,00000001,0,00000,0,00000100
46905000,1,00000060,0000005c,00000058,00000058,00000058,00642823,00000060,0,00000,000ff00f,xxxxxxxx,xxxxxxxx,00000000,00000000,00000001,00000001,0,00000,0,00000100
46915000,1,00000098,00000060,0000005c,00000058,00000058,00642823,00000098,0,00000,000fff00,xxxxxxxx,xxxxxxxx,00000000,00000000,00000001,00000001,0,00000,0,00000100
46925000,1,00000098,00000060,00000060,0000005c,00000058,3c0c000c,00000098,0,00000,000f0ff0,xxxxxxxx,xxxxxxxx,00000000,00000000,00000000,00000000,0,00000,0,00000008
46935000,1,0000009c,00000098,00000060,00000060,0000005c,3c0c000c,0000009c,0,00000,000ff0ff,xxxxxxxx,xxxxxxxx,00000000,00000000,00000014,00000014,0,00000,0,00000004
46945000,1,0000009c,00000098,00000098,00000060,00000060,004cd007,0000009c,0,00000,000f0f0f,xxxxxxxx,xxxxxxxx,00000000,00000000,00000014,00000014,0,00000,0,00000004
46955000,1,000000a0,0000009c,00000098,00000098,00000060,004cd007,000000a0,0,00000,000ff0f0,xxxxxxxx,xxxxxxxx,00000000,00000000,000c0000,000c0000,0,00000,0,000c0000
46965000,1,000000a0,0000009c,0000009c,00000098,00000098,275b0044,000000a0,0,00000,000f0f0f,xxxxxxxx,xxxxxxxx,00000000,00000000,000c0000,000c0000,0,00000,0,000c0000
46975000,1,000000a4,000000a0,0000009c,0000009c,00000098,275b0044,000000a4,0,00000,000ff0f0,xxxxxxxx,xxxxxxxx,00000000,00000000,0000000c,0000000c,0,00000,0,000c0000
46985000,1,000000a4,000000a0,000000a0,0000009c,0000009c,0360f809,000000a4,0,00000,000f0f0f,xxxxxxxx,xxxxxxxx,00000000,00000000,0000000c,0000000c,0,00000,0,000c0000
46995000,1,000000a8,000000a4,000000a0,000000a0,0000009c,0360f809,000000a8,0,00000,000ff0f0,xxxxxxxx,xxxxxxxx,00000000,00000000,00000050,00000050,0,00000,0,00000050
47005000,1,000000a8,000000a4,000000a0,000000a0,000000a0,24010008,000000a8,0,00000,000ff00f,xxxxxxxx,xxxxxxxx,00000000,00000000,00000050,00000050,0,00000,0,00000050
47015000,1,00000050,000000a8,000000a4,000000a0,000000a0,24010008,00000050,0,00000,000fff00,xxxxxxxx,xxxxxxxx,00000000,00000000,00000050,00000050,0,00000,0,00000050
47025000,1,00000050,000000a8,000000a8,000000a4,000000a0,00411821,00000050,0,00000,000f0ff0,xxxxxxxx,xxxxxxxx,00000000,00000000,000000ac,000000ac,0,00000,0,00000000
47035000,1,00000054,00000050,000000a8,000000a8,000000a4,00411821,00000054,0,00000,000ff0ff,xxxxxxxx,xxxxxxxx,00000000,00000000,00000008,00000008,0,00000,0,00000008
47045000,1,00000054,00000050,00000050,000000a8,000000a8,00022082,00000054,0,00000,000f0f0f,xxxxxxxx,xxxxxxxx,00000000,00000000,00000008,00000008,0,00000,0,00000008
47055000,1,00000058,00000054,00000050,00000050,000000a8,00022082,00000058,0,00000,000ff0f0,xxxxxxxx,xxxxxxxx,00000000,00000000,00000018,00000018,0,00000,0,00000008
47065000,1,00000058,00000054,00000054,00000050,00000050,28990005,00000058,0,00000,000f0f0f,xxxxxxxx,xxxxxxxx,00000000,00000000,00000018,00000018,0,00000,0,00000008
47075000,1,0000005c,00000058,00000054,00000054,00000050,28990005,0000005c,0,00000,000ff0f0,xxxxxxxx,xxxxxxxx,00000000,00000000,00000004,00000004,0,00000,0,00000010
47085000,1,0000005c,00000058,00000058,00000054,00000054,0721000e,0000005c,0,00000,000f0f0f,xxxxxxxx,xxxxxxxx,00000000,00000000,00000004,00000004,0,00000,0,00000010
47095000,1,00000060,0000005c,00000058,00000058,00000054,0721000e,00000060,0,00000,000ff0f0,xxxxxxxx,xxxxxxxx,00000000,00000000,00000001,00000001,0,00000,0,00000100
47105000,1,00000060,0000005c,00000058,00000058,00000058,00642823,00000060,0,00000,000ff00f,xxxxxxxx,xxxxxxxx,00000000,00000000,00000001,00000001,0,00000,0,00000100
47115000,1,00000098,00000060,0000005c,00000058,00000058,00642823,00000098,0,00000,000fff00,xxxxxxxx,xxxxxxxx,00000000,00000000,00000001,00000001,0,00000,0,00000100
47125000,1,00000098,00000060,00000060,0000005c,00000058,3c0c000c,00000098,0,00000,000f0ff0,xxxxxxxx,xxxxxxxx,00000000,00000000,00000000,00000000,0,00000,0,00000008
47135000,1,0000009c,00000098,00000060,00000060,0000005c,3c0c000c,0000009c,0,00000,000ff0ff,xxxxxxxx,xxxxxxxx,00000000,00000000,00000014,00000014,0,00000,0,00000004
47145000,1,0000009c,00000098,00000098,00000060,00000060,004cd007,0000009c,0,00000,000f0f0f,xxxxxxxx,xxxxxxxx,00000000,00000000,00000014,00000014,0,00000,0,00000004
47155000,1,000000a0,0000009c,00000098,00000098,00000060,004cd007,000000a0,0,00000,000ff0f0,xxxxxxxx,xxxxxxxx,00000000,00000000,000c0000,000c0000,0,00000,0,000c0000
47165000,1,000000a0,0000009c,0000009c,00000098,00000098,275b0044,000000a0,0,00000,000f0f0f,xxxxxxxx,xxxxxxxx,00000000,00000000,000c0000,000c0000,0,00000,0,000c0000
47175000,1,000000a4,000000a0,0000009c,0000009c,00000098,275b0044,000000a4,0,00000,000ff0f0,xxxxxxxx,xxxxxxxx,00000000,00000000,0000000c,0000000c,0,00000,0,000c0000
47185000,1,000000a4,000000a0,000000a0,0000009c,0000009c,0360f809,000000a4,0,00000,000f0f0f,xxxxxxxx,xxxxxxxx,00000000,00000000,0000000c,0000000c,0,00000,0,000c0000
47195000,1,000000a8,000000a4,000000a0,000000a0,0000009c,0360f809,000000a8,0,00000,000ff0f0,xxxxxxxx,xxxxxxxx,00000000,00000000,00000050,00000050,0,00000,0,00000050
47205000,1,000000a8,000000a4,000000a0,000000a0,000000a0,24010008,000000a8,0,00000,000ff00f,xxxxxxxx,xxxxxxxx,00000000,00000000,00000050,00000050,0,00000,0,00000050
47215000,1,00000050,000000a8,000000a4,000000a0,000000a0,24010008,00000050,0,00000,000fff00,xxxxxxxx,xxxxxxxx,00000000,00000000,00000050,00000050,0,00000,0,00000050
47225000,1,00000050,000000a8,000000a8,000000a4,000000a0,00411821,00000050,0,00000,000f0ff0,xxxxxxxx,xxxxxxxx,00000000,00000000,000000ac,000000ac,0,00000,0,00000000
47235000,1,00000054,00000050,000000a8,000000a8,000000a4,00411821,00000054,0,00000,000ff0ff,xxxxxxxx,xxxxxxxx,00000000,00000000,00000008,00000008,0,00000,0,00000008
47245000,1,00000054,00000050,00000050,000000a8,000000a8,00022082,00000054,0,00000,000f0f0f,xxxxxxxx,xxxxxxxx,00000000,00000000,00000008,00000008,0,00000,0,00000008
47255000,1,00000058,00000054,00000050,00000050,000000a8,00022082,00000058,0,00000,000ff0f0,xxxxxxxx,xxxxxxxx,00000000,00000000,00000018,00000018,0,00000,0,00000008
47265000,1,00000058,00000054,00000054,00000050,00000050,28990005,00000058,0,00000,000f0f0f,xxxxxxxx,xxxxxxxx,00000000,00000000,00000018,00000018,0,00000,0,00000008
47275000,1,0000005c,00000058,00000054,00000054,00000050,28990005,0000005c,0,00000,000ff0f0,xxxxxxxx,xxxxxxxx,00000000,00000000,00000004,00000004,0,00000,0,00000010
47285000,1,0000005c,00000058,00000058,00000054,00000054,0721000e,0000005c,0,00000,000f0f0f,xxxxxxxx,xxxxxxxx,00000000,00000000,00000004,00000004,0,00000,0,00000010
47295000,1,00000060,0000005c,00000058,00000058,00000054,0721000e,00000060,0,00000,000ff0f0,xxxxxxxx,xxxxxxxx,00000000,00000000,00000001,00000001,0,00000,0,00000100
47305000,1,00000060,0000005c,00000058,00000058,00000058,00642823,00000060,0,00000,000ff00f,xxxxxxxx,xxxxxxxx,00000000,00000000,00000001,00000001,0,00000,0,00000100
47315000,1,00000098,00000060,0000005c,00000058,00000058,00642823,00000098,0,00000,000fff00,xxxxxxxx,xxxxxxxx,00000000,00000000,00000001,00000001,0,00000,0,00000100
47325000,1,00000098,00000060,00000060,0000005c,00000058,3c0c000c,00000098,0,00000,000f0ff0,xxxxxxxx,xxxxxxxx,00000000,00000000,00000000,00000000,0,00000,0,00000008
47335000,1,0000009c,00000098,00000060,00000060,0000005c,3c0c000c,0000009c,0,00000,000ff0ff,xxxxxxxx,xxxxxxxx,00000000,00000000,00000014,00000014,0,00000,0,00000004
47345000,1,0000009c,00000098,00000098,00000060,00000060,004cd007,0000009c,0,00000,000f0f0f,xxxxxxxx,xxxxxxxx,00000000,00000000,00000014,00000014,0,00000,0,00000004
47355000,1,000000a0,0000009c,00000098,00000098,00000060,004cd007,000000a0,0,00000,000ff0f0,xxxxxxxx,xxxxxxxx,00000000,00000000,000c0000,000c0000,0,00000,0,000c0000
47365000,1,000000a0,0000009c,0000009c,00000098,00000098,275b0044,000000a0,0,00000,000f0f0f,xxxxxxxx,xxxxxxxx,00000000,00000000,000c0000,000c0000,0,00000,0,000c0000
47375000,1,000000a4,000000a0,0000009c,0000009c,00000098,275b0044,000000a4,0,00000,000ff0f0,xxxxxxxx,xxxxxxxx,00000000,00000000,0000000c,0000000c,0,00000,0,000c0000
47385000,1,000000a4,000000a0,000000a0,0000009c,0000009c,0360f809,000000a4,0,00000,000f0f0f,xxxxxxxx,xxxxxxxx,00000000,00000000,0000000c,0000000c,0,00000,0,000c0000
47395000,1,000000a8,000000a4,000000a0,000000a0,0000009c,0360f809,000000a8,0,00000,000ff0f0,xxxxxxxx,xxxxxxxx,00000000,00000000,00000050,00000050,0,00000,0,00000050
47405000,1,000000a8,000000a4,000000a0,000000a0,000000a0,24010008,000000a8,0,00000,000ff00f,xxxxxxxx,xxxxxxxx,00000000,00000000,00000050,00000050,0,00000,0,00000050
47415000,1,00000050,000000a8,000000a4,000000a0,000000a0,24010008,00000050,0,00000,000fff00,xxxxxxxx,xxxxxxxx,00000000,00000000,00000050,00000050,0,00000,0,00000050
47425000,1,00000050,000000a8,000000a8,000000a4,000000a0,00411821,00000050,0,00000,000f0ff0,xxxxxxxx,xxxxxxxx,00000000,00000000,000000ac,000000ac,0,00000,0,00000000
47435000,1,00000054,00000050,000000a8,000000a8,000000a4,00411821,00000054,0,00000,000ff0ff,xxxxxxxx,xxxxxxxx,00000000,00000000,00000008,00000008,0,00000,0,00000008
47445000,1,00000054,00000050,00000050,000000a8,000000a8,00022082,00000054,0,00000,000f0f0f,xxxxxxxx,xxxxxxxx,00000000,00000000,00000008,00000008,0,00000,0,00000008
47455000,1,00000058,00000054,00000050,00000050,000000a8,00022082,00000058,0,00000,000ff0f0,xxxxxxxx,xxxxxxxx,00000000,00000000,00000018,00000018,0,00000,0,00000008
47465000,1,00000058,00000054,00000054,00000050,00000050,28990005,00000058,0,00000,000f0f0f,xxxxxxxx,xxxxxxxx,00000000,00000000,00000018,00000018,0,00000,0,00000008
47475000,1,0000005c,00000058,00000054,00000054,00000050,28990005,0000005c,0,00000,000ff0f0,xxxxxxxx,xxxxxxxx,00000000,00000000,00000004,00000004,0,00000,0,00000010
47485000,1,0000005c,00000058,00000058,00000054,00000054,0721000e,0000005c,0,00000,000f0f0f,xxxxxxxx,xxxxxxxx,00000000,00000000,00000004,00000004,0,00000,0,00000010
47495000,1,00000060,0000005c,00000058,00000058,00000054,0721000e,00000060,0,00000,000ff0f0,xxxxxxxx,xxxxxxxx,00000000,00000000,00000001,00000001,0,00000,0,00000100
47505000,1,00000060,0000005c,00000058,00000058,00000058,00642823,00000060,0,00000,000ff00f,xxxxxxxx,xxxxxxxx,00000000,00000000,00000001,00000001,0,00000,0,00000100
47515000,1,00000098,00000060,0000005c,00000058,00000058,00642823,00000098,0,00000,000fff00,xxxxxxxx,xxxxxxxx,00000000,00000000,00000001,00000001,0,00000,0,00000100
47525000,1,00000098,00000060,00000060,0000005c,00000058,3c0c000c,00000098,0,00000,000f0ff0,xxxxxxxx,xxxxxxxx,00000000,00000000,00000000,00000000,0,00000,0,00000008
47535000,1,0000009c,00000098,00000060,00000060,0000005c,3c0c000c,0000009c,0,00000,000ff0ff,xxxxxxxx,xxxxxxxx,00000000,00000000,00000014,00000014,0,00000,0,00000004
47545000,1,0000009c,00000098,00000098,00000060,00000060,004cd007,0000009c,0,00000,000f0f0f,xxxxxxxx,xxxxxxxx,00000000,00000000,00000014,00000014,0,00000,0,00000004
47555000,1,000000a0,0000009c,00000098,00000098,00000060,004cd007,000000a0,0,00000,000ff0f0,xxxxxxxx,xxxxxxxx,00000000,00000000,000c0000,000c0000,0,00000,0,000c0000
47565000,1,000000a0,0000009c,0000009c,00000098,00000098,275b0044,000000a0,0,00000,000f0f0f,xxxxxxxx,xxxxxxxx,00000000,00000000,000c0000,000c0000,0,00000,0,000c0000
47575000,1,000000a4,000000a0,0000009c,0000009c,00000098,275b0044,000000a4,0,00000,000ff0f0,xxxxxxxx,xxxxxxxx,00000000,00000000,0000000c,0000000c,0,00000,0,000c0000
47585000,1,000000a4,000000a0,000000a0,0000009c,0000009c,0360f809,000000a4,0,00000,000f0f0f,xxxxxxxx,xxxxxxxx,00000000,00000000,0000000c,0000000c,0,00000,0,000c0000
47595000,1,000000a8,000000a4,000000a0,000000a0,0000009c,0360f809,000000a8,0,00000,000ff0f0,xxxxxxxx,xxxxxxxx,00000000,00000000,00000050,00000050,0,00000,0,00000050
47605000,1,000000a8,000000a4,000000a0,000000a0,000000a0,24010008,000000a8,0,00000,000ff00f,xxxxxxxx,xxxxxxxx,00000000,00000000,00000050,00000050,0,00000,0,00000050
47615000,1,00000050,000000a8,000000a4,000000a0,000000a0,24010008,00000050,0,00000,000fff00,xxxxxxxx,xxxxxxxx,00000000,00000000,00000050,00000050,0,00000,0,00000050
47625000,1,00000050,000000a8,000000a8,000000a4,000000a0,00411821,00000050,0,00000,000f0ff0,xxxxxxxx,xxxxxxxx,00000000,00000000,000000ac,000000ac,0,00000,0,00000000
47635000,1,00000054,00000050,000000a8,000000a8,000000a4,00411821,00000054,0,00000,000ff0ff,xxxxxxxx,xxxxxxxx,00000000,00000000,00000008,00000008,0,00000,0,00000008
47645000,1,00000054,00000050,00000050,000000a8,000000a8,00022082,00000054,0,00000,000f0f0f,xxxxxxxx,xxxxxxxx,00000000,00000000,00000008,00000008,0,00000,0,00000008
47655000,1,00000058,00000054,00000050,00000050,000000a8,00022082,00000058,0,00000,000ff0f0,xxxxxxxx,xxxxxxxx,00000000,00000000,00000018,00000018,0,00000,0,00000008
47665000,1,00000058,00000054,00000054,00000050,00000050,28990005,00000058,0,00000,000f0f0f,xxxxxxxx,xxxxxxxx,00000000,00000000,00000018,00000018,0,00000,0,00000008
47675000,1,0000005c,00000058,00000054,00000054,00000050,28990005,0000005c,0,00000,000ff0f0,xxxxxxxx,xxxxxxxx,00000000,00000000,00000004,00000004,0,00000,0,00000010
47685000,1,0000005c,00000058,00000058,00000054,00000054,0721000e,0000005c,0,00000,000f0f0f,xxxxxxxx,xxxxxxxx,00000000,00000000,00000004,00000004,0,00000,0,00000010
47695000,1,00000060,0000005c,00000058,00000058,00000054,0721000e,00000060,0,00000,000ff0f0,xxxxxxxx,xxxxxxxx,00000000,00000000,00000001,00000001,0,00000,0,00000100
47705000,1,00000060,0000005c,00000058,00000058,00000058,00642823,00000060,0,00000,000ff00f,xxxxxxxx,xxxxxxxx,00000000,00000000,00000001,00000001,0,00000,0,00000100
47715000,1,00000098,00000060,0000005c,00000058,00000058,00642823,00000098,0,00000,000fff00,xxxxxxxx,xxxxxxxx,00000000,00000000,00000001,00000001,0,00000,0,00000100
47725000,1,00000098,00000060,00000060,0000005c,00000058,3c0c000c,00000098,0,00000,000f0ff0,xxxxxxxx,xxxxxxxx,00000000,00000000,00000000,00000000,0,00000,0,00000008
47735000,1,0000009c,00000098,00000060,00000060,0000005c,3c0c000c,0000009c,0,00000,000ff0ff,xxxxxxxx,xxxxxxxx,00000000,00000000,00000014,00000014,0,00000,0,00000004
47745000,1,0000009c,00000098,00000098,00000060,00000060,004cd007,0000009c,0,00000,000f0f0f,xxxxxxxx,xxxxxxxx,00000000,00000000,00000014,00000014,0,00000,0,00000004
47755000,1,000000a0,0000009c,00000098,00000098,00000060,004cd007,000000a0,0,00000,000ff0f0,xxxxxxxx,xxxxxxxx,00000000,00000000,000c0000,000c0000,0,00000,0,000c0000
47765000,1,000000a0,0000009c,0000009c,00000098,00000098,275b0044,000000a0,0,00000,000f0f0f,xxxxxxxx,xxxxxxxx,00000000,00000000,000c0000,000c0000,0,00000,0,000c0000
47775000,1,000000a4,000000a0,0000009c,0000009c,00000098,275b0044,000000a4,0,00000,000ff0f0,xxxxxxxx,xxxxxxxx,00000000,00000000,0000000c,0000000c,0,00000,0,000c0000
47785000,1,000000a4,000000a0,000000a0,0000009c,0000009c,0360f809,000000a4,0,00000,000f0f0f,xxxxxxxx,xxxxxxxx,00000000,00000000,0000000c,0000000c,0,00000,0,000c0000
47795000,1,000000a8,000000a4,000000a0,000000a0,0000009c,0360f809,000000a8,0,00000,000ff0f0,xxxxxxxx,xxxxxxxx,00000000,00000000,00000050,00000050,0,00000,0,00000050
47805000,1,000000a8,000000a4,000000a0,000000a0,000000a0,24010008,000000a8,0,00000,000ff00f,xxxxxxxx,xxxxxxxx,00000000,00000000,00000050,00000050,0,00000,0,00000050
47815000,1,00000050,000000a8,000000a4,000000a0,000000a0,24010008,00000050,0,00000,000fff00,xxxxxxxx,xxxxxxxx,00000000,00000000,00000050,00000050,0,00000,0,00000050
47825000,1,00000050,000000a8,000000a8,000000a4,000000a0,00411821,00000050,0,00000,000f0ff0,xxxxxxxx,xxxxxxxx,00000000,00000000,000000ac,000000ac,0,00000,0,00000000
47835000,1,00000054,00000050,000000a8,000000a8,000000a4,00411821,00000054,0,00000,000ff0ff,xxxxxxxx,xxxxxxxx,00000000,00000000,00000008,00000008,0,00000,0,00000008
47845000,1,00000054,00000050,00000050,000000a8,000000a8,00022082,00000054,0,00000,000f0f0f,xxxxxxxx,xxxxxxxx,00000000,00000000,00000008,00000008,0,00000,0,00000008
47855000,1,00000058,00000054,00000050,00000050,000000a8,00022082,00000058,0,00000,000ff0f0,xxxxxxxx,xxxxxxxx,00000000,00000000,00000018,00000018,0,00000,0,00000008
47865000,1,00000058,00000054,00000054,00000050,00000050,28990005,00000058,0,00000,000f0f0f,xxxxxxxx,xxxxxxxx,00000000,00000000,00000018,00000018,0,00000,0,00000008
47875000,1,0000005c,00000058,00000054,00000054,00000050,28990005,0000005c,0,00000,000ff0f0,xxxxxxxx,xxxxxxxx,00000000,00000000,00000004,00000004,0,00000,0,00000010
47885000,1,0000005c,00000058,00000058,00000054,00000054,0721000e,0000005c,0,00000,000f0f0f,xxxxxxxx,xxxxxxxx,00000000,00000000,00000004,00000004,0,00000,0,00000010
47895000,1,00000060,0000005c,00000058,00000058,00000054,0721000e,00000060,0,00000,000ff0f0,xxxxxxxx,xxxxxxxx,00000000,00000000,00000001,00000001,0,00000,0,00000100
47905000,1,00000060,0000005c,00000058,00000058,00000058,00642823,00000060,0,00000,000ff00f,xxxxxxxx,xxxxxxxx,00000000,00000000,00000001,00000001,0,00000,0,00000100
47915000,1,00000098,00000060,0000005c,00000058,00000058,00642823,00000098,0,00000,000fff00,xxxxxxxx,xxxxxxxx,00000000,00000000,00000001,00000001,0,00000,0,00000100
47925000,1,00000098,00000060,00000060,0000005c,00000058,3c0c000c,00000098,0,00000,000f0ff0,xxxxxxxx,xxxxxxxx,00000000,00000000,00000000,00000000,0,00000,0,00000008
47935000,1,0000009c,00000098,00000060,00000060,0000005c,3c0c000c,0000009c,0,00000,000ff0ff,xxxxxxxx,xxxxxxxx,00000000,00000000,00000014,00000014,0,00000,0,00000004
47945000,1,0000009c,00000098,00000098,00000060,00000060,004cd007,0000009c,0,00000,000f0f0f,xxxxxxxx,xxxxxxxx,00000000,00000000,00000014,00000014,0,00000,0,00000004
47955000,1,000000a0,0000009c,00000098,00000098,00000060,004cd007,000000a0,0,00000,000ff0f0,xxxxxxxx,xxxxxxxx,00000000,00000000,000c0000,000c0000,0,00000,0,000c0000
47965000,1,000000a0,0000009c,0000009c,00000098,00000098,275b0044,000000a0,0,00000,000f0f0f,xxxxxxxx,xxxxxxxx,00000000,00000000,000c0000,000c0000,0,00000,0,000c0000
47975000,1,000000a4,000000a0,0000009c,0000009c,00000098,275b0044,000000a4,0,00000,000ff0f0,xxxxxxxx,xxxxxxxx,00000000,00000000,0000000c,0000000c,0,00000,0,000c0000
47985000,1,000000a4,000000a0,000000a0,0000009c,0000009c,0360f809,000000a4,0,00000,000f0f0f,xxxxxxxx,xxxxxxxx,00000000,00000000,0000000c,0000000c,0,00000,0,000c0000
47995000,1,000000a8,000000a4,000000a0,000000a0,0000009c,0360f809,000000a8,0,00000,000ff0f0,xxxxxxxx,xxxxxxxx,00000000,00000000,00000050,00000050,0,00000,0,00000050
48005000,1,000000a8,000000a4,000000a0,000000a0,000000a0,24010008,000000a8,0,00000,000ff00f,xxxxxxxx,xxxxxxxx,00000000,00000000,00000050,00000050,0,00000,0,00000050
48015000,1,00000050,000000a8,000000a4,000000a0,000000a0,24010008,00000050,0,00000,000fff00,xxxxxxxx,xxxxxxxx,00000000,00000000,00000050,00000050,0,00000,0,00000050
48025000,1,00000050,000000a8,000000a8,000000a4,000000a0,00411821,00000050,0,00000,000f0ff0,xxxxxxxx,xxxxxxxx,00000000,00000000,000000ac,000000ac,0,00000,0,00000000
48035000,1,00000054,00000050,000000a8,000000a8,000000a4,00411821,00000054,0,00000,000ff0ff,xxxxxxxx,xxxxxxxx,00000000,00000000,00000008,00000008,0,00000,0,00000008
48045000,1,00000054,00000050,00000050,000000a8,000000a8,00022082,00000054,0,00000,000f0f0f,xxxxxxxx,xxxxxxxx,00000000,00000000,00000008,00000008,0,00000,0,00000008
48055000,1,00000058,00000054,00000050,00000050,000000a8,00022082,00000058,0,00000,000ff0f0,xxxxxxxx,xxxxxxxx,00000000,00000000,00000018,00000018,0,00000,0,00000008
48065000,1,00000058,00000054,00000054,00000050,00000050,28990005,00000058,0,00000,000f0f0f,xxxxxxxx,xxxxxxxx,00000000,00000000,00000018,00000018,0,00000,0,00000008
48075000,1,0000005c,00000058,00000054,00000054,00000050,28990005,0000005c,0,00000,000ff0f0,xxxxxxxx,xxxxxxxx,00000000,00000000,00000004,00000004,0,00000,0,00000010
48085000,1,0000005c,00000058,00000058,00000054,00000054,0721000e,0000005c,0,00000,000f0f0f,xxxxxxxx,xxxxxxxx,00000000,00000000,00000004,00000004,0,00000,0,00000010
48095000,1,00000060,0000005c,00000058,00000058,00000054,0721000e,00000060,0,00000,000ff0f0,xxxxxxxx,xxxxxxxx,00000000,00000000,00000001,00000001,0,00000,0,00000100
48105000,1,00000060,0000005c,00000058,00000058,00000058,00642823,00000060,0,00000,000ff00f,xxxxxxxx,xxxxxxxx,00000000,00000000,00000001,00000001,0,00000,0,00000100
48115000,1,00000098,00000060,0000005c,00000058,00000058,00642823,00000098,0,00000,000fff00,xxxxxxxx,xxxxxxxx,00000000,00000000,00000001,00000001,0,00000,0,00000100
48125000,1,00000098,00000060,00000060,0000005c,00000058,3c0c000c,00000098,0,00000,000f0ff0,xxxxxxxx,xxxxxxxx,00000000,00000000,00000000,00000000,0,00000,0,00000008
48135000,1,0000009c,00000098,00000060,00000060,0000005c,3c0c000c,0000009c,0,00000,000ff0ff,xxxxxxxx,xxxxxxxx,00000000,00000000,00000014,00000014,0,00000,0,00000004
48145000,1,0000009c,00000098,00000098,00000060,00000060,004cd007,0000009c,0,00000,000f0f0f,xxxxxxxx,xxxxxxxx,00000000,00000000,00000014,00000014,0,00000,0,00000004
48155000,1,000000a0,0000009c,00000098,00000098,00000060,004cd007,000000a0,0,00000,000ff0f0,xxxxxxxx,xxxxxxxx,00000000,00000000,000c0000,000c0000,0,00000,0,000c0000
48165000,1,000000a0,0000009c,0000009c,00000098,00000098,275b0044,000000a0,0,00000,000f0f0f,xxxxxxxx,xxxxxxxx,00000000,00000000,000c0000,000c0000,0,00000,0,000c0000
48175000,1,000000a4,000000a0,0000009c,0000009c,00000098,275b0044,000000a4,0,00000,000ff0f0,xxxxxxxx,xxxxxxxx,00000000,00000000,0000000c,0000000c,0,00000,0,000c0000
48185000,1,000000a4,000000a0,000000a0,0000009c,0000009c,0360f809,000000a4,0,00000,000f0f0f,xxxxxxxx,xxxxxxxx,00000000,00000000,0000000c,0000000c,0,00000,0,000c0000
48195000,1,000000a8,000000a4,000000a0,000000a0,0000009c,0360f809,000000a8,0,00000,000ff0f0,xxxxxxxx,xxxxxxxx,00000000,00000000,00000050,00000050,0,00000,0,00000050
48205000,1,000000a8,000000a4,000000a0,000000a0,000000a0,24010008,000000a8,0,00000,000ff00f,xxxxxxxx,xxxxxxxx,00000000,00000000,00000050,00000050,0,00000,0,00000050
48215000,1,00000050,000000a8,000000a4,000000a0,000000a0,24010008,00000050,0,00000,000fff00,xxxxxxxx,xxxxxxxx,00000000,00000000,00000050,00000050,0,00000,0,00000050
48225000,1,00000050,000000a8,000000a8,000000a4,000000a0,00411821,00000050,0,00000,000f0ff0,xxxxxxxx,xxxxxxxx,00000000,00000000,000000ac,000000ac,0,00000,0,00000000
48235000,1,00000054,00000050,000000a8,000000a8,000000a4,00411821,00000054,0,00000,000ff0ff,xxxxxxxx,xxxxxxxx,00000000,00000000,00000008,00000008,0,00000,0,00000008
48245000,1,00000054,00000050,00000050,000000a8,000000a8,00022082,00000054,0,00000,000f0f0f,xxxxxxxx,xxxxxxxx,00000000,00000000,00000008,00000008,0,00000,0,00000008
48255000,1,00000058,00000054,00000050,00000050,000000a8,00022082,00000058,0,00000,000ff0f0,xxxxxxxx,xxxxxxxx,00000000,00000000,00000018,00000018,0,00000,0,00000008
48265000,1,00000058,00000054,00000054,00000050,00000050,28990005,00000058,0,00000,000f0f0f,xxxxxxxx,xxxxxxxx,00000000,00000000,00000018,00000018,0,00000,0,00000008
48275000,1,0000005c,00000058,00000054,00000054,00000050,28990005,0000005c,0,00000,000ff0f0,xxxxxxxx,xxxxxxxx,00000000,00000000,00000004,00000004,0,00000,0,00000010
48285000,1,0000005c,00000058,00000058,00000054,00000054,0721000e,0000005c,0,00000,000f0f0f,xxxxxxxx,xxxxxxxx,00000000,00000000,00000004,00000004,0,00000,0,00000010
48295000,1,00000060,0000005c,00000058,00000058,00000054,0721000e,00000060,0,00000,000ff0f0,xxxxxxxx,xxxxxxxx,00000000,00000000,00000001,00000001,0,00000,0,00000100
48305000,1,00000060,0000005c,00000058,00000058,00000058,00642823,00000060,0,00000,000ff00f,xxxxxxxx,xxxxxxxx,00000000,00000000,00000001,00000001,0,00000,0,00000100
48315000,1,00000098,00000060,0000005c,00000058,00000058,00642823,00000098,0,00000,000fff00,xxxxxxxx,xxxxxxxx,00000000,00000000,00000001,00000001,0,00000,0,00000100
48325000,1,00000098,00000060,00000060,0000005c,00000058,3c0c000c,00000098,0,00000,000f0ff0,xxxxxxxx,xxxxxxxx,00000000,00000000,00000000,00000000,0,00000,0,00000008
48335000,1,0000009c,00000098,00000060,00000060,0000005c,3c0c000c,0000009c,0,00000,000ff0ff,xxxxxxxx,xxxxxxxx,00000000,00000000,00000014,00000014,0,00000,0,00000004
48345000,1,0000009c,00000098,00000098,00000060,00000060,004cd007,0000009c,0,00000,000f0f0f,xxxxxxxx,xxxxxxxx,00000000,00000000,00000014,00000014,0,00000,0,00000004
48355000,1,000000a0,0000009c,00000098,00000098,00000060,004cd007,000000a0,0,00000,000ff0f0,xxxxxxxx,xxxxxxxx,00000000,00000000,000c0000,000c0000,0,00000,0,000c0000
48365000,1,000000a0,0000009c,0000009c,00000098,00000098,275b0044,000000a0,0,00000,000f0f0f,xxxxxxxx,xxxxxxxx,00000000,00000000,000c0000,000c0000,0,00000,0,000c0000
48375000,1,000000a4,000000a0,0000009c,0000009c,00000098,275b0044,000000a4,0,00000,000ff0f0,xxxxxxxx,xxxxxxxx,00000000,00000000,0000000c,0000000c,0,00000,0,000c0000
48385000,1,000000a4,000000a0,000000a0,0000009c,0000009c,0360f809,000000a4,0,00000,000f0f0f,xxxxxxxx,xxxxxxxx,00000000,00000000,0000000c,0000000c,0,00000,0,000c0000
48395000,1,000000a8,000000a4,000000a0,000000a0,0000009c,0360f809,000000a8,0,00000,000ff0f0,xxxxxxxx,xxxxxxxx,00000000,00000000,00000050,00000050,0,00000,0,00000050
48405000,1,000000a8,000000a4,000000a0,000000a0,000000a0,24010008,000000a8,0,00000,000ff00f,xxxxxxxx,xxxxxxxx,00000000,00000000,00000050,00000050,0,00000,0,00000050
48415000,1,00000050,000000a8,000000a4,000000a0,000000a0,24010008,00000050,0,00000,000fff00,xxxxxxxx,xxxxxxxx,00000000,00000000,00000050,00000050,0,00000,0,00000050
48425000,1,00000050,000000a8,000000a8,000000a4,000000a0,00411821,00000050,0,00000,000f0ff0,xxxxxxxx,xxxxxxxx,00000000,00000000,000000ac,000000ac,0,00000,0,00000000
48435000,1,00000054,00000050,000000a8,000000a8,000000a4,00411821,00000054,0,00000,000ff0ff,xxxxxxxx,xxxxxxxx,00000000,00000000,00000008,00000008,0,00000,0,00000008
48445000,1,00000054,00000050,00000050,000000a8,000000a8,00022082,00000054,0,00000,000f0f0f,xxxxxxxx,xxxxxxxx,00000000,00000000,00000008,00000008,0,00000,0,00000008
48455000,1,00000058,00000054,00000050,00000050,000000a8,00022082,00000058,0,00000,000ff0f0,xxxxxxxx,xxxxxxxx,00000000,00000000,00000018,00000018,0,00000,0,00000008
48465000,1,00000058,00000054,00000054,00000050,00000050,28990005,00000058,0,00000,000f0f0f,xxxxxxxx,xxxxxxxx,00000000,00000000,00000018,00000018,0,00000,0,00000008
48475000,1,0000005c,00000058,00000054,00000054,00000050,28990005,0000005c,0,00000,000ff0f0,xxxxxxxx,xxxxxxxx,00000000,00000000,00000004,00000004,0,00000,0,00000010
48485000,1,0000005c,00000058,00000058,00000054,00000054,0721000e,0000005c,0,00000,000f0f0f,xxxxxxxx,xxxxxxxx,00000000,00000000,00000004,00000004,0,00000,0,00000010
48495000,1,00000060,0000005c,00000058,00000058,00000054,0721000e,00000060,0,00000,000ff0f0,xxxxxxxx,xxxxxxxx,00000000,00000000,00000001,00000001,0,00000,0,00000100
48505000,1,00000060,0000005c,00000058,00000058,00000058,00642823,00000060,0,00000,000ff00f,xxxxxxxx,xxxxxxxx,00000000,00000000,00000001,00000001,0,00000,0,00000100
48515000,1,00000098,00000060,0000005c,00000058,00000058,00642823,00000098,0,00000,000fff00,xxxxxxxx,xxxxxxxx,00000000,00000000,00000001,00000001,0,00000,0,00000100
48525000,1,00000098,00000060,00000060,0000005c,00000058,3c0c000c,00000098,0,00000,000f0ff0,xxxxxxxx,xxxxxxxx,00000000,00000000,00000000,00000000,0,00000,0,00000008
48535000,1,0000009c,00000098,00000060,00000060,0000005c,3c0c000c,0000009c,0,00000,000ff0ff,xxxxxxxx,xxxxxxxx,00000000,00000000,00000014,00000014,0,00000,0,00000004
48545000,1,0000009c,00000098,00000098,00000060,00000060,004cd007,0000009c,0,00000,000f0f0f,xxxxxxxx,xxxxxxxx,00000000,00000000,00000014,00000014,0,00000,0,00000004
48555000,1,000000a0,0000009c,00000098,00000098,00000060,004cd007,000000a0,0,00000,000ff0f0,xxxxxxxx,xxxxxxxx,00000000,00000000,000c0000,000c0000,0,00000,0,000c0000
48565000,1,000000a0,0000009c,0000009c,00000098,00000098,275b0044,000000a0,0,00000,000f0f0f,xxxxxxxx,xxxxxxxx,00000000,00000000,000c0000,000c0000,0,00000,0,000c0000
48575000,1,000000a4,000000a0,0000009c,0000009c,00000098,275b0044,000000a4,0,00000,000ff0f0,xxxxxxxx,xxxxxxxx,00000000,00000000,0000000c,0000000c,0,00000,0,000c0000
48585000,1,000000a4,000000a0,000000a0,0000009c,0000009c,0360f809,000000a4,0,00000,000f0f0f,xxxxxxxx,xxxxxxxx,00000000,00000000,0000000c,0000000c,0,00000,0,000c0000
48595000,1,000000a8,000000a4,000000a0,000000a0,0000009c,0360f809,000000a8,0,00000,000ff0f0,xxxxxxxx,xxxxxxxx,00000000,00000000,00000050,00000050,0,00000,0,00000050
48605000,1,000000a8,000000a4,000000a0,000000a0,000000a0,24010008,000000a8,0,00000,000ff00f,xxxxxxxx,xxxxxxxx,00000000,00000000,00000050,00000050,0,00000,0,00000050
48615000,1,00000050,000000a8,000000a4,000000a0,000000a0,24010008,00000050,0,00000,000fff00,xxxxxxxx,xxxxxxxx,00000000,00000000,00000050,00000050,0,00000,0,00000050
48625000,1,00000050,000000a8,000000a8,000000a4,000000a0,00411821,00000050,0,00000,000f0ff0,xxxxxxxx,xxxxxxxx,00000000,00000000,000000ac,000000ac,0,00000,0,00000000
48635000,1,00000054,00000050,000000a8,000000a8,000000a4,00411821,00000054,0,00000,000ff0ff,xxxxxxxx,xxxxxxxx,00000000,00000000,00000008,00000008,0,00000,0,00000008
48645000,1,00000054,00000050,00000050,000000a8,000000a8,00022082,00000054,0,00000,000f0f0f,xxxxxxxx,xxxxxxxx,00000000,00000000,00000008,00000008,0,00000,0,00000008
48655000,1,00000058,00000054,00000050,00000050,000000a8,00022082,00000058,0,00000,000ff0f0,xxxxxxxx,xxxxxxxx,00000000,00000000,00000018,00000018,0,00000,0,00000008
48665000,1,00000058,00000054,00000054,00000050,00000050,28990005,00000058,0,00000,000f0f0f,xxxxxxxx,xxxxxxxx,00000000,00000000,00000018,00000018,0,00000,0,00000008
48675000,1,0000005c,00000058,00000054,00000054,00000050,28990005,0000005c,0,00000,000ff0f0,xxxxxxxx,xxxxxxxx,00000000,00000000,00000004,00000004,0,00000,0,00000010
48685000,1,0000005c,00000058,00000058,00000054,00000054,0721000e,0000005c,0,00000,000f0f0f,xxxxxxxx,xxxxxxxx,00000000,00000000,00000004,00000004,0,00000,0,00000010
48695000,1,00000060,0000005c,00000058,00000058,00000054,0721000e,00000060,0,00000,000ff0f0,xxxxxxxx,xxxxxxxx,00000000,00000000,00000001,00000001,0,00000,0,00000100
48705000,1,00000060,0000005c,00000058,00000058,00000058,00642823,00000060,0,00000,000ff00f,xxxxxxxx,xxxxxxxx,00000000,00000000,00000001,00000001,0,00000,0,00000100
48715000,1,00000098,00000060,0000005c,00000058,00000058,00642823,00000098,0,00000,000fff00,xxxxxxxx,xxxxxxxx,00000000,00000000,00000001,00000001,0,00000,0,00000100
48725000,1,00000098,00000060,00000060,0000005c,00000058,3c0c000c,00000098,0,00000,000f0ff0,xxxxxxxx,xxxxxxxx,00000000,00000000,00000000,00000000,0,00000,0,00000008
48735000,1,0000009c,00000098,00000060,00000060,0000005c,3c0c000c,0000009c,0,00000,000ff0ff,xxxxxxxx,xxxxxxxx,00000000,00000000,00000014,00000014,0,00000,0,00000004
48745000,1,0000009c,00000098,00000098,00000060,00000060,004cd007,0000009c,0,00000,000f0f0f,xxxxxxxx,xxxxxxxx,00000000,00000000,00000014,00000014,0,00000,0,00000004
48755000,1,000000a0,0000009c,00000098,00000098,00000060,004cd007,000000a0,0,00000,000ff0f0,xxxxxxxx,xxxxxxxx,00000000,00000000,000c0000,000c0000,0,00000,0,000c0000
48765000,1,000000a0,0000009c,0000009c,00000098,00000098,275b0044,000000a0,0,00000,000f0f0f,xxxxxxxx,xxxxxxxx,00000000,00000000,000c0000,000c0000,0,00000,0,000c0000
48775000,1,000000a4,000000a0,0000009c,0000009c,00000098,275b0044,000000a4,0,00000,000ff0f0,xxxxxxxx,xxxxxxxx,00000000,00000000,0000000c,0000000c,0,00000,0,000c0000
48785000,1,000000a4,000000a0,000000a0,0000009c,0000009c,0360f809,000000a4,0,00000,000f0f0f,xxxxxxxx,xxxxxxxx,00000000,00000000,0000000c,0000000c,0,00000,0,000c0000
48795000,1,000000a8,000000a4,000000a0,000000a0,0000009c,0360f809,000000a8,0,00000,000ff0f0,xxxxxxxx,xxxxxxxx,00000000,00000000,00000050,00000050,0,00000,0,00000050
48805000,1,000000a8,000000a4,000000a0,000000a0,000000a0,24010008,000000a8,0,00000,000ff00f,xxxxxxxx,xxxxxxxx,00000000,00000000,00000050,00000050,0,00000,0,00000050
48815000,1,00000050,000000a8,000000a4,000000a0,000000a0,24010008,00000050,0,00000,000fff00,xxxxxxxx,xxxxxxxx,00000000,00000000,00000050,00000050,0,00000,0,00000050
48825000,1,00000050,000000a8,000000a8,000000a4,000000a0,00411821,00000050,0,00000,000f0ff0,xxxxxxxx,xxxxxxxx,00000000,00000000,000000ac,000000ac,0,00000,0,00000000
48835000,1,00000054,00000050,000000a8,000000a8,000000a4,00411821,00000054,0,00000,000ff0ff,xxxxxxxx,xxxxxxxx,00000000,00000000,00000008,00000008,0,00000,0,00000008
48845000,1,00000054,00000050,00000050,000000a8,000000a8,00022082,00000054,0,00000,000f0f0f,xxxxxxxx,xxxxxxxx,00000000,00000000,00000008,00000008,0,00000,0,00000008
48855000,1,00000058,00000054,00000050,00000050,000000a8,00022082,00000058,0,00000,000ff0f0,xxxxxxxx,xxxxxxxx,00000000,00000000,00000018,00000018,0,00000,0,00000008
48865000,1,00000058,00000054,00000054,00000050,00000050,28990005,00000058,0,00000,000f0f0f,xxxxxxxx,xxxxxxxx,00000000,00000000,00000018,00000018,0,00000,0,00000008
48875000,1,0000005c,00000058,00000054,00000054,00000050,28990005,0000005c,0,00000,000ff0f0,xxxxxxxx,xxxxxxxx,00000000,00000000,00000004,00000004,0,00000,0,00000010
48885000,1,0000005c,00000058,00000058,00000054,00000054,0721000e,0000005c,0,00000,000f0f0f,xxxxxxxx,xxxxxxxx,00000000,00000000,00000004,00000004,0,00000,0,00000010
48895000,1,00000060,0000005c,00000058,00000058,00000054,0721000e,00000060,0,00000,000ff0f0,xxxxxxxx,xxxxxxxx,00000000,00000000,00000001,00000001,0,00000,0,00000100
48905000,1,00000060,0000005c,00000058,00000058,00000058,00642823,00000060,0,00000,000ff00f,xxxxxxxx,xxxxxxxx,00000000,00000000,00000001,00000001,0,00000,0,00000100
48915000,1,00000098,00000060,0000005c,00000058,00000058,00642823,00000098,0,00000,000fff00,xxxxxxxx,xxxxxxxx,00000000,00000000,00000001,00000001,0,00000,0,00000100
48925000,1,00000098,00000060,00000060,0000005c,00000058,3c0c000c,00000098,0,00000,000f0ff0,xxxxxxxx,xxxxxxxx,00000000,00000000,00000000,00000000,0,00000,0,00000008
48935000,1,0000009c,00000098,00000060,00000060,0000005c,3c0c000c,0000009c,0,00000,000ff0ff,xxxxxxxx,xxxxxxxx,00000000,00000000,00000014,00000014,0,00000,0,00000004
48945000,1,0000009c,00000098,00000098,00000060,00000060,004cd007,0000009c,0,00000,000f0f0f,xxxxxxxx,xxxxxxxx,00000000,00000000,00000014,00000014,0,00000,0,00000004
48955000,1,000000a0,0000009c,00000098,00000098,00000060,004cd007,000000a0,0,00000,000ff0f0,xxxxxxxx,xxxxxxxx,00000000,00000000,000c0000,000c0000,0,00000,0,000c0000
48965000,1,000000a0,0000009c,0000009c,00000098,00000098,275b0044,000000a0,0,00000,000f0f0f,xxxxxxxx,xxxxxxxx,00000000,00000000,000c0000,000c0000,0,00000,0,000c0000
48975000,1,000000a4,000000a0,0000009c,0000009c,00000098,275b0044,000000a4,0,00000,000ff0f0,xxxxxxxx,xxxxxxxx,00000000,00000000,0000000c,0000000c,0,00000,0,000c0000
48985000,1,000000a4,000000a0,000000a0,0000009c,0000009c,0360f809,000000a4,0,00000,000f0f0f,xxxxxxxx,xxxxxxxx,00000000,00000000,0000000c,0000000c,0,00000,0,000c0000
48995000,1,000000a8,000000a4,000000a0,000000a0,0000009c,0360f809,000000a8,0,00000,000ff0f0,xxxxxxxx,xxxxxxxx,00000000,00000000,00000050,00000050,0,00000,0,00000050
49005000,1,000000a8,000000a4,000000a0,000000a0,000000a0,24010008,000000a8,0,00000,000ff00f,xxxxxxxx,xxxxxxxx,00000000,00000000,00000050,00000050,0,00000,0,00000050
49015000,1,00000050,000000a8,000000a4,000000a0,000000a0,24010008,00000050,0,00000,000fff00,xxxxxxxx,xxxxxxxx,00000000,00000000,00000050,00000050,0,00000,0,00000050
49025000,1,00000050,000000a8,000000a8,000000a4,000000a0,00411821,00000050,0,00000,000f0ff0,xxxxxxxx,xxxxxxxx,00000000,00000000,000000ac,000000ac,0,00000,0,00000000
49035000,1,00000054,00000050,000000a8,000000a8,000000a4,00411821,00000054,0,00000,000ff0ff,xxxxxxxx,xxxxxxxx,00000000,00000000,00000008,00000008,0,00000,0,00000008
49045000,1,00000054,00000050,00000050,000000a8,000000a8,00022082,00000054,0,00000,000f0f0f,xxxxxxxx,xxxxxxxx,00000000,00000000,00000008,00000008,0,00000,0,00000008
49055000,1,00000058,00000054,00000050,00000050,000000a8,00022082,00000058,0,00000,000ff0f0,xxxxxxxx,xxxxxxxx,00000000,00000000,00000018,00000018,0,00000,0,00000008
49065000,1,00000058,00000054,00000054,00000050,00000050,28990005,00000058,0,00000,000f0f0f,xxxxxxxx,xxxxxxxx,00000000,00000000,00000018,00000018,0,00000,0,00000008
49075000,1,0000005c,00000058,00000054,00000054,00000050,28990005,0000005c,0,00000,000ff0f0,xxxxxxxx,xxxxxxxx,00000000,00000000,00000004,00000004,0,00000,0,00000010
49085000,1,0000005c,00000058,00000058,00000054,00000054,0721000e,0000005c,0,00000,000f0f0f,xxxxxxxx,xxxxxxxx,00000000,00000000,00000004,00000004,0,00000,0,00000010
49095000,1,00000060,0000005c,00000058,00000058,00000054,0721000e,00000060,0,00000,000ff0f0,xxxxxxxx,xxxxxxxx,00000000,00000000,00000001,00000001,0,00000,0,00000100
49105000,1,00000060,0000005c,00000058,00000058,00000058,00642823,00000060,0,00000,000ff00f,xxxxxxxx,xxxxxxxx,00000000,00000000,00000001,00000001,0,00000,0,00000100
49115000,1,00000098,00000060,0000005c,00000058,00000058,00642823,00000098,0,00000,000fff00,xxxxxxxx,xxxxxxxx,00000000,00000000,00000001,00000001,0,00000,0,00000100
49125000,1,00000098,00000060,00000060,0000005c,00000058,3c0c000c,00000098,0,00000,000f0ff0,xxxxxxxx,xxxxxxxx,00000000,00000000,00000000,00000000,0,00000,0,00000008
49135000,1,0000009c,00000098,00000060,00000060,0000005c,3c0c000c,0000009c,0,00000,000ff0ff,xxxxxxxx,xxxxxxxx,00000000,00000000,00000014,00000014,0,00000,0,00000004
49145000,1,0000009c,00000098,00000098,00000060,00000060,004cd007,0000009c,0,00000,000f0f0f,xxxxxxxx,xxxxxxxx,00000000,00000000,00000014,00000014,0,00000,0,00000004
49155000,1,000000a0,0000009c,00000098,00000098,00000060,004cd007,000000a0,0,00000,000ff0f0,xxxxxxxx,xxxxxxxx,00000000,00000000,000c0000,000c0000,0,00000,0,000c0000
49165000,1,000000a0,0000009c,0000009c,00000098,00000098,275b0044,000000a0,0,00000,000f0f0f,xxxxxxxx,xxxxxxxx,00000000,00000000,000c0000,000c0000,0,00000,0,000c0000
49175000,1,000000a4,000000a0,0000009c,0000009c,00000098,275b0044,000000a4,0,00000,000ff0f0,xxxxxxxx,xxxxxxxx,00000000,00000000,0000000c,0000000c,0,00000,0,000c0000
49185000,1,000000a4,000000a0,000000a0,0000009c,0000009c,0360f809,000000a4,0,00000,000f0f0f,xxxxxxxx,xxxxxxxx,00000000,00000000,0000000c,0000000c,0,00000,0,000c0000
49195000,1,000000a8,000000a4,000000a0,000000a0,0000009c,0360f809,000000a8,0,00000,000ff0f0,xxxxxxxx,xxxxxxxx,00000000,00000000,00000050,00000050,0,00000,0,00000050
49205000,1,000000a8,000000a4,000000a0,000000a0,000000a0,24010008,000000a8,0,00000,000ff00f,xxxxxxxx,xxxxxxxx,00000000,00000000,00000050,00000050,0,00000,0,00000050
49215000,1,00000050,000000a8,000000a4,000000a0,000000a0,24010008,00000050,0,00000,000fff00,xxxxxxxx,xxxxxxxx,00000000,00000000,00000050,00000050,0,00000,0,00000050
49225000,1,00000050,000000a8,000000a8,000000a4,000000a0,00411821,00000050,0,00000,000f0ff0,xxxxxxxx,xxxxxxxx,00000000,00000000,000000ac,000000ac,0,00000,0,00000000
49235000,1,00000054,00000050,000000a8,000000a8,000000a4,00411821,00000054,0,00000,000ff0ff,xxxxxxxx,xxxxxxxx,00000000,00000000,00000008,00000008,0,00000,0,00000008
49245000,1,00000054,00000050,00000050,000000a8,000000a8,00022082,00000054,0,00000,000f0f0f,xxxxxxxx,xxxxxxxx,00000000,00000000,00000008,00000008,0,00000,0,00000008
49255000,1,00000058,00000054,00000050,00000050,000000a8,00022082,00000058,0,00000,000ff0f0,xxxxxxxx,xxxxxxxx,00000000,00000000,00000018,00000018,0,00000,0,00000008
49265000,1,00000058,00000054,00000054,00000050,00000050,28990005,00000058,0,00000,000f0f0f,xxxxxxxx,xxxxxxxx,00000000,00000000,00000018,00000018,0,00000,0,00000008
49275000,1,0000005c,00000058,00000054,00000054,00000050,28990005,0000005c,0,00000,000ff0f0,xxxxxxxx,xxxxxxxx,00000000,00000000,00000004,00000004,0,00000,0,00000010
49285000,1,0000005c,00000058,00000058,00000054,00000054,0721000e,0000005c,0,00000,000f0f0f,xxxxxxxx,xxxxxxxx,00000000,00000000,00000004,00000004,0,00000,0,00000010
49295000,1,00000060,0000005c,00000058,00000058,00000054,0721000e,00000060,0,00000,000ff0f0,xxxxxxxx,xxxxxxxx,00000000,00000000,00000001,00000001,0,00000,0,00000100
49305000,1,00000060,0000005c,00000058,00000058,00000058,00642823,00000060,0,00000,000ff00f,xxxxxxxx,xxxxxxxx,00000000,00000000,00000001,00000001,0,00000,0,00000100
49315000,1,00000098,00000060,0000005c,00000058,00000058,00642823,00000098,0,00000,000fff00,xxxxxxxx,xxxxxxxx,00000000,00000000,00000001,00000001,0,00000,0,00000100
49325000,1,00000098,00000060,00000060,0000005c,00000058,3c0c000c,00000098,0,00000,000f0ff0,xxxxxxxx,xxxxxxxx,00000000,00000000,00000000,00000000,0,00000,0,00000008
49335000,1,0000009c,00000098,00000060,00000060,0000005c,3c0c000c,0000009c,0,00000,000ff0ff,xxxxxxxx,xxxxxxxx,00000000,00000000,00000014,00000014,0,00000,0,00000004
49345000,1,0000009c,00000098,00000098,00000060,00000060,004cd007,0000009c,0,00000,000f0f0f,xxxxxxxx,xxxxxxxx,00000000,00000000,00000014,00000014,0,00000,0,00000004
49355000,1,000000a0,0000009c,00000098,00000098,00000060,004cd007,000000a0,0,00000,000ff0f0,xxxxxxxx,xxxxxxxx,00000000,00000000,000c0000,000c0000,0,00000,0,000c0000
49365000,1,000000a0,0000009c,0000009c,00000098,00000098,275b0044,000000a0,0,00000,000f0f0f,xxxxxxxx,xxxxxxxx,00000000,00000000,000c0000,000c0000,0,00000,0,000c0000
49375000,1,000000a4,000000a0,0000009c,0000009c,00000098,275b0044,000000a4,0,00000,000ff0f0,xxxxxxxx,xxxxxxxx,00000000,00000000,0000000c,0000000c,0,00000,0,000c0000
49385000,1,000000a4,000000a0,000000a0,0000009c,0000009c,0360f809,000000a4,0,00000,000f0f0f,xxxxxxxx,xxxxxxxx,00000000,00000000,0000000c,0000000c,0,00000,0,000c0000
49395000,1,000000a8,000000a4,000000a0,000000a0,0000009c,0360f809,000000a8,0,00000,000ff0f0,xxxxxxxx,xxxxxxxx,00000000,00000000,00000050,00000050,0,00000,0,00000050
49405000,1,000000a8,000000a4,000000a0,000000a0,000000a0,24010008,000000a8,0,00000,000ff00f,xxxxxxxx,xxxxxxxx,00000000,00000000,00000050,00000050,0,00000,0,00000050
49415000,1,00000050,000000a8,000000a4,000000a0,000000a0,24010008,00000050,0,00000,000fff00,xxxxxxxx,xxxxxxxx,00000000,00000000,00000050,00000050,0,00000,0,00000050
49425000,1,00000050,000000a8,000000a8,000000a4,000000a0,00411821,00000050,0,00000,000f0ff0,xxxxxxxx,xxxxxxxx,00000000,00000000,000000ac,000000ac,0,00000,0,00000000
49435000,1,00000054,00000050,000000a8,000000a8,000000a4,00411821,00000054,0,00000,000ff0ff,xxxxxxxx,xxxxxxxx,00000000,00000000,00000008,00000008,0,00000,0,00000008
49445000,1,00000054,00000050,00000050,000000a8,000000a8,00022082,00000054,0,00000,000f0f0f,xxxxxxxx,xxxxxxxx,00000000,00000000,00000008,00000008,0,00000,0,00000008
49455000,1,00000058,00000054,00000050,00000050,000000a8,00022082,00000058,0,00000,000ff0f0,xxxxxxxx,xxxxxxxx,00000000,00000000,00000018,00000018,0,00000,0,00000008
49465000,1,00000058,00000054,00000054,00000050,00000050,28990005,00000058,0,00000,000f0f0f,xxxxxxxx,xxxxxxxx,00000000,00000000,00000018,00000018,0,00000,0,00000008
49475000,1,0000005c,00000058,00000054,00000054,00000050,28990005,0000005c,0,00000,000ff0f0,xxxxxxxx,xxxxxxxx,00000000,00000000,00000004,00000004,0,00000,0,00000010
49485000,1,0000005c,00000058,00000058,00000054,00000054,0721000e,0000005c,0,00000,000f0f0f,xxxxxxxx,xxxxxxxx,00000000,00000000,00000004,00000004,0,00000,0,00000010
49495000,1,00000060,0000005c,00000058,00000058,00000054,0721000e,00000060,0,00000,000ff0f0,xxxxxxxx,xxxxxxxx,00000000,00000000,00000001,00000001,0,00000,0,00000100
49505000,1,00000060,0000005c,00000058,00000058,00000058,00642823,00000060,0,00000,000ff00f,xxxxxxxx,xxxxxxxx,00000000,00000000,00000001,00000001,0,00000,0,00000100
49515000,1,00000098,00000060,0000005c,00000058,00000058,00642823,00000098,0,00000,000fff00,xxxxxxxx,xxxxxxxx,00000000,00000000,00000001,00000001,0,00000,0,00000100
49525000,1,00000098,00000060,00000060,0000005c,00000058,3c0c000c,00000098,0,00000,000f0ff0,xxxxxxxx,xxxxxxxx,00000000,00000000,00000000,00000000,0,00000,0,00000008
49535000,1,0000009c,00000098,00000060,00000060,0000005c,3c0c000c,0000009c,0,00000,000ff0ff,xxxxxxxx,xxxxxxxx,00000000,00000000,00000014,00000014,0,00000,0,00000004
49545000,1,0000009c,00000098,00000098,00000060,00000060,004cd007,0000009c,0,00000,000f0f0f,xxxxxxxx,xxxxxxxx,00000000,00000000,00000014,00000014,0,00000,0,00000004
49555000,1,000000a0,0000009c,00000098,00000098,00000060,004cd007,000000a0,0,00000,000ff0f0,xxxxxxxx,xxxxxxxx,00000000,00000000,000c0000,000c0000,0,00000,0,000c0000
49565000,1,000000a0,0000009c,0000009c,00000098,00000098,275b0044,000000a0,0,00000,000f0f0f,xxxxxxxx,xxxxxxxx,00000000,00000000,000c0000,000c0000,0,00000,0,000c0000
49575000,1,000000a4,000000a0,0000009c,0000009c,00000098,275b0044,000000a4,0,00000,000ff0f0,xxxxxxxx,xxxxxxxx,00000000,00000000,0000000c,0000000c,0,00000,0,000c0000
49585000,1,000000a4,000000a0,000000a0,0000009c,0000009c,0360f809,000000a4,0,00000,000f0f0f,xxxxxxxx,xxxxxxxx,00000000,00000000,0000000c,0000000c,0,00000,0,000c0000
49595000,1,000000a8,000000a4,000000a0,000000a0,0000009c,0360f809,000000a8,0,00000,000ff0f0,xxxxxxxx,xxxxxxxx,00000000,00000000,00000050,00000050,0,00000,0,00000050
49605000,1,000000a8,000000a4,000000a0,000000a0,000000a0,24010008,000000a8,0,00000,000ff00f,xxxxxxxx,xxxxxxxx,00000000,00000000,00000050,00000050,0,00000,0,00000050
49615000,1,00000050,000000a8,000000a4,000000a0,000000a0,24010008,00000050,0,00000,000fff00,xxxxxxxx,xxxxxxxx,00000000,00000000,00000050,00000050,0,00000,0,00000050
49625000,1,00000050,000000a8,000000a8,000000a4,000000a0,00411821,00000050,0,00000,000f0ff0,xxxxxxxx,xxxxxxxx,00000000,00000000,000000ac,000000ac,0,00000,0,00000000
49635000,1,00000054,00000050,000000a8,000000a8,000000a4,00411821,00000054,0,00000,000ff0ff,xxxxxxxx,xxxxxxxx,00000000,00000000,00000008,00000008,0,00000,0,00000008
49645000,1,00000054,00000050,00000050,000000a8,000000a8,00022082,00000054,0,00000,000f0f0f,xxxxxxxx,xxxxxxxx,00000000,00000000,00000008,00000008,0,00000,0,00000008
49655000,1,00000058,00000054,00000050,00000050,000000a8,00022082,00000058,0,00000,000ff0f0,xxxxxxxx,xxxxxxxx,00000000,00000000,00000018,00000018,0,00000,0,00000008
49665000,1,00000058,00000054,00000054,00000050,00000050,28990005,00000058,0,00000,000f0f0f,xxxxxxxx,xxxxxxxx,00000000,00000000,00000018,00000018,0,00000,0,00000008
49675000,1,0000005c,00000058,00000054,00000054,00000050,28990005,0000005c,0,00000,000ff0f0,xxxxxxxx,xxxxxxxx,00000000,00000000,00000004,00000004,0,00000,0,00000010
49685000,1,0000005c,00000058,00000058,00000054,00000054,0721000e,0000005c,0,00000,000f0f0f,xxxxxxxx,xxxxxxxx,00000000,00000000,00000004,00000004,0,00000,0,00000010
49695000,1,00000060,0000005c,00000058,00000058,00000054,0721000e,00000060,0,00000,000ff0f0,xxxxxxxx,xxxxxxxx,00000000,00000000,00000001,00000001,0,00000,0,00000100
49705000,1,00000060,0000005c,00000058,00000058,00000058,00642823,00000060,0,00000,000ff00f,xxxxxxxx,xxxxxxxx,00000000,00000000,00000001,00000001,0,00000,0,00000100
49715000,1,00000098,00000060,0000005c,00000058,00000058,00642823,00000098,0,00000,000fff00,xxxxxxxx,xxxxxxxx,00000000,00000000,00000001,00000001,0,00000,0,00000100
49725000,1,00000098,00000060,00000060,0000005c,00000058,3c0c000c,00000098,0,00000,000f0ff0,xxxxxxxx,xxxxxxxx,00000000,00000000,00000000,00000000,0,00000,0,00000008
49735000,1,0000009c,00000098,00000060,00000060,0000005c,3c0c000c,0000009c,0,00000,000ff0ff,xxxxxxxx,xxxxxxxx,00000000,00000000,00000014,00000014,0,00000,0,00000004
49745000,1,0000009c,00000098,00000098,00000060,00000060,004cd007,0000009c,0,00000,000f0f0f,xxxxxxxx,xxxxxxxx,00000000,00000000,00000014,00000014,0,00000,0,00000004
49755000,1,000000a0,0000009c,00000098,00000098,00000060,004cd007,000000a0,0,00000,000ff0f0,xxxxxxxx,xxxxxxxx,00000000,00000000,000c0000,000c0000,0,00000,0,000c0000
49765000,1,000000a0,0000009c,0000009c,00000098,00000098,275b0044,000000a0,0,00000,000f0f0f,xxxxxxxx,xxxxxxxx,00000000,00000000,000c0000,000c0000,0,00000,0,000c0000
49775000,1,000000a4,000000a0,0000009c,0000009c,00000098,275b0044,000000a4,0,00000,000ff0f0,xxxxxxxx,xxxxxxxx,00000000,00000000,0000000c,0000000c,0,00000,0,000c0000
49785000,1,000000a4,000000a0,000000a0,0000009c,0000009c,0360f809,000000a4,0,00000,000f0f0f,xxxxxxxx,xxxxxxxx,00000000,00000000,0000000c,0000000c,0,00000,0,000c0000
49795000,1,000000a8,000000a4,000000a0,000000a0,0000009c,0360f809,000000a8,0,00000,000ff0f0,xxxxxxxx,xxxxxxxx,00000000,00000000,00000050,00000050,0,00000,0,00000050
49805000,1,000000a8,000000a4,000000a0,000000a0,000000a0,24010008,000000a8,0,00000,000ff00f,xxxxxxxx,xxxxxxxx,00000000,00000000,00000050,00000050,0,00000,0,00000050
49815000,1,00000050,000000a8,000000a4,000000a0,000000a0,24010008,00000050,0,00000,000fff00,xxxxxxxx,xxxxxxxx,00000000,00000000,00000050,00000050,0,00000,0,00000050
49825000,1,00000050,000000a8,000000a8,000000a4,000000a0,00411821,00000050,0,00000,000f0ff0,xxxxxxxx,xxxxxxxx,00000000,00000000,000000ac,000000ac,0,00000,0,00000000
49835000,1,00000054,00000050,000000a8,000000a8,000000a4,00411821,00000054,0,00000,000ff0ff,xxxxxxxx,xxxxxxxx,00000000,00000000,00000008,00000008,0,00000,0,00000008
49845000,1,00000054,00000050,00000050,000000a8,000000a8,00022082,00000054,0,00000,000f0f0f,xxxxxxxx,xxxxxxxx,00000000,00000000,00000008,00000008,0,00000,0,00000008
49855000,1,00000058,00000054,00000050,00000050,000000a8,00022082,00000058,0,00000,000ff0f0,xxxxxxxx,xxxxxxxx,00000000,00000000,00000018,00000018,0,00000,0,00000008
49865000,1,00000058,00000054,00000054,00000050,00000050,28990005,00000058,0,00000,000f0f0f,xxxxxxxx,xxxxxxxx,00000000,00000000,00000018,00000018,0,00000,0,00000008
49875000,1,0000005c,00000058,00000054,00000054,00000050,28990005,0000005c,0,00000,000ff0f0,xxxxxxxx,xxxxxxxx,00000000,00000000,00000004,00000004,0,00000,0,00000010
49885000,1,0000005c,00000058,00000058,00000054,00000054,0721000e,0000005c,0,00000,000f0f0f,xxxxxxxx,xxxxxxxx,00000000,00000000,00000004,00000004,0,00000,0,00000010
49895000,1,00000060,0000005c,00000058,00000058,00000054,0721000e,00000060,0,00000,000ff0f0,xxxxxxxx,xxxxxxxx,00000000,00000000,00000001,00000001,0,00000,0,00000100
49905000,1,00000060,0000005c,00000058,00000058,00000058,00642823,00000060,0,00000,000ff00f,xxxxxxxx,xxxxxxxx,00000000,00000000,00000001,00000001,0,00000,0,00000100
49915000,1,00000098,00000060,0000005c,00000058,00000058,00642823,00000098,0,00000,000fff00,xxxxxxxx,xxxxxxxx,00000000,00000000,00000001,00000001,0,00000,0,00000100
49925000,1,00000098,00000060,00000060,0000005c,00000058,3c0c000c,00000098,0,00000,000f0ff0,xxxxxxxx,xxxxxxxx,00000000,00000000,00000000,00000000,0,00000,0,00000008
49935000,1,0000009c,00000098,00000060,00000060,0000005c,3c0c000c,0000009c,0,00000,000ff0ff,xxxxxxxx,xxxxxxxx,00000000,00000000,00000014,00000014,0,00000,0,00000004
49945000,1,0000009c,00000098,00000098,00000060,00000060,004cd007,0000009c,0,00000,000f0f0f,xxxxxxxx,xxxxxxxx,00000000,00000000,00000014,00000014,0,00000,0,00000004
49955000,1,000000a0,0000009c,00000098,00000098,00000060,004cd007,000000a0,0,00000,000ff0f0,xxxxxxxx,xxxxxxxx,00000000,00000000,000c0000,000c0000,0,00000,0,000c0000
49965000,1,000000a0,0000009c,0000009c,00000098,00000098,275b0044,000000a0,0,00000,000f0f0f,xxxxxxxx,xxxxxxxx,00000000,00000000,000c0000,000c0000,0,00000,0,000c0000
49975000,1,000000a4,000000a0,0000009c,0000009c,00000098,275b0044,000000a4,0,00000,000ff0f0,xxxxxxxx,xxxxxxxx,00000000,00000000,0000000c,0000000c,0,00000,0,000c0000
49985000,1,000000a4,000000a0,000000a0,0000009c,0000009c,0360f809,000000a4,0,00000,000f0f0f,xxxxxxxx,xxxxxxxx,00000000,00000000,0000000c,0000000c,0,00000,0,000c0000
49995000,1,000000a8,000000a4,000000a0,000000a0,0000009c,0360f809,000000a8,0,00000,000ff0f0,xxxxxxxx,xxxxxxxx,00000000,00000000,00000050,00000050,0,00000,0,00000050
50005000,1,000000a8,000000a4,000000a0,000000a0,000000a0,24010008,000000a8,0,00000,000ff00f,xxxxxxxx,xxxxxxxx,00000000,00000000,00000050,00000050,0,00000,0,00000050
50015000,1,00000050,000000a8,000000a4,000000a0,000000a0,24010008,00000050,0,00000,000fff00,xxxxxxxx,xxxxxxxx,00000000,00000000,00000050,00000050,0,00000,0,00000050
50025000,1,00000050,000000a8,000000a8,000000a4,000000a0,00411821,00000050,0,00000,000f0ff0,xxxxxxxx,xxxxxxxx,00000000,00000000,000000ac,000000ac,0,00000,0,00000000
50035000,1,00000054,00000050,000000a8,000000a8,000000a4,00411821,00000054,0,00000,000ff0ff,xxxxxxxx,xxxxxxxx,00000000,00000000,00000008,00000008,0,00000,0,00000008
50045000,1,00000054,00000050,00000050,000000a8,000000a8,00022082,00000054,0,00000,000f0f0f,xxxxxxxx,xxxxxxxx,00000000,00000000,00000008,00000008,0,00000,0,00000008
50055000,1,00000058,00000054,00000050,00000050,000000a8,00022082,00000058,0,00000,000ff0f0,xxxxxxxx,xxxxxxxx,00000000,00000000,00000018,00000018,0,00000,0,00000008
50065000,1,00000058,00000054,00000054,00000050,00000050,28990005,00000058,0,00000,000f0f0f,xxxxxxxx,xxxxxxxx,00000000,00000000,00000018,00000018,0,00000,0,00000008
50075000,1,0000005c,00000058,00000054,00000054,00000050,28990005,0000005c,0,00000,000ff0f0,xxxxxxxx,xxxxxxxx,00000000,00000000,00000004,00000004,0,00000,0,00000010
50085000,1,0000005c,00000058,00000058,00000054,00000054,0721000e,0000005c,0,00000,000f0f0f,xxxxxxxx,xxxxxxxx,00000000,00000000,00000004,00000004,0,00000,0,00000010
50095000,1,00000060,0000005c,00000058,00000058,00000054,0721000e,00000060,0,00000,000ff0f0,xxxxxxxx,xxxxxxxx,00000000,00000000,00000001,00000001,0,00000,0,00000100
Final values:
IF_pc: 00000060
IF_inst: 00642823
inst_paddr: 00000060 tlb_s0_found: 0 tlb_s0_pfn: 00000
ID_pc: 0000005c
EXE_pc: 00000058
MEM_pc: 00000058
WB_pc: 00000058
cpu_5_valid: 000ff00f
HI_data: xxxxxxxx
LO_data: xxxxxxxx
rf_data: 00000000
mem_data: 00000000
dm_addr: 00000001 dm_paddr: 00000001 tlb_s1_found: 0 tlb_s1_pfn: 00000 dm_wen: 0000 dm_wdata: 00000100
