Copyright 1986-2019 Xilinx, Inc. All Rights Reserved.
-------------------------------------------------------------------------------------------------
| Tool Version              : Vivado v.2019.2 (win64) Build 2708876 Wed Nov  6 21:40:23 MST 2019
| Date                      : Wed Jan  7 21:57:09 2026
| Host                      : wyn running 64-bit major release  (build 9200)
| Command                   : report_io -file cpu_with_tlb_cache_io_placed.rpt
| Design                    : cpu_with_tlb_cache
| Device                    : xc7a200t
| Speed File                : -2
| Package                   : fbg676
| Package Version           : FINAL 2012-06-20
| Package Pin Delay Version : FINAL VERS. 2.0 2012-06-20
-------------------------------------------------------------------------------------------------

IO Information

Table of Contents
-----------------
1. Summary
2. IO Assignments by Package Pin

1. Summary
----------

+---------------+
| Total User IO |
+---------------+
|           397 |
+---------------+


2. IO Assignments by Package Pin
--------------------------------

+------------+-----------------+------------+------------------------------+---------------+-------------+---------+------------+------+---------------------+----------------------+---------+------------+-----------+----------+------+------------------+--------------+-------------------+--------------+
| Pin Number | Signal Name     | Bank Type  | Pin Name                     | Use           | IO Standard | IO Bank | Drive (mA) | Slew | On-Chip Termination | Off-Chip Termination | Voltage | Constraint | Pull Type | DQS Bias | Vref | Signal Integrity | Pre Emphasis | Lvds Pre Emphasis | Equalization |
+------------+-----------------+------------+------------------------------+---------------+-------------+---------+------------+------+---------------------+----------------------+---------+------------+-----------+----------+------+------------------+--------------+-------------------+--------------+
| A1         |                 | High Range | VCCO_35                      | VCCO          |             |      35 |            |      |                     |                      |    1.80 |            |           |          |      |                  |              |                   |              |
| A2         | HI_data[9]      | High Range | IO_L20N_T3_35                | OUTPUT        | LVCMOS18*   |      35 |         12 | SLOW |                     |            FP_VTT_50 |         | UNFIXED    |           |          |      | NONE             |              |                   |              |
| A3         | HI_data[10]     | High Range | IO_L20P_T3_35                | OUTPUT        | LVCMOS18*   |      35 |         12 | SLOW |                     |            FP_VTT_50 |         | UNFIXED    |           |          |      | NONE             |              |                   |              |
| A4         | HI_data[17]     | High Range | IO_L16N_T2_35                | OUTPUT        | LVCMOS18*   |      35 |         12 | SLOW |                     |            FP_VTT_50 |         | UNFIXED    |           |          |      | NONE             |              |                   |              |
| A5         | HI_data[19]     | High Range | IO_L15N_T2_DQS_35            | OUTPUT        | LVCMOS18*   |      35 |         12 | SLOW |                     |            FP_VTT_50 |         | UNFIXED    |           |          |      | NONE             |              |                   |              |
| A6         |                 |            | GND                          | GND           |             |         |            |      |                     |                      |     0.0 |            |           |          |      |                  |              |                   |              |
| A7         |                 |            | MGTPTXN0_216                 | Gigabit       |             |         |            |      |                     |                      |         |            |           |          |      |                  |              |                   |              |
| A8         |                 |            | GND                          | GND           |             |         |            |      |                     |                      |     0.0 |            |           |          |      |                  |              |                   |              |
| A9         |                 |            | MGTPTXN2_216                 | Gigabit       |             |         |            |      |                     |                      |         |            |           |          |      |                  |              |                   |              |
| A10        |                 |            | GND                          | GND           |             |         |            |      |                     |                      |     0.0 |            |           |          |      |                  |              |                   |              |
| A11        |                 |            | MGTPRXN0_216                 | Gigabit       |             |         |            |      |                     |                      |         |            |           |          |      |                  |              |                   |              |
| A12        |                 |            | GND                          | GND           |             |         |            |      |                     |                      |     0.0 |            |           |          |      |                  |              |                   |              |
| A13        |                 |            | MGTPRXN2_216                 | Gigabit       |             |         |            |      |                     |                      |         |            |           |          |      |                  |              |                   |              |
| A14        |                 |            | GND                          | GND           |             |         |            |      |                     |                      |     0.0 |            |           |          |      |                  |              |                   |              |
| A15        |                 |            | MGTRREF_216                  | Gigabit       |             |         |            |      |                     |                      |         |            |           |          |      |                  |              |                   |              |
| A16        |                 |            | GND                          | GND           |             |         |            |      |                     |                      |     0.0 |            |           |          |      |                  |              |                   |              |
| A17        | IF_inst[18]     | High Range | IO_L9P_T1_DQS_16             | OUTPUT        | LVCMOS18*   |      16 |         12 | SLOW |                     |            FP_VTT_50 |         | UNFIXED    |           |          |      | NONE             |              |                   |              |
| A18        | IF_inst[17]     | High Range | IO_L9N_T1_DQS_16             | OUTPUT        | LVCMOS18*   |      16 |         12 | SLOW |                     |            FP_VTT_50 |         | UNFIXED    |           |          |      | NONE             |              |                   |              |
| A19        | IF_inst[15]     | High Range | IO_L10N_T1_16                | OUTPUT        | LVCMOS18*   |      16 |         12 | SLOW |                     |            FP_VTT_50 |         | UNFIXED    |           |          |      | NONE             |              |                   |              |
| A20        | IF_inst[5]      | High Range | IO_L15N_T2_DQS_16            | OUTPUT        | LVCMOS18*   |      16 |         12 | SLOW |                     |            FP_VTT_50 |         | UNFIXED    |           |          |      | NONE             |              |                   |              |
| A21        |                 | High Range | VCCO_16                      | VCCO          |             |      16 |            |      |                     |                      |    1.80 |            |           |          |      |                  |              |                   |              |
| A22        | IF_inst[1]      | High Range | IO_L17N_T2_16                | OUTPUT        | LVCMOS18*   |      16 |         12 | SLOW |                     |            FP_VTT_50 |         | UNFIXED    |           |          |      | NONE             |              |                   |              |
| A23        | EXE_pc[26]      | High Range | IO_L21P_T3_DQS_16            | OUTPUT        | LVCMOS18*   |      16 |         12 | SLOW |                     |            FP_VTT_50 |         | UNFIXED    |           |          |      | NONE             |              |                   |              |
| A24        | EXE_pc[25]      | High Range | IO_L21N_T3_DQS_16            | OUTPUT        | LVCMOS18*   |      16 |         12 | SLOW |                     |            FP_VTT_50 |         | UNFIXED    |           |          |      | NONE             |              |                   |              |
| A25        | EXE_pc[27]      | High Range | IO_L20N_T3_16                | OUTPUT        | LVCMOS18*   |      16 |         12 | SLOW |                     |            FP_VTT_50 |         | UNFIXED    |           |          |      | NONE             |              |                   |              |
| A26        |                 |            | GND                          | GND           |             |         |            |      |                     |                      |     0.0 |            |           |          |      |                  |              |                   |              |
| AA1        |                 | High Range | VCCO_33                      | VCCO          |             |      33 |            |      |                     |                      |    1.80 |            |           |          |      |                  |              |                   |              |
| AA2        | rf_data[7]      | High Range | IO_L12N_T1_MRCC_33           | OUTPUT        | LVCMOS18*   |      33 |         12 | SLOW |                     |            FP_VTT_50 |         | UNFIXED    |           |          |      | NONE             |              |                   |              |
| AA3        | rf_data[8]      | High Range | IO_L12P_T1_MRCC_33           | OUTPUT        | LVCMOS18*   |      33 |         12 | SLOW |                     |            FP_VTT_50 |         | UNFIXED    |           |          |      | NONE             |              |                   |              |
| AA4        | rf_data[6]      | High Range | IO_L13P_T2_MRCC_33           | OUTPUT        | LVCMOS18*   |      33 |         12 | SLOW |                     |            FP_VTT_50 |         | UNFIXED    |           |          |      | NONE             |              |                   |              |
| AA5        | LO_data[6]      | High Range | IO_L22P_T3_33                | OUTPUT        | LVCMOS18*   |      33 |         12 | SLOW |                     |            FP_VTT_50 |         | UNFIXED    |           |          |      | NONE             |              |                   |              |
| AA6        |                 |            | GND                          | GND           |             |         |            |      |                     |                      |     0.0 |            |           |          |      |                  |              |                   |              |
| AA7        | LO_data[11]     | High Range | IO_L19N_T3_VREF_33           | OUTPUT        | LVCMOS18*   |      33 |         12 | SLOW |                     |            FP_VTT_50 |         | UNFIXED    |           |          |      | NONE             |              |                   |              |
| AA8        | LO_data[3]      | High Range | IO_L23N_T3_33                | OUTPUT        | LVCMOS18*   |      33 |         12 | SLOW |                     |            FP_VTT_50 |         | UNFIXED    |           |          |      | NONE             |              |                   |              |
| AA9        |                 |            | GND                          | GND           |             |         |            |      |                     |                      |     0.0 |            |           |          |      |                  |              |                   |              |
| AA10       |                 |            | MGTAVCC_G10                  | Gigabit Power |             |         |            |      |                     |                      |         |            |           |          |      |                  |              |                   |              |
| AA11       |                 |            | MGTREFCLK1P_213              | Gigabit       |             |         |            |      |                     |                      |         |            |           |          |      |                  |              |                   |              |
| AA12       |                 |            | MGTAVCC_G10                  | Gigabit Power |             |         |            |      |                     |                      |         |            |           |          |      |                  |              |                   |              |
| AA13       |                 |            | MGTREFCLK0P_213              | Gigabit       |             |         |            |      |                     |                      |         |            |           |          |      |                  |              |                   |              |
| AA14       |                 |            | GND                          | GND           |             |         |            |      |                     |                      |     0.0 |            |           |          |      |                  |              |                   |              |
| AA15       | mem_data[22]    | High Range | IO_L23N_T3_12                | OUTPUT        | LVCMOS18*   |      12 |         12 | SLOW |                     |            FP_VTT_50 |         | UNFIXED    |           |          |      | NONE             |              |                   |              |
| AA16       |                 |            | GND                          | GND           |             |         |            |      |                     |                      |     0.0 |            |           |          |      |                  |              |                   |              |
| AA17       | mem_data[31]    | High Range | IO_L19P_T3_12                | OUTPUT        | LVCMOS18*   |      12 |         12 | SLOW |                     |            FP_VTT_50 |         | UNFIXED    |           |          |      | NONE             |              |                   |              |
| AA18       | mem_addr[5]     | High Range | IO_L17N_T2_12                | INPUT         | LVCMOS18*   |      12 |            |      |                     |                 NONE |         | UNFIXED    |           |          |      | NONE             |              |                   |              |
| AA19       | rf_addr[4]      | High Range | IO_L13P_T2_MRCC_12           | INPUT         | LVCMOS18*   |      12 |            |      |                     |                 NONE |         | UNFIXED    |           |          |      | NONE             |              |                   |              |
| AA20       |                 | High Range | IO_L12P_T1_MRCC_12           | User IO       |             |      12 |            |      |                     |                      |         |            |           |          |      |                  |              |                   |              |
| AA21       |                 | High Range | VCCO_12                      | VCCO          |             |      12 |            |      |                     |                      |    1.80 |            |           |          |      |                  |              |                   |              |
| AA22       | WB_pc[20]       | High Range | IO_L8P_T1_13                 | OUTPUT        | LVCMOS18*   |      13 |         12 | SLOW |                     |            FP_VTT_50 |         | UNFIXED    |           |          |      | NONE             |              |                   |              |
| AA23       | WB_pc[19]       | High Range | IO_L8N_T1_13                 | OUTPUT        | LVCMOS18*   |      13 |         12 | SLOW |                     |            FP_VTT_50 |         | UNFIXED    |           |          |      | NONE             |              |                   |              |
| AA24       | WB_pc[22]       | High Range | IO_L7P_T1_13                 | OUTPUT        | LVCMOS18*   |      13 |         12 | SLOW |                     |            FP_VTT_50 |         | UNFIXED    |           |          |      | NONE             |              |                   |              |
| AA25       | WB_pc[25]       | High Range | IO_L5N_T0_13                 | OUTPUT        | LVCMOS18*   |      13 |         12 | SLOW |                     |            FP_VTT_50 |         | UNFIXED    |           |          |      | NONE             |              |                   |              |
| AA26       |                 |            | GND                          | GND           |             |         |            |      |                     |                      |     0.0 |            |           |          |      |                  |              |                   |              |
| AB1        | rf_data[18]     | High Range | IO_L7P_T1_33                 | OUTPUT        | LVCMOS18*   |      33 |         12 | SLOW |                     |            FP_VTT_50 |         | UNFIXED    |           |          |      | NONE             |              |                   |              |
| AB2        | rf_data[10]     | High Range | IO_L11P_T1_SRCC_33           | OUTPUT        | LVCMOS18*   |      33 |         12 | SLOW |                     |            FP_VTT_50 |         | UNFIXED    |           |          |      | NONE             |              |                   |              |
| AB3        |                 |            | GND                          | GND           |             |         |            |      |                     |                      |     0.0 |            |           |          |      |                  |              |                   |              |
| AB4        | rf_data[5]      | High Range | IO_L13N_T2_MRCC_33           | OUTPUT        | LVCMOS18*   |      33 |         12 | SLOW |                     |            FP_VTT_50 |         | UNFIXED    |           |          |      | NONE             |              |                   |              |
| AB5        | LO_data[5]      | High Range | IO_L22N_T3_33                | OUTPUT        | LVCMOS18*   |      33 |         12 | SLOW |                     |            FP_VTT_50 |         | UNFIXED    |           |          |      | NONE             |              |                   |              |
| AB6        | LO_data[2]      | High Range | IO_L24P_T3_33                | OUTPUT        | LVCMOS18*   |      33 |         12 | SLOW |                     |            FP_VTT_50 |         | UNFIXED    |           |          |      | NONE             |              |                   |              |
| AB7        |                 | Dedicated  | M0_0                         | Config        |             |       0 |            |      |                     |                      |         |            |           |          |      |                  |              |                   |              |
| AB8        |                 |            | GND                          | GND           |             |         |            |      |                     |                      |     0.0 |            |           |          |      |                  |              |                   |              |
| AB9        |                 |            | GND                          | GND           |             |         |            |      |                     |                      |     0.0 |            |           |          |      |                  |              |                   |              |
| AB10       |                 |            | GND                          | GND           |             |         |            |      |                     |                      |     0.0 |            |           |          |      |                  |              |                   |              |
| AB11       |                 |            | MGTREFCLK1N_213              | Gigabit       |             |         |            |      |                     |                      |         |            |           |          |      |                  |              |                   |              |
| AB12       |                 |            | GND                          | GND           |             |         |            |      |                     |                      |     0.0 |            |           |          |      |                  |              |                   |              |
| AB13       |                 |            | MGTREFCLK0N_213              | Gigabit       |             |         |            |      |                     |                      |         |            |           |          |      |                  |              |                   |              |
| AB14       |                 |            | GND                          | GND           |             |         |            |      |                     |                      |     0.0 |            |           |          |      |                  |              |                   |              |
| AB15       |                 | Dedicated  | CFGBVS_0                     | Config        |             |       0 |            |      |                     |                      |         |            |           |          |      |                  |              |                   |              |
| AB16       | mem_data[25]    | High Range | IO_L22P_T3_12                | OUTPUT        | LVCMOS18*   |      12 |         12 | SLOW |                     |            FP_VTT_50 |         | UNFIXED    |           |          |      | NONE             |              |                   |              |
| AB17       | mem_data[30]    | High Range | IO_L19N_T3_VREF_12           | OUTPUT        | LVCMOS18*   |      12 |         12 | SLOW |                     |            FP_VTT_50 |         | UNFIXED    |           |          |      | NONE             |              |                   |              |
| AB18       |                 | High Range | VCCO_12                      | VCCO          |             |      12 |            |      |                     |                      |    1.80 |            |           |          |      |                  |              |                   |              |
| AB19       | rf_addr[3]      | High Range | IO_L13N_T2_MRCC_12           | INPUT         | LVCMOS18*   |      12 |            |      |                     |                 NONE |         | UNFIXED    |           |          |      | NONE             |              |                   |              |
| AB20       | resetn          | High Range | IO_L12N_T1_MRCC_12           | INPUT         | LVCMOS18*   |      12 |            |      |                     |                 NONE |         | UNFIXED    |           |          |      | NONE             |              |                   |              |
| AB21       | clk             | High Range | IO_L11P_T1_SRCC_12           | INPUT         | LVCMOS18*   |      12 |            |      |                     |                 NONE |         | UNFIXED    |           |          |      | NONE             |              |                   |              |
| AB22       |                 | High Range | IO_0_12                      | User IO       |             |      12 |            |      |                     |                      |         |            |           |          |      |                  |              |                   |              |
| AB23       |                 |            | GND                          | GND           |             |         |            |      |                     |                      |     0.0 |            |           |          |      |                  |              |                   |              |
| AB24       | WB_pc[18]       | High Range | IO_L9P_T1_DQS_13             | OUTPUT        | LVCMOS18*   |      13 |         12 | SLOW |                     |            FP_VTT_50 |         | UNFIXED    |           |          |      | NONE             |              |                   |              |
| AB25       | WB_pc[21]       | High Range | IO_L7N_T1_13                 | OUTPUT        | LVCMOS18*   |      13 |         12 | SLOW |                     |            FP_VTT_50 |         | UNFIXED    |           |          |      | NONE             |              |                   |              |
| AB26       | WB_pc[30]       | High Range | IO_L3P_T0_DQS_13             | OUTPUT        | LVCMOS18*   |      13 |         12 | SLOW |                     |            FP_VTT_50 |         | UNFIXED    |           |          |      | NONE             |              |                   |              |
| AC1        | rf_data[17]     | High Range | IO_L7N_T1_33                 | OUTPUT        | LVCMOS18*   |      33 |         12 | SLOW |                     |            FP_VTT_50 |         | UNFIXED    |           |          |      | NONE             |              |                   |              |
| AC2        | rf_data[9]      | High Range | IO_L11N_T1_SRCC_33           | OUTPUT        | LVCMOS18*   |      33 |         12 | SLOW |                     |            FP_VTT_50 |         | UNFIXED    |           |          |      | NONE             |              |                   |              |
| AC3        | rf_data[4]      | High Range | IO_L14P_T2_SRCC_33           | OUTPUT        | LVCMOS18*   |      33 |         12 | SLOW |                     |            FP_VTT_50 |         | UNFIXED    |           |          |      | NONE             |              |                   |              |
| AC4        | LO_data[14]     | High Range | IO_L18P_T2_33                | OUTPUT        | LVCMOS18*   |      33 |         12 | SLOW |                     |            FP_VTT_50 |         | UNFIXED    |           |          |      | NONE             |              |                   |              |
| AC5        |                 | High Range | VCCO_33                      | VCCO          |             |      33 |            |      |                     |                      |    1.80 |            |           |          |      |                  |              |                   |              |
| AC6        | LO_data[1]      | High Range | IO_L24N_T3_33                | OUTPUT        | LVCMOS18*   |      33 |         12 | SLOW |                     |            FP_VTT_50 |         | UNFIXED    |           |          |      | NONE             |              |                   |              |
| AC7        |                 |            | GND                          | GND           |             |         |            |      |                     |                      |     0.0 |            |           |          |      |                  |              |                   |              |
| AC8        |                 |            | MGTPTXP2_213                 | Gigabit       |             |         |            |      |                     |                      |         |            |           |          |      |                  |              |                   |              |
| AC9        |                 |            | MGTAVCC_G10                  | Gigabit Power |             |         |            |      |                     |                      |         |            |           |          |      |                  |              |                   |              |
| AC10       |                 |            | MGTPTXP0_213                 | Gigabit       |             |         |            |      |                     |                      |         |            |           |          |      |                  |              |                   |              |
| AC11       |                 |            | MGTAVCC_G10                  | Gigabit Power |             |         |            |      |                     |                      |         |            |           |          |      |                  |              |                   |              |
| AC12       |                 |            | MGTPRXP0_213                 | Gigabit       |             |         |            |      |                     |                      |         |            |           |          |      |                  |              |                   |              |
| AC13       |                 |            | MGTAVCC_G10                  | Gigabit Power |             |         |            |      |                     |                      |         |            |           |          |      |                  |              |                   |              |
| AC14       |                 |            | MGTPRXP2_213                 | Gigabit       |             |         |            |      |                     |                      |         |            |           |          |      |                  |              |                   |              |
| AC15       |                 |            | GND                          | GND           |             |         |            |      |                     |                      |     0.0 |            |           |          |      |                  |              |                   |              |
| AC16       | mem_data[24]    | High Range | IO_L22N_T3_12                | OUTPUT        | LVCMOS18*   |      12 |         12 | SLOW |                     |            FP_VTT_50 |         | UNFIXED    |           |          |      | NONE             |              |                   |              |
| AC17       | mem_data[29]    | High Range | IO_L20P_T3_12                | OUTPUT        | LVCMOS18*   |      12 |         12 | SLOW |                     |            FP_VTT_50 |         | UNFIXED    |           |          |      | NONE             |              |                   |              |
| AC18       | rf_addr[0]      | High Range | IO_L15P_T2_DQS_12            | INPUT         | LVCMOS18*   |      12 |            |      |                     |                 NONE |         | UNFIXED    |           |          |      | NONE             |              |                   |              |
| AC19       | rf_addr[2]      | High Range | IO_L14P_T2_SRCC_12           | INPUT         | LVCMOS18*   |      12 |            |      |                     |                 NONE |         | UNFIXED    |           |          |      | NONE             |              |                   |              |
| AC20       |                 |            | GND                          | GND           |             |         |            |      |                     |                      |     0.0 |            |           |          |      |                  |              |                   |              |
| AC21       |                 | High Range | IO_L11N_T1_SRCC_12           | User IO       |             |      12 |            |      |                     |                      |         |            |           |          |      |                  |              |                   |              |
| AC22       |                 | High Range | IO_L2P_T0_12                 | User IO       |             |      12 |            |      |                     |                      |         |            |           |          |      |                  |              |                   |              |
| AC23       |                 | High Range | IO_L2N_T0_12                 | User IO       |             |      12 |            |      |                     |                      |         |            |           |          |      |                  |              |                   |              |
| AC24       | MEM_pc[31]      | High Range | IO_L9N_T1_DQS_13             | OUTPUT        | LVCMOS18*   |      13 |         12 | SLOW |                     |            FP_VTT_50 |         | UNFIXED    |           |          |      | NONE             |              |                   |              |
| AC25       |                 | High Range | VCCO_13                      | VCCO          |             |      13 |            |      |                     |                      |    1.80 |            |           |          |      |                  |              |                   |              |
| AC26       | WB_pc[29]       | High Range | IO_L3N_T0_DQS_13             | OUTPUT        | LVCMOS18*   |      13 |         12 | SLOW |                     |            FP_VTT_50 |         | UNFIXED    |           |          |      | NONE             |              |                   |              |
| AD1        | rf_data[14]     | High Range | IO_L9P_T1_DQS_33             | OUTPUT        | LVCMOS18*   |      33 |         12 | SLOW |                     |            FP_VTT_50 |         | UNFIXED    |           |          |      | NONE             |              |                   |              |
| AD2        |                 | High Range | VCCO_33                      | VCCO          |             |      33 |            |      |                     |                      |    1.80 |            |           |          |      |                  |              |                   |              |
| AD3        | rf_data[3]      | High Range | IO_L14N_T2_SRCC_33           | OUTPUT        | LVCMOS18*   |      33 |         12 | SLOW |                     |            FP_VTT_50 |         | UNFIXED    |           |          |      | NONE             |              |                   |              |
| AD4        | LO_data[13]     | High Range | IO_L18N_T2_33                | OUTPUT        | LVCMOS18*   |      33 |         12 | SLOW |                     |            FP_VTT_50 |         | UNFIXED    |           |          |      | NONE             |              |                   |              |
| AD5        | rf_data[2]      | High Range | IO_L15P_T2_DQS_33            | OUTPUT        | LVCMOS18*   |      33 |         12 | SLOW |                     |            FP_VTT_50 |         | UNFIXED    |           |          |      | NONE             |              |                   |              |
| AD6        |                 |            | GND                          | GND           |             |         |            |      |                     |                      |     0.0 |            |           |          |      |                  |              |                   |              |
| AD7        |                 |            | MGTAVTT_G10                  | Gigabit Power |             |         |            |      |                     |                      |         |            |           |          |      |                  |              |                   |              |
| AD8        |                 |            | MGTPTXN2_213                 | Gigabit       |             |         |            |      |                     |                      |         |            |           |          |      |                  |              |                   |              |
| AD9        |                 |            | GND                          | GND           |             |         |            |      |                     |                      |     0.0 |            |           |          |      |                  |              |                   |              |
| AD10       |                 |            | MGTPTXN0_213                 | Gigabit       |             |         |            |      |                     |                      |         |            |           |          |      |                  |              |                   |              |
| AD11       |                 |            | GND                          | GND           |             |         |            |      |                     |                      |     0.0 |            |           |          |      |                  |              |                   |              |
| AD12       |                 |            | MGTPRXN0_213                 | Gigabit       |             |         |            |      |                     |                      |         |            |           |          |      |                  |              |                   |              |
| AD13       |                 |            | GND                          | GND           |             |         |            |      |                     |                      |     0.0 |            |           |          |      |                  |              |                   |              |
| AD14       |                 |            | MGTPRXN2_213                 | Gigabit       |             |         |            |      |                     |                      |         |            |           |          |      |                  |              |                   |              |
| AD15       |                 |            | MGTAVTT_G10                  | Gigabit Power |             |         |            |      |                     |                      |         |            |           |          |      |                  |              |                   |              |
| AD16       |                 |            | GND                          | GND           |             |         |            |      |                     |                      |     0.0 |            |           |          |      |                  |              |                   |              |
| AD17       | mem_data[28]    | High Range | IO_L20N_T3_12                | OUTPUT        | LVCMOS18*   |      12 |         12 | SLOW |                     |            FP_VTT_50 |         | UNFIXED    |           |          |      | NONE             |              |                   |              |
| AD18       | mem_addr[9]     | High Range | IO_L15N_T2_DQS_12            | INPUT         | LVCMOS18*   |      12 |            |      |                     |                 NONE |         | UNFIXED    |           |          |      | NONE             |              |                   |              |
| AD19       | rf_addr[1]      | High Range | IO_L14N_T2_SRCC_12           | INPUT         | LVCMOS18*   |      12 |            |      |                     |                 NONE |         | UNFIXED    |           |          |      | NONE             |              |                   |              |
| AD20       |                 | High Range | IO_L10P_T1_12                | User IO       |             |      12 |            |      |                     |                      |         |            |           |          |      |                  |              |                   |              |
| AD21       |                 | High Range | IO_L7P_T1_12                 | User IO       |             |      12 |            |      |                     |                      |         |            |           |          |      |                  |              |                   |              |
| AD22       |                 | High Range | VCCO_12                      | VCCO          |             |      12 |            |      |                     |                      |    1.80 |            |           |          |      |                  |              |                   |              |
| AD23       |                 | High Range | IO_L6P_T0_12                 | User IO       |             |      12 |            |      |                     |                      |         |            |           |          |      |                  |              |                   |              |
| AD24       |                 | High Range | IO_L6N_T0_VREF_12            | User IO       |             |      12 |            |      |                     |                      |         |            |           |          |      |                  |              |                   |              |
| AD25       |                 | High Range | IO_L4P_T0_12                 | User IO       |             |      12 |            |      |                     |                      |         |            |           |          |      |                  |              |                   |              |
| AD26       |                 | High Range | IO_L4N_T0_12                 | User IO       |             |      12 |            |      |                     |                      |         |            |           |          |      |                  |              |                   |              |
| AE1        | rf_data[13]     | High Range | IO_L9N_T1_DQS_33             | OUTPUT        | LVCMOS18*   |      33 |         12 | SLOW |                     |            FP_VTT_50 |         | UNFIXED    |           |          |      | NONE             |              |                   |              |
| AE2        | rf_data[12]     | High Range | IO_L10P_T1_33                | OUTPUT        | LVCMOS18*   |      33 |         12 | SLOW |                     |            FP_VTT_50 |         | UNFIXED    |           |          |      | NONE             |              |                   |              |
| AE3        | rf_data[0]      | High Range | IO_L16P_T2_33                | OUTPUT        | LVCMOS18*   |      33 |         12 | SLOW |                     |            FP_VTT_50 |         | UNFIXED    |           |          |      | NONE             |              |                   |              |
| AE4        |                 |            | GND                          | GND           |             |         |            |      |                     |                      |     0.0 |            |           |          |      |                  |              |                   |              |
| AE5        | rf_data[1]      | High Range | IO_L15N_T2_DQS_33            | OUTPUT        | LVCMOS18*   |      33 |         12 | SLOW |                     |            FP_VTT_50 |         | UNFIXED    |           |          |      | NONE             |              |                   |              |
| AE6        |                 |            | GND                          | GND           |             |         |            |      |                     |                      |     0.0 |            |           |          |      |                  |              |                   |              |
| AE7        |                 |            | MGTPTXP3_213                 | Gigabit       |             |         |            |      |                     |                      |         |            |           |          |      |                  |              |                   |              |
| AE8        |                 |            | MGTAVTT_G10                  | Gigabit Power |             |         |            |      |                     |                      |         |            |           |          |      |                  |              |                   |              |
| AE9        |                 |            | MGTPTXP1_213                 | Gigabit       |             |         |            |      |                     |                      |         |            |           |          |      |                  |              |                   |              |
| AE10       |                 |            | MGTAVTT_G10                  | Gigabit Power |             |         |            |      |                     |                      |         |            |           |          |      |                  |              |                   |              |
| AE11       |                 |            | MGTPRXP3_213                 | Gigabit       |             |         |            |      |                     |                      |         |            |           |          |      |                  |              |                   |              |
| AE12       |                 |            | MGTAVTT_G10                  | Gigabit Power |             |         |            |      |                     |                      |         |            |           |          |      |                  |              |                   |              |
| AE13       |                 |            | MGTPRXP1_213                 | Gigabit       |             |         |            |      |                     |                      |         |            |           |          |      |                  |              |                   |              |
| AE14       |                 |            | MGTAVTT_G10                  | Gigabit Power |             |         |            |      |                     |                      |         |            |           |          |      |                  |              |                   |              |
| AE15       |                 |            | GND                          | GND           |             |         |            |      |                     |                      |     0.0 |            |           |          |      |                  |              |                   |              |
| AE16       |                 | Dedicated  | PROGRAM_B_0                  | Config        |             |       0 |            |      |                     |                      |         |            |           |          |      |                  |              |                   |              |
| AE17       | mem_addr[4]     | High Range | IO_L18P_T2_12                | INPUT         | LVCMOS18*   |      12 |            |      |                     |                 NONE |         | UNFIXED    |           |          |      | NONE             |              |                   |              |
| AE18       | mem_addr[8]     | High Range | IO_L16P_T2_12                | INPUT         | LVCMOS18*   |      12 |            |      |                     |                 NONE |         | UNFIXED    |           |          |      | NONE             |              |                   |              |
| AE19       |                 | High Range | VCCO_12                      | VCCO          |             |      12 |            |      |                     |                      |    1.80 |            |           |          |      |                  |              |                   |              |
| AE20       |                 | High Range | IO_L10N_T1_12                | User IO       |             |      12 |            |      |                     |                      |         |            |           |          |      |                  |              |                   |              |
| AE21       |                 | High Range | IO_L7N_T1_12                 | User IO       |             |      12 |            |      |                     |                      |         |            |           |          |      |                  |              |                   |              |
| AE22       |                 | High Range | IO_L9P_T1_DQS_12             | User IO       |             |      12 |            |      |                     |                      |         |            |           |          |      |                  |              |                   |              |
| AE23       |                 | High Range | IO_L5P_T0_12                 | User IO       |             |      12 |            |      |                     |                      |         |            |           |          |      |                  |              |                   |              |
| AE24       |                 |            | GND                          | GND           |             |         |            |      |                     |                      |     0.0 |            |           |          |      |                  |              |                   |              |
| AE25       |                 | High Range | IO_L1P_T0_12                 | User IO       |             |      12 |            |      |                     |                      |         |            |           |          |      |                  |              |                   |              |
| AE26       |                 | High Range | IO_L1N_T0_12                 | User IO       |             |      12 |            |      |                     |                      |         |            |           |          |      |                  |              |                   |              |
| AF1        |                 |            | GND                          | GND           |             |         |            |      |                     |                      |     0.0 |            |           |          |      |                  |              |                   |              |
| AF2        | rf_data[11]     | High Range | IO_L10N_T1_33                | OUTPUT        | LVCMOS18*   |      33 |         12 | SLOW |                     |            FP_VTT_50 |         | UNFIXED    |           |          |      | NONE             |              |                   |              |
| AF3        | LO_data[17]     | High Range | IO_L16N_T2_33                | OUTPUT        | LVCMOS18*   |      33 |         12 | SLOW |                     |            FP_VTT_50 |         | UNFIXED    |           |          |      | NONE             |              |                   |              |
| AF4        | LO_data[15]     | High Range | IO_L17N_T2_33                | OUTPUT        | LVCMOS18*   |      33 |         12 | SLOW |                     |            FP_VTT_50 |         | UNFIXED    |           |          |      | NONE             |              |                   |              |
| AF5        | LO_data[16]     | High Range | IO_L17P_T2_33                | OUTPUT        | LVCMOS18*   |      33 |         12 | SLOW |                     |            FP_VTT_50 |         | UNFIXED    |           |          |      | NONE             |              |                   |              |
| AF6        |                 |            | GND                          | GND           |             |         |            |      |                     |                      |     0.0 |            |           |          |      |                  |              |                   |              |
| AF7        |                 |            | MGTPTXN3_213                 | Gigabit       |             |         |            |      |                     |                      |         |            |           |          |      |                  |              |                   |              |
| AF8        |                 |            | GND                          | GND           |             |         |            |      |                     |                      |     0.0 |            |           |          |      |                  |              |                   |              |
| AF9        |                 |            | MGTPTXN1_213                 | Gigabit       |             |         |            |      |                     |                      |         |            |           |          |      |                  |              |                   |              |
| AF10       |                 |            | GND                          | GND           |             |         |            |      |                     |                      |     0.0 |            |           |          |      |                  |              |                   |              |
| AF11       |                 |            | MGTPRXN3_213                 | Gigabit       |             |         |            |      |                     |                      |         |            |           |          |      |                  |              |                   |              |
| AF12       |                 |            | GND                          | GND           |             |         |            |      |                     |                      |     0.0 |            |           |          |      |                  |              |                   |              |
| AF13       |                 |            | MGTPRXN1_213                 | Gigabit       |             |         |            |      |                     |                      |         |            |           |          |      |                  |              |                   |              |
| AF14       |                 |            | GND                          | GND           |             |         |            |      |                     |                      |     0.0 |            |           |          |      |                  |              |                   |              |
| AF15       |                 |            | MGTRREF_213                  | Gigabit       |             |         |            |      |                     |                      |         |            |           |          |      |                  |              |                   |              |
| AF16       |                 |            | GND                          | GND           |             |         |            |      |                     |                      |     0.0 |            |           |          |      |                  |              |                   |              |
| AF17       | mem_addr[3]     | High Range | IO_L18N_T2_12                | INPUT         | LVCMOS18*   |      12 |            |      |                     |                 NONE |         | UNFIXED    |           |          |      | NONE             |              |                   |              |
| AF18       | mem_addr[7]     | High Range | IO_L16N_T2_12                | INPUT         | LVCMOS18*   |      12 |            |      |                     |                 NONE |         | UNFIXED    |           |          |      | NONE             |              |                   |              |
| AF19       |                 | High Range | IO_L8P_T1_12                 | User IO       |             |      12 |            |      |                     |                      |         |            |           |          |      |                  |              |                   |              |
| AF20       |                 | High Range | IO_L8N_T1_12                 | User IO       |             |      12 |            |      |                     |                      |         |            |           |          |      |                  |              |                   |              |
| AF21       |                 |            | GND                          | GND           |             |         |            |      |                     |                      |     0.0 |            |           |          |      |                  |              |                   |              |
| AF22       |                 | High Range | IO_L9N_T1_DQS_12             | User IO       |             |      12 |            |      |                     |                      |         |            |           |          |      |                  |              |                   |              |
| AF23       |                 | High Range | IO_L5N_T0_12                 | User IO       |             |      12 |            |      |                     |                      |         |            |           |          |      |                  |              |                   |              |
| AF24       |                 | High Range | IO_L3P_T0_DQS_12             | User IO       |             |      12 |            |      |                     |                      |         |            |           |          |      |                  |              |                   |              |
| AF25       |                 | High Range | IO_L3N_T0_DQS_12             | User IO       |             |      12 |            |      |                     |                      |         |            |           |          |      |                  |              |                   |              |
| AF26       |                 | High Range | VCCO_12                      | VCCO          |             |      12 |            |      |                     |                      |    1.80 |            |           |          |      |                  |              |                   |              |
| B1         | HI_data[7]      | High Range | IO_L21N_T3_DQS_35            | OUTPUT        | LVCMOS18*   |      35 |         12 | SLOW |                     |            FP_VTT_50 |         | UNFIXED    |           |          |      | NONE             |              |                   |              |
| B2         | HI_data[11]     | High Range | IO_L19N_T3_VREF_35           | OUTPUT        | LVCMOS18*   |      35 |         12 | SLOW |                     |            FP_VTT_50 |         | UNFIXED    |           |          |      | NONE             |              |                   |              |
| B3         |                 |            | GND                          | GND           |             |         |            |      |                     |                      |     0.0 |            |           |          |      |                  |              |                   |              |
| B4         | HI_data[18]     | High Range | IO_L16P_T2_35                | OUTPUT        | LVCMOS18*   |      35 |         12 | SLOW |                     |            FP_VTT_50 |         | UNFIXED    |           |          |      | NONE             |              |                   |              |
| B5         | HI_data[20]     | High Range | IO_L15P_T2_DQS_35            | OUTPUT        | LVCMOS18*   |      35 |         12 | SLOW |                     |            FP_VTT_50 |         | UNFIXED    |           |          |      | NONE             |              |                   |              |
| B6         |                 |            | GND                          | GND           |             |         |            |      |                     |                      |     0.0 |            |           |          |      |                  |              |                   |              |
| B7         |                 |            | MGTPTXP0_216                 | Gigabit       |             |         |            |      |                     |                      |         |            |           |          |      |                  |              |                   |              |
| B8         |                 |            | MGTAVTT_G11                  | Gigabit Power |             |         |            |      |                     |                      |         |            |           |          |      |                  |              |                   |              |
| B9         |                 |            | MGTPTXP2_216                 | Gigabit       |             |         |            |      |                     |                      |         |            |           |          |      |                  |              |                   |              |
| B10        |                 |            | MGTAVTT_G11                  | Gigabit Power |             |         |            |      |                     |                      |         |            |           |          |      |                  |              |                   |              |
| B11        |                 |            | MGTPRXP0_216                 | Gigabit       |             |         |            |      |                     |                      |         |            |           |          |      |                  |              |                   |              |
| B12        |                 |            | MGTAVTT_G11                  | Gigabit Power |             |         |            |      |                     |                      |         |            |           |          |      |                  |              |                   |              |
| B13        |                 |            | MGTPRXP2_216                 | Gigabit       |             |         |            |      |                     |                      |         |            |           |          |      |                  |              |                   |              |
| B14        |                 |            | MGTAVTT_G11                  | Gigabit Power |             |         |            |      |                     |                      |         |            |           |          |      |                  |              |                   |              |
| B15        |                 |            | GND                          | GND           |             |         |            |      |                     |                      |     0.0 |            |           |          |      |                  |              |                   |              |
| B16        |                 |            | GND                          | GND           |             |         |            |      |                     |                      |     0.0 |            |           |          |      |                  |              |                   |              |
| B17        | IF_inst[21]     | High Range | IO_L7N_T1_16                 | OUTPUT        | LVCMOS18*   |      16 |         12 | SLOW |                     |            FP_VTT_50 |         | UNFIXED    |           |          |      | NONE             |              |                   |              |
| B18        |                 | High Range | VCCO_16                      | VCCO          |             |      16 |            |      |                     |                      |    1.80 |            |           |          |      |                  |              |                   |              |
| B19        | IF_inst[16]     | High Range | IO_L10P_T1_16                | OUTPUT        | LVCMOS18*   |      16 |         12 | SLOW |                     |            FP_VTT_50 |         | UNFIXED    |           |          |      | NONE             |              |                   |              |
| B20        | IF_inst[6]      | High Range | IO_L15P_T2_DQS_16            | OUTPUT        | LVCMOS18*   |      16 |         12 | SLOW |                     |            FP_VTT_50 |         | UNFIXED    |           |          |      | NONE             |              |                   |              |
| B21        | IF_inst[3]      | High Range | IO_L16N_T2_16                | OUTPUT        | LVCMOS18*   |      16 |         12 | SLOW |                     |            FP_VTT_50 |         | UNFIXED    |           |          |      | NONE             |              |                   |              |
| B22        | IF_inst[2]      | High Range | IO_L17P_T2_16                | OUTPUT        | LVCMOS18*   |      16 |         12 | SLOW |                     |            FP_VTT_50 |         | UNFIXED    |           |          |      | NONE             |              |                   |              |
| B23        |                 |            | GND                          | GND           |             |         |            |      |                     |                      |     0.0 |            |           |          |      |                  |              |                   |              |
| B24        | EXE_pc[21]      | High Range | IO_L23N_T3_16                | OUTPUT        | LVCMOS18*   |      16 |         12 | SLOW |                     |            FP_VTT_50 |         | UNFIXED    |           |          |      | NONE             |              |                   |              |
| B25        | EXE_pc[28]      | High Range | IO_L20P_T3_16                | OUTPUT        | LVCMOS18*   |      16 |         12 | SLOW |                     |            FP_VTT_50 |         | UNFIXED    |           |          |      | NONE             |              |                   |              |
| B26        | EXE_pc[23]      | High Range | IO_L22N_T3_16                | OUTPUT        | LVCMOS18*   |      16 |         12 | SLOW |                     |            FP_VTT_50 |         | UNFIXED    |           |          |      | NONE             |              |                   |              |
| C1         | HI_data[8]      | High Range | IO_L21P_T3_DQS_35            | OUTPUT        | LVCMOS18*   |      35 |         12 | SLOW |                     |            FP_VTT_50 |         | UNFIXED    |           |          |      | NONE             |              |                   |              |
| C2         | HI_data[12]     | High Range | IO_L19P_T3_35                | OUTPUT        | LVCMOS18*   |      35 |         12 | SLOW |                     |            FP_VTT_50 |         | UNFIXED    |           |          |      | NONE             |              |                   |              |
| C3         | HI_data[15]     | High Range | IO_L17N_T2_35                | OUTPUT        | LVCMOS18*   |      35 |         12 | SLOW |                     |            FP_VTT_50 |         | UNFIXED    |           |          |      | NONE             |              |                   |              |
| C4         | HI_data[21]     | High Range | IO_L14N_T2_SRCC_35           | OUTPUT        | LVCMOS18*   |      35 |         12 | SLOW |                     |            FP_VTT_50 |         | UNFIXED    |           |          |      | NONE             |              |                   |              |
| C5         |                 | High Range | VCCO_35                      | VCCO          |             |      35 |            |      |                     |                      |    1.80 |            |           |          |      |                  |              |                   |              |
| C6         |                 |            | GND                          | GND           |             |         |            |      |                     |                      |     0.0 |            |           |          |      |                  |              |                   |              |
| C7         |                 |            | MGTAVTT_G11                  | Gigabit Power |             |         |            |      |                     |                      |         |            |           |          |      |                  |              |                   |              |
| C8         |                 |            | MGTPTXN1_216                 | Gigabit       |             |         |            |      |                     |                      |         |            |           |          |      |                  |              |                   |              |
| C9         |                 |            | GND                          | GND           |             |         |            |      |                     |                      |     0.0 |            |           |          |      |                  |              |                   |              |
| C10        |                 |            | MGTPTXN3_216                 | Gigabit       |             |         |            |      |                     |                      |         |            |           |          |      |                  |              |                   |              |
| C11        |                 |            | GND                          | GND           |             |         |            |      |                     |                      |     0.0 |            |           |          |      |                  |              |                   |              |
| C12        |                 |            | MGTPRXN3_216                 | Gigabit       |             |         |            |      |                     |                      |         |            |           |          |      |                  |              |                   |              |
| C13        |                 |            | GND                          | GND           |             |         |            |      |                     |                      |     0.0 |            |           |          |      |                  |              |                   |              |
| C14        |                 |            | MGTPRXN1_216                 | Gigabit       |             |         |            |      |                     |                      |         |            |           |          |      |                  |              |                   |              |
| C15        |                 |            | MGTAVTT_G11                  | Gigabit Power |             |         |            |      |                     |                      |         |            |           |          |      |                  |              |                   |              |
| C16        |                 |            | GND                          | GND           |             |         |            |      |                     |                      |     0.0 |            |           |          |      |                  |              |                   |              |
| C17        | IF_inst[22]     | High Range | IO_L7P_T1_16                 | OUTPUT        | LVCMOS18*   |      16 |         12 | SLOW |                     |            FP_VTT_50 |         | UNFIXED    |           |          |      | NONE             |              |                   |              |
| C18        | IF_inst[11]     | High Range | IO_L12N_T1_MRCC_16           | OUTPUT        | LVCMOS18*   |      16 |         12 | SLOW |                     |            FP_VTT_50 |         | UNFIXED    |           |          |      | NONE             |              |                   |              |
| C19        | IF_inst[9]      | High Range | IO_L13N_T2_MRCC_16           | OUTPUT        | LVCMOS18*   |      16 |         12 | SLOW |                     |            FP_VTT_50 |         | UNFIXED    |           |          |      | NONE             |              |                   |              |
| C20        |                 |            | GND                          | GND           |             |         |            |      |                     |                      |     0.0 |            |           |          |      |                  |              |                   |              |
| C21        | IF_inst[4]      | High Range | IO_L16P_T2_16                | OUTPUT        | LVCMOS18*   |      16 |         12 | SLOW |                     |            FP_VTT_50 |         | UNFIXED    |           |          |      | NONE             |              |                   |              |
| C22        | EXE_pc[30]      | High Range | IO_L19P_T3_16                | OUTPUT        | LVCMOS18*   |      16 |         12 | SLOW |                     |            FP_VTT_50 |         | UNFIXED    |           |          |      | NONE             |              |                   |              |
| C23        | EXE_pc[29]      | High Range | IO_L19N_T3_VREF_16           | OUTPUT        | LVCMOS18*   |      16 |         12 | SLOW |                     |            FP_VTT_50 |         | UNFIXED    |           |          |      | NONE             |              |                   |              |
| C24        | EXE_pc[22]      | High Range | IO_L23P_T3_16                | OUTPUT        | LVCMOS18*   |      16 |         12 | SLOW |                     |            FP_VTT_50 |         | UNFIXED    |           |          |      | NONE             |              |                   |              |
| C25        |                 | High Range | VCCO_16                      | VCCO          |             |      16 |            |      |                     |                      |    1.80 |            |           |          |      |                  |              |                   |              |
| C26        | EXE_pc[24]      | High Range | IO_L22P_T3_16                | OUTPUT        | LVCMOS18*   |      16 |         12 | SLOW |                     |            FP_VTT_50 |         | UNFIXED    |           |          |      | NONE             |              |                   |              |
| D1         | HI_data[3]      | High Range | IO_L23N_T3_35                | OUTPUT        | LVCMOS18*   |      35 |         12 | SLOW |                     |            FP_VTT_50 |         | UNFIXED    |           |          |      | NONE             |              |                   |              |
| D2         |                 | High Range | VCCO_35                      | VCCO          |             |      35 |            |      |                     |                      |    1.80 |            |           |          |      |                  |              |                   |              |
| D3         | HI_data[16]     | High Range | IO_L17P_T2_35                | OUTPUT        | LVCMOS18*   |      35 |         12 | SLOW |                     |            FP_VTT_50 |         | UNFIXED    |           |          |      | NONE             |              |                   |              |
| D4         | HI_data[22]     | High Range | IO_L14P_T2_SRCC_35           | OUTPUT        | LVCMOS18*   |      35 |         12 | SLOW |                     |            FP_VTT_50 |         | UNFIXED    |           |          |      | NONE             |              |                   |              |
| D5         | HI_data[23]     | High Range | IO_L13N_T2_MRCC_35           | OUTPUT        | LVCMOS18*   |      35 |         12 | SLOW |                     |            FP_VTT_50 |         | UNFIXED    |           |          |      | NONE             |              |                   |              |
| D6         | int_in[3]       | High Range | IO_L1N_T0_AD4N_35            | INPUT         | LVCMOS18*   |      35 |            |      |                     |                 NONE |         | UNFIXED    |           |          |      | NONE             |              |                   |              |
| D7         |                 |            | GND                          | GND           |             |         |            |      |                     |                      |     0.0 |            |           |          |      |                  |              |                   |              |
| D8         |                 |            | MGTPTXP1_216                 | Gigabit       |             |         |            |      |                     |                      |         |            |           |          |      |                  |              |                   |              |
| D9         |                 |            | MGTAVCC_G11                  | Gigabit Power |             |         |            |      |                     |                      |         |            |           |          |      |                  |              |                   |              |
| D10        |                 |            | MGTPTXP3_216                 | Gigabit       |             |         |            |      |                     |                      |         |            |           |          |      |                  |              |                   |              |
| D11        |                 |            | MGTAVCC_G11                  | Gigabit Power |             |         |            |      |                     |                      |         |            |           |          |      |                  |              |                   |              |
| D12        |                 |            | MGTPRXP3_216                 | Gigabit       |             |         |            |      |                     |                      |         |            |           |          |      |                  |              |                   |              |
| D13        |                 |            | MGTAVCC_G11                  | Gigabit Power |             |         |            |      |                     |                      |         |            |           |          |      |                  |              |                   |              |
| D14        |                 |            | MGTPRXP1_216                 | Gigabit       |             |         |            |      |                     |                      |         |            |           |          |      |                  |              |                   |              |
| D15        |                 |            | GND                          | GND           |             |         |            |      |                     |                      |     0.0 |            |           |          |      |                  |              |                   |              |
| D16        | IF_inst[19]     | High Range | IO_L8N_T1_16                 | OUTPUT        | LVCMOS18*   |      16 |         12 | SLOW |                     |            FP_VTT_50 |         | UNFIXED    |           |          |      | NONE             |              |                   |              |
| D17        |                 |            | GND                          | GND           |             |         |            |      |                     |                      |     0.0 |            |           |          |      |                  |              |                   |              |
| D18        | IF_inst[12]     | High Range | IO_L12P_T1_MRCC_16           | OUTPUT        | LVCMOS18*   |      16 |         12 | SLOW |                     |            FP_VTT_50 |         | UNFIXED    |           |          |      | NONE             |              |                   |              |
| D19        | IF_inst[10]     | High Range | IO_L13P_T2_MRCC_16           | OUTPUT        | LVCMOS18*   |      16 |         12 | SLOW |                     |            FP_VTT_50 |         | UNFIXED    |           |          |      | NONE             |              |                   |              |
| D20        | IF_inst[7]      | High Range | IO_L14N_T2_SRCC_16           | OUTPUT        | LVCMOS18*   |      16 |         12 | SLOW |                     |            FP_VTT_50 |         | UNFIXED    |           |          |      | NONE             |              |                   |              |
| D21        | EXE_pc[31]      | High Range | IO_L18N_T2_16                | OUTPUT        | LVCMOS18*   |      16 |         12 | SLOW |                     |            FP_VTT_50 |         | UNFIXED    |           |          |      | NONE             |              |                   |              |
| D22        |                 | High Range | VCCO_16                      | VCCO          |             |      16 |            |      |                     |                      |    1.80 |            |           |          |      |                  |              |                   |              |
| D23        | EXE_pc[20]      | High Range | IO_L24P_T3_16                | OUTPUT        | LVCMOS18*   |      16 |         12 | SLOW |                     |            FP_VTT_50 |         | UNFIXED    |           |          |      | NONE             |              |                   |              |
| D24        | EXE_pc[19]      | High Range | IO_L24N_T3_16                | OUTPUT        | LVCMOS18*   |      16 |         12 | SLOW |                     |            FP_VTT_50 |         | UNFIXED    |           |          |      | NONE             |              |                   |              |
| D25        | EXE_pc[9]       | High Range | IO_L20N_T3_A19_15            | OUTPUT        | LVCMOS18*   |      15 |         12 | SLOW |                     |            FP_VTT_50 |         | UNFIXED    |           |          |      | NONE             |              |                   |              |
| D26        | EXE_pc[7]       | High Range | IO_L21N_T3_DQS_A18_15        | OUTPUT        | LVCMOS18*   |      15 |         12 | SLOW |                     |            FP_VTT_50 |         | UNFIXED    |           |          |      | NONE             |              |                   |              |
| E1         | HI_data[4]      | High Range | IO_L23P_T3_35                | OUTPUT        | LVCMOS18*   |      35 |         12 | SLOW |                     |            FP_VTT_50 |         | UNFIXED    |           |          |      | NONE             |              |                   |              |
| E2         | HI_data[5]      | High Range | IO_L22N_T3_35                | OUTPUT        | LVCMOS18*   |      35 |         12 | SLOW |                     |            FP_VTT_50 |         | UNFIXED    |           |          |      | NONE             |              |                   |              |
| E3         | HI_data[13]     | High Range | IO_L18N_T2_35                | OUTPUT        | LVCMOS18*   |      35 |         12 | SLOW |                     |            FP_VTT_50 |         | UNFIXED    |           |          |      | NONE             |              |                   |              |
| E4         |                 |            | GND                          | GND           |             |         |            |      |                     |                      |     0.0 |            |           |          |      |                  |              |                   |              |
| E5         | HI_data[24]     | High Range | IO_L13P_T2_MRCC_35           | OUTPUT        | LVCMOS18*   |      35 |         12 | SLOW |                     |            FP_VTT_50 |         | UNFIXED    |           |          |      | NONE             |              |                   |              |
| E6         | int_in[4]       | High Range | IO_L1P_T0_AD4P_35            | INPUT         | LVCMOS18*   |      35 |            |      |                     |                 NONE |         | UNFIXED    |           |          |      | NONE             |              |                   |              |
| E7         |                 |            | GND                          | GND           |             |         |            |      |                     |                      |     0.0 |            |           |          |      |                  |              |                   |              |
| E8         |                 |            | GND                          | GND           |             |         |            |      |                     |                      |     0.0 |            |           |          |      |                  |              |                   |              |
| E9         |                 |            | GND                          | GND           |             |         |            |      |                     |                      |     0.0 |            |           |          |      |                  |              |                   |              |
| E10        |                 |            | GND                          | GND           |             |         |            |      |                     |                      |     0.0 |            |           |          |      |                  |              |                   |              |
| E11        |                 |            | MGTREFCLK0N_216              | Gigabit       |             |         |            |      |                     |                      |         |            |           |          |      |                  |              |                   |              |
| E12        |                 |            | GND                          | GND           |             |         |            |      |                     |                      |     0.0 |            |           |          |      |                  |              |                   |              |
| E13        |                 |            | MGTREFCLK1N_216              | Gigabit       |             |         |            |      |                     |                      |         |            |           |          |      |                  |              |                   |              |
| E14        |                 |            | GND                          | GND           |             |         |            |      |                     |                      |     0.0 |            |           |          |      |                  |              |                   |              |
| E15        |                 |            | GND                          | GND           |             |         |            |      |                     |                      |     0.0 |            |           |          |      |                  |              |                   |              |
| E16        | IF_inst[20]     | High Range | IO_L8P_T1_16                 | OUTPUT        | LVCMOS18*   |      16 |         12 | SLOW |                     |            FP_VTT_50 |         | UNFIXED    |           |          |      | NONE             |              |                   |              |
| E17        | IF_inst[14]     | High Range | IO_L11P_T1_SRCC_16           | OUTPUT        | LVCMOS18*   |      16 |         12 | SLOW |                     |            FP_VTT_50 |         | UNFIXED    |           |          |      | NONE             |              |                   |              |
| E18        | IF_inst[13]     | High Range | IO_L11N_T1_SRCC_16           | OUTPUT        | LVCMOS18*   |      16 |         12 | SLOW |                     |            FP_VTT_50 |         | UNFIXED    |           |          |      | NONE             |              |                   |              |
| E19        |                 | High Range | VCCO_16                      | VCCO          |             |      16 |            |      |                     |                      |    1.80 |            |           |          |      |                  |              |                   |              |
| E20        | IF_inst[8]      | High Range | IO_L14P_T2_SRCC_16           | OUTPUT        | LVCMOS18*   |      16 |         12 | SLOW |                     |            FP_VTT_50 |         | UNFIXED    |           |          |      | NONE             |              |                   |              |
| E21        | IF_inst[0]      | High Range | IO_L18P_T2_16                | OUTPUT        | LVCMOS18*   |      16 |         12 | SLOW |                     |            FP_VTT_50 |         | UNFIXED    |           |          |      | NONE             |              |                   |              |
| E22        | EXE_pc[18]      | High Range | IO_25_16                     | OUTPUT        | LVCMOS18*   |      16 |         12 | SLOW |                     |            FP_VTT_50 |         | UNFIXED    |           |          |      | NONE             |              |                   |              |
| E23        | EXE_pc[15]      | High Range | IO_L17N_T2_A25_15            | OUTPUT        | LVCMOS18*   |      15 |         12 | SLOW |                     |            FP_VTT_50 |         | UNFIXED    |           |          |      | NONE             |              |                   |              |
| E24        |                 |            | GND                          | GND           |             |         |            |      |                     |                      |     0.0 |            |           |          |      |                  |              |                   |              |
| E25        | EXE_pc[10]      | High Range | IO_L20P_T3_A20_15            | OUTPUT        | LVCMOS18*   |      15 |         12 | SLOW |                     |            FP_VTT_50 |         | UNFIXED    |           |          |      | NONE             |              |                   |              |
| E26        | EXE_pc[8]       | High Range | IO_L21P_T3_DQS_15            | OUTPUT        | LVCMOS18*   |      15 |         12 | SLOW |                     |            FP_VTT_50 |         | UNFIXED    |           |          |      | NONE             |              |                   |              |
| F1         |                 |            | GND                          | GND           |             |         |            |      |                     |                      |     0.0 |            |           |          |      |                  |              |                   |              |
| F2         | HI_data[6]      | High Range | IO_L22P_T3_35                | OUTPUT        | LVCMOS18*   |      35 |         12 | SLOW |                     |            FP_VTT_50 |         | UNFIXED    |           |          |      | NONE             |              |                   |              |
| F3         | HI_data[14]     | High Range | IO_L18P_T2_35                | OUTPUT        | LVCMOS18*   |      35 |         12 | SLOW |                     |            FP_VTT_50 |         | UNFIXED    |           |          |      | NONE             |              |                   |              |
| F4         | HI_data[27]     | High Range | IO_L11N_T1_SRCC_35           | OUTPUT        | LVCMOS18*   |      35 |         12 | SLOW |                     |            FP_VTT_50 |         | UNFIXED    |           |          |      | NONE             |              |                   |              |
| F5         | HI_data[25]     | High Range | IO_L12N_T1_MRCC_35           | OUTPUT        | LVCMOS18*   |      35 |         12 | SLOW |                     |            FP_VTT_50 |         | UNFIXED    |           |          |      | NONE             |              |                   |              |
| F6         |                 | High Range | VCCO_35                      | VCCO          |             |      35 |            |      |                     |                      |    1.80 |            |           |          |      |                  |              |                   |              |
| F7         | mem_data[9]     | High Range | IO_L4N_T0_35                 | OUTPUT        | LVCMOS18*   |      35 |         12 | SLOW |                     |            FP_VTT_50 |         | UNFIXED    |           |          |      | NONE             |              |                   |              |
| F8         | mem_data[10]    | High Range | IO_L4P_T0_35                 | OUTPUT        | LVCMOS18*   |      35 |         12 | SLOW |                     |            FP_VTT_50 |         | UNFIXED    |           |          |      | NONE             |              |                   |              |
| F9         |                 |            | GND                          | GND           |             |         |            |      |                     |                      |     0.0 |            |           |          |      |                  |              |                   |              |
| F10        |                 |            | MGTAVCC_G11                  | Gigabit Power |             |         |            |      |                     |                      |         |            |           |          |      |                  |              |                   |              |
| F11        |                 |            | MGTREFCLK0P_216              | Gigabit       |             |         |            |      |                     |                      |         |            |           |          |      |                  |              |                   |              |
| F12        |                 |            | MGTAVCC_G11                  | Gigabit Power |             |         |            |      |                     |                      |         |            |           |          |      |                  |              |                   |              |
| F13        |                 |            | MGTREFCLK1P_216              | Gigabit       |             |         |            |      |                     |                      |         |            |           |          |      |                  |              |                   |              |
| F14        |                 |            | GND                          | GND           |             |         |            |      |                     |                      |     0.0 |            |           |          |      |                  |              |                   |              |
| F15        | IF_inst[27]     | High Range | IO_L4N_T0_16                 | OUTPUT        | LVCMOS18*   |      16 |         12 | SLOW |                     |            FP_VTT_50 |         | UNFIXED    |           |          |      | NONE             |              |                   |              |
| F16        |                 | High Range | VCCO_16                      | VCCO          |             |      16 |            |      |                     |                      |    1.80 |            |           |          |      |                  |              |                   |              |
| F17        | IF_inst[31]     | High Range | IO_L2N_T0_16                 | OUTPUT        | LVCMOS18*   |      16 |         12 | SLOW |                     |            FP_VTT_50 |         | UNFIXED    |           |          |      | NONE             |              |                   |              |
| F18        | IF_inst[30]     | High Range | IO_L3P_T0_DQS_16             | OUTPUT        | LVCMOS18*   |      16 |         12 | SLOW |                     |            FP_VTT_50 |         | UNFIXED    |           |          |      | NONE             |              |                   |              |
| F19        | IF_inst[29]     | High Range | IO_L3N_T0_DQS_16             | OUTPUT        | LVCMOS18*   |      16 |         12 | SLOW |                     |            FP_VTT_50 |         | UNFIXED    |           |          |      | NONE             |              |                   |              |
| F20        | IF_inst[25]     | High Range | IO_L5N_T0_16                 | OUTPUT        | LVCMOS18*   |      16 |         12 | SLOW |                     |            FP_VTT_50 |         | UNFIXED    |           |          |      | NONE             |              |                   |              |
| F21        |                 |            | GND                          | GND           |             |         |            |      |                     |                      |     0.0 |            |           |          |      |                  |              |                   |              |
| F22        | IF_pc[1]        | High Range | IO_L15N_T2_DQS_ADV_B_15      | OUTPUT        | LVCMOS18*   |      15 |         12 | SLOW |                     |            FP_VTT_50 |         | UNFIXED    |           |          |      | NONE             |              |                   |              |
| F23        | EXE_pc[16]      | High Range | IO_L17P_T2_A26_15            | OUTPUT        | LVCMOS18*   |      15 |         12 | SLOW |                     |            FP_VTT_50 |         | UNFIXED    |           |          |      | NONE             |              |                   |              |
| F24        | EXE_pc[11]      | High Range | IO_L19N_T3_A21_VREF_15       | OUTPUT        | LVCMOS18*   |      15 |         12 | SLOW |                     |            FP_VTT_50 |         | UNFIXED    |           |          |      | NONE             |              |                   |              |
| F25        | EXE_pc[3]       | High Range | IO_L23N_T3_FWE_B_15          | OUTPUT        | LVCMOS18*   |      15 |         12 | SLOW |                     |            FP_VTT_50 |         | UNFIXED    |           |          |      | NONE             |              |                   |              |
| F26        |                 | High Range | VCCO_15                      | VCCO          |             |      15 |            |      |                     |                      |    1.80 |            |           |          |      |                  |              |                   |              |
| G1         | HI_data[1]      | High Range | IO_L24N_T3_35                | OUTPUT        | LVCMOS18*   |      35 |         12 | SLOW |                     |            FP_VTT_50 |         | UNFIXED    |           |          |      | NONE             |              |                   |              |
| G2         | HI_data[2]      | High Range | IO_L24P_T3_35                | OUTPUT        | LVCMOS18*   |      35 |         12 | SLOW |                     |            FP_VTT_50 |         | UNFIXED    |           |          |      | NONE             |              |                   |              |
| G3         |                 | High Range | VCCO_35                      | VCCO          |             |      35 |            |      |                     |                      |    1.80 |            |           |          |      |                  |              |                   |              |
| G4         | HI_data[28]     | High Range | IO_L11P_T1_SRCC_35           | OUTPUT        | LVCMOS18*   |      35 |         12 | SLOW |                     |            FP_VTT_50 |         | UNFIXED    |           |          |      | NONE             |              |                   |              |
| G5         | HI_data[26]     | High Range | IO_L12P_T1_MRCC_35           | OUTPUT        | LVCMOS18*   |      35 |         12 | SLOW |                     |            FP_VTT_50 |         | UNFIXED    |           |          |      | NONE             |              |                   |              |
| G6         | mem_data[7]     | High Range | IO_L5N_T0_AD13N_35           | OUTPUT        | LVCMOS18*   |      35 |         12 | SLOW |                     |            FP_VTT_50 |         | UNFIXED    |           |          |      | NONE             |              |                   |              |
| G7         | mem_addr[2]     | High Range | IO_L3N_T0_DQS_AD5N_35        | INPUT         | LVCMOS18*   |      35 |            |      |                     |                 NONE |         | UNFIXED    |           |          |      | NONE             |              |                   |              |
| G8         | int_in[1]       | High Range | IO_L2N_T0_AD12N_35           | INPUT         | LVCMOS18*   |      35 |            |      |                     |                 NONE |         | UNFIXED    |           |          |      | NONE             |              |                   |              |
| G9         | mem_data[5]     | High Range | IO_L6N_T0_VREF_35            | OUTPUT        | LVCMOS18*   |      35 |         12 | SLOW |                     |            FP_VTT_50 |         | UNFIXED    |           |          |      | NONE             |              |                   |              |
| G10        |                 |            | GND                          | GND           |             |         |            |      |                     |                      |     0.0 |            |           |          |      |                  |              |                   |              |
| G11        |                 |            | GND                          | GND           |             |         |            |      |                     |                      |     0.0 |            |           |          |      |                  |              |                   |              |
| G12        |                 |            | GND                          | GND           |             |         |            |      |                     |                      |     0.0 |            |           |          |      |                  |              |                   |              |
| G13        |                 |            | GND                          | GND           |             |         |            |      |                     |                      |     0.0 |            |           |          |      |                  |              |                   |              |
| G14        |                 | Dedicated  | VCCBATT_0                    | Config        |             |       0 |            |      |                     |                      |         |            |           |          |      |                  |              |                   |              |
| G15        | IF_inst[28]     | High Range | IO_L4P_T0_16                 | OUTPUT        | LVCMOS18*   |      16 |         12 | SLOW |                     |            FP_VTT_50 |         | UNFIXED    |           |          |      | NONE             |              |                   |              |
| G16        | IF_inst[23]     | High Range | IO_L6N_T0_VREF_16            | OUTPUT        | LVCMOS18*   |      16 |         12 | SLOW |                     |            FP_VTT_50 |         | UNFIXED    |           |          |      | NONE             |              |                   |              |
| G17        |                 | High Range | IO_L2P_T0_16                 | User IO       |             |      16 |            |      |                     |                      |         |            |           |          |      |                  |              |                   |              |
| G18        |                 |            | GND                          | GND           |             |         |            |      |                     |                      |     0.0 |            |           |          |      |                  |              |                   |              |
| G19        | IF_inst[26]     | High Range | IO_L5P_T0_16                 | OUTPUT        | LVCMOS18*   |      16 |         12 | SLOW |                     |            FP_VTT_50 |         | UNFIXED    |           |          |      | NONE             |              |                   |              |
| G20        | IF_pc[10]       | High Range | IO_L11P_T1_SRCC_15           | OUTPUT        | LVCMOS18*   |      15 |         12 | SLOW |                     |            FP_VTT_50 |         | UNFIXED    |           |          |      | NONE             |              |                   |              |
| G21        | IF_pc[9]        | High Range | IO_L11N_T1_SRCC_15           | OUTPUT        | LVCMOS18*   |      15 |         12 | SLOW |                     |            FP_VTT_50 |         | UNFIXED    |           |          |      | NONE             |              |                   |              |
| G22        | IF_pc[2]        | High Range | IO_L15P_T2_DQS_15            | OUTPUT        | LVCMOS18*   |      15 |         12 | SLOW |                     |            FP_VTT_50 |         | UNFIXED    |           |          |      | NONE             |              |                   |              |
| G23        |                 | High Range | VCCO_15                      | VCCO          |             |      15 |            |      |                     |                      |    1.80 |            |           |          |      |                  |              |                   |              |
| G24        | EXE_pc[12]      | High Range | IO_L19P_T3_A22_15            | OUTPUT        | LVCMOS18*   |      15 |         12 | SLOW |                     |            FP_VTT_50 |         | UNFIXED    |           |          |      | NONE             |              |                   |              |
| G25        | EXE_pc[4]       | High Range | IO_L23P_T3_FOE_B_15          | OUTPUT        | LVCMOS18*   |      15 |         12 | SLOW |                     |            FP_VTT_50 |         | UNFIXED    |           |          |      | NONE             |              |                   |              |
| G26        | EXE_pc[5]       | High Range | IO_L22N_T3_A16_15            | OUTPUT        | LVCMOS18*   |      15 |         12 | SLOW |                     |            FP_VTT_50 |         | UNFIXED    |           |          |      | NONE             |              |                   |              |
| H1         | cpu_5_valid[15] | High Range | IO_L10N_T1_34                | OUTPUT        | LVCMOS18*   |      34 |         12 | SLOW |                     |            FP_VTT_50 |         | UNFIXED    |           |          |      | NONE             |              |                   |              |
| H2         | cpu_5_valid[16] | High Range | IO_L10P_T1_34                | OUTPUT        | LVCMOS18*   |      34 |         12 | SLOW |                     |            FP_VTT_50 |         | UNFIXED    |           |          |      | NONE             |              |                   |              |
| H3         | HI_data[0]      | High Range | IO_25_35                     | OUTPUT        | LVCMOS18*   |      35 |         12 | SLOW |                     |            FP_VTT_50 |         | UNFIXED    |           |          |      | NONE             |              |                   |              |
| H4         | HI_data[31]     | High Range | IO_L9N_T1_DQS_AD7N_35        | OUTPUT        | LVCMOS18*   |      35 |         12 | SLOW |                     |            FP_VTT_50 |         | UNFIXED    |           |          |      | NONE             |              |                   |              |
| H5         |                 |            | GND                          | GND           |             |         |            |      |                     |                      |     0.0 |            |           |          |      |                  |              |                   |              |
| H6         | mem_data[8]     | High Range | IO_L5P_T0_AD13P_35           | OUTPUT        | LVCMOS18*   |      35 |         12 | SLOW |                     |            FP_VTT_50 |         | UNFIXED    |           |          |      | NONE             |              |                   |              |
| H7         | int_in[0]       | High Range | IO_L3P_T0_DQS_AD5P_35        | INPUT         | LVCMOS18*   |      35 |            |      |                     |                 NONE |         | UNFIXED    |           |          |      | NONE             |              |                   |              |
| H8         | int_in[2]       | High Range | IO_L2P_T0_AD12P_35           | INPUT         | LVCMOS18*   |      35 |            |      |                     |                 NONE |         | UNFIXED    |           |          |      | NONE             |              |                   |              |
| H9         | mem_data[6]     | High Range | IO_L6P_T0_35                 | OUTPUT        | LVCMOS18*   |      35 |         12 | SLOW |                     |            FP_VTT_50 |         | UNFIXED    |           |          |      | NONE             |              |                   |              |
| H10        |                 | Dedicated  | TDI_0                        | Config        |             |       0 |            |      |                     |                      |         |            |           |          |      |                  |              |                   |              |
| H11        |                 | Dedicated  | TMS_0                        | Config        |             |       0 |            |      |                     |                      |         |            |           |          |      |                  |              |                   |              |
| H12        |                 | Dedicated  | TCK_0                        | Config        |             |       0 |            |      |                     |                      |         |            |           |          |      |                  |              |                   |              |
| H13        |                 | Dedicated  | CCLK_0                       | Config        |             |       0 |            |      |                     |                      |         |            |           |          |      |                  |              |                   |              |
| H14        |                 | High Range | IO_L1P_T0_16                 | User IO       |             |      16 |            |      |                     |                      |         |            |           |          |      |                  |              |                   |              |
| H15        |                 | High Range | IO_L1N_T0_16                 | User IO       |             |      16 |            |      |                     |                      |         |            |           |          |      |                  |              |                   |              |
| H16        | IF_inst[24]     | High Range | IO_L6P_T0_16                 | OUTPUT        | LVCMOS18*   |      16 |         12 | SLOW |                     |            FP_VTT_50 |         | UNFIXED    |           |          |      | NONE             |              |                   |              |
| H17        |                 | High Range | IO_0_16                      | User IO       |             |      16 |            |      |                     |                      |         |            |           |          |      |                  |              |                   |              |
| H18        | IF_pc[11]       | High Range | IO_L10N_T1_AD11N_15          | OUTPUT        | LVCMOS18*   |      15 |         12 | SLOW |                     |            FP_VTT_50 |         | UNFIXED    |           |          |      | NONE             |              |                   |              |
| H19        | IF_pc[17]       | High Range | IO_L7N_T1_AD2N_15            | OUTPUT        | LVCMOS18*   |      15 |         12 | SLOW |                     |            FP_VTT_50 |         | UNFIXED    |           |          |      | NONE             |              |                   |              |
| H20        |                 | High Range | VCCO_15                      | VCCO          |             |      15 |            |      |                     |                      |    1.80 |            |           |          |      |                  |              |                   |              |
| H21        | IF_pc[6]        | High Range | IO_L13P_T2_MRCC_15           | OUTPUT        | LVCMOS18*   |      15 |         12 | SLOW |                     |            FP_VTT_50 |         | UNFIXED    |           |          |      | NONE             |              |                   |              |
| H22        | IF_pc[5]        | High Range | IO_L13N_T2_MRCC_15           | OUTPUT        | LVCMOS18*   |      15 |         12 | SLOW |                     |            FP_VTT_50 |         | UNFIXED    |           |          |      | NONE             |              |                   |              |
| H23        | IF_pc[3]        | High Range | IO_L14N_T2_SRCC_15           | OUTPUT        | LVCMOS18*   |      15 |         12 | SLOW |                     |            FP_VTT_50 |         | UNFIXED    |           |          |      | NONE             |              |                   |              |
| H24        | EXE_pc[17]      | High Range | IO_L16N_T2_A27_15            | OUTPUT        | LVCMOS18*   |      15 |         12 | SLOW |                     |            FP_VTT_50 |         | UNFIXED    |           |          |      | NONE             |              |                   |              |
| H25        |                 |            | GND                          | GND           |             |         |            |      |                     |                      |     0.0 |            |           |          |      |                  |              |                   |              |
| H26        | EXE_pc[6]       | High Range | IO_L22P_T3_A17_15            | OUTPUT        | LVCMOS18*   |      15 |         12 | SLOW |                     |            FP_VTT_50 |         | UNFIXED    |           |          |      | NONE             |              |                   |              |
| J1         | cpu_5_valid[21] | High Range | IO_L7N_T1_34                 | OUTPUT        | LVCMOS18*   |      34 |         12 | SLOW |                     |            FP_VTT_50 |         | UNFIXED    |           |          |      | NONE             |              |                   |              |
| J2         |                 |            | GND                          | GND           |             |         |            |      |                     |                      |     0.0 |            |           |          |      |                  |              |                   |              |
| J3         | mem_data[12]    | High Range | IO_L1N_T0_34                 | OUTPUT        | LVCMOS18*   |      34 |         12 | SLOW |                     |            FP_VTT_50 |         | UNFIXED    |           |          |      | NONE             |              |                   |              |
| J4         | mem_data[0]     | High Range | IO_L9P_T1_DQS_AD7P_35        | OUTPUT        | LVCMOS18*   |      35 |         12 | SLOW |                     |            FP_VTT_50 |         | UNFIXED    |           |          |      | NONE             |              |                   |              |
| J5         | mem_data[3]     | High Range | IO_L7N_T1_AD6N_35            | OUTPUT        | LVCMOS18*   |      35 |         12 | SLOW |                     |            FP_VTT_50 |         | UNFIXED    |           |          |      | NONE             |              |                   |              |
| J6         | mem_data[4]     | High Range | IO_L7P_T1_AD6P_35            | OUTPUT        | LVCMOS18*   |      35 |         12 | SLOW |                     |            FP_VTT_50 |         | UNFIXED    |           |          |      | NONE             |              |                   |              |
| J7         |                 | High Range | VCCO_35                      | VCCO          |             |      35 |            |      |                     |                      |    1.80 |            |           |          |      |                  |              |                   |              |
| J8         | int_in[5]       | High Range | IO_0_35                      | INPUT         | LVCMOS18*   |      35 |            |      |                     |                 NONE |         | UNFIXED    |           |          |      | NONE             |              |                   |              |
| J9         |                 |            | VCCAUX                       | VCCAUX        |             |         |            |      |                     |                      |    1.80 |            |           |          |      |                  |              |                   |              |
| J10        |                 | Dedicated  | TDO_0                        | Config        |             |       0 |            |      |                     |                      |         |            |           |          |      |                  |              |                   |              |
| J11        |                 |            | VCCINT                       | VCCINT        |             |         |            |      |                     |                      |         |            |           |          |      |                  |              |                   |              |
| J12        |                 |            | GND                          | GND           |             |         |            |      |                     |                      |     0.0 |            |           |          |      |                  |              |                   |              |
| J13        |                 |            | VCCINT                       | VCCINT        |             |         |            |      |                     |                      |         |            |           |          |      |                  |              |                   |              |
| J14        | IF_pc[28]       | High Range | IO_L2P_T0_AD8P_15            | OUTPUT        | LVCMOS18*   |      15 |         12 | SLOW |                     |            FP_VTT_50 |         | UNFIXED    |           |          |      | NONE             |              |                   |              |
| J15        | IF_pc[27]       | High Range | IO_L2N_T0_AD8N_15            | OUTPUT        | LVCMOS18*   |      15 |         12 | SLOW |                     |            FP_VTT_50 |         | UNFIXED    |           |          |      | NONE             |              |                   |              |
| J16        | IF_pc[29]       | High Range | IO_L1N_T0_AD0N_15            | OUTPUT        | LVCMOS18*   |      15 |         12 | SLOW |                     |            FP_VTT_50 |         | UNFIXED    |           |          |      | NONE             |              |                   |              |
| J17        |                 | High Range | VCCO_15                      | VCCO          |             |      15 |            |      |                     |                      |    1.80 |            |           |          |      |                  |              |                   |              |
| J18        | IF_pc[12]       | High Range | IO_L10P_T1_AD11P_15          | OUTPUT        | LVCMOS18*   |      15 |         12 | SLOW |                     |            FP_VTT_50 |         | UNFIXED    |           |          |      | NONE             |              |                   |              |
| J19        | IF_pc[18]       | High Range | IO_L7P_T1_AD2P_15            | OUTPUT        | LVCMOS18*   |      15 |         12 | SLOW |                     |            FP_VTT_50 |         | UNFIXED    |           |          |      | NONE             |              |                   |              |
| J20        | IF_pc[13]       | High Range | IO_L9N_T1_DQS_AD3N_15        | OUTPUT        | LVCMOS18*   |      15 |         12 | SLOW |                     |            FP_VTT_50 |         | UNFIXED    |           |          |      | NONE             |              |                   |              |
| J21        | IF_pc[7]        | High Range | IO_L12N_T1_MRCC_15           | OUTPUT        | LVCMOS18*   |      15 |         12 | SLOW |                     |            FP_VTT_50 |         | UNFIXED    |           |          |      | NONE             |              |                   |              |
| J22        |                 |            | GND                          | GND           |             |         |            |      |                     |                      |     0.0 |            |           |          |      |                  |              |                   |              |
| J23        | IF_pc[4]        | High Range | IO_L14P_T2_SRCC_15           | OUTPUT        | LVCMOS18*   |      15 |         12 | SLOW |                     |            FP_VTT_50 |         | UNFIXED    |           |          |      | NONE             |              |                   |              |
| J24        | IF_pc[0]        | High Range | IO_L16P_T2_A28_15            | OUTPUT        | LVCMOS18*   |      15 |         12 | SLOW |                     |            FP_VTT_50 |         | UNFIXED    |           |          |      | NONE             |              |                   |              |
| J25        | EXE_pc[2]       | High Range | IO_L24P_T3_RS1_15            | OUTPUT        | LVCMOS18*   |      15 |         12 | SLOW |                     |            FP_VTT_50 |         | UNFIXED    |           |          |      | NONE             |              |                   |              |
| J26        | EXE_pc[1]       | High Range | IO_L24N_T3_RS0_15            | OUTPUT        | LVCMOS18*   |      15 |         12 | SLOW |                     |            FP_VTT_50 |         | UNFIXED    |           |          |      | NONE             |              |                   |              |
| K1         | cpu_5_valid[22] | High Range | IO_L7P_T1_34                 | OUTPUT        | LVCMOS18*   |      34 |         12 | SLOW |                     |            FP_VTT_50 |         | UNFIXED    |           |          |      | NONE             |              |                   |              |
| K2         | cpu_5_valid[19] | High Range | IO_L8N_T1_34                 | OUTPUT        | LVCMOS18*   |      34 |         12 | SLOW |                     |            FP_VTT_50 |         | UNFIXED    |           |          |      | NONE             |              |                   |              |
| K3         | mem_data[13]    | High Range | IO_L1P_T0_34                 | OUTPUT        | LVCMOS18*   |      34 |         12 | SLOW |                     |            FP_VTT_50 |         | UNFIXED    |           |          |      | NONE             |              |                   |              |
| K4         |                 | High Range | VCCO_34                      | VCCO          |             |      34 |            |      |                     |                      |    1.80 |            |           |          |      |                  |              |                   |              |
| K5         | cpu_5_valid[27] | High Range | IO_L4N_T0_34                 | OUTPUT        | LVCMOS18*   |      34 |         12 | SLOW |                     |            FP_VTT_50 |         | UNFIXED    |           |          |      | NONE             |              |                   |              |
| K6         | HI_data[29]     | High Range | IO_L10N_T1_AD15N_35          | OUTPUT        | LVCMOS18*   |      35 |         12 | SLOW |                     |            FP_VTT_50 |         | UNFIXED    |           |          |      | NONE             |              |                   |              |
| K7         | HI_data[30]     | High Range | IO_L10P_T1_AD15P_35          | OUTPUT        | LVCMOS18*   |      35 |         12 | SLOW |                     |            FP_VTT_50 |         | UNFIXED    |           |          |      | NONE             |              |                   |              |
| K8         | mem_data[1]     | High Range | IO_L8N_T1_AD14N_35           | OUTPUT        | LVCMOS18*   |      35 |         12 | SLOW |                     |            FP_VTT_50 |         | UNFIXED    |           |          |      | NONE             |              |                   |              |
| K9         |                 |            | GND                          | GND           |             |         |            |      |                     |                      |     0.0 |            |           |          |      |                  |              |                   |              |
| K10        |                 |            | VCCINT                       | VCCINT        |             |         |            |      |                     |                      |         |            |           |          |      |                  |              |                   |              |
| K11        |                 |            | GND                          | GND           |             |         |            |      |                     |                      |     0.0 |            |           |          |      |                  |              |                   |              |
| K12        |                 |            | VCCINT                       | VCCINT        |             |         |            |      |                     |                      |         |            |           |          |      |                  |              |                   |              |
| K13        |                 |            | GND                          | GND           |             |         |            |      |                     |                      |     0.0 |            |           |          |      |                  |              |                   |              |
| K14        |                 | High Range | VCCO_15                      | VCCO          |             |      15 |            |      |                     |                      |    1.80 |            |           |          |      |                  |              |                   |              |
| K15        | IF_pc[30]       | High Range | IO_L1P_T0_AD0P_15            | OUTPUT        | LVCMOS18*   |      15 |         12 | SLOW |                     |            FP_VTT_50 |         | UNFIXED    |           |          |      | NONE             |              |                   |              |
| K16        | IF_pc[26]       | High Range | IO_L3P_T0_DQS_AD1P_15        | OUTPUT        | LVCMOS18*   |      15 |         12 | SLOW |                     |            FP_VTT_50 |         | UNFIXED    |           |          |      | NONE             |              |                   |              |
| K17        | IF_pc[25]       | High Range | IO_L3N_T0_DQS_AD1N_15        | OUTPUT        | LVCMOS18*   |      15 |         12 | SLOW |                     |            FP_VTT_50 |         | UNFIXED    |           |          |      | NONE             |              |                   |              |
| K18        | IF_pc[31]       | High Range | IO_0_15                      | OUTPUT        | LVCMOS18*   |      15 |         12 | SLOW |                     |            FP_VTT_50 |         | UNFIXED    |           |          |      | NONE             |              |                   |              |
| K19        |                 |            | GND                          | GND           |             |         |            |      |                     |                      |     0.0 |            |           |          |      |                  |              |                   |              |
| K20        | IF_pc[14]       | High Range | IO_L9P_T1_DQS_AD3P_15        | OUTPUT        | LVCMOS18*   |      15 |         12 | SLOW |                     |            FP_VTT_50 |         | UNFIXED    |           |          |      | NONE             |              |                   |              |
| K21        | IF_pc[8]        | High Range | IO_L12P_T1_MRCC_15           | OUTPUT        | LVCMOS18*   |      15 |         12 | SLOW |                     |            FP_VTT_50 |         | UNFIXED    |           |          |      | NONE             |              |                   |              |
| K22        | EXE_pc[14]      | High Range | IO_L18P_T2_A24_15            | OUTPUT        | LVCMOS18*   |      15 |         12 | SLOW |                     |            FP_VTT_50 |         | UNFIXED    |           |          |      | NONE             |              |                   |              |
| K23        | EXE_pc[13]      | High Range | IO_L18N_T2_A23_15            | OUTPUT        | LVCMOS18*   |      15 |         12 | SLOW |                     |            FP_VTT_50 |         | UNFIXED    |           |          |      | NONE             |              |                   |              |
| K24        |                 | High Range | VCCO_14                      | VCCO          |             |      14 |            |      |                     |                      |    1.80 |            |           |          |      |                  |              |                   |              |
| K25        | WB_pc[4]        | High Range | IO_L7P_T1_D09_14             | OUTPUT        | LVCMOS18*   |      14 |         12 | SLOW |                     |            FP_VTT_50 |         | UNFIXED    |           |          |      | NONE             |              |                   |              |
| K26        | WB_pc[3]        | High Range | IO_L7N_T1_D10_14             | OUTPUT        | LVCMOS18*   |      14 |         12 | SLOW |                     |            FP_VTT_50 |         | UNFIXED    |           |          |      | NONE             |              |                   |              |
| L1         |                 | High Range | VCCO_34                      | VCCO          |             |      34 |            |      |                     |                      |    1.80 |            |           |          |      |                  |              |                   |              |
| L2         | cpu_5_valid[13] | High Range | IO_L11N_T1_SRCC_34           | OUTPUT        | LVCMOS18*   |      34 |         12 | SLOW |                     |            FP_VTT_50 |         | UNFIXED    |           |          |      | NONE             |              |                   |              |
| L3         | cpu_5_valid[20] | High Range | IO_L8P_T1_34                 | OUTPUT        | LVCMOS18*   |      34 |         12 | SLOW |                     |            FP_VTT_50 |         | UNFIXED    |           |          |      | NONE             |              |                   |              |
| L4         | cpu_5_valid[29] | High Range | IO_L3N_T0_DQS_34             | OUTPUT        | LVCMOS18*   |      34 |         12 | SLOW |                     |            FP_VTT_50 |         | UNFIXED    |           |          |      | NONE             |              |                   |              |
| L5         | cpu_5_valid[28] | High Range | IO_L4P_T0_34                 | OUTPUT        | LVCMOS18*   |      34 |         12 | SLOW |                     |            FP_VTT_50 |         | UNFIXED    |           |          |      | NONE             |              |                   |              |
| L6         |                 |            | GND                          | GND           |             |         |            |      |                     |                      |     0.0 |            |           |          |      |                  |              |                   |              |
| L7         | cpu_5_valid[31] | High Range | IO_L2N_T0_34                 | OUTPUT        | LVCMOS18*   |      34 |         12 | SLOW |                     |            FP_VTT_50 |         | UNFIXED    |           |          |      | NONE             |              |                   |              |
| L8         | mem_data[2]     | High Range | IO_L8P_T1_AD14P_35           | OUTPUT        | LVCMOS18*   |      35 |         12 | SLOW |                     |            FP_VTT_50 |         | UNFIXED    |           |          |      | NONE             |              |                   |              |
| L9         |                 |            | VCCAUX                       | VCCAUX        |             |         |            |      |                     |                      |    1.80 |            |           |          |      |                  |              |                   |              |
| L10        |                 |            | GND                          | GND           |             |         |            |      |                     |                      |     0.0 |            |           |          |      |                  |              |                   |              |
| L11        |                 |            | VCCINT                       | VCCINT        |             |         |            |      |                     |                      |         |            |           |          |      |                  |              |                   |              |
| L12        |                 |            | GND                          | GND           |             |         |            |      |                     |                      |     0.0 |            |           |          |      |                  |              |                   |              |
| L13        |                 |            | VCCINT                       | VCCINT        |             |         |            |      |                     |                      |         |            |           |          |      |                  |              |                   |              |
| L14        | IF_pc[23]       | High Range | IO_L4N_T0_15                 | OUTPUT        | LVCMOS18*   |      15 |         12 | SLOW |                     |            FP_VTT_50 |         | UNFIXED    |           |          |      | NONE             |              |                   |              |
| L15        | IF_pc[21]       | High Range | IO_L5N_T0_AD9N_15            | OUTPUT        | LVCMOS18*   |      15 |         12 | SLOW |                     |            FP_VTT_50 |         | UNFIXED    |           |          |      | NONE             |              |                   |              |
| L16        |                 |            | GND                          | GND           |             |         |            |      |                     |                      |     0.0 |            |           |          |      |                  |              |                   |              |
| L17        | IF_pc[16]       | High Range | IO_L8P_T1_AD10P_15           | OUTPUT        | LVCMOS18*   |      15 |         12 | SLOW |                     |            FP_VTT_50 |         | UNFIXED    |           |          |      | NONE             |              |                   |              |
| L18        | IF_pc[15]       | High Range | IO_L8N_T1_AD10N_15           | OUTPUT        | LVCMOS18*   |      15 |         12 | SLOW |                     |            FP_VTT_50 |         | UNFIXED    |           |          |      | NONE             |              |                   |              |
| L19        | EXE_pc[0]       | High Range | IO_25_15                     | OUTPUT        | LVCMOS18*   |      15 |         12 | SLOW |                     |            FP_VTT_50 |         | UNFIXED    |           |          |      | NONE             |              |                   |              |
| L20        | WB_pc[1]        | High Range | IO_L8N_T1_D12_14             | OUTPUT        | LVCMOS18*   |      14 |         12 | SLOW |                     |            FP_VTT_50 |         | UNFIXED    |           |          |      | NONE             |              |                   |              |
| L21        |                 | High Range | VCCO_14                      | VCCO          |             |      14 |            |      |                     |                      |    1.80 |            |           |          |      |                  |              |                   |              |
| L22        | ID_pc[28]       | High Range | IO_L11P_T1_SRCC_14           | OUTPUT        | LVCMOS18*   |      14 |         12 | SLOW |                     |            FP_VTT_50 |         | UNFIXED    |           |          |      | NONE             |              |                   |              |
| L23        | ID_pc[27]       | High Range | IO_L11N_T1_SRCC_14           | OUTPUT        | LVCMOS18*   |      14 |         12 | SLOW |                     |            FP_VTT_50 |         | UNFIXED    |           |          |      | NONE             |              |                   |              |
| L24        | WB_pc[0]        | High Range | IO_L9P_T1_DQS_14             | OUTPUT        | LVCMOS18*   |      14 |         12 | SLOW |                     |            FP_VTT_50 |         | UNFIXED    |           |          |      | NONE             |              |                   |              |
| L25        | ID_pc[31]       | High Range | IO_L9N_T1_DQS_D13_14         | OUTPUT        | LVCMOS18*   |      14 |         12 | SLOW |                     |            FP_VTT_50 |         | UNFIXED    |           |          |      | NONE             |              |                   |              |
| L26        |                 |            | GND                          | GND           |             |         |            |      |                     |                      |     0.0 |            |           |          |      |                  |              |                   |              |
| M1         | cpu_5_valid[17] | High Range | IO_L9N_T1_DQS_34             | OUTPUT        | LVCMOS18*   |      34 |         12 | SLOW |                     |            FP_VTT_50 |         | UNFIXED    |           |          |      | NONE             |              |                   |              |
| M2         | cpu_5_valid[14] | High Range | IO_L11P_T1_SRCC_34           | OUTPUT        | LVCMOS18*   |      34 |         12 | SLOW |                     |            FP_VTT_50 |         | UNFIXED    |           |          |      | NONE             |              |                   |              |
| M3         |                 |            | GND                          | GND           |             |         |            |      |                     |                      |     0.0 |            |           |          |      |                  |              |                   |              |
| M4         | cpu_5_valid[30] | High Range | IO_L3P_T0_DQS_34             | OUTPUT        | LVCMOS18*   |      34 |         12 | SLOW |                     |            FP_VTT_50 |         | UNFIXED    |           |          |      | NONE             |              |                   |              |
| M5         | cpu_5_valid[23] | High Range | IO_L6N_T0_VREF_34            | OUTPUT        | LVCMOS18*   |      34 |         12 | SLOW |                     |            FP_VTT_50 |         | UNFIXED    |           |          |      | NONE             |              |                   |              |
| M6         | cpu_5_valid[24] | High Range | IO_L6P_T0_34                 | OUTPUT        | LVCMOS18*   |      34 |         12 | SLOW |                     |            FP_VTT_50 |         | UNFIXED    |           |          |      | NONE             |              |                   |              |
| M7         | mem_data[11]    | High Range | IO_L2P_T0_34                 | OUTPUT        | LVCMOS18*   |      34 |         12 | SLOW |                     |            FP_VTT_50 |         | UNFIXED    |           |          |      | NONE             |              |                   |              |
| M8         |                 | High Range | VCCO_34                      | VCCO          |             |      34 |            |      |                     |                      |    1.80 |            |           |          |      |                  |              |                   |              |
| M9         |                 |            | GND                          | GND           |             |         |            |      |                     |                      |     0.0 |            |           |          |      |                  |              |                   |              |
| M10        |                 |            | VCCINT                       | VCCINT        |             |         |            |      |                     |                      |         |            |           |          |      |                  |              |                   |              |
| M11        |                 | Dedicated  | GNDADC_0                     | XADC          |             |       0 |            |      |                     |                      |         |            |           |          |      |                  |              |                   |              |
| M12        |                 | Dedicated  | VCCADC_0                     | XADC          |             |       0 |            |      |                     |                      |         |            |           |          |      |                  |              |                   |              |
| M13        |                 |            | GND                          | GND           |             |         |            |      |                     |                      |     0.0 |            |           |          |      |                  |              |                   |              |
| M14        | IF_pc[24]       | High Range | IO_L4P_T0_15                 | OUTPUT        | LVCMOS18*   |      15 |         12 | SLOW |                     |            FP_VTT_50 |         | UNFIXED    |           |          |      | NONE             |              |                   |              |
| M15        | IF_pc[22]       | High Range | IO_L5P_T0_AD9P_15            | OUTPUT        | LVCMOS18*   |      15 |         12 | SLOW |                     |            FP_VTT_50 |         | UNFIXED    |           |          |      | NONE             |              |                   |              |
| M16        | IF_pc[20]       | High Range | IO_L6P_T0_15                 | OUTPUT        | LVCMOS18*   |      15 |         12 | SLOW |                     |            FP_VTT_50 |         | UNFIXED    |           |          |      | NONE             |              |                   |              |
| M17        | IF_pc[19]       | High Range | IO_L6N_T0_VREF_15            | OUTPUT        | LVCMOS18*   |      15 |         12 | SLOW |                     |            FP_VTT_50 |         | UNFIXED    |           |          |      | NONE             |              |                   |              |
| M18        |                 | High Range | VCCO_15                      | VCCO          |             |      15 |            |      |                     |                      |    1.80 |            |           |          |      |                  |              |                   |              |
| M19        | WB_pc[17]       | High Range | IO_0_14                      | OUTPUT        | LVCMOS18*   |      14 |         12 | SLOW |                     |            FP_VTT_50 |         | UNFIXED    |           |          |      | NONE             |              |                   |              |
| M20        | WB_pc[2]        | High Range | IO_L8P_T1_D11_14             | OUTPUT        | LVCMOS18*   |      14 |         12 | SLOW |                     |            FP_VTT_50 |         | UNFIXED    |           |          |      | NONE             |              |                   |              |
| M21        | ID_pc[26]       | High Range | IO_L12P_T1_MRCC_14           | OUTPUT        | LVCMOS18*   |      14 |         12 | SLOW |                     |            FP_VTT_50 |         | UNFIXED    |           |          |      | NONE             |              |                   |              |
| M22        | ID_pc[25]       | High Range | IO_L12N_T1_MRCC_14           | OUTPUT        | LVCMOS18*   |      14 |         12 | SLOW |                     |            FP_VTT_50 |         | UNFIXED    |           |          |      | NONE             |              |                   |              |
| M23        |                 |            | GND                          | GND           |             |         |            |      |                     |                      |     0.0 |            |           |          |      |                  |              |                   |              |
| M24        | ID_pc[30]       | High Range | IO_L10P_T1_D14_14            | OUTPUT        | LVCMOS18*   |      14 |         12 | SLOW |                     |            FP_VTT_50 |         | UNFIXED    |           |          |      | NONE             |              |                   |              |
| M25        | ID_pc[29]       | High Range | IO_L10N_T1_D15_14            | OUTPUT        | LVCMOS18*   |      14 |         12 | SLOW |                     |            FP_VTT_50 |         | UNFIXED    |           |          |      | NONE             |              |                   |              |
| M26        | ID_pc[9]        | High Range | IO_L20N_T3_A07_D23_14        | OUTPUT        | LVCMOS18*   |      14 |         12 | SLOW |                     |            FP_VTT_50 |         | UNFIXED    |           |          |      | NONE             |              |                   |              |
| N1         | cpu_5_valid[18] | High Range | IO_L9P_T1_DQS_34             | OUTPUT        | LVCMOS18*   |      34 |         12 | SLOW |                     |            FP_VTT_50 |         | UNFIXED    |           |          |      | NONE             |              |                   |              |
| N2         | cpu_5_valid[11] | High Range | IO_L12N_T1_MRCC_34           | OUTPUT        | LVCMOS18*   |      34 |         12 | SLOW |                     |            FP_VTT_50 |         | UNFIXED    |           |          |      | NONE             |              |                   |              |
| N3         | cpu_5_valid[12] | High Range | IO_L12P_T1_MRCC_34           | OUTPUT        | LVCMOS18*   |      34 |         12 | SLOW |                     |            FP_VTT_50 |         | UNFIXED    |           |          |      | NONE             |              |                   |              |
| N4         | cpu_5_valid[7]  | High Range | IO_L14N_T2_SRCC_34           | OUTPUT        | LVCMOS18*   |      34 |         12 | SLOW |                     |            FP_VTT_50 |         | UNFIXED    |           |          |      | NONE             |              |                   |              |
| N5         |                 | High Range | VCCO_34                      | VCCO          |             |      34 |            |      |                     |                      |    1.80 |            |           |          |      |                  |              |                   |              |
| N6         | cpu_5_valid[25] | High Range | IO_L5N_T0_34                 | OUTPUT        | LVCMOS18*   |      34 |         12 | SLOW |                     |            FP_VTT_50 |         | UNFIXED    |           |          |      | NONE             |              |                   |              |
| N7         | cpu_5_valid[26] | High Range | IO_L5P_T0_34                 | OUTPUT        | LVCMOS18*   |      34 |         12 | SLOW |                     |            FP_VTT_50 |         | UNFIXED    |           |          |      | NONE             |              |                   |              |
| N8         | mem_data[14]    | High Range | IO_0_34                      | OUTPUT        | LVCMOS18*   |      34 |         12 | SLOW |                     |            FP_VTT_50 |         | UNFIXED    |           |          |      | NONE             |              |                   |              |
| N9         |                 |            | VCCAUX                       | VCCAUX        |             |         |            |      |                     |                      |    1.80 |            |           |          |      |                  |              |                   |              |
| N10        |                 |            | GND                          | GND           |             |         |            |      |                     |                      |     0.0 |            |           |          |      |                  |              |                   |              |
| N11        |                 | Dedicated  | VREFN_0                      | XADC          |             |       0 |            |      |                     |                      |         |            |           |          |      |                  |              |                   |              |
| N12        |                 | Dedicated  | VP_0                         | XADC          |             |       0 |            |      |                     |                      |         |            |           |          |      |                  |              |                   |              |
| N13        |                 |            | VCCBRAM                      | VCCBRAM       |             |         |            |      |                     |                      |         |            |           |          |      |                  |              |                   |              |
| N14        | WB_pc[13]       | High Range | IO_L2N_T0_D03_14             | OUTPUT        | LVCMOS18*   |      14 |         12 | SLOW |                     |            FP_VTT_50 |         | UNFIXED    |           |          |      | NONE             |              |                   |              |
| N15        |                 | High Range | VCCO_14                      | VCCO          |             |      14 |            |      |                     |                      |    1.80 |            |           |          |      |                  |              |                   |              |
| N16        | WB_pc[10]       | High Range | IO_L4P_T0_D04_14             | OUTPUT        | LVCMOS18*   |      14 |         12 | SLOW |                     |            FP_VTT_50 |         | UNFIXED    |           |          |      | NONE             |              |                   |              |
| N17        | WB_pc[9]        | High Range | IO_L4N_T0_D05_14             | OUTPUT        | LVCMOS18*   |      14 |         12 | SLOW |                     |            FP_VTT_50 |         | UNFIXED    |           |          |      | NONE             |              |                   |              |
| N18        | WB_pc[5]        | High Range | IO_L6N_T0_D08_VREF_14        | OUTPUT        | LVCMOS18*   |      14 |         12 | SLOW |                     |            FP_VTT_50 |         | UNFIXED    |           |          |      | NONE             |              |                   |              |
| N19        | ID_pc[17]       | High Range | IO_L16N_T2_A15_D31_14        | OUTPUT        | LVCMOS18*   |      14 |         12 | SLOW |                     |            FP_VTT_50 |         | UNFIXED    |           |          |      | NONE             |              |                   |              |
| N20        |                 |            | GND                          | GND           |             |         |            |      |                     |                      |     0.0 |            |           |          |      |                  |              |                   |              |
| N21        | ID_pc[24]       | High Range | IO_L13P_T2_MRCC_14           | OUTPUT        | LVCMOS18*   |      14 |         12 | SLOW |                     |            FP_VTT_50 |         | UNFIXED    |           |          |      | NONE             |              |                   |              |
| N22        | ID_pc[23]       | High Range | IO_L13N_T2_MRCC_14           | OUTPUT        | LVCMOS18*   |      14 |         12 | SLOW |                     |            FP_VTT_50 |         | UNFIXED    |           |          |      | NONE             |              |                   |              |
| N23        | ID_pc[20]       | High Range | IO_L15P_T2_DQS_RDWR_B_14     | OUTPUT        | LVCMOS18*   |      14 |         12 | SLOW |                     |            FP_VTT_50 |         | UNFIXED    |           |          |      | NONE             |              |                   |              |
| N24        | ID_pc[19]       | High Range | IO_L15N_T2_DQS_DOUT_CSO_B_14 | OUTPUT        | LVCMOS18*   |      14 |         12 | SLOW |                     |            FP_VTT_50 |         | UNFIXED    |           |          |      | NONE             |              |                   |              |
| N25        |                 | High Range | VCCO_14                      | VCCO          |             |      14 |            |      |                     |                      |    1.80 |            |           |          |      |                  |              |                   |              |
| N26        | ID_pc[10]       | High Range | IO_L20P_T3_A08_D24_14        | OUTPUT        | LVCMOS18*   |      14 |         12 | SLOW |                     |            FP_VTT_50 |         | UNFIXED    |           |          |      | NONE             |              |                   |              |
| P1         | cpu_5_valid[5]  | High Range | IO_L15N_T2_DQS_34            | OUTPUT        | LVCMOS18*   |      34 |         12 | SLOW |                     |            FP_VTT_50 |         | UNFIXED    |           |          |      | NONE             |              |                   |              |
| P2         |                 | High Range | VCCO_34                      | VCCO          |             |      34 |            |      |                     |                      |    1.80 |            |           |          |      |                  |              |                   |              |
| P3         | cpu_5_valid[9]  | High Range | IO_L13N_T2_MRCC_34           | OUTPUT        | LVCMOS18*   |      34 |         12 | SLOW |                     |            FP_VTT_50 |         | UNFIXED    |           |          |      | NONE             |              |                   |              |
| P4         | cpu_5_valid[8]  | High Range | IO_L14P_T2_SRCC_34           | OUTPUT        | LVCMOS18*   |      34 |         12 | SLOW |                     |            FP_VTT_50 |         | UNFIXED    |           |          |      | NONE             |              |                   |              |
| P5         | LO_data[29]     | High Range | IO_L19N_T3_VREF_34           | OUTPUT        | LVCMOS18*   |      34 |         12 | SLOW |                     |            FP_VTT_50 |         | UNFIXED    |           |          |      | NONE             |              |                   |              |
| P6         | LO_data[30]     | High Range | IO_L19P_T3_34                | OUTPUT        | LVCMOS18*   |      34 |         12 | SLOW |                     |            FP_VTT_50 |         | UNFIXED    |           |          |      | NONE             |              |                   |              |
| P7         |                 |            | GND                          | GND           |             |         |            |      |                     |                      |     0.0 |            |           |          |      |                  |              |                   |              |
| P8         | LO_data[23]     | High Range | IO_L22N_T3_34                | OUTPUT        | LVCMOS18*   |      34 |         12 | SLOW |                     |            FP_VTT_50 |         | UNFIXED    |           |          |      | NONE             |              |                   |              |
| P9         |                 |            | GND                          | GND           |             |         |            |      |                     |                      |     0.0 |            |           |          |      |                  |              |                   |              |
| P10        |                 |            | VCCINT                       | VCCINT        |             |         |            |      |                     |                      |         |            |           |          |      |                  |              |                   |              |
| P11        |                 | Dedicated  | VN_0                         | XADC          |             |       0 |            |      |                     |                      |         |            |           |          |      |                  |              |                   |              |
| P12        |                 | Dedicated  | VREFP_0                      | XADC          |             |       0 |            |      |                     |                      |         |            |           |          |      |                  |              |                   |              |
| P13        |                 |            | GND                          | GND           |             |         |            |      |                     |                      |     0.0 |            |           |          |      |                  |              |                   |              |
| P14        | WB_pc[14]       | High Range | IO_L2P_T0_D02_14             | OUTPUT        | LVCMOS18*   |      14 |         12 | SLOW |                     |            FP_VTT_50 |         | UNFIXED    |           |          |      | NONE             |              |                   |              |
| P15        | WB_pc[12]       | High Range | IO_L3P_T0_DQS_PUDC_B_14      | OUTPUT        | LVCMOS18*   |      14 |         12 | SLOW |                     |            FP_VTT_50 |         | UNFIXED    |           |          |      | NONE             |              |                   |              |
| P16        | WB_pc[11]       | High Range | IO_L3N_T0_DQS_EMCCLK_14      | OUTPUT        | LVCMOS18*   |      14 |         12 | SLOW |                     |            FP_VTT_50 |         | UNFIXED    |           |          |      | NONE             |              |                   |              |
| P17        |                 |            | GND                          | GND           |             |         |            |      |                     |                      |     0.0 |            |           |          |      |                  |              |                   |              |
| P18        | WB_pc[6]        | High Range | IO_L6P_T0_FCS_B_14           | OUTPUT        | LVCMOS18*   |      14 |         12 | SLOW |                     |            FP_VTT_50 |         | UNFIXED    |           |          |      | NONE             |              |                   |              |
| P19        | ID_pc[18]       | High Range | IO_L16P_T2_CSI_B_14          | OUTPUT        | LVCMOS18*   |      14 |         12 | SLOW |                     |            FP_VTT_50 |         | UNFIXED    |           |          |      | NONE             |              |                   |              |
| P20        | ID_pc[22]       | High Range | IO_L14P_T2_SRCC_14           | OUTPUT        | LVCMOS18*   |      14 |         12 | SLOW |                     |            FP_VTT_50 |         | UNFIXED    |           |          |      | NONE             |              |                   |              |
| P21        | ID_pc[21]       | High Range | IO_L14N_T2_SRCC_14           | OUTPUT        | LVCMOS18*   |      14 |         12 | SLOW |                     |            FP_VTT_50 |         | UNFIXED    |           |          |      | NONE             |              |                   |              |
| P22        |                 | High Range | VCCO_14                      | VCCO          |             |      14 |            |      |                     |                      |    1.80 |            |           |          |      |                  |              |                   |              |
| P23        | ID_pc[16]       | High Range | IO_L17P_T2_A14_D30_14        | OUTPUT        | LVCMOS18*   |      14 |         12 | SLOW |                     |            FP_VTT_50 |         | UNFIXED    |           |          |      | NONE             |              |                   |              |
| P24        | ID_pc[15]       | High Range | IO_L17N_T2_A13_D29_14        | OUTPUT        | LVCMOS18*   |      14 |         12 | SLOW |                     |            FP_VTT_50 |         | UNFIXED    |           |          |      | NONE             |              |                   |              |
| P25        | ID_pc[11]       | High Range | IO_L19N_T3_A09_D25_VREF_14   | OUTPUT        | LVCMOS18*   |      14 |         12 | SLOW |                     |            FP_VTT_50 |         | UNFIXED    |           |          |      | NONE             |              |                   |              |
| P26        | ID_pc[5]        | High Range | IO_L22N_T3_A04_D20_14        | OUTPUT        | LVCMOS18*   |      14 |         12 | SLOW |                     |            FP_VTT_50 |         | UNFIXED    |           |          |      | NONE             |              |                   |              |
| R1         | cpu_5_valid[6]  | High Range | IO_L15P_T2_DQS_34            | OUTPUT        | LVCMOS18*   |      34 |         12 | SLOW |                     |            FP_VTT_50 |         | UNFIXED    |           |          |      | NONE             |              |                   |              |
| R2         | cpu_5_valid[1]  | High Range | IO_L17N_T2_34                | OUTPUT        | LVCMOS18*   |      34 |         12 | SLOW |                     |            FP_VTT_50 |         | UNFIXED    |           |          |      | NONE             |              |                   |              |
| R3         | cpu_5_valid[10] | High Range | IO_L13P_T2_MRCC_34           | OUTPUT        | LVCMOS18*   |      34 |         12 | SLOW |                     |            FP_VTT_50 |         | UNFIXED    |           |          |      | NONE             |              |                   |              |
| R4         |                 |            | GND                          | GND           |             |         |            |      |                     |                      |     0.0 |            |           |          |      |                  |              |                   |              |
| R5         | LO_data[27]     | High Range | IO_L20N_T3_34                | OUTPUT        | LVCMOS18*   |      34 |         12 | SLOW |                     |            FP_VTT_50 |         | UNFIXED    |           |          |      | NONE             |              |                   |              |
| R6         | LO_data[21]     | High Range | IO_L23N_T3_34                | OUTPUT        | LVCMOS18*   |      34 |         12 | SLOW |                     |            FP_VTT_50 |         | UNFIXED    |           |          |      | NONE             |              |                   |              |
| R7         | LO_data[22]     | High Range | IO_L23P_T3_34                | OUTPUT        | LVCMOS18*   |      34 |         12 | SLOW |                     |            FP_VTT_50 |         | UNFIXED    |           |          |      | NONE             |              |                   |              |
| R8         | LO_data[24]     | High Range | IO_L22P_T3_34                | OUTPUT        | LVCMOS18*   |      34 |         12 | SLOW |                     |            FP_VTT_50 |         | UNFIXED    |           |          |      | NONE             |              |                   |              |
| R9         |                 |            | VCCAUX                       | VCCAUX        |             |         |            |      |                     |                      |    1.80 |            |           |          |      |                  |              |                   |              |
| R10        |                 |            | GND                          | GND           |             |         |            |      |                     |                      |     0.0 |            |           |          |      |                  |              |                   |              |
| R11        |                 | Dedicated  | DXN_0                        | Temp Sensor   |             |       0 |            |      |                     |                      |         |            |           |          |      |                  |              |                   |              |
| R12        |                 | Dedicated  | DXP_0                        | Temp Sensor   |             |       0 |            |      |                     |                      |         |            |           |          |      |                  |              |                   |              |
| R13        |                 |            | VCCBRAM                      | VCCBRAM       |             |         |            |      |                     |                      |         |            |           |          |      |                  |              |                   |              |
| R14        | WB_pc[16]       | High Range | IO_L1P_T0_D00_MOSI_14        | OUTPUT        | LVCMOS18*   |      14 |         12 | SLOW |                     |            FP_VTT_50 |         | UNFIXED    |           |          |      | NONE             |              |                   |              |
| R15        | WB_pc[15]       | High Range | IO_L1N_T0_D01_DIN_14         | OUTPUT        | LVCMOS18*   |      14 |         12 | SLOW |                     |            FP_VTT_50 |         | UNFIXED    |           |          |      | NONE             |              |                   |              |
| R16        | WB_pc[8]        | High Range | IO_L5P_T0_D06_14             | OUTPUT        | LVCMOS18*   |      14 |         12 | SLOW |                     |            FP_VTT_50 |         | UNFIXED    |           |          |      | NONE             |              |                   |              |
| R17        | WB_pc[7]        | High Range | IO_L5N_T0_D07_14             | OUTPUT        | LVCMOS18*   |      14 |         12 | SLOW |                     |            FP_VTT_50 |         | UNFIXED    |           |          |      | NONE             |              |                   |              |
| R18        | ID_pc[0]        | High Range | IO_25_14                     | OUTPUT        | LVCMOS18*   |      14 |         12 | SLOW |                     |            FP_VTT_50 |         | UNFIXED    |           |          |      | NONE             |              |                   |              |
| R19        |                 | High Range | VCCO_14                      | VCCO          |             |      14 |            |      |                     |                      |    1.80 |            |           |          |      |                  |              |                   |              |
| R20        | ID_pc[14]       | High Range | IO_L18P_T2_A12_D28_14        | OUTPUT        | LVCMOS18*   |      14 |         12 | SLOW |                     |            FP_VTT_50 |         | UNFIXED    |           |          |      | NONE             |              |                   |              |
| R21        | ID_pc[13]       | High Range | IO_L18N_T2_A11_D27_14        | OUTPUT        | LVCMOS18*   |      14 |         12 | SLOW |                     |            FP_VTT_50 |         | UNFIXED    |           |          |      | NONE             |              |                   |              |
| R22        | ID_pc[3]        | High Range | IO_L23N_T3_A02_D18_14        | OUTPUT        | LVCMOS18*   |      14 |         12 | SLOW |                     |            FP_VTT_50 |         | UNFIXED    |           |          |      | NONE             |              |                   |              |
| R23        | ID_pc[1]        | High Range | IO_L24N_T3_A00_D16_14        | OUTPUT        | LVCMOS18*   |      14 |         12 | SLOW |                     |            FP_VTT_50 |         | UNFIXED    |           |          |      | NONE             |              |                   |              |
| R24        |                 |            | GND                          | GND           |             |         |            |      |                     |                      |     0.0 |            |           |          |      |                  |              |                   |              |
| R25        | ID_pc[12]       | High Range | IO_L19P_T3_A10_D26_14        | OUTPUT        | LVCMOS18*   |      14 |         12 | SLOW |                     |            FP_VTT_50 |         | UNFIXED    |           |          |      | NONE             |              |                   |              |
| R26        | ID_pc[6]        | High Range | IO_L22P_T3_A05_D21_14        | OUTPUT        | LVCMOS18*   |      14 |         12 | SLOW |                     |            FP_VTT_50 |         | UNFIXED    |           |          |      | NONE             |              |                   |              |
| T1         |                 |            | GND                          | GND           |             |         |            |      |                     |                      |     0.0 |            |           |          |      |                  |              |                   |              |
| T2         | cpu_5_valid[2]  | High Range | IO_L17P_T2_34                | OUTPUT        | LVCMOS18*   |      34 |         12 | SLOW |                     |            FP_VTT_50 |         | UNFIXED    |           |          |      | NONE             |              |                   |              |
| T3         | cpu_5_valid[3]  | High Range | IO_L16N_T2_34                | OUTPUT        | LVCMOS18*   |      34 |         12 | SLOW |                     |            FP_VTT_50 |         | UNFIXED    |           |          |      | NONE             |              |                   |              |
| T4         | cpu_5_valid[4]  | High Range | IO_L16P_T2_34                | OUTPUT        | LVCMOS18*   |      34 |         12 | SLOW |                     |            FP_VTT_50 |         | UNFIXED    |           |          |      | NONE             |              |                   |              |
| T5         | LO_data[28]     | High Range | IO_L20P_T3_34                | OUTPUT        | LVCMOS18*   |      34 |         12 | SLOW |                     |            FP_VTT_50 |         | UNFIXED    |           |          |      | NONE             |              |                   |              |
| T6         |                 | High Range | VCCO_34                      | VCCO          |             |      34 |            |      |                     |                      |    1.80 |            |           |          |      |                  |              |                   |              |
| T7         | LO_data[19]     | High Range | IO_L24N_T3_34                | OUTPUT        | LVCMOS18*   |      34 |         12 | SLOW |                     |            FP_VTT_50 |         | UNFIXED    |           |          |      | NONE             |              |                   |              |
| T8         | LO_data[20]     | High Range | IO_L24P_T3_34                | OUTPUT        | LVCMOS18*   |      34 |         12 | SLOW |                     |            FP_VTT_50 |         | UNFIXED    |           |          |      | NONE             |              |                   |              |
| T9         |                 |            | GND                          | GND           |             |         |            |      |                     |                      |     0.0 |            |           |          |      |                  |              |                   |              |
| T10        |                 |            | VCCINT                       | VCCINT        |             |         |            |      |                     |                      |         |            |           |          |      |                  |              |                   |              |
| T11        |                 |            | GND                          | GND           |             |         |            |      |                     |                      |     0.0 |            |           |          |      |                  |              |                   |              |
| T12        |                 |            | VCCINT                       | VCCINT        |             |         |            |      |                     |                      |         |            |           |          |      |                  |              |                   |              |
| T13        |                 |            | GND                          | GND           |             |         |            |      |                     |                      |     0.0 |            |           |          |      |                  |              |                   |              |
| T14        | MEM_pc[10]      | High Range | IO_L20P_T3_13                | OUTPUT        | LVCMOS18*   |      13 |         12 | SLOW |                     |            FP_VTT_50 |         | UNFIXED    |           |          |      | NONE             |              |                   |              |
| T15        | MEM_pc[9]       | High Range | IO_L20N_T3_13                | OUTPUT        | LVCMOS18*   |      13 |         12 | SLOW |                     |            FP_VTT_50 |         | UNFIXED    |           |          |      | NONE             |              |                   |              |
| T16        |                 | High Range | VCCO_13                      | VCCO          |             |      13 |            |      |                     |                      |    1.80 |            |           |          |      |                  |              |                   |              |
| T17        | MEM_pc[8]       | High Range | IO_L21P_T3_DQS_13            | OUTPUT        | LVCMOS18*   |      13 |         12 | SLOW |                     |            FP_VTT_50 |         | UNFIXED    |           |          |      | NONE             |              |                   |              |
| T18        | MEM_pc[7]       | High Range | IO_L21N_T3_DQS_13            | OUTPUT        | LVCMOS18*   |      13 |         12 | SLOW |                     |            FP_VTT_50 |         | UNFIXED    |           |          |      | NONE             |              |                   |              |
| T19        | MEM_pc[16]      | High Range | IO_L17P_T2_13                | OUTPUT        | LVCMOS18*   |      13 |         12 | SLOW |                     |            FP_VTT_50 |         | UNFIXED    |           |          |      | NONE             |              |                   |              |
| T20        | MEM_pc[20]      | High Range | IO_L15P_T2_DQS_13            | OUTPUT        | LVCMOS18*   |      13 |         12 | SLOW |                     |            FP_VTT_50 |         | UNFIXED    |           |          |      | NONE             |              |                   |              |
| T21        |                 |            | GND                          | GND           |             |         |            |      |                     |                      |     0.0 |            |           |          |      |                  |              |                   |              |
| T22        | ID_pc[4]        | High Range | IO_L23P_T3_A03_D19_14        | OUTPUT        | LVCMOS18*   |      14 |         12 | SLOW |                     |            FP_VTT_50 |         | UNFIXED    |           |          |      | NONE             |              |                   |              |
| T23        | ID_pc[2]        | High Range | IO_L24P_T3_A01_D17_14        | OUTPUT        | LVCMOS18*   |      14 |         12 | SLOW |                     |            FP_VTT_50 |         | UNFIXED    |           |          |      | NONE             |              |                   |              |
| T24        | ID_pc[8]        | High Range | IO_L21P_T3_DQS_14            | OUTPUT        | LVCMOS18*   |      14 |         12 | SLOW |                     |            FP_VTT_50 |         | UNFIXED    |           |          |      | NONE             |              |                   |              |
| T25        | ID_pc[7]        | High Range | IO_L21N_T3_DQS_A06_D22_14    | OUTPUT        | LVCMOS18*   |      14 |         12 | SLOW |                     |            FP_VTT_50 |         | UNFIXED    |           |          |      | NONE             |              |                   |              |
| T26        |                 | High Range | VCCO_13                      | VCCO          |             |      13 |            |      |                     |                      |    1.80 |            |           |          |      |                  |              |                   |              |
| U1         | LO_data[31]     | High Range | IO_L18N_T2_34                | OUTPUT        | LVCMOS18*   |      34 |         12 | SLOW |                     |            FP_VTT_50 |         | UNFIXED    |           |          |      | NONE             |              |                   |              |
| U2         | cpu_5_valid[0]  | High Range | IO_L18P_T2_34                | OUTPUT        | LVCMOS18*   |      34 |         12 | SLOW |                     |            FP_VTT_50 |         | UNFIXED    |           |          |      | NONE             |              |                   |              |
| U3         |                 | High Range | VCCO_33                      | VCCO          |             |      33 |            |      |                     |                      |    1.80 |            |           |          |      |                  |              |                   |              |
| U4         | LO_data[18]     | High Range | IO_25_34                     | OUTPUT        | LVCMOS18*   |      34 |         12 | SLOW |                     |            FP_VTT_50 |         | UNFIXED    |           |          |      | NONE             |              |                   |              |
| U5         | LO_data[25]     | High Range | IO_L21N_T3_DQS_34            | OUTPUT        | LVCMOS18*   |      34 |         12 | SLOW |                     |            FP_VTT_50 |         | UNFIXED    |           |          |      | NONE             |              |                   |              |
| U6         | LO_data[26]     | High Range | IO_L21P_T3_DQS_34            | OUTPUT        | LVCMOS18*   |      34 |         12 | SLOW |                     |            FP_VTT_50 |         | UNFIXED    |           |          |      | NONE             |              |                   |              |
| U7         | rf_data[20]     | High Range | IO_L6P_T0_33                 | OUTPUT        | LVCMOS18*   |      33 |         12 | SLOW |                     |            FP_VTT_50 |         | UNFIXED    |           |          |      | NONE             |              |                   |              |
| U8         |                 |            | GND                          | GND           |             |         |            |      |                     |                      |     0.0 |            |           |          |      |                  |              |                   |              |
| U9         |                 |            | VCCAUX                       | VCCAUX        |             |         |            |      |                     |                      |    1.80 |            |           |          |      |                  |              |                   |              |
| U10        |                 |            | GND                          | GND           |             |         |            |      |                     |                      |     0.0 |            |           |          |      |                  |              |                   |              |
| U11        |                 |            | VCCINT                       | VCCINT        |             |         |            |      |                     |                      |         |            |           |          |      |                  |              |                   |              |
| U12        |                 |            | GND                          | GND           |             |         |            |      |                     |                      |     0.0 |            |           |          |      |                  |              |                   |              |
| U13        |                 |            | VCCBRAM                      | VCCBRAM       |             |         |            |      |                     |                      |         |            |           |          |      |                  |              |                   |              |
| U14        | MEM_pc[4]       | High Range | IO_L23P_T3_13                | OUTPUT        | LVCMOS18*   |      13 |         12 | SLOW |                     |            FP_VTT_50 |         | UNFIXED    |           |          |      | NONE             |              |                   |              |
| U15        | MEM_pc[6]       | High Range | IO_L22P_T3_13                | OUTPUT        | LVCMOS18*   |      13 |         12 | SLOW |                     |            FP_VTT_50 |         | UNFIXED    |           |          |      | NONE             |              |                   |              |
| U16        | MEM_pc[5]       | High Range | IO_L22N_T3_13                | OUTPUT        | LVCMOS18*   |      13 |         12 | SLOW |                     |            FP_VTT_50 |         | UNFIXED    |           |          |      | NONE             |              |                   |              |
| U17        | MEM_pc[0]       | High Range | IO_25_13                     | OUTPUT        | LVCMOS18*   |      13 |         12 | SLOW |                     |            FP_VTT_50 |         | UNFIXED    |           |          |      | NONE             |              |                   |              |
| U18        |                 |            | GND                          | GND           |             |         |            |      |                     |                      |     0.0 |            |           |          |      |                  |              |                   |              |
| U19        | MEM_pc[15]      | High Range | IO_L17N_T2_13                | OUTPUT        | LVCMOS18*   |      13 |         12 | SLOW |                     |            FP_VTT_50 |         | UNFIXED    |           |          |      | NONE             |              |                   |              |
| U20        | MEM_pc[19]      | High Range | IO_L15N_T2_DQS_13            | OUTPUT        | LVCMOS18*   |      13 |         12 | SLOW |                     |            FP_VTT_50 |         | UNFIXED    |           |          |      | NONE             |              |                   |              |
| U21        | MEM_pc[24]      | High Range | IO_L13P_T2_MRCC_13           | OUTPUT        | LVCMOS18*   |      13 |         12 | SLOW |                     |            FP_VTT_50 |         | UNFIXED    |           |          |      | NONE             |              |                   |              |
| U22        | MEM_pc[26]      | High Range | IO_L12P_T1_MRCC_13           | OUTPUT        | LVCMOS18*   |      13 |         12 | SLOW |                     |            FP_VTT_50 |         | UNFIXED    |           |          |      | NONE             |              |                   |              |
| U23        |                 | High Range | VCCO_13                      | VCCO          |             |      13 |            |      |                     |                      |    1.80 |            |           |          |      |                  |              |                   |              |
| U24        | mem_data[18]    | High Range | IO_0_13                      | OUTPUT        | LVCMOS18*   |      13 |         12 | SLOW |                     |            FP_VTT_50 |         | UNFIXED    |           |          |      | NONE             |              |                   |              |
| U25        | mem_data[17]    | High Range | IO_L1P_T0_13                 | OUTPUT        | LVCMOS18*   |      13 |         12 | SLOW |                     |            FP_VTT_50 |         | UNFIXED    |           |          |      | NONE             |              |                   |              |
| U26        | mem_data[16]    | High Range | IO_L1N_T0_13                 | OUTPUT        | LVCMOS18*   |      13 |         12 | SLOW |                     |            FP_VTT_50 |         | UNFIXED    |           |          |      | NONE             |              |                   |              |
| V1         | rf_data[30]     | High Range | IO_L1P_T0_33                 | OUTPUT        | LVCMOS18*   |      33 |         12 | SLOW |                     |            FP_VTT_50 |         | UNFIXED    |           |          |      | NONE             |              |                   |              |
| V2         | rf_data[25]     | High Range | IO_L3N_T0_DQS_33             | OUTPUT        | LVCMOS18*   |      33 |         12 | SLOW |                     |            FP_VTT_50 |         | UNFIXED    |           |          |      | NONE             |              |                   |              |
| V3         | rf_data[26]     | High Range | IO_L3P_T0_DQS_33             | OUTPUT        | LVCMOS18*   |      33 |         12 | SLOW |                     |            FP_VTT_50 |         | UNFIXED    |           |          |      | NONE             |              |                   |              |
| V4         | rf_data[31]     | High Range | IO_0_33                      | OUTPUT        | LVCMOS18*   |      33 |         12 | SLOW |                     |            FP_VTT_50 |         | UNFIXED    |           |          |      | NONE             |              |                   |              |
| V5         |                 |            | GND                          | GND           |             |         |            |      |                     |                      |     0.0 |            |           |          |      |                  |              |                   |              |
| V6         | rf_data[24]     | High Range | IO_L4P_T0_33                 | OUTPUT        | LVCMOS18*   |      33 |         12 | SLOW |                     |            FP_VTT_50 |         | UNFIXED    |           |          |      | NONE             |              |                   |              |
| V7         | rf_data[19]     | High Range | IO_L6N_T0_VREF_33            | OUTPUT        | LVCMOS18*   |      33 |         12 | SLOW |                     |            FP_VTT_50 |         | UNFIXED    |           |          |      | NONE             |              |                   |              |
| V8         | LO_data[8]      | High Range | IO_L21P_T3_DQS_33            | OUTPUT        | LVCMOS18*   |      33 |         12 | SLOW |                     |            FP_VTT_50 |         | UNFIXED    |           |          |      | NONE             |              |                   |              |
| V9         | LO_data[0]      | High Range | IO_25_33                     | OUTPUT        | LVCMOS18*   |      33 |         12 | SLOW |                     |            FP_VTT_50 |         | UNFIXED    |           |          |      | NONE             |              |                   |              |
| V10        |                 |            | VCCINT                       | VCCINT        |             |         |            |      |                     |                      |         |            |           |          |      |                  |              |                   |              |
| V11        |                 | Dedicated  | INIT_B_0                     | Config        |             |       0 |            |      |                     |                      |         |            |           |          |      |                  |              |                   |              |
| V12        |                 |            | VCCINT                       | VCCINT        |             |         |            |      |                     |                      |         |            |           |          |      |                  |              |                   |              |
| V13        |                 |            | GND                          | GND           |             |         |            |      |                     |                      |     0.0 |            |           |          |      |                  |              |                   |              |
| V14        | MEM_pc[3]       | High Range | IO_L23N_T3_13                | OUTPUT        | LVCMOS18*   |      13 |         12 | SLOW |                     |            FP_VTT_50 |         | UNFIXED    |           |          |      | NONE             |              |                   |              |
| V15        |                 |            | GND                          | GND           |             |         |            |      |                     |                      |     0.0 |            |           |          |      |                  |              |                   |              |
| V16        | MEM_pc[2]       | High Range | IO_L24P_T3_13                | OUTPUT        | LVCMOS18*   |      13 |         12 | SLOW |                     |            FP_VTT_50 |         | UNFIXED    |           |          |      | NONE             |              |                   |              |
| V17        | MEM_pc[1]       | High Range | IO_L24N_T3_13                | OUTPUT        | LVCMOS18*   |      13 |         12 | SLOW |                     |            FP_VTT_50 |         | UNFIXED    |           |          |      | NONE             |              |                   |              |
| V18        | MEM_pc[12]      | High Range | IO_L19P_T3_13                | OUTPUT        | LVCMOS18*   |      13 |         12 | SLOW |                     |            FP_VTT_50 |         | UNFIXED    |           |          |      | NONE             |              |                   |              |
| V19        | MEM_pc[14]      | High Range | IO_L18P_T2_13                | OUTPUT        | LVCMOS18*   |      13 |         12 | SLOW |                     |            FP_VTT_50 |         | UNFIXED    |           |          |      | NONE             |              |                   |              |
| V20        |                 | High Range | VCCO_13                      | VCCO          |             |      13 |            |      |                     |                      |    1.80 |            |           |          |      |                  |              |                   |              |
| V21        | MEM_pc[23]      | High Range | IO_L13N_T2_MRCC_13           | OUTPUT        | LVCMOS18*   |      13 |         12 | SLOW |                     |            FP_VTT_50 |         | UNFIXED    |           |          |      | NONE             |              |                   |              |
| V22        | MEM_pc[25]      | High Range | IO_L12N_T1_MRCC_13           | OUTPUT        | LVCMOS18*   |      13 |         12 | SLOW |                     |            FP_VTT_50 |         | UNFIXED    |           |          |      | NONE             |              |                   |              |
| V23        | MEM_pc[30]      | High Range | IO_L10P_T1_13                | OUTPUT        | LVCMOS18*   |      13 |         12 | SLOW |                     |            FP_VTT_50 |         | UNFIXED    |           |          |      | NONE             |              |                   |              |
| V24        | WB_pc[24]       | High Range | IO_L6P_T0_13                 | OUTPUT        | LVCMOS18*   |      13 |         12 | SLOW |                     |            FP_VTT_50 |         | UNFIXED    |           |          |      | NONE             |              |                   |              |
| V25        |                 |            | GND                          | GND           |             |         |            |      |                     |                      |     0.0 |            |           |          |      |                  |              |                   |              |
| V26        | mem_data[15]    | High Range | IO_L2P_T0_13                 | OUTPUT        | LVCMOS18*   |      13 |         12 | SLOW |                     |            FP_VTT_50 |         | UNFIXED    |           |          |      | NONE             |              |                   |              |
| W1         | rf_data[29]     | High Range | IO_L1N_T0_33                 | OUTPUT        | LVCMOS18*   |      33 |         12 | SLOW |                     |            FP_VTT_50 |         | UNFIXED    |           |          |      | NONE             |              |                   |              |
| W2         |                 |            | GND                          | GND           |             |         |            |      |                     |                      |     0.0 |            |           |          |      |                  |              |                   |              |
| W3         | rf_data[22]     | High Range | IO_L5P_T0_33                 | OUTPUT        | LVCMOS18*   |      33 |         12 | SLOW |                     |            FP_VTT_50 |         | UNFIXED    |           |          |      | NONE             |              |                   |              |
| W4         | rf_data[27]     | High Range | IO_L2N_T0_33                 | OUTPUT        | LVCMOS18*   |      33 |         12 | SLOW |                     |            FP_VTT_50 |         | UNFIXED    |           |          |      | NONE             |              |                   |              |
| W5         | rf_data[28]     | High Range | IO_L2P_T0_33                 | OUTPUT        | LVCMOS18*   |      33 |         12 | SLOW |                     |            FP_VTT_50 |         | UNFIXED    |           |          |      | NONE             |              |                   |              |
| W6         | rf_data[23]     | High Range | IO_L4N_T0_33                 | OUTPUT        | LVCMOS18*   |      33 |         12 | SLOW |                     |            FP_VTT_50 |         | UNFIXED    |           |          |      | NONE             |              |                   |              |
| W7         |                 | High Range | VCCO_33                      | VCCO          |             |      33 |            |      |                     |                      |    1.80 |            |           |          |      |                  |              |                   |              |
| W8         | LO_data[7]      | High Range | IO_L21N_T3_DQS_33            | OUTPUT        | LVCMOS18*   |      33 |         12 | SLOW |                     |            FP_VTT_50 |         | UNFIXED    |           |          |      | NONE             |              |                   |              |
| W9         |                 | Dedicated  | M2_0                         | Config        |             |       0 |            |      |                     |                      |         |            |           |          |      |                  |              |                   |              |
| W10        |                 | Dedicated  | DONE_0                       | Config        |             |       0 |            |      |                     |                      |         |            |           |          |      |                  |              |                   |              |
| W11        |                 | Dedicated  | VCCO_0                       | VCCO          |             |       0 |            |      |                     |                      |   any** |            |           |          |      |                  |              |                   |              |
| W12        |                 |            | GND                          | GND           |             |         |            |      |                     |                      |     0.0 |            |           |          |      |                  |              |                   |              |
| W13        |                 |            | VCCBRAM                      | VCCBRAM       |             |         |            |      |                     |                      |         |            |           |          |      |                  |              |                   |              |
| W14        | mem_data[21]    | High Range | IO_L24P_T3_12                | OUTPUT        | LVCMOS18*   |      12 |         12 | SLOW |                     |            FP_VTT_50 |         | UNFIXED    |           |          |      | NONE             |              |                   |              |
| W15        | mem_data[20]    | High Range | IO_L24N_T3_12                | OUTPUT        | LVCMOS18*   |      12 |         12 | SLOW |                     |            FP_VTT_50 |         | UNFIXED    |           |          |      | NONE             |              |                   |              |
| W16        | mem_data[19]    | High Range | IO_25_12                     | OUTPUT        | LVCMOS18*   |      12 |         12 | SLOW |                     |            FP_VTT_50 |         | UNFIXED    |           |          |      | NONE             |              |                   |              |
| W17        |                 | High Range | VCCO_12                      | VCCO          |             |      12 |            |      |                     |                      |    1.80 |            |           |          |      |                  |              |                   |              |
| W18        | MEM_pc[11]      | High Range | IO_L19N_T3_VREF_13           | OUTPUT        | LVCMOS18*   |      13 |         12 | SLOW |                     |            FP_VTT_50 |         | UNFIXED    |           |          |      | NONE             |              |                   |              |
| W19        | MEM_pc[13]      | High Range | IO_L18N_T2_13                | OUTPUT        | LVCMOS18*   |      13 |         12 | SLOW |                     |            FP_VTT_50 |         | UNFIXED    |           |          |      | NONE             |              |                   |              |
| W20        | MEM_pc[18]      | High Range | IO_L16P_T2_13                | OUTPUT        | LVCMOS18*   |      13 |         12 | SLOW |                     |            FP_VTT_50 |         | UNFIXED    |           |          |      | NONE             |              |                   |              |
| W21        | MEM_pc[22]      | High Range | IO_L14P_T2_SRCC_13           | OUTPUT        | LVCMOS18*   |      13 |         12 | SLOW |                     |            FP_VTT_50 |         | UNFIXED    |           |          |      | NONE             |              |                   |              |
| W22        |                 |            | GND                          | GND           |             |         |            |      |                     |                      |     0.0 |            |           |          |      |                  |              |                   |              |
| W23        | MEM_pc[29]      | High Range | IO_L10N_T1_13                | OUTPUT        | LVCMOS18*   |      13 |         12 | SLOW |                     |            FP_VTT_50 |         | UNFIXED    |           |          |      | NONE             |              |                   |              |
| W24        | WB_pc[23]       | High Range | IO_L6N_T0_VREF_13            | OUTPUT        | LVCMOS18*   |      13 |         12 | SLOW |                     |            FP_VTT_50 |         | UNFIXED    |           |          |      | NONE             |              |                   |              |
| W25        | WB_pc[28]       | High Range | IO_L4P_T0_13                 | OUTPUT        | LVCMOS18*   |      13 |         12 | SLOW |                     |            FP_VTT_50 |         | UNFIXED    |           |          |      | NONE             |              |                   |              |
| W26        | WB_pc[31]       | High Range | IO_L2N_T0_13                 | OUTPUT        | LVCMOS18*   |      13 |         12 | SLOW |                     |            FP_VTT_50 |         | UNFIXED    |           |          |      | NONE             |              |                   |              |
| Y1         | rf_data[15]     | High Range | IO_L8N_T1_33                 | OUTPUT        | LVCMOS18*   |      33 |         12 | SLOW |                     |            FP_VTT_50 |         | UNFIXED    |           |          |      | NONE             |              |                   |              |
| Y2         | rf_data[16]     | High Range | IO_L8P_T1_33                 | OUTPUT        | LVCMOS18*   |      33 |         12 | SLOW |                     |            FP_VTT_50 |         | UNFIXED    |           |          |      | NONE             |              |                   |              |
| Y3         | rf_data[21]     | High Range | IO_L5N_T0_33                 | OUTPUT        | LVCMOS18*   |      33 |         12 | SLOW |                     |            FP_VTT_50 |         | UNFIXED    |           |          |      | NONE             |              |                   |              |
| Y4         |                 | High Range | VCCO_33                      | VCCO          |             |      33 |            |      |                     |                      |    1.80 |            |           |          |      |                  |              |                   |              |
| Y5         | LO_data[9]      | High Range | IO_L20N_T3_33                | OUTPUT        | LVCMOS18*   |      33 |         12 | SLOW |                     |            FP_VTT_50 |         | UNFIXED    |           |          |      | NONE             |              |                   |              |
| Y6         | LO_data[10]     | High Range | IO_L20P_T3_33                | OUTPUT        | LVCMOS18*   |      33 |         12 | SLOW |                     |            FP_VTT_50 |         | UNFIXED    |           |          |      | NONE             |              |                   |              |
| Y7         | LO_data[12]     | High Range | IO_L19P_T3_33                | OUTPUT        | LVCMOS18*   |      33 |         12 | SLOW |                     |            FP_VTT_50 |         | UNFIXED    |           |          |      | NONE             |              |                   |              |
| Y8         | LO_data[4]      | High Range | IO_L23P_T3_33                | OUTPUT        | LVCMOS18*   |      33 |         12 | SLOW |                     |            FP_VTT_50 |         | UNFIXED    |           |          |      | NONE             |              |                   |              |
| Y9         |                 | Dedicated  | M1_0                         | Config        |             |       0 |            |      |                     |                      |         |            |           |          |      |                  |              |                   |              |
| Y10        |                 |            | GND                          | GND           |             |         |            |      |                     |                      |     0.0 |            |           |          |      |                  |              |                   |              |
| Y11        |                 |            | GND                          | GND           |             |         |            |      |                     |                      |     0.0 |            |           |          |      |                  |              |                   |              |
| Y12        |                 |            | GND                          | GND           |             |         |            |      |                     |                      |     0.0 |            |           |          |      |                  |              |                   |              |
| Y13        |                 |            | GND                          | GND           |             |         |            |      |                     |                      |     0.0 |            |           |          |      |                  |              |                   |              |
| Y14        |                 | Dedicated  | VCCO_0                       | VCCO          |             |       0 |            |      |                     |                      |   any** |            |           |          |      |                  |              |                   |              |
| Y15        | mem_data[23]    | High Range | IO_L23P_T3_12                | OUTPUT        | LVCMOS18*   |      12 |         12 | SLOW |                     |            FP_VTT_50 |         | UNFIXED    |           |          |      | NONE             |              |                   |              |
| Y16        | mem_data[27]    | High Range | IO_L21P_T3_DQS_12            | OUTPUT        | LVCMOS18*   |      12 |         12 | SLOW |                     |            FP_VTT_50 |         | UNFIXED    |           |          |      | NONE             |              |                   |              |
| Y17        | mem_data[26]    | High Range | IO_L21N_T3_DQS_12            | OUTPUT        | LVCMOS18*   |      12 |         12 | SLOW |                     |            FP_VTT_50 |         | UNFIXED    |           |          |      | NONE             |              |                   |              |
| Y18        | mem_addr[6]     | High Range | IO_L17P_T2_12                | INPUT         | LVCMOS18*   |      12 |            |      |                     |                 NONE |         | UNFIXED    |           |          |      | NONE             |              |                   |              |
| Y19        |                 |            | GND                          | GND           |             |         |            |      |                     |                      |     0.0 |            |           |          |      |                  |              |                   |              |
| Y20        | MEM_pc[17]      | High Range | IO_L16N_T2_13                | OUTPUT        | LVCMOS18*   |      13 |         12 | SLOW |                     |            FP_VTT_50 |         | UNFIXED    |           |          |      | NONE             |              |                   |              |
| Y21        | MEM_pc[21]      | High Range | IO_L14N_T2_SRCC_13           | OUTPUT        | LVCMOS18*   |      13 |         12 | SLOW |                     |            FP_VTT_50 |         | UNFIXED    |           |          |      | NONE             |              |                   |              |
| Y22        | MEM_pc[28]      | High Range | IO_L11P_T1_SRCC_13           | OUTPUT        | LVCMOS18*   |      13 |         12 | SLOW |                     |            FP_VTT_50 |         | UNFIXED    |           |          |      | NONE             |              |                   |              |
| Y23        | MEM_pc[27]      | High Range | IO_L11N_T1_SRCC_13           | OUTPUT        | LVCMOS18*   |      13 |         12 | SLOW |                     |            FP_VTT_50 |         | UNFIXED    |           |          |      | NONE             |              |                   |              |
| Y24        |                 | High Range | VCCO_13                      | VCCO          |             |      13 |            |      |                     |                      |    1.80 |            |           |          |      |                  |              |                   |              |
| Y25        | WB_pc[26]       | High Range | IO_L5P_T0_13                 | OUTPUT        | LVCMOS18*   |      13 |         12 | SLOW |                     |            FP_VTT_50 |         | UNFIXED    |           |          |      | NONE             |              |                   |              |
| Y26        | WB_pc[27]       | High Range | IO_L4N_T0_13                 | OUTPUT        | LVCMOS18*   |      13 |         12 | SLOW |                     |            FP_VTT_50 |         | UNFIXED    |           |          |      | NONE             |              |                   |              |
+------------+-----------------+------------+------------------------------+---------------+-------------+---------+------------+------+---------------------+----------------------+---------+------------+-----------+----------+------+------------------+--------------+-------------------+--------------+
* Default value
** Special VCCO requirements may apply. Please consult the device family datasheet for specific guideline on VCCO requirements.


