Copyright 1986-2019 Xilinx, Inc. All Rights Reserved.
--------------------------------------------------------------------------------------------------------------------------------------------------------------------------------------------------------------------------
| Tool Version : Vivado v.2019.2 (win64) Build 2708876 Wed Nov  6 21:40:23 MST 2019
| Date         : Thu Dec  4 20:40:16 2025
| Host         : wyn running 64-bit major release  (build 9200)
| Command      : report_timing_summary -max_paths 10 -file soc_sram_lite_top_timing_summary_routed.rpt -pb soc_sram_lite_top_timing_summary_routed.pb -rpx soc_sram_lite_top_timing_summary_routed.rpx -warn_on_violation
| Design       : soc_sram_lite_top
| Device       : 7a200t-fbg676
| Speed File   : -2  PRODUCTION 1.23 2018-06-13
--------------------------------------------------------------------------------------------------------------------------------------------------------------------------------------------------------------------------

Timing Summary Report

------------------------------------------------------------------------------------------------
| Timer Settings
| --------------
------------------------------------------------------------------------------------------------

  Enable Multi Corner Analysis               :  Yes
  Enable Pessimism Removal                   :  Yes
  Pessimism Removal Resolution               :  Nearest Common Node
  Enable Input Delay Default Clock           :  No
  Enable Preset / Clear Arcs                 :  No
  Disable Flight Delays                      :  No
  Ignore I/O Paths                           :  No
  Timing Early Launch at Borrowing Latches   :  No
  Borrow Time for Max Delay Exceptions       :  Yes
  Merge Timing Exceptions                    :  Yes

  Corner  Analyze    Analyze    
  Name    Max Paths  Min Paths  
  ------  ---------  ---------  
  Slow    Yes        Yes        
  Fast    Yes        Yes        



check_timing report

Table of Contents
-----------------
1. checking no_clock
2. checking constant_clock
3. checking pulse_width_clock
4. checking unconstrained_internal_endpoints
5. checking no_input_delay
6. checking no_output_delay
7. checking multiple_clock
8. checking generated_clocks
9. checking loops
10. checking partial_input_delay
11. checking partial_output_delay
12. checking latch_loops

1. checking no_clock
--------------------
 There are 0 register/latch pins with no clock.


2. checking constant_clock
--------------------------
 There are 0 register/latch pins with constant_clock.


3. checking pulse_width_clock
-----------------------------
 There are 0 register/latch pins which need pulse_width check


4. checking unconstrained_internal_endpoints
--------------------------------------------
 There are 0 pins that are not constrained for maximum delay.

 There are 0 pins that are not constrained for maximum delay due to constant clock.


5. checking no_input_delay
--------------------------
 There are 15 input ports with no input delay specified. (HIGH)

 There are 0 input ports with no input delay but user has a false path constraint.


6. checking no_output_delay
---------------------------
 There are 39 ports with no output delay specified. (HIGH)

 There are 0 ports with no output delay but user has a false path constraint

 There are 0 ports with no output delay but with a timing clock defined on it or propagating through it


7. checking multiple_clock
--------------------------
 There are 0 register/latch pins with multiple clocks.


8. checking generated_clocks
----------------------------
 There are 0 generated clocks that are not connected to a clock source.


9. checking loops
-----------------
 There are 0 combinational loops in the design.


10. checking partial_input_delay
--------------------------------
 There are 0 input ports with partial input delay specified.


11. checking partial_output_delay
---------------------------------
 There are 0 ports with partial output delay specified.


12. checking latch_loops
------------------------
 There are 0 combinational latch loops in the design through latch input



------------------------------------------------------------------------------------------------
| Design Timing Summary
| ---------------------
------------------------------------------------------------------------------------------------

    WNS(ns)      TNS(ns)  TNS Failing Endpoints  TNS Total Endpoints      WHS(ns)      THS(ns)  THS Failing Endpoints  THS Total Endpoints     WPWS(ns)     TPWS(ns)  TPWS Failing Endpoints  TPWS Total Endpoints  
    -------      -------  ---------------------  -------------------      -------      -------  ---------------------  -------------------     --------     --------  ----------------------  --------------------  
      1.909        0.000                      0                12808        0.102        0.000                      0                12808        3.000        0.000                       0                  3412  


All user specified timing constraints are met.


------------------------------------------------------------------------------------------------
| Clock Summary
| -------------
------------------------------------------------------------------------------------------------

Clock                Waveform(ns)       Period(ns)      Frequency(MHz)
-----                ------------       ----------      --------------
clk                  {0.000 5.000}      10.000          100.000         
  clkfbout_clk_pll   {0.000 5.000}      10.000          100.000         
  cpu_clk_clk_pll    {0.000 10.000}     20.000          50.000          
  timer_clk_clk_pll  {0.000 5.000}      10.000          100.000         


------------------------------------------------------------------------------------------------
| Intra Clock Table
| -----------------
------------------------------------------------------------------------------------------------

Clock                    WNS(ns)      TNS(ns)  TNS Failing Endpoints  TNS Total Endpoints      WHS(ns)      THS(ns)  THS Failing Endpoints  THS Total Endpoints     WPWS(ns)     TPWS(ns)  TPWS Failing Endpoints  TPWS Total Endpoints  
-----                    -------      -------  ---------------------  -------------------      -------      -------  ---------------------  -------------------     --------     --------  ----------------------  --------------------  
clk                                                                                                                                                                    3.000        0.000                       0                     1  
  clkfbout_clk_pll                                                                                                                                                     8.408        0.000                       0                     3  
  cpu_clk_clk_pll          1.909        0.000                      0                12742        0.102        0.000                      0                12742        8.870        0.000                       0                  3307  
  timer_clk_clk_pll        6.694        0.000                      0                   66        0.118        0.000                      0                   66        4.500        0.000                       0                   101  


------------------------------------------------------------------------------------------------
| Inter Clock Table
| -----------------
------------------------------------------------------------------------------------------------

From Clock    To Clock          WNS(ns)      TNS(ns)  TNS Failing Endpoints  TNS Total Endpoints      WHS(ns)      THS(ns)  THS Failing Endpoints  THS Total Endpoints  
----------    --------          -------      -------  ---------------------  -------------------      -------      -------  ---------------------  -------------------  


------------------------------------------------------------------------------------------------
| Other Path Groups Table
| -----------------------
------------------------------------------------------------------------------------------------

Path Group    From Clock    To Clock          WNS(ns)      TNS(ns)  TNS Failing Endpoints  TNS Total Endpoints      WHS(ns)      THS(ns)  THS Failing Endpoints  THS Total Endpoints  
----------    ----------    --------          -------      -------  ---------------------  -------------------      -------      -------  ---------------------  -------------------  


------------------------------------------------------------------------------------------------
| Timing Details
| --------------
------------------------------------------------------------------------------------------------


---------------------------------------------------------------------------------------------------
From Clock:  clk
  To Clock:  clk

Setup :           NA  Failing Endpoints,  Worst Slack           NA  ,  Total Violation           NA
Hold  :           NA  Failing Endpoints,  Worst Slack           NA  ,  Total Violation           NA
PW    :            0  Failing Endpoints,  Worst Slack        3.000ns,  Total Violation        0.000ns
---------------------------------------------------------------------------------------------------


Pulse Width Checks
--------------------------------------------------------------------------------------
Clock Name:         clk
Waveform(ns):       { 0.000 5.000 }
Period(ns):         10.000
Sources:            { clk }

Check Type        Corner  Lib Pin           Reference Pin  Required(ns)  Actual(ns)  Slack(ns)  Location        Pin
Min Period        n/a     PLLE2_ADV/CLKIN1  n/a            1.249         10.000      8.751      PLLE2_ADV_X0Y2  pll.clk_pll/inst/plle2_adv_inst/CLKIN1
Max Period        n/a     PLLE2_ADV/CLKIN1  n/a            52.633        10.000      42.633     PLLE2_ADV_X0Y2  pll.clk_pll/inst/plle2_adv_inst/CLKIN1
Low Pulse Width   Fast    PLLE2_ADV/CLKIN1  n/a            2.000         5.000       3.000      PLLE2_ADV_X0Y2  pll.clk_pll/inst/plle2_adv_inst/CLKIN1
Low Pulse Width   Slow    PLLE2_ADV/CLKIN1  n/a            2.000         5.000       3.000      PLLE2_ADV_X0Y2  pll.clk_pll/inst/plle2_adv_inst/CLKIN1
High Pulse Width  Slow    PLLE2_ADV/CLKIN1  n/a            2.000         5.000       3.000      PLLE2_ADV_X0Y2  pll.clk_pll/inst/plle2_adv_inst/CLKIN1
High Pulse Width  Fast    PLLE2_ADV/CLKIN1  n/a            2.000         5.000       3.000      PLLE2_ADV_X0Y2  pll.clk_pll/inst/plle2_adv_inst/CLKIN1



---------------------------------------------------------------------------------------------------
From Clock:  clkfbout_clk_pll
  To Clock:  clkfbout_clk_pll

Setup :           NA  Failing Endpoints,  Worst Slack           NA  ,  Total Violation           NA
Hold  :           NA  Failing Endpoints,  Worst Slack           NA  ,  Total Violation           NA
PW    :            0  Failing Endpoints,  Worst Slack        8.408ns,  Total Violation        0.000ns
---------------------------------------------------------------------------------------------------


Pulse Width Checks
--------------------------------------------------------------------------------------
Clock Name:         clkfbout_clk_pll
Waveform(ns):       { 0.000 5.000 }
Period(ns):         10.000
Sources:            { pll.clk_pll/inst/plle2_adv_inst/CLKFBOUT }

Check Type  Corner  Lib Pin             Reference Pin  Required(ns)  Actual(ns)  Slack(ns)  Location        Pin
Min Period  n/a     BUFG/I              n/a            1.592         10.000      8.408      BUFGCTRL_X0Y2   pll.clk_pll/inst/clkf_buf/I
Min Period  n/a     PLLE2_ADV/CLKFBOUT  n/a            1.249         10.000      8.751      PLLE2_ADV_X0Y2  pll.clk_pll/inst/plle2_adv_inst/CLKFBOUT
Min Period  n/a     PLLE2_ADV/CLKFBIN   n/a            1.249         10.000      8.751      PLLE2_ADV_X0Y2  pll.clk_pll/inst/plle2_adv_inst/CLKFBIN
Max Period  n/a     PLLE2_ADV/CLKFBIN   n/a            52.633        10.000      42.633     PLLE2_ADV_X0Y2  pll.clk_pll/inst/plle2_adv_inst/CLKFBIN
Max Period  n/a     PLLE2_ADV/CLKFBOUT  n/a            160.000       10.000      150.000    PLLE2_ADV_X0Y2  pll.clk_pll/inst/plle2_adv_inst/CLKFBOUT



---------------------------------------------------------------------------------------------------
From Clock:  cpu_clk_clk_pll
  To Clock:  cpu_clk_clk_pll

Setup :            0  Failing Endpoints,  Worst Slack        1.909ns,  Total Violation        0.000ns
Hold  :            0  Failing Endpoints,  Worst Slack        0.102ns,  Total Violation        0.000ns
PW    :            0  Failing Endpoints,  Worst Slack        8.870ns,  Total Violation        0.000ns
---------------------------------------------------------------------------------------------------


Max Delay Paths
--------------------------------------------------------------------------------------
Slack (MET) :             1.909ns  (required time - arrival time)
  Source:                 cpu/u_ls132r_core/u_execute/rs_op_r_reg[4]/C
                            (rising edge-triggered cell FDRE clocked by cpu_clk_clk_pll  {rise@0.000ns fall@10.000ns period=20.000ns})
  Destination:            inst_ram/U0/inst_blk_mem_gen/gnbram.gnativebmg.native_blk_mem_gen/valid.cstr/ramloop[209].ram.r/prim_init.ram/DEVICE_7SERIES.NO_BMM_INFO.SP.SIMPLE_PRIM36.ram/ENARDEN
                            (rising edge-triggered cell RAMB36E1 clocked by cpu_clk_clk_pll  {rise@0.000ns fall@10.000ns period=20.000ns})
  Path Group:             cpu_clk_clk_pll
  Path Type:              Setup (Max at Slow Process Corner)
  Requirement:            20.000ns  (cpu_clk_clk_pll rise@20.000ns - cpu_clk_clk_pll rise@0.000ns)
  Data Path Delay:        17.675ns  (logic 4.195ns (23.734%)  route 13.480ns (76.266%))
  Logic Levels:           24  (CARRY4=8 LUT2=2 LUT3=3 LUT4=2 LUT5=2 LUT6=7)
  Clock Path Skew:        0.058ns (DCD - SCD + CPR)
    Destination Clock Delay (DCD):    -1.089ns = ( 18.911 - 20.000 ) 
    Source Clock Delay      (SCD):    -1.668ns
    Clock Pessimism Removal (CPR):    -0.521ns
  Clock Uncertainty:      0.087ns  ((TSJ^2 + DJ^2)^1/2) / 2 + PE
    Total System Jitter     (TSJ):    0.071ns
    Discrete Jitter          (DJ):    0.159ns
    Phase Error              (PE):    0.000ns

    Location             Delay type                Incr(ns)  Path(ns)    Netlist Resource(s)
  -------------------------------------------------------------------    -------------------
                         (clock cpu_clk_clk_pll rise edge)
                                                      0.000     0.000 r  
    AC19                                              0.000     0.000 r  clk (IN)
                         net (fo=0)                   0.000     0.000    pll.clk_pll/inst/clk_in1
    AC19                 IBUF (Prop_ibuf_I_O)         1.416     1.416 r  pll.clk_pll/inst/clkin1_ibufg/O
                         net (fo=1, routed)           1.404     2.820    pll.clk_pll/inst/clk_in1_clk_pll
    PLLE2_ADV_X0Y2       PLLE2_ADV (Prop_plle2_adv_CLKIN1_CLKOUT0)
                                                     -7.646    -4.825 r  pll.clk_pll/inst/plle2_adv_inst/CLKOUT0
                         net (fo=1, routed)           1.557    -3.269    pll.clk_pll/inst/cpu_clk_clk_pll
    BUFGCTRL_X0Y0        BUFG (Prop_bufg_I_O)         0.081    -3.188 r  pll.clk_pll/inst/clkout1_buf/O
                         net (fo=3305, routed)        1.520    -1.668    cpu/u_ls132r_core/u_execute/cpu_clk
    SLICE_X83Y86         FDRE                                         r  cpu/u_ls132r_core/u_execute/rs_op_r_reg[4]/C
  -------------------------------------------------------------------    -------------------
    SLICE_X83Y86         FDRE (Prop_fdre_C_Q)         0.379    -1.289 r  cpu/u_ls132r_core/u_execute/rs_op_r_reg[4]/Q
                         net (fo=83, routed)          1.051    -0.238    cpu/u_ls132r_core/u_execute/rs_op[4]
    SLICE_X84Y84         LUT6 (Prop_lut6_I1_O)        0.105    -0.133 f  cpu/u_ls132r_core/u_execute/reg_lo[31]_i_9/O
                         net (fo=190, routed)         0.521     0.388    cpu/u_ls132r_core/u_execute/rs_op_r_reg[5]_0
    SLICE_X86Y83         LUT3 (Prop_lut3_I0_O)        0.105     0.493 f  cpu/u_ls132r_core/u_execute/reg_hi[0]_i_5/O
                         net (fo=35, routed)          0.595     1.088    cpu/u_ls132r_core/u_execute/reg_hi[0]_i_5_n_0
    SLICE_X86Y80         LUT4 (Prop_lut4_I0_O)        0.105     1.193 f  cpu/u_ls132r_core/u_execute/reg_hi[0]_i_3/O
                         net (fo=64, routed)          0.464     1.657    cpu/u_ls132r_core/u_execute/reg_hi[0]_i_3_n_0
    SLICE_X86Y77         LUT2 (Prop_lut2_I1_O)        0.105     1.762 r  cpu/u_ls132r_core/u_execute/reg_hi[4]_i_5/O
                         net (fo=1, routed)           0.376     2.138    cpu/u_ls132r_core/u_execute/reg_hi[4]_i_5_n_0
    SLICE_X87Y77         CARRY4 (Prop_carry4_CYINIT_CO[3])
                                                      0.480     2.618 r  cpu/u_ls132r_core/u_execute/reg_hi_reg[4]_i_3/CO[3]
                         net (fo=1, routed)           0.000     2.618    cpu/u_ls132r_core/u_execute/reg_hi_reg[4]_i_3_n_0
    SLICE_X87Y78         CARRY4 (Prop_carry4_CI_CO[3])
                                                      0.098     2.716 r  cpu/u_ls132r_core/u_execute/reg_hi_reg[8]_i_3/CO[3]
                         net (fo=1, routed)           0.000     2.716    cpu/u_ls132r_core/u_execute/reg_hi_reg[8]_i_3_n_0
    SLICE_X87Y79         CARRY4 (Prop_carry4_CI_CO[3])
                                                      0.098     2.814 r  cpu/u_ls132r_core/u_execute/reg_hi_reg[12]_i_3/CO[3]
                         net (fo=1, routed)           0.000     2.814    cpu/u_ls132r_core/u_execute/reg_hi_reg[12]_i_3_n_0
    SLICE_X87Y80         CARRY4 (Prop_carry4_CI_CO[3])
                                                      0.098     2.912 r  cpu/u_ls132r_core/u_execute/reg_hi_reg[16]_i_3/CO[3]
                         net (fo=1, routed)           0.000     2.912    cpu/u_ls132r_core/u_execute/reg_hi_reg[16]_i_3_n_0
    SLICE_X87Y81         CARRY4 (Prop_carry4_CI_CO[3])
                                                      0.098     3.010 r  cpu/u_ls132r_core/u_execute/reg_hi_reg[20]_i_3/CO[3]
                         net (fo=1, routed)           0.000     3.010    cpu/u_ls132r_core/u_execute/reg_hi_reg[20]_i_3_n_0
    SLICE_X87Y82         CARRY4 (Prop_carry4_CI_O[3])
                                                      0.260     3.270 f  cpu/u_ls132r_core/u_execute/reg_hi_reg[24]_i_3/O[3]
                         net (fo=2, routed)           0.741     4.011    cpu/u_ls132r_core/u_execute/reg_hi_reg[24]_i_3_n_4
    SLICE_X86Y85         LUT3 (Prop_lut3_I0_O)        0.257     4.268 r  cpu/u_ls132r_core/u_execute/reg_lo[24]_i_3/O
                         net (fo=3, routed)           0.377     4.645    cpu/u_ls132r_core/u_execute/reg_lo[24]_i_3_n_0
    SLICE_X85Y85         LUT6 (Prop_lut6_I1_O)        0.105     4.750 r  cpu/u_ls132r_core/u_execute/cr_badvaddr[27]_i_13/O
                         net (fo=3, routed)           0.561     5.311    cpu/u_ls132r_core/u_execute/cr_badvaddr[27]_i_13_n_0
    SLICE_X83Y83         LUT2 (Prop_lut2_I1_O)        0.105     5.416 r  cpu/u_ls132r_core/u_execute/heap_18[25]_i_23/O
                         net (fo=1, routed)           0.000     5.416    cpu/u_ls132r_core/u_execute/heap_18[25]_i_23_n_0
    SLICE_X83Y83         CARRY4 (Prop_carry4_S[0]_CO[3])
                                                      0.440     5.856 r  cpu/u_ls132r_core/u_execute/heap_18_reg[25]_i_13/CO[3]
                         net (fo=1, routed)           0.000     5.856    cpu/u_ls132r_core/u_execute/heap_18_reg[25]_i_13_n_0
    SLICE_X83Y84         CARRY4 (Prop_carry4_CI_O[3])
                                                      0.260     6.116 r  cpu/u_ls132r_core/u_execute/heap_18_reg[31]_i_29/O[3]
                         net (fo=10, routed)          0.804     6.920    cpu/u_ls132r_core/u_execute/heap_18_reg[31]_i_29_n_4
    SLICE_X84Y88         LUT6 (Prop_lut6_I0_O)        0.257     7.177 f  cpu/u_ls132r_core/u_execute/cr_debug_DExcCode[2]_i_6/O
                         net (fo=4, routed)           0.394     7.572    cpu/u_ls132r_core/u_execute/cr_debug_DExcCode[2]_i_6_n_0
    SLICE_X84Y88         LUT5 (Prop_lut5_I4_O)        0.105     7.677 f  cpu/u_ls132r_core/u_execute/cr_debug_DExcCode[2]_i_2/O
                         net (fo=11, routed)          0.687     8.364    cpu/u_ls132r_core/u_execute/cr_debug_DExcCode[2]_i_2_n_0
    SLICE_X82Y89         LUT6 (Prop_lut6_I5_O)        0.105     8.469 r  cpu/u_ls132r_core/u_execute/rs_ex_r_i_3/O
                         net (fo=10, routed)          0.508     8.978    cpu/u_ls132r_core/u_execute/rs_ex_r_reg_2
    SLICE_X79Y92         LUT6 (Prop_lut6_I1_O)        0.105     9.083 r  cpu/u_ls132r_core/u_execute/inst_code_r[31]_i_3/O
                         net (fo=4, routed)           0.269     9.352    cpu/u_ls132r_core/u_fetch/inst_code_r_reg[0]_0
    SLICE_X79Y93         LUT6 (Prop_lut6_I1_O)        0.105     9.457 r  cpu/u_ls132r_core/u_fetch/inst_sel_isram_r_i_4/O
                         net (fo=4, routed)           0.486     9.943    cpu/u_ls132r_core/u_fetch/inst_sel_isram_r_i_4_n_0
    SLICE_X78Y97         LUT4 (Prop_lut4_I3_O)        0.105    10.048 r  cpu/u_ls132r_core/u_fetch/inst_sel_isram_r_i_1/O
                         net (fo=2, routed)           0.364    10.412    u_inst_sram_wrap/inst_ifc_bus[0]
    SLICE_X78Y100        LUT6 (Prop_lut6_I0_O)        0.105    10.517 r  u_inst_sram_wrap/ram_en_r_i_1/O
                         net (fo=18, routed)          1.135    11.652    inst_ram/U0/inst_blk_mem_gen/gnbram.gnativebmg.native_blk_mem_gen/valid.cstr/ramloop[139].ram.r/prim_init.ram/ena
    SLICE_X74Y120        LUT3 (Prop_lut3_I1_O)        0.105    11.757 r  inst_ram/U0/inst_blk_mem_gen/gnbram.gnativebmg.native_blk_mem_gen/valid.cstr/ramloop[139].ram.r/prim_init.ram/DEVICE_7SERIES.NO_BMM_INFO.SP.SIMPLE_PRIM36.ram_i_2__2/O
                         net (fo=16, routed)          0.580    12.337    inst_ram/U0/inst_blk_mem_gen/gnbram.gnativebmg.native_blk_mem_gen/valid.cstr/ramloop[145].ram.r/prim_init.ram/DEVICE_7SERIES.NO_BMM_INFO.SP.SIMPLE_PRIM36.ram_1
    SLICE_X68Y120        LUT5 (Prop_lut5_I4_O)        0.105    12.442 r  inst_ram/U0/inst_blk_mem_gen/gnbram.gnativebmg.native_blk_mem_gen/valid.cstr/ramloop[145].ram.r/prim_init.ram/DEVICE_7SERIES.NO_BMM_INFO.SP.SIMPLE_PRIM36.ram_i_1__34/O
                         net (fo=4, routed)           3.565    16.007    inst_ram/U0/inst_blk_mem_gen/gnbram.gnativebmg.native_blk_mem_gen/valid.cstr/ramloop[209].ram.r/prim_init.ram/DEVICE_7SERIES.NO_BMM_INFO.SP.SIMPLE_PRIM36.ram_1
    RAMB36_X0Y42         RAMB36E1                                     r  inst_ram/U0/inst_blk_mem_gen/gnbram.gnativebmg.native_blk_mem_gen/valid.cstr/ramloop[209].ram.r/prim_init.ram/DEVICE_7SERIES.NO_BMM_INFO.SP.SIMPLE_PRIM36.ram/ENARDEN
  -------------------------------------------------------------------    -------------------

                         (clock cpu_clk_clk_pll rise edge)
                                                     20.000    20.000 r  
    AC19                                              0.000    20.000 r  clk (IN)
                         net (fo=0)                   0.000    20.000    pll.clk_pll/inst/clk_in1
    AC19                 IBUF (Prop_ibuf_I_O)         1.350    21.350 r  pll.clk_pll/inst/clkin1_ibufg/O
                         net (fo=1, routed)           1.327    22.677    pll.clk_pll/inst/clk_in1_clk_pll
    PLLE2_ADV_X0Y2       PLLE2_ADV (Prop_plle2_adv_CLKIN1_CLKOUT0)
                                                     -6.905    15.771 r  pll.clk_pll/inst/plle2_adv_inst/CLKOUT0
                         net (fo=1, routed)           1.484    17.256    pll.clk_pll/inst/cpu_clk_clk_pll
    BUFGCTRL_X0Y0        BUFG (Prop_bufg_I_O)         0.077    17.333 r  pll.clk_pll/inst/clkout1_buf/O
                         net (fo=3305, routed)        1.578    18.911    inst_ram/U0/inst_blk_mem_gen/gnbram.gnativebmg.native_blk_mem_gen/valid.cstr/ramloop[209].ram.r/prim_init.ram/clka
    RAMB36_X0Y42         RAMB36E1                                     r  inst_ram/U0/inst_blk_mem_gen/gnbram.gnativebmg.native_blk_mem_gen/valid.cstr/ramloop[209].ram.r/prim_init.ram/DEVICE_7SERIES.NO_BMM_INFO.SP.SIMPLE_PRIM36.ram/CLKARDCLK
                         clock pessimism             -0.521    18.390    
                         clock uncertainty           -0.087    18.303    
    RAMB36_X0Y42         RAMB36E1 (Setup_ramb36e1_CLKARDCLK_ENARDEN)
                                                     -0.387    17.916    inst_ram/U0/inst_blk_mem_gen/gnbram.gnativebmg.native_blk_mem_gen/valid.cstr/ramloop[209].ram.r/prim_init.ram/DEVICE_7SERIES.NO_BMM_INFO.SP.SIMPLE_PRIM36.ram
  -------------------------------------------------------------------
                         required time                         17.916    
                         arrival time                         -16.007    
  -------------------------------------------------------------------
                         slack                                  1.909    

Slack (MET) :             1.997ns  (required time - arrival time)
  Source:                 cpu/u_ls132r_core/u_execute/rs_op_r_reg[4]/C
                            (rising edge-triggered cell FDRE clocked by cpu_clk_clk_pll  {rise@0.000ns fall@10.000ns period=20.000ns})
  Destination:            inst_ram/U0/inst_blk_mem_gen/gnbram.gnativebmg.native_blk_mem_gen/valid.cstr/ramloop[212].ram.r/prim_init.ram/DEVICE_7SERIES.NO_BMM_INFO.SP.SIMPLE_PRIM36.ram/ENARDEN
                            (rising edge-triggered cell RAMB36E1 clocked by cpu_clk_clk_pll  {rise@0.000ns fall@10.000ns period=20.000ns})
  Path Group:             cpu_clk_clk_pll
  Path Type:              Setup (Max at Slow Process Corner)
  Requirement:            20.000ns  (cpu_clk_clk_pll rise@20.000ns - cpu_clk_clk_pll rise@0.000ns)
  Data Path Delay:        17.425ns  (logic 4.195ns (24.075%)  route 13.230ns (75.925%))
  Logic Levels:           24  (CARRY4=8 LUT2=2 LUT3=3 LUT4=2 LUT5=2 LUT6=7)
  Clock Path Skew:        -0.104ns (DCD - SCD + CPR)
    Destination Clock Delay (DCD):    -1.251ns = ( 18.749 - 20.000 ) 
    Source Clock Delay      (SCD):    -1.668ns
    Clock Pessimism Removal (CPR):    -0.521ns
  Clock Uncertainty:      0.087ns  ((TSJ^2 + DJ^2)^1/2) / 2 + PE
    Total System Jitter     (TSJ):    0.071ns
    Discrete Jitter          (DJ):    0.159ns
    Phase Error              (PE):    0.000ns

    Location             Delay type                Incr(ns)  Path(ns)    Netlist Resource(s)
  -------------------------------------------------------------------    -------------------
                         (clock cpu_clk_clk_pll rise edge)
                                                      0.000     0.000 r  
    AC19                                              0.000     0.000 r  clk (IN)
                         net (fo=0)                   0.000     0.000    pll.clk_pll/inst/clk_in1
    AC19                 IBUF (Prop_ibuf_I_O)         1.416     1.416 r  pll.clk_pll/inst/clkin1_ibufg/O
                         net (fo=1, routed)           1.404     2.820    pll.clk_pll/inst/clk_in1_clk_pll
    PLLE2_ADV_X0Y2       PLLE2_ADV (Prop_plle2_adv_CLKIN1_CLKOUT0)
                                                     -7.646    -4.825 r  pll.clk_pll/inst/plle2_adv_inst/CLKOUT0
                         net (fo=1, routed)           1.557    -3.269    pll.clk_pll/inst/cpu_clk_clk_pll
    BUFGCTRL_X0Y0        BUFG (Prop_bufg_I_O)         0.081    -3.188 r  pll.clk_pll/inst/clkout1_buf/O
                         net (fo=3305, routed)        1.520    -1.668    cpu/u_ls132r_core/u_execute/cpu_clk
    SLICE_X83Y86         FDRE                                         r  cpu/u_ls132r_core/u_execute/rs_op_r_reg[4]/C
  -------------------------------------------------------------------    -------------------
    SLICE_X83Y86         FDRE (Prop_fdre_C_Q)         0.379    -1.289 r  cpu/u_ls132r_core/u_execute/rs_op_r_reg[4]/Q
                         net (fo=83, routed)          1.051    -0.238    cpu/u_ls132r_core/u_execute/rs_op[4]
    SLICE_X84Y84         LUT6 (Prop_lut6_I1_O)        0.105    -0.133 f  cpu/u_ls132r_core/u_execute/reg_lo[31]_i_9/O
                         net (fo=190, routed)         0.521     0.388    cpu/u_ls132r_core/u_execute/rs_op_r_reg[5]_0
    SLICE_X86Y83         LUT3 (Prop_lut3_I0_O)        0.105     0.493 f  cpu/u_ls132r_core/u_execute/reg_hi[0]_i_5/O
                         net (fo=35, routed)          0.595     1.088    cpu/u_ls132r_core/u_execute/reg_hi[0]_i_5_n_0
    SLICE_X86Y80         LUT4 (Prop_lut4_I0_O)        0.105     1.193 f  cpu/u_ls132r_core/u_execute/reg_hi[0]_i_3/O
                         net (fo=64, routed)          0.464     1.657    cpu/u_ls132r_core/u_execute/reg_hi[0]_i_3_n_0
    SLICE_X86Y77         LUT2 (Prop_lut2_I1_O)        0.105     1.762 r  cpu/u_ls132r_core/u_execute/reg_hi[4]_i_5/O
                         net (fo=1, routed)           0.376     2.138    cpu/u_ls132r_core/u_execute/reg_hi[4]_i_5_n_0
    SLICE_X87Y77         CARRY4 (Prop_carry4_CYINIT_CO[3])
                                                      0.480     2.618 r  cpu/u_ls132r_core/u_execute/reg_hi_reg[4]_i_3/CO[3]
                         net (fo=1, routed)           0.000     2.618    cpu/u_ls132r_core/u_execute/reg_hi_reg[4]_i_3_n_0
    SLICE_X87Y78         CARRY4 (Prop_carry4_CI_CO[3])
                                                      0.098     2.716 r  cpu/u_ls132r_core/u_execute/reg_hi_reg[8]_i_3/CO[3]
                         net (fo=1, routed)           0.000     2.716    cpu/u_ls132r_core/u_execute/reg_hi_reg[8]_i_3_n_0
    SLICE_X87Y79         CARRY4 (Prop_carry4_CI_CO[3])
                                                      0.098     2.814 r  cpu/u_ls132r_core/u_execute/reg_hi_reg[12]_i_3/CO[3]
                         net (fo=1, routed)           0.000     2.814    cpu/u_ls132r_core/u_execute/reg_hi_reg[12]_i_3_n_0
    SLICE_X87Y80         CARRY4 (Prop_carry4_CI_CO[3])
                                                      0.098     2.912 r  cpu/u_ls132r_core/u_execute/reg_hi_reg[16]_i_3/CO[3]
                         net (fo=1, routed)           0.000     2.912    cpu/u_ls132r_core/u_execute/reg_hi_reg[16]_i_3_n_0
    SLICE_X87Y81         CARRY4 (Prop_carry4_CI_CO[3])
                                                      0.098     3.010 r  cpu/u_ls132r_core/u_execute/reg_hi_reg[20]_i_3/CO[3]
                         net (fo=1, routed)           0.000     3.010    cpu/u_ls132r_core/u_execute/reg_hi_reg[20]_i_3_n_0
    SLICE_X87Y82         CARRY4 (Prop_carry4_CI_O[3])
                                                      0.260     3.270 f  cpu/u_ls132r_core/u_execute/reg_hi_reg[24]_i_3/O[3]
                         net (fo=2, routed)           0.741     4.011    cpu/u_ls132r_core/u_execute/reg_hi_reg[24]_i_3_n_4
    SLICE_X86Y85         LUT3 (Prop_lut3_I0_O)        0.257     4.268 r  cpu/u_ls132r_core/u_execute/reg_lo[24]_i_3/O
                         net (fo=3, routed)           0.377     4.645    cpu/u_ls132r_core/u_execute/reg_lo[24]_i_3_n_0
    SLICE_X85Y85         LUT6 (Prop_lut6_I1_O)        0.105     4.750 r  cpu/u_ls132r_core/u_execute/cr_badvaddr[27]_i_13/O
                         net (fo=3, routed)           0.561     5.311    cpu/u_ls132r_core/u_execute/cr_badvaddr[27]_i_13_n_0
    SLICE_X83Y83         LUT2 (Prop_lut2_I1_O)        0.105     5.416 r  cpu/u_ls132r_core/u_execute/heap_18[25]_i_23/O
                         net (fo=1, routed)           0.000     5.416    cpu/u_ls132r_core/u_execute/heap_18[25]_i_23_n_0
    SLICE_X83Y83         CARRY4 (Prop_carry4_S[0]_CO[3])
                                                      0.440     5.856 r  cpu/u_ls132r_core/u_execute/heap_18_reg[25]_i_13/CO[3]
                         net (fo=1, routed)           0.000     5.856    cpu/u_ls132r_core/u_execute/heap_18_reg[25]_i_13_n_0
    SLICE_X83Y84         CARRY4 (Prop_carry4_CI_O[3])
                                                      0.260     6.116 r  cpu/u_ls132r_core/u_execute/heap_18_reg[31]_i_29/O[3]
                         net (fo=10, routed)          0.804     6.920    cpu/u_ls132r_core/u_execute/heap_18_reg[31]_i_29_n_4
    SLICE_X84Y88         LUT6 (Prop_lut6_I0_O)        0.257     7.177 f  cpu/u_ls132r_core/u_execute/cr_debug_DExcCode[2]_i_6/O
                         net (fo=4, routed)           0.394     7.572    cpu/u_ls132r_core/u_execute/cr_debug_DExcCode[2]_i_6_n_0
    SLICE_X84Y88         LUT5 (Prop_lut5_I4_O)        0.105     7.677 f  cpu/u_ls132r_core/u_execute/cr_debug_DExcCode[2]_i_2/O
                         net (fo=11, routed)          0.687     8.364    cpu/u_ls132r_core/u_execute/cr_debug_DExcCode[2]_i_2_n_0
    SLICE_X82Y89         LUT6 (Prop_lut6_I5_O)        0.105     8.469 r  cpu/u_ls132r_core/u_execute/rs_ex_r_i_3/O
                         net (fo=10, routed)          0.508     8.978    cpu/u_ls132r_core/u_execute/rs_ex_r_reg_2
    SLICE_X79Y92         LUT6 (Prop_lut6_I1_O)        0.105     9.083 r  cpu/u_ls132r_core/u_execute/inst_code_r[31]_i_3/O
                         net (fo=4, routed)           0.269     9.352    cpu/u_ls132r_core/u_fetch/inst_code_r_reg[0]_0
    SLICE_X79Y93         LUT6 (Prop_lut6_I1_O)        0.105     9.457 r  cpu/u_ls132r_core/u_fetch/inst_sel_isram_r_i_4/O
                         net (fo=4, routed)           0.486     9.943    cpu/u_ls132r_core/u_fetch/inst_sel_isram_r_i_4_n_0
    SLICE_X78Y97         LUT4 (Prop_lut4_I3_O)        0.105    10.048 r  cpu/u_ls132r_core/u_fetch/inst_sel_isram_r_i_1/O
                         net (fo=2, routed)           0.364    10.412    u_inst_sram_wrap/inst_ifc_bus[0]
    SLICE_X78Y100        LUT6 (Prop_lut6_I0_O)        0.105    10.517 r  u_inst_sram_wrap/ram_en_r_i_1/O
                         net (fo=18, routed)          0.878    11.395    inst_ram/U0/inst_blk_mem_gen/gnbram.gnativebmg.native_blk_mem_gen/valid.cstr/ramloop[128].ram.r/prim_init.ram/ena
    SLICE_X78Y120        LUT3 (Prop_lut3_I1_O)        0.105    11.500 r  inst_ram/U0/inst_blk_mem_gen/gnbram.gnativebmg.native_blk_mem_gen/valid.cstr/ramloop[128].ram.r/prim_init.ram/DEVICE_7SERIES.NO_BMM_INFO.SP.SIMPLE_PRIM36.ram_i_2__0/O
                         net (fo=16, routed)          1.403    12.903    inst_ram/U0/inst_blk_mem_gen/gnbram.gnativebmg.native_blk_mem_gen/valid.cstr/ramloop[148].ram.r/prim_init.ram/DEVICE_7SERIES.NO_BMM_INFO.SP.SIMPLE_PRIM36.ram_1
    SLICE_X64Y151        LUT5 (Prop_lut5_I4_O)        0.105    13.008 r  inst_ram/U0/inst_blk_mem_gen/gnbram.gnativebmg.native_blk_mem_gen/valid.cstr/ramloop[148].ram.r/prim_init.ram/DEVICE_7SERIES.NO_BMM_INFO.SP.SIMPLE_PRIM36.ram_i_1__20/O
                         net (fo=4, routed)           2.749    15.757    inst_ram/U0/inst_blk_mem_gen/gnbram.gnativebmg.native_blk_mem_gen/valid.cstr/ramloop[212].ram.r/prim_init.ram/DEVICE_7SERIES.NO_BMM_INFO.SP.SIMPLE_PRIM36.ram_1
    RAMB36_X0Y39         RAMB36E1                                     r  inst_ram/U0/inst_blk_mem_gen/gnbram.gnativebmg.native_blk_mem_gen/valid.cstr/ramloop[212].ram.r/prim_init.ram/DEVICE_7SERIES.NO_BMM_INFO.SP.SIMPLE_PRIM36.ram/ENARDEN
  -------------------------------------------------------------------    -------------------

                         (clock cpu_clk_clk_pll rise edge)
                                                     20.000    20.000 r  
    AC19                                              0.000    20.000 r  clk (IN)
                         net (fo=0)                   0.000    20.000    pll.clk_pll/inst/clk_in1
    AC19                 IBUF (Prop_ibuf_I_O)         1.350    21.350 r  pll.clk_pll/inst/clkin1_ibufg/O
                         net (fo=1, routed)           1.327    22.677    pll.clk_pll/inst/clk_in1_clk_pll
    PLLE2_ADV_X0Y2       PLLE2_ADV (Prop_plle2_adv_CLKIN1_CLKOUT0)
                                                     -6.905    15.771 r  pll.clk_pll/inst/plle2_adv_inst/CLKOUT0
                         net (fo=1, routed)           1.484    17.256    pll.clk_pll/inst/cpu_clk_clk_pll
    BUFGCTRL_X0Y0        BUFG (Prop_bufg_I_O)         0.077    17.333 r  pll.clk_pll/inst/clkout1_buf/O
                         net (fo=3305, routed)        1.416    18.749    inst_ram/U0/inst_blk_mem_gen/gnbram.gnativebmg.native_blk_mem_gen/valid.cstr/ramloop[212].ram.r/prim_init.ram/clka
    RAMB36_X0Y39         RAMB36E1                                     r  inst_ram/U0/inst_blk_mem_gen/gnbram.gnativebmg.native_blk_mem_gen/valid.cstr/ramloop[212].ram.r/prim_init.ram/DEVICE_7SERIES.NO_BMM_INFO.SP.SIMPLE_PRIM36.ram/CLKARDCLK
                         clock pessimism             -0.521    18.228    
                         clock uncertainty           -0.087    18.141    
    RAMB36_X0Y39         RAMB36E1 (Setup_ramb36e1_CLKARDCLK_ENARDEN)
                                                     -0.387    17.754    inst_ram/U0/inst_blk_mem_gen/gnbram.gnativebmg.native_blk_mem_gen/valid.cstr/ramloop[212].ram.r/prim_init.ram/DEVICE_7SERIES.NO_BMM_INFO.SP.SIMPLE_PRIM36.ram
  -------------------------------------------------------------------
                         required time                         17.754    
                         arrival time                         -15.757    
  -------------------------------------------------------------------
                         slack                                  1.997    

Slack (MET) :             2.042ns  (required time - arrival time)
  Source:                 cpu/u_ls132r_core/u_execute/rs_op_r_reg[4]/C
                            (rising edge-triggered cell FDRE clocked by cpu_clk_clk_pll  {rise@0.000ns fall@10.000ns period=20.000ns})
  Destination:            inst_ram/U0/inst_blk_mem_gen/gnbram.gnativebmg.native_blk_mem_gen/valid.cstr/ramloop[60].ram.r/prim_init.ram/DEVICE_7SERIES.NO_BMM_INFO.SP.SIMPLE_PRIM36.ram/ENARDEN
                            (rising edge-triggered cell RAMB36E1 clocked by cpu_clk_clk_pll  {rise@0.000ns fall@10.000ns period=20.000ns})
  Path Group:             cpu_clk_clk_pll
  Path Type:              Setup (Max at Slow Process Corner)
  Requirement:            20.000ns  (cpu_clk_clk_pll rise@20.000ns - cpu_clk_clk_pll rise@0.000ns)
  Data Path Delay:        17.692ns  (logic 4.195ns (23.712%)  route 13.497ns (76.288%))
  Logic Levels:           24  (CARRY4=8 LUT2=2 LUT3=3 LUT4=2 LUT5=2 LUT6=7)
  Clock Path Skew:        0.208ns (DCD - SCD + CPR)
    Destination Clock Delay (DCD):    -0.952ns = ( 19.048 - 20.000 ) 
    Source Clock Delay      (SCD):    -1.668ns
    Clock Pessimism Removal (CPR):    -0.508ns
  Clock Uncertainty:      0.087ns  ((TSJ^2 + DJ^2)^1/2) / 2 + PE
    Total System Jitter     (TSJ):    0.071ns
    Discrete Jitter          (DJ):    0.159ns
    Phase Error              (PE):    0.000ns

    Location             Delay type                Incr(ns)  Path(ns)    Netlist Resource(s)
  -------------------------------------------------------------------    -------------------
                         (clock cpu_clk_clk_pll rise edge)
                                                      0.000     0.000 r  
    AC19                                              0.000     0.000 r  clk (IN)
                         net (fo=0)                   0.000     0.000    pll.clk_pll/inst/clk_in1
    AC19                 IBUF (Prop_ibuf_I_O)         1.416     1.416 r  pll.clk_pll/inst/clkin1_ibufg/O
                         net (fo=1, routed)           1.404     2.820    pll.clk_pll/inst/clk_in1_clk_pll
    PLLE2_ADV_X0Y2       PLLE2_ADV (Prop_plle2_adv_CLKIN1_CLKOUT0)
                                                     -7.646    -4.825 r  pll.clk_pll/inst/plle2_adv_inst/CLKOUT0
                         net (fo=1, routed)           1.557    -3.269    pll.clk_pll/inst/cpu_clk_clk_pll
    BUFGCTRL_X0Y0        BUFG (Prop_bufg_I_O)         0.081    -3.188 r  pll.clk_pll/inst/clkout1_buf/O
                         net (fo=3305, routed)        1.520    -1.668    cpu/u_ls132r_core/u_execute/cpu_clk
    SLICE_X83Y86         FDRE                                         r  cpu/u_ls132r_core/u_execute/rs_op_r_reg[4]/C
  -------------------------------------------------------------------    -------------------
    SLICE_X83Y86         FDRE (Prop_fdre_C_Q)         0.379    -1.289 r  cpu/u_ls132r_core/u_execute/rs_op_r_reg[4]/Q
                         net (fo=83, routed)          1.051    -0.238    cpu/u_ls132r_core/u_execute/rs_op[4]
    SLICE_X84Y84         LUT6 (Prop_lut6_I1_O)        0.105    -0.133 f  cpu/u_ls132r_core/u_execute/reg_lo[31]_i_9/O
                         net (fo=190, routed)         0.521     0.388    cpu/u_ls132r_core/u_execute/rs_op_r_reg[5]_0
    SLICE_X86Y83         LUT3 (Prop_lut3_I0_O)        0.105     0.493 f  cpu/u_ls132r_core/u_execute/reg_hi[0]_i_5/O
                         net (fo=35, routed)          0.595     1.088    cpu/u_ls132r_core/u_execute/reg_hi[0]_i_5_n_0
    SLICE_X86Y80         LUT4 (Prop_lut4_I0_O)        0.105     1.193 f  cpu/u_ls132r_core/u_execute/reg_hi[0]_i_3/O
                         net (fo=64, routed)          0.464     1.657    cpu/u_ls132r_core/u_execute/reg_hi[0]_i_3_n_0
    SLICE_X86Y77         LUT2 (Prop_lut2_I1_O)        0.105     1.762 r  cpu/u_ls132r_core/u_execute/reg_hi[4]_i_5/O
                         net (fo=1, routed)           0.376     2.138    cpu/u_ls132r_core/u_execute/reg_hi[4]_i_5_n_0
    SLICE_X87Y77         CARRY4 (Prop_carry4_CYINIT_CO[3])
                                                      0.480     2.618 r  cpu/u_ls132r_core/u_execute/reg_hi_reg[4]_i_3/CO[3]
                         net (fo=1, routed)           0.000     2.618    cpu/u_ls132r_core/u_execute/reg_hi_reg[4]_i_3_n_0
    SLICE_X87Y78         CARRY4 (Prop_carry4_CI_CO[3])
                                                      0.098     2.716 r  cpu/u_ls132r_core/u_execute/reg_hi_reg[8]_i_3/CO[3]
                         net (fo=1, routed)           0.000     2.716    cpu/u_ls132r_core/u_execute/reg_hi_reg[8]_i_3_n_0
    SLICE_X87Y79         CARRY4 (Prop_carry4_CI_CO[3])
                                                      0.098     2.814 r  cpu/u_ls132r_core/u_execute/reg_hi_reg[12]_i_3/CO[3]
                         net (fo=1, routed)           0.000     2.814    cpu/u_ls132r_core/u_execute/reg_hi_reg[12]_i_3_n_0
    SLICE_X87Y80         CARRY4 (Prop_carry4_CI_CO[3])
                                                      0.098     2.912 r  cpu/u_ls132r_core/u_execute/reg_hi_reg[16]_i_3/CO[3]
                         net (fo=1, routed)           0.000     2.912    cpu/u_ls132r_core/u_execute/reg_hi_reg[16]_i_3_n_0
    SLICE_X87Y81         CARRY4 (Prop_carry4_CI_CO[3])
                                                      0.098     3.010 r  cpu/u_ls132r_core/u_execute/reg_hi_reg[20]_i_3/CO[3]
                         net (fo=1, routed)           0.000     3.010    cpu/u_ls132r_core/u_execute/reg_hi_reg[20]_i_3_n_0
    SLICE_X87Y82         CARRY4 (Prop_carry4_CI_O[3])
                                                      0.260     3.270 f  cpu/u_ls132r_core/u_execute/reg_hi_reg[24]_i_3/O[3]
                         net (fo=2, routed)           0.741     4.011    cpu/u_ls132r_core/u_execute/reg_hi_reg[24]_i_3_n_4
    SLICE_X86Y85         LUT3 (Prop_lut3_I0_O)        0.257     4.268 r  cpu/u_ls132r_core/u_execute/reg_lo[24]_i_3/O
                         net (fo=3, routed)           0.377     4.645    cpu/u_ls132r_core/u_execute/reg_lo[24]_i_3_n_0
    SLICE_X85Y85         LUT6 (Prop_lut6_I1_O)        0.105     4.750 r  cpu/u_ls132r_core/u_execute/cr_badvaddr[27]_i_13/O
                         net (fo=3, routed)           0.561     5.311    cpu/u_ls132r_core/u_execute/cr_badvaddr[27]_i_13_n_0
    SLICE_X83Y83         LUT2 (Prop_lut2_I1_O)        0.105     5.416 r  cpu/u_ls132r_core/u_execute/heap_18[25]_i_23/O
                         net (fo=1, routed)           0.000     5.416    cpu/u_ls132r_core/u_execute/heap_18[25]_i_23_n_0
    SLICE_X83Y83         CARRY4 (Prop_carry4_S[0]_CO[3])
                                                      0.440     5.856 r  cpu/u_ls132r_core/u_execute/heap_18_reg[25]_i_13/CO[3]
                         net (fo=1, routed)           0.000     5.856    cpu/u_ls132r_core/u_execute/heap_18_reg[25]_i_13_n_0
    SLICE_X83Y84         CARRY4 (Prop_carry4_CI_O[3])
                                                      0.260     6.116 r  cpu/u_ls132r_core/u_execute/heap_18_reg[31]_i_29/O[3]
                         net (fo=10, routed)          0.804     6.920    cpu/u_ls132r_core/u_execute/heap_18_reg[31]_i_29_n_4
    SLICE_X84Y88         LUT6 (Prop_lut6_I0_O)        0.257     7.177 f  cpu/u_ls132r_core/u_execute/cr_debug_DExcCode[2]_i_6/O
                         net (fo=4, routed)           0.394     7.572    cpu/u_ls132r_core/u_execute/cr_debug_DExcCode[2]_i_6_n_0
    SLICE_X84Y88         LUT5 (Prop_lut5_I4_O)        0.105     7.677 f  cpu/u_ls132r_core/u_execute/cr_debug_DExcCode[2]_i_2/O
                         net (fo=11, routed)          0.687     8.364    cpu/u_ls132r_core/u_execute/cr_debug_DExcCode[2]_i_2_n_0
    SLICE_X82Y89         LUT6 (Prop_lut6_I5_O)        0.105     8.469 r  cpu/u_ls132r_core/u_execute/rs_ex_r_i_3/O
                         net (fo=10, routed)          0.508     8.978    cpu/u_ls132r_core/u_execute/rs_ex_r_reg_2
    SLICE_X79Y92         LUT6 (Prop_lut6_I1_O)        0.105     9.083 r  cpu/u_ls132r_core/u_execute/inst_code_r[31]_i_3/O
                         net (fo=4, routed)           0.269     9.352    cpu/u_ls132r_core/u_fetch/inst_code_r_reg[0]_0
    SLICE_X79Y93         LUT6 (Prop_lut6_I1_O)        0.105     9.457 r  cpu/u_ls132r_core/u_fetch/inst_sel_isram_r_i_4/O
                         net (fo=4, routed)           0.486     9.943    cpu/u_ls132r_core/u_fetch/inst_sel_isram_r_i_4_n_0
    SLICE_X78Y97         LUT4 (Prop_lut4_I3_O)        0.105    10.048 r  cpu/u_ls132r_core/u_fetch/inst_sel_isram_r_i_1/O
                         net (fo=2, routed)           0.364    10.412    u_inst_sram_wrap/inst_ifc_bus[0]
    SLICE_X78Y100        LUT6 (Prop_lut6_I0_O)        0.105    10.517 r  u_inst_sram_wrap/ram_en_r_i_1/O
                         net (fo=18, routed)          0.834    11.351    inst_ram/U0/inst_blk_mem_gen/gnbram.gnativebmg.native_blk_mem_gen/valid.cstr/ramloop[160].ram.r/prim_init.ram/ena
    SLICE_X70Y104        LUT3 (Prop_lut3_I1_O)        0.105    11.456 r  inst_ram/U0/inst_blk_mem_gen/gnbram.gnativebmg.native_blk_mem_gen/valid.cstr/ramloop[160].ram.r/prim_init.ram/DEVICE_7SERIES.NO_BMM_INFO.SP.SIMPLE_PRIM36.ram_i_2/O
                         net (fo=16, routed)          0.436    11.891    inst_ram/U0/inst_blk_mem_gen/gnbram.gnativebmg.native_blk_mem_gen/valid.cstr/ramloop[188].ram.r/prim_init.ram/DEVICE_7SERIES.NO_BMM_INFO.SP.SIMPLE_PRIM36.ram_1
    SLICE_X66Y105        LUT5 (Prop_lut5_I4_O)        0.105    11.996 r  inst_ram/U0/inst_blk_mem_gen/gnbram.gnativebmg.native_blk_mem_gen/valid.cstr/ramloop[188].ram.r/prim_init.ram/DEVICE_7SERIES.NO_BMM_INFO.SP.SIMPLE_PRIM36.ram_i_1__0/O
                         net (fo=4, routed)           4.028    16.024    inst_ram/U0/inst_blk_mem_gen/gnbram.gnativebmg.native_blk_mem_gen/valid.cstr/ramloop[60].ram.r/prim_init.ram/DEVICE_7SERIES.NO_BMM_INFO.SP.SIMPLE_PRIM36.ram_1
    RAMB36_X0Y0          RAMB36E1                                     r  inst_ram/U0/inst_blk_mem_gen/gnbram.gnativebmg.native_blk_mem_gen/valid.cstr/ramloop[60].ram.r/prim_init.ram/DEVICE_7SERIES.NO_BMM_INFO.SP.SIMPLE_PRIM36.ram/ENARDEN
  -------------------------------------------------------------------    -------------------

                         (clock cpu_clk_clk_pll rise edge)
                                                     20.000    20.000 r  
    AC19                                              0.000    20.000 r  clk (IN)
                         net (fo=0)                   0.000    20.000    pll.clk_pll/inst/clk_in1
    AC19                 IBUF (Prop_ibuf_I_O)         1.350    21.350 r  pll.clk_pll/inst/clkin1_ibufg/O
                         net (fo=1, routed)           1.327    22.677    pll.clk_pll/inst/clk_in1_clk_pll
    PLLE2_ADV_X0Y2       PLLE2_ADV (Prop_plle2_adv_CLKIN1_CLKOUT0)
                                                     -6.905    15.771 r  pll.clk_pll/inst/plle2_adv_inst/CLKOUT0
                         net (fo=1, routed)           1.484    17.256    pll.clk_pll/inst/cpu_clk_clk_pll
    BUFGCTRL_X0Y0        BUFG (Prop_bufg_I_O)         0.077    17.333 r  pll.clk_pll/inst/clkout1_buf/O
                         net (fo=3305, routed)        1.715    19.048    inst_ram/U0/inst_blk_mem_gen/gnbram.gnativebmg.native_blk_mem_gen/valid.cstr/ramloop[60].ram.r/prim_init.ram/clka
    RAMB36_X0Y0          RAMB36E1                                     r  inst_ram/U0/inst_blk_mem_gen/gnbram.gnativebmg.native_blk_mem_gen/valid.cstr/ramloop[60].ram.r/prim_init.ram/DEVICE_7SERIES.NO_BMM_INFO.SP.SIMPLE_PRIM36.ram/CLKARDCLK
                         clock pessimism             -0.508    18.540    
                         clock uncertainty           -0.087    18.453    
    RAMB36_X0Y0          RAMB36E1 (Setup_ramb36e1_CLKARDCLK_ENARDEN)
                                                     -0.387    18.066    inst_ram/U0/inst_blk_mem_gen/gnbram.gnativebmg.native_blk_mem_gen/valid.cstr/ramloop[60].ram.r/prim_init.ram/DEVICE_7SERIES.NO_BMM_INFO.SP.SIMPLE_PRIM36.ram
  -------------------------------------------------------------------
                         required time                         18.066    
                         arrival time                         -16.024    
  -------------------------------------------------------------------
                         slack                                  2.042    

Slack (MET) :             2.052ns  (required time - arrival time)
  Source:                 cpu/u_ls132r_core/u_execute/rs_op_r_reg[4]/C
                            (rising edge-triggered cell FDRE clocked by cpu_clk_clk_pll  {rise@0.000ns fall@10.000ns period=20.000ns})
  Destination:            inst_ram/U0/inst_blk_mem_gen/gnbram.gnativebmg.native_blk_mem_gen/valid.cstr/ramloop[123].ram.r/prim_init.ram/DEVICE_7SERIES.NO_BMM_INFO.SP.SIMPLE_PRIM36.ram/ENARDEN
                            (rising edge-triggered cell RAMB36E1 clocked by cpu_clk_clk_pll  {rise@0.000ns fall@10.000ns period=20.000ns})
  Path Group:             cpu_clk_clk_pll
  Path Type:              Setup (Max at Slow Process Corner)
  Requirement:            20.000ns  (cpu_clk_clk_pll rise@20.000ns - cpu_clk_clk_pll rise@0.000ns)
  Data Path Delay:        17.665ns  (logic 4.195ns (23.747%)  route 13.470ns (76.253%))
  Logic Levels:           24  (CARRY4=8 LUT2=2 LUT3=3 LUT4=2 LUT5=2 LUT6=7)
  Clock Path Skew:        0.192ns (DCD - SCD + CPR)
    Destination Clock Delay (DCD):    -0.968ns = ( 19.032 - 20.000 ) 
    Source Clock Delay      (SCD):    -1.668ns
    Clock Pessimism Removal (CPR):    -0.508ns
  Clock Uncertainty:      0.087ns  ((TSJ^2 + DJ^2)^1/2) / 2 + PE
    Total System Jitter     (TSJ):    0.071ns
    Discrete Jitter          (DJ):    0.159ns
    Phase Error              (PE):    0.000ns

    Location             Delay type                Incr(ns)  Path(ns)    Netlist Resource(s)
  -------------------------------------------------------------------    -------------------
                         (clock cpu_clk_clk_pll rise edge)
                                                      0.000     0.000 r  
    AC19                                              0.000     0.000 r  clk (IN)
                         net (fo=0)                   0.000     0.000    pll.clk_pll/inst/clk_in1
    AC19                 IBUF (Prop_ibuf_I_O)         1.416     1.416 r  pll.clk_pll/inst/clkin1_ibufg/O
                         net (fo=1, routed)           1.404     2.820    pll.clk_pll/inst/clk_in1_clk_pll
    PLLE2_ADV_X0Y2       PLLE2_ADV (Prop_plle2_adv_CLKIN1_CLKOUT0)
                                                     -7.646    -4.825 r  pll.clk_pll/inst/plle2_adv_inst/CLKOUT0
                         net (fo=1, routed)           1.557    -3.269    pll.clk_pll/inst/cpu_clk_clk_pll
    BUFGCTRL_X0Y0        BUFG (Prop_bufg_I_O)         0.081    -3.188 r  pll.clk_pll/inst/clkout1_buf/O
                         net (fo=3305, routed)        1.520    -1.668    cpu/u_ls132r_core/u_execute/cpu_clk
    SLICE_X83Y86         FDRE                                         r  cpu/u_ls132r_core/u_execute/rs_op_r_reg[4]/C
  -------------------------------------------------------------------    -------------------
    SLICE_X83Y86         FDRE (Prop_fdre_C_Q)         0.379    -1.289 r  cpu/u_ls132r_core/u_execute/rs_op_r_reg[4]/Q
                         net (fo=83, routed)          1.051    -0.238    cpu/u_ls132r_core/u_execute/rs_op[4]
    SLICE_X84Y84         LUT6 (Prop_lut6_I1_O)        0.105    -0.133 f  cpu/u_ls132r_core/u_execute/reg_lo[31]_i_9/O
                         net (fo=190, routed)         0.521     0.388    cpu/u_ls132r_core/u_execute/rs_op_r_reg[5]_0
    SLICE_X86Y83         LUT3 (Prop_lut3_I0_O)        0.105     0.493 f  cpu/u_ls132r_core/u_execute/reg_hi[0]_i_5/O
                         net (fo=35, routed)          0.595     1.088    cpu/u_ls132r_core/u_execute/reg_hi[0]_i_5_n_0
    SLICE_X86Y80         LUT4 (Prop_lut4_I0_O)        0.105     1.193 f  cpu/u_ls132r_core/u_execute/reg_hi[0]_i_3/O
                         net (fo=64, routed)          0.464     1.657    cpu/u_ls132r_core/u_execute/reg_hi[0]_i_3_n_0
    SLICE_X86Y77         LUT2 (Prop_lut2_I1_O)        0.105     1.762 r  cpu/u_ls132r_core/u_execute/reg_hi[4]_i_5/O
                         net (fo=1, routed)           0.376     2.138    cpu/u_ls132r_core/u_execute/reg_hi[4]_i_5_n_0
    SLICE_X87Y77         CARRY4 (Prop_carry4_CYINIT_CO[3])
                                                      0.480     2.618 r  cpu/u_ls132r_core/u_execute/reg_hi_reg[4]_i_3/CO[3]
                         net (fo=1, routed)           0.000     2.618    cpu/u_ls132r_core/u_execute/reg_hi_reg[4]_i_3_n_0
    SLICE_X87Y78         CARRY4 (Prop_carry4_CI_CO[3])
                                                      0.098     2.716 r  cpu/u_ls132r_core/u_execute/reg_hi_reg[8]_i_3/CO[3]
                         net (fo=1, routed)           0.000     2.716    cpu/u_ls132r_core/u_execute/reg_hi_reg[8]_i_3_n_0
    SLICE_X87Y79         CARRY4 (Prop_carry4_CI_CO[3])
                                                      0.098     2.814 r  cpu/u_ls132r_core/u_execute/reg_hi_reg[12]_i_3/CO[3]
                         net (fo=1, routed)           0.000     2.814    cpu/u_ls132r_core/u_execute/reg_hi_reg[12]_i_3_n_0
    SLICE_X87Y80         CARRY4 (Prop_carry4_CI_CO[3])
                                                      0.098     2.912 r  cpu/u_ls132r_core/u_execute/reg_hi_reg[16]_i_3/CO[3]
                         net (fo=1, routed)           0.000     2.912    cpu/u_ls132r_core/u_execute/reg_hi_reg[16]_i_3_n_0
    SLICE_X87Y81         CARRY4 (Prop_carry4_CI_CO[3])
                                                      0.098     3.010 r  cpu/u_ls132r_core/u_execute/reg_hi_reg[20]_i_3/CO[3]
                         net (fo=1, routed)           0.000     3.010    cpu/u_ls132r_core/u_execute/reg_hi_reg[20]_i_3_n_0
    SLICE_X87Y82         CARRY4 (Prop_carry4_CI_O[3])
                                                      0.260     3.270 f  cpu/u_ls132r_core/u_execute/reg_hi_reg[24]_i_3/O[3]
                         net (fo=2, routed)           0.741     4.011    cpu/u_ls132r_core/u_execute/reg_hi_reg[24]_i_3_n_4
    SLICE_X86Y85         LUT3 (Prop_lut3_I0_O)        0.257     4.268 r  cpu/u_ls132r_core/u_execute/reg_lo[24]_i_3/O
                         net (fo=3, routed)           0.377     4.645    cpu/u_ls132r_core/u_execute/reg_lo[24]_i_3_n_0
    SLICE_X85Y85         LUT6 (Prop_lut6_I1_O)        0.105     4.750 r  cpu/u_ls132r_core/u_execute/cr_badvaddr[27]_i_13/O
                         net (fo=3, routed)           0.561     5.311    cpu/u_ls132r_core/u_execute/cr_badvaddr[27]_i_13_n_0
    SLICE_X83Y83         LUT2 (Prop_lut2_I1_O)        0.105     5.416 r  cpu/u_ls132r_core/u_execute/heap_18[25]_i_23/O
                         net (fo=1, routed)           0.000     5.416    cpu/u_ls132r_core/u_execute/heap_18[25]_i_23_n_0
    SLICE_X83Y83         CARRY4 (Prop_carry4_S[0]_CO[3])
                                                      0.440     5.856 r  cpu/u_ls132r_core/u_execute/heap_18_reg[25]_i_13/CO[3]
                         net (fo=1, routed)           0.000     5.856    cpu/u_ls132r_core/u_execute/heap_18_reg[25]_i_13_n_0
    SLICE_X83Y84         CARRY4 (Prop_carry4_CI_O[3])
                                                      0.260     6.116 r  cpu/u_ls132r_core/u_execute/heap_18_reg[31]_i_29/O[3]
                         net (fo=10, routed)          0.804     6.920    cpu/u_ls132r_core/u_execute/heap_18_reg[31]_i_29_n_4
    SLICE_X84Y88         LUT6 (Prop_lut6_I0_O)        0.257     7.177 f  cpu/u_ls132r_core/u_execute/cr_debug_DExcCode[2]_i_6/O
                         net (fo=4, routed)           0.394     7.572    cpu/u_ls132r_core/u_execute/cr_debug_DExcCode[2]_i_6_n_0
    SLICE_X84Y88         LUT5 (Prop_lut5_I4_O)        0.105     7.677 f  cpu/u_ls132r_core/u_execute/cr_debug_DExcCode[2]_i_2/O
                         net (fo=11, routed)          0.687     8.364    cpu/u_ls132r_core/u_execute/cr_debug_DExcCode[2]_i_2_n_0
    SLICE_X82Y89         LUT6 (Prop_lut6_I5_O)        0.105     8.469 r  cpu/u_ls132r_core/u_execute/rs_ex_r_i_3/O
                         net (fo=10, routed)          0.508     8.978    cpu/u_ls132r_core/u_execute/rs_ex_r_reg_2
    SLICE_X79Y92         LUT6 (Prop_lut6_I1_O)        0.105     9.083 r  cpu/u_ls132r_core/u_execute/inst_code_r[31]_i_3/O
                         net (fo=4, routed)           0.269     9.352    cpu/u_ls132r_core/u_fetch/inst_code_r_reg[0]_0
    SLICE_X79Y93         LUT6 (Prop_lut6_I1_O)        0.105     9.457 r  cpu/u_ls132r_core/u_fetch/inst_sel_isram_r_i_4/O
                         net (fo=4, routed)           0.486     9.943    cpu/u_ls132r_core/u_fetch/inst_sel_isram_r_i_4_n_0
    SLICE_X78Y97         LUT4 (Prop_lut4_I3_O)        0.105    10.048 r  cpu/u_ls132r_core/u_fetch/inst_sel_isram_r_i_1/O
                         net (fo=2, routed)           0.364    10.412    u_inst_sram_wrap/inst_ifc_bus[0]
    SLICE_X78Y100        LUT6 (Prop_lut6_I0_O)        0.105    10.517 r  u_inst_sram_wrap/ram_en_r_i_1/O
                         net (fo=18, routed)          0.801    11.317    inst_ram/U0/inst_blk_mem_gen/gnbram.gnativebmg.native_blk_mem_gen/valid.cstr/ramloop[171].ram.r/prim_init.ram/ena
    SLICE_X76Y111        LUT3 (Prop_lut3_I1_O)        0.105    11.422 r  inst_ram/U0/inst_blk_mem_gen/gnbram.gnativebmg.native_blk_mem_gen/valid.cstr/ramloop[171].ram.r/prim_init.ram/DEVICE_7SERIES.NO_BMM_INFO.SP.SIMPLE_PRIM36.ram_i_2__1/O
                         net (fo=16, routed)          0.434    11.857    inst_ram/U0/inst_blk_mem_gen/gnbram.gnativebmg.native_blk_mem_gen/valid.cstr/ramloop[187].ram.r/prim_init.ram/DEVICE_7SERIES.NO_BMM_INFO.SP.SIMPLE_PRIM36.ram_1
    SLICE_X71Y111        LUT5 (Prop_lut5_I4_O)        0.105    11.962 r  inst_ram/U0/inst_blk_mem_gen/gnbram.gnativebmg.native_blk_mem_gen/valid.cstr/ramloop[187].ram.r/prim_init.ram/DEVICE_7SERIES.NO_BMM_INFO.SP.SIMPLE_PRIM36.ram_i_1__47/O
                         net (fo=4, routed)           4.036    15.998    inst_ram/U0/inst_blk_mem_gen/gnbram.gnativebmg.native_blk_mem_gen/valid.cstr/ramloop[123].ram.r/prim_init.ram/DEVICE_7SERIES.NO_BMM_INFO.SP.SIMPLE_PRIM36.ram_1
    RAMB36_X7Y2          RAMB36E1                                     r  inst_ram/U0/inst_blk_mem_gen/gnbram.gnativebmg.native_blk_mem_gen/valid.cstr/ramloop[123].ram.r/prim_init.ram/DEVICE_7SERIES.NO_BMM_INFO.SP.SIMPLE_PRIM36.ram/ENARDEN
  -------------------------------------------------------------------    -------------------

                         (clock cpu_clk_clk_pll rise edge)
                                                     20.000    20.000 r  
    AC19                                              0.000    20.000 r  clk (IN)
                         net (fo=0)                   0.000    20.000    pll.clk_pll/inst/clk_in1
    AC19                 IBUF (Prop_ibuf_I_O)         1.350    21.350 r  pll.clk_pll/inst/clkin1_ibufg/O
                         net (fo=1, routed)           1.327    22.677    pll.clk_pll/inst/clk_in1_clk_pll
    PLLE2_ADV_X0Y2       PLLE2_ADV (Prop_plle2_adv_CLKIN1_CLKOUT0)
                                                     -6.905    15.771 r  pll.clk_pll/inst/plle2_adv_inst/CLKOUT0
                         net (fo=1, routed)           1.484    17.256    pll.clk_pll/inst/cpu_clk_clk_pll
    BUFGCTRL_X0Y0        BUFG (Prop_bufg_I_O)         0.077    17.333 r  pll.clk_pll/inst/clkout1_buf/O
                         net (fo=3305, routed)        1.699    19.032    inst_ram/U0/inst_blk_mem_gen/gnbram.gnativebmg.native_blk_mem_gen/valid.cstr/ramloop[123].ram.r/prim_init.ram/clka
    RAMB36_X7Y2          RAMB36E1                                     r  inst_ram/U0/inst_blk_mem_gen/gnbram.gnativebmg.native_blk_mem_gen/valid.cstr/ramloop[123].ram.r/prim_init.ram/DEVICE_7SERIES.NO_BMM_INFO.SP.SIMPLE_PRIM36.ram/CLKARDCLK
                         clock pessimism             -0.508    18.524    
                         clock uncertainty           -0.087    18.437    
    RAMB36_X7Y2          RAMB36E1 (Setup_ramb36e1_CLKARDCLK_ENARDEN)
                                                     -0.387    18.050    inst_ram/U0/inst_blk_mem_gen/gnbram.gnativebmg.native_blk_mem_gen/valid.cstr/ramloop[123].ram.r/prim_init.ram/DEVICE_7SERIES.NO_BMM_INFO.SP.SIMPLE_PRIM36.ram
  -------------------------------------------------------------------
                         required time                         18.050    
                         arrival time                         -15.998    
  -------------------------------------------------------------------
                         slack                                  2.052    

Slack (MET) :             2.056ns  (required time - arrival time)
  Source:                 cpu/u_ls132r_core/u_execute/rs_op_r_reg[4]/C
                            (rising edge-triggered cell FDRE clocked by cpu_clk_clk_pll  {rise@0.000ns fall@10.000ns period=20.000ns})
  Destination:            inst_ram/U0/inst_blk_mem_gen/gnbram.gnativebmg.native_blk_mem_gen/valid.cstr/ramloop[222].ram.r/prim_init.ram/DEVICE_7SERIES.NO_BMM_INFO.SP.SIMPLE_PRIM36.ram/ENARDEN
                            (rising edge-triggered cell RAMB36E1 clocked by cpu_clk_clk_pll  {rise@0.000ns fall@10.000ns period=20.000ns})
  Path Group:             cpu_clk_clk_pll
  Path Type:              Setup (Max at Slow Process Corner)
  Requirement:            20.000ns  (cpu_clk_clk_pll rise@20.000ns - cpu_clk_clk_pll rise@0.000ns)
  Data Path Delay:        17.521ns  (logic 4.195ns (23.943%)  route 13.326ns (76.057%))
  Logic Levels:           24  (CARRY4=8 LUT2=2 LUT3=3 LUT4=2 LUT5=2 LUT6=7)
  Clock Path Skew:        0.051ns (DCD - SCD + CPR)
    Destination Clock Delay (DCD):    -1.096ns = ( 18.904 - 20.000 ) 
    Source Clock Delay      (SCD):    -1.668ns
    Clock Pessimism Removal (CPR):    -0.521ns
  Clock Uncertainty:      0.087ns  ((TSJ^2 + DJ^2)^1/2) / 2 + PE
    Total System Jitter     (TSJ):    0.071ns
    Discrete Jitter          (DJ):    0.159ns
    Phase Error              (PE):    0.000ns

    Location             Delay type                Incr(ns)  Path(ns)    Netlist Resource(s)
  -------------------------------------------------------------------    -------------------
                         (clock cpu_clk_clk_pll rise edge)
                                                      0.000     0.000 r  
    AC19                                              0.000     0.000 r  clk (IN)
                         net (fo=0)                   0.000     0.000    pll.clk_pll/inst/clk_in1
    AC19                 IBUF (Prop_ibuf_I_O)         1.416     1.416 r  pll.clk_pll/inst/clkin1_ibufg/O
                         net (fo=1, routed)           1.404     2.820    pll.clk_pll/inst/clk_in1_clk_pll
    PLLE2_ADV_X0Y2       PLLE2_ADV (Prop_plle2_adv_CLKIN1_CLKOUT0)
                                                     -7.646    -4.825 r  pll.clk_pll/inst/plle2_adv_inst/CLKOUT0
                         net (fo=1, routed)           1.557    -3.269    pll.clk_pll/inst/cpu_clk_clk_pll
    BUFGCTRL_X0Y0        BUFG (Prop_bufg_I_O)         0.081    -3.188 r  pll.clk_pll/inst/clkout1_buf/O
                         net (fo=3305, routed)        1.520    -1.668    cpu/u_ls132r_core/u_execute/cpu_clk
    SLICE_X83Y86         FDRE                                         r  cpu/u_ls132r_core/u_execute/rs_op_r_reg[4]/C
  -------------------------------------------------------------------    -------------------
    SLICE_X83Y86         FDRE (Prop_fdre_C_Q)         0.379    -1.289 r  cpu/u_ls132r_core/u_execute/rs_op_r_reg[4]/Q
                         net (fo=83, routed)          1.051    -0.238    cpu/u_ls132r_core/u_execute/rs_op[4]
    SLICE_X84Y84         LUT6 (Prop_lut6_I1_O)        0.105    -0.133 f  cpu/u_ls132r_core/u_execute/reg_lo[31]_i_9/O
                         net (fo=190, routed)         0.521     0.388    cpu/u_ls132r_core/u_execute/rs_op_r_reg[5]_0
    SLICE_X86Y83         LUT3 (Prop_lut3_I0_O)        0.105     0.493 f  cpu/u_ls132r_core/u_execute/reg_hi[0]_i_5/O
                         net (fo=35, routed)          0.595     1.088    cpu/u_ls132r_core/u_execute/reg_hi[0]_i_5_n_0
    SLICE_X86Y80         LUT4 (Prop_lut4_I0_O)        0.105     1.193 f  cpu/u_ls132r_core/u_execute/reg_hi[0]_i_3/O
                         net (fo=64, routed)          0.464     1.657    cpu/u_ls132r_core/u_execute/reg_hi[0]_i_3_n_0
    SLICE_X86Y77         LUT2 (Prop_lut2_I1_O)        0.105     1.762 r  cpu/u_ls132r_core/u_execute/reg_hi[4]_i_5/O
                         net (fo=1, routed)           0.376     2.138    cpu/u_ls132r_core/u_execute/reg_hi[4]_i_5_n_0
    SLICE_X87Y77         CARRY4 (Prop_carry4_CYINIT_CO[3])
                                                      0.480     2.618 r  cpu/u_ls132r_core/u_execute/reg_hi_reg[4]_i_3/CO[3]
                         net (fo=1, routed)           0.000     2.618    cpu/u_ls132r_core/u_execute/reg_hi_reg[4]_i_3_n_0
    SLICE_X87Y78         CARRY4 (Prop_carry4_CI_CO[3])
                                                      0.098     2.716 r  cpu/u_ls132r_core/u_execute/reg_hi_reg[8]_i_3/CO[3]
                         net (fo=1, routed)           0.000     2.716    cpu/u_ls132r_core/u_execute/reg_hi_reg[8]_i_3_n_0
    SLICE_X87Y79         CARRY4 (Prop_carry4_CI_CO[3])
                                                      0.098     2.814 r  cpu/u_ls132r_core/u_execute/reg_hi_reg[12]_i_3/CO[3]
                         net (fo=1, routed)           0.000     2.814    cpu/u_ls132r_core/u_execute/reg_hi_reg[12]_i_3_n_0
    SLICE_X87Y80         CARRY4 (Prop_carry4_CI_CO[3])
                                                      0.098     2.912 r  cpu/u_ls132r_core/u_execute/reg_hi_reg[16]_i_3/CO[3]
                         net (fo=1, routed)           0.000     2.912    cpu/u_ls132r_core/u_execute/reg_hi_reg[16]_i_3_n_0
    SLICE_X87Y81         CARRY4 (Prop_carry4_CI_CO[3])
                                                      0.098     3.010 r  cpu/u_ls132r_core/u_execute/reg_hi_reg[20]_i_3/CO[3]
                         net (fo=1, routed)           0.000     3.010    cpu/u_ls132r_core/u_execute/reg_hi_reg[20]_i_3_n_0
    SLICE_X87Y82         CARRY4 (Prop_carry4_CI_O[3])
                                                      0.260     3.270 f  cpu/u_ls132r_core/u_execute/reg_hi_reg[24]_i_3/O[3]
                         net (fo=2, routed)           0.741     4.011    cpu/u_ls132r_core/u_execute/reg_hi_reg[24]_i_3_n_4
    SLICE_X86Y85         LUT3 (Prop_lut3_I0_O)        0.257     4.268 r  cpu/u_ls132r_core/u_execute/reg_lo[24]_i_3/O
                         net (fo=3, routed)           0.377     4.645    cpu/u_ls132r_core/u_execute/reg_lo[24]_i_3_n_0
    SLICE_X85Y85         LUT6 (Prop_lut6_I1_O)        0.105     4.750 r  cpu/u_ls132r_core/u_execute/cr_badvaddr[27]_i_13/O
                         net (fo=3, routed)           0.561     5.311    cpu/u_ls132r_core/u_execute/cr_badvaddr[27]_i_13_n_0
    SLICE_X83Y83         LUT2 (Prop_lut2_I1_O)        0.105     5.416 r  cpu/u_ls132r_core/u_execute/heap_18[25]_i_23/O
                         net (fo=1, routed)           0.000     5.416    cpu/u_ls132r_core/u_execute/heap_18[25]_i_23_n_0
    SLICE_X83Y83         CARRY4 (Prop_carry4_S[0]_CO[3])
                                                      0.440     5.856 r  cpu/u_ls132r_core/u_execute/heap_18_reg[25]_i_13/CO[3]
                         net (fo=1, routed)           0.000     5.856    cpu/u_ls132r_core/u_execute/heap_18_reg[25]_i_13_n_0
    SLICE_X83Y84         CARRY4 (Prop_carry4_CI_O[3])
                                                      0.260     6.116 r  cpu/u_ls132r_core/u_execute/heap_18_reg[31]_i_29/O[3]
                         net (fo=10, routed)          0.804     6.920    cpu/u_ls132r_core/u_execute/heap_18_reg[31]_i_29_n_4
    SLICE_X84Y88         LUT6 (Prop_lut6_I0_O)        0.257     7.177 f  cpu/u_ls132r_core/u_execute/cr_debug_DExcCode[2]_i_6/O
                         net (fo=4, routed)           0.394     7.572    cpu/u_ls132r_core/u_execute/cr_debug_DExcCode[2]_i_6_n_0
    SLICE_X84Y88         LUT5 (Prop_lut5_I4_O)        0.105     7.677 f  cpu/u_ls132r_core/u_execute/cr_debug_DExcCode[2]_i_2/O
                         net (fo=11, routed)          0.687     8.364    cpu/u_ls132r_core/u_execute/cr_debug_DExcCode[2]_i_2_n_0
    SLICE_X82Y89         LUT6 (Prop_lut6_I5_O)        0.105     8.469 r  cpu/u_ls132r_core/u_execute/rs_ex_r_i_3/O
                         net (fo=10, routed)          0.508     8.978    cpu/u_ls132r_core/u_execute/rs_ex_r_reg_2
    SLICE_X79Y92         LUT6 (Prop_lut6_I1_O)        0.105     9.083 r  cpu/u_ls132r_core/u_execute/inst_code_r[31]_i_3/O
                         net (fo=4, routed)           0.269     9.352    cpu/u_ls132r_core/u_fetch/inst_code_r_reg[0]_0
    SLICE_X79Y93         LUT6 (Prop_lut6_I1_O)        0.105     9.457 r  cpu/u_ls132r_core/u_fetch/inst_sel_isram_r_i_4/O
                         net (fo=4, routed)           0.486     9.943    cpu/u_ls132r_core/u_fetch/inst_sel_isram_r_i_4_n_0
    SLICE_X78Y97         LUT4 (Prop_lut4_I3_O)        0.105    10.048 r  cpu/u_ls132r_core/u_fetch/inst_sel_isram_r_i_1/O
                         net (fo=2, routed)           0.364    10.412    u_inst_sram_wrap/inst_ifc_bus[0]
    SLICE_X78Y100        LUT6 (Prop_lut6_I0_O)        0.105    10.517 r  u_inst_sram_wrap/ram_en_r_i_1/O
                         net (fo=18, routed)          0.878    11.395    inst_ram/U0/inst_blk_mem_gen/gnbram.gnativebmg.native_blk_mem_gen/valid.cstr/ramloop[128].ram.r/prim_init.ram/ena
    SLICE_X78Y120        LUT3 (Prop_lut3_I1_O)        0.105    11.500 r  inst_ram/U0/inst_blk_mem_gen/gnbram.gnativebmg.native_blk_mem_gen/valid.cstr/ramloop[128].ram.r/prim_init.ram/DEVICE_7SERIES.NO_BMM_INFO.SP.SIMPLE_PRIM36.ram_i_2__0/O
                         net (fo=16, routed)          1.412    12.912    inst_ram/U0/inst_blk_mem_gen/gnbram.gnativebmg.native_blk_mem_gen/valid.cstr/ramloop[158].ram.r/prim_init.ram/DEVICE_7SERIES.NO_BMM_INFO.SP.SIMPLE_PRIM36.ram_1
    SLICE_X59Y141        LUT5 (Prop_lut5_I4_O)        0.105    13.017 r  inst_ram/U0/inst_blk_mem_gen/gnbram.gnativebmg.native_blk_mem_gen/valid.cstr/ramloop[158].ram.r/prim_init.ram/DEVICE_7SERIES.NO_BMM_INFO.SP.SIMPLE_PRIM36.ram_i_1__15/O
                         net (fo=4, routed)           2.836    15.853    inst_ram/U0/inst_blk_mem_gen/gnbram.gnativebmg.native_blk_mem_gen/valid.cstr/ramloop[222].ram.r/prim_init.ram/DEVICE_7SERIES.NO_BMM_INFO.SP.SIMPLE_PRIM36.ram_1
    RAMB36_X1Y43         RAMB36E1                                     r  inst_ram/U0/inst_blk_mem_gen/gnbram.gnativebmg.native_blk_mem_gen/valid.cstr/ramloop[222].ram.r/prim_init.ram/DEVICE_7SERIES.NO_BMM_INFO.SP.SIMPLE_PRIM36.ram/ENARDEN
  -------------------------------------------------------------------    -------------------

                         (clock cpu_clk_clk_pll rise edge)
                                                     20.000    20.000 r  
    AC19                                              0.000    20.000 r  clk (IN)
                         net (fo=0)                   0.000    20.000    pll.clk_pll/inst/clk_in1
    AC19                 IBUF (Prop_ibuf_I_O)         1.350    21.350 r  pll.clk_pll/inst/clkin1_ibufg/O
                         net (fo=1, routed)           1.327    22.677    pll.clk_pll/inst/clk_in1_clk_pll
    PLLE2_ADV_X0Y2       PLLE2_ADV (Prop_plle2_adv_CLKIN1_CLKOUT0)
                                                     -6.905    15.771 r  pll.clk_pll/inst/plle2_adv_inst/CLKOUT0
                         net (fo=1, routed)           1.484    17.256    pll.clk_pll/inst/cpu_clk_clk_pll
    BUFGCTRL_X0Y0        BUFG (Prop_bufg_I_O)         0.077    17.333 r  pll.clk_pll/inst/clkout1_buf/O
                         net (fo=3305, routed)        1.571    18.904    inst_ram/U0/inst_blk_mem_gen/gnbram.gnativebmg.native_blk_mem_gen/valid.cstr/ramloop[222].ram.r/prim_init.ram/clka
    RAMB36_X1Y43         RAMB36E1                                     r  inst_ram/U0/inst_blk_mem_gen/gnbram.gnativebmg.native_blk_mem_gen/valid.cstr/ramloop[222].ram.r/prim_init.ram/DEVICE_7SERIES.NO_BMM_INFO.SP.SIMPLE_PRIM36.ram/CLKARDCLK
                         clock pessimism             -0.521    18.383    
                         clock uncertainty           -0.087    18.296    
    RAMB36_X1Y43         RAMB36E1 (Setup_ramb36e1_CLKARDCLK_ENARDEN)
                                                     -0.387    17.909    inst_ram/U0/inst_blk_mem_gen/gnbram.gnativebmg.native_blk_mem_gen/valid.cstr/ramloop[222].ram.r/prim_init.ram/DEVICE_7SERIES.NO_BMM_INFO.SP.SIMPLE_PRIM36.ram
  -------------------------------------------------------------------
                         required time                         17.909    
                         arrival time                         -15.853    
  -------------------------------------------------------------------
                         slack                                  2.056    

Slack (MET) :             2.061ns  (required time - arrival time)
  Source:                 cpu/u_ls132r_core/u_execute/rs_op_r_reg[4]/C
                            (rising edge-triggered cell FDRE clocked by cpu_clk_clk_pll  {rise@0.000ns fall@10.000ns period=20.000ns})
  Destination:            inst_ram/U0/inst_blk_mem_gen/gnbram.gnativebmg.native_blk_mem_gen/valid.cstr/ramloop[157].ram.r/prim_init.ram/DEVICE_7SERIES.NO_BMM_INFO.SP.SIMPLE_PRIM36.ram/ENARDEN
                            (rising edge-triggered cell RAMB36E1 clocked by cpu_clk_clk_pll  {rise@0.000ns fall@10.000ns period=20.000ns})
  Path Group:             cpu_clk_clk_pll
  Path Type:              Setup (Max at Slow Process Corner)
  Requirement:            20.000ns  (cpu_clk_clk_pll rise@20.000ns - cpu_clk_clk_pll rise@0.000ns)
  Data Path Delay:        17.342ns  (logic 4.195ns (24.190%)  route 13.147ns (75.810%))
  Logic Levels:           24  (CARRY4=8 LUT2=2 LUT3=3 LUT4=2 LUT5=2 LUT6=7)
  Clock Path Skew:        -0.123ns (DCD - SCD + CPR)
    Destination Clock Delay (DCD):    -1.270ns = ( 18.730 - 20.000 ) 
    Source Clock Delay      (SCD):    -1.668ns
    Clock Pessimism Removal (CPR):    -0.521ns
  Clock Uncertainty:      0.087ns  ((TSJ^2 + DJ^2)^1/2) / 2 + PE
    Total System Jitter     (TSJ):    0.071ns
    Discrete Jitter          (DJ):    0.159ns
    Phase Error              (PE):    0.000ns

    Location             Delay type                Incr(ns)  Path(ns)    Netlist Resource(s)
  -------------------------------------------------------------------    -------------------
                         (clock cpu_clk_clk_pll rise edge)
                                                      0.000     0.000 r  
    AC19                                              0.000     0.000 r  clk (IN)
                         net (fo=0)                   0.000     0.000    pll.clk_pll/inst/clk_in1
    AC19                 IBUF (Prop_ibuf_I_O)         1.416     1.416 r  pll.clk_pll/inst/clkin1_ibufg/O
                         net (fo=1, routed)           1.404     2.820    pll.clk_pll/inst/clk_in1_clk_pll
    PLLE2_ADV_X0Y2       PLLE2_ADV (Prop_plle2_adv_CLKIN1_CLKOUT0)
                                                     -7.646    -4.825 r  pll.clk_pll/inst/plle2_adv_inst/CLKOUT0
                         net (fo=1, routed)           1.557    -3.269    pll.clk_pll/inst/cpu_clk_clk_pll
    BUFGCTRL_X0Y0        BUFG (Prop_bufg_I_O)         0.081    -3.188 r  pll.clk_pll/inst/clkout1_buf/O
                         net (fo=3305, routed)        1.520    -1.668    cpu/u_ls132r_core/u_execute/cpu_clk
    SLICE_X83Y86         FDRE                                         r  cpu/u_ls132r_core/u_execute/rs_op_r_reg[4]/C
  -------------------------------------------------------------------    -------------------
    SLICE_X83Y86         FDRE (Prop_fdre_C_Q)         0.379    -1.289 r  cpu/u_ls132r_core/u_execute/rs_op_r_reg[4]/Q
                         net (fo=83, routed)          1.051    -0.238    cpu/u_ls132r_core/u_execute/rs_op[4]
    SLICE_X84Y84         LUT6 (Prop_lut6_I1_O)        0.105    -0.133 f  cpu/u_ls132r_core/u_execute/reg_lo[31]_i_9/O
                         net (fo=190, routed)         0.521     0.388    cpu/u_ls132r_core/u_execute/rs_op_r_reg[5]_0
    SLICE_X86Y83         LUT3 (Prop_lut3_I0_O)        0.105     0.493 f  cpu/u_ls132r_core/u_execute/reg_hi[0]_i_5/O
                         net (fo=35, routed)          0.595     1.088    cpu/u_ls132r_core/u_execute/reg_hi[0]_i_5_n_0
    SLICE_X86Y80         LUT4 (Prop_lut4_I0_O)        0.105     1.193 f  cpu/u_ls132r_core/u_execute/reg_hi[0]_i_3/O
                         net (fo=64, routed)          0.464     1.657    cpu/u_ls132r_core/u_execute/reg_hi[0]_i_3_n_0
    SLICE_X86Y77         LUT2 (Prop_lut2_I1_O)        0.105     1.762 r  cpu/u_ls132r_core/u_execute/reg_hi[4]_i_5/O
                         net (fo=1, routed)           0.376     2.138    cpu/u_ls132r_core/u_execute/reg_hi[4]_i_5_n_0
    SLICE_X87Y77         CARRY4 (Prop_carry4_CYINIT_CO[3])
                                                      0.480     2.618 r  cpu/u_ls132r_core/u_execute/reg_hi_reg[4]_i_3/CO[3]
                         net (fo=1, routed)           0.000     2.618    cpu/u_ls132r_core/u_execute/reg_hi_reg[4]_i_3_n_0
    SLICE_X87Y78         CARRY4 (Prop_carry4_CI_CO[3])
                                                      0.098     2.716 r  cpu/u_ls132r_core/u_execute/reg_hi_reg[8]_i_3/CO[3]
                         net (fo=1, routed)           0.000     2.716    cpu/u_ls132r_core/u_execute/reg_hi_reg[8]_i_3_n_0
    SLICE_X87Y79         CARRY4 (Prop_carry4_CI_CO[3])
                                                      0.098     2.814 r  cpu/u_ls132r_core/u_execute/reg_hi_reg[12]_i_3/CO[3]
                         net (fo=1, routed)           0.000     2.814    cpu/u_ls132r_core/u_execute/reg_hi_reg[12]_i_3_n_0
    SLICE_X87Y80         CARRY4 (Prop_carry4_CI_CO[3])
                                                      0.098     2.912 r  cpu/u_ls132r_core/u_execute/reg_hi_reg[16]_i_3/CO[3]
                         net (fo=1, routed)           0.000     2.912    cpu/u_ls132r_core/u_execute/reg_hi_reg[16]_i_3_n_0
    SLICE_X87Y81         CARRY4 (Prop_carry4_CI_CO[3])
                                                      0.098     3.010 r  cpu/u_ls132r_core/u_execute/reg_hi_reg[20]_i_3/CO[3]
                         net (fo=1, routed)           0.000     3.010    cpu/u_ls132r_core/u_execute/reg_hi_reg[20]_i_3_n_0
    SLICE_X87Y82         CARRY4 (Prop_carry4_CI_O[3])
                                                      0.260     3.270 f  cpu/u_ls132r_core/u_execute/reg_hi_reg[24]_i_3/O[3]
                         net (fo=2, routed)           0.741     4.011    cpu/u_ls132r_core/u_execute/reg_hi_reg[24]_i_3_n_4
    SLICE_X86Y85         LUT3 (Prop_lut3_I0_O)        0.257     4.268 r  cpu/u_ls132r_core/u_execute/reg_lo[24]_i_3/O
                         net (fo=3, routed)           0.377     4.645    cpu/u_ls132r_core/u_execute/reg_lo[24]_i_3_n_0
    SLICE_X85Y85         LUT6 (Prop_lut6_I1_O)        0.105     4.750 r  cpu/u_ls132r_core/u_execute/cr_badvaddr[27]_i_13/O
                         net (fo=3, routed)           0.561     5.311    cpu/u_ls132r_core/u_execute/cr_badvaddr[27]_i_13_n_0
    SLICE_X83Y83         LUT2 (Prop_lut2_I1_O)        0.105     5.416 r  cpu/u_ls132r_core/u_execute/heap_18[25]_i_23/O
                         net (fo=1, routed)           0.000     5.416    cpu/u_ls132r_core/u_execute/heap_18[25]_i_23_n_0
    SLICE_X83Y83         CARRY4 (Prop_carry4_S[0]_CO[3])
                                                      0.440     5.856 r  cpu/u_ls132r_core/u_execute/heap_18_reg[25]_i_13/CO[3]
                         net (fo=1, routed)           0.000     5.856    cpu/u_ls132r_core/u_execute/heap_18_reg[25]_i_13_n_0
    SLICE_X83Y84         CARRY4 (Prop_carry4_CI_O[3])
                                                      0.260     6.116 r  cpu/u_ls132r_core/u_execute/heap_18_reg[31]_i_29/O[3]
                         net (fo=10, routed)          0.804     6.920    cpu/u_ls132r_core/u_execute/heap_18_reg[31]_i_29_n_4
    SLICE_X84Y88         LUT6 (Prop_lut6_I0_O)        0.257     7.177 f  cpu/u_ls132r_core/u_execute/cr_debug_DExcCode[2]_i_6/O
                         net (fo=4, routed)           0.394     7.572    cpu/u_ls132r_core/u_execute/cr_debug_DExcCode[2]_i_6_n_0
    SLICE_X84Y88         LUT5 (Prop_lut5_I4_O)        0.105     7.677 f  cpu/u_ls132r_core/u_execute/cr_debug_DExcCode[2]_i_2/O
                         net (fo=11, routed)          0.687     8.364    cpu/u_ls132r_core/u_execute/cr_debug_DExcCode[2]_i_2_n_0
    SLICE_X82Y89         LUT6 (Prop_lut6_I5_O)        0.105     8.469 r  cpu/u_ls132r_core/u_execute/rs_ex_r_i_3/O
                         net (fo=10, routed)          0.508     8.978    cpu/u_ls132r_core/u_execute/rs_ex_r_reg_2
    SLICE_X79Y92         LUT6 (Prop_lut6_I1_O)        0.105     9.083 r  cpu/u_ls132r_core/u_execute/inst_code_r[31]_i_3/O
                         net (fo=4, routed)           0.269     9.352    cpu/u_ls132r_core/u_fetch/inst_code_r_reg[0]_0
    SLICE_X79Y93         LUT6 (Prop_lut6_I1_O)        0.105     9.457 r  cpu/u_ls132r_core/u_fetch/inst_sel_isram_r_i_4/O
                         net (fo=4, routed)           0.486     9.943    cpu/u_ls132r_core/u_fetch/inst_sel_isram_r_i_4_n_0
    SLICE_X78Y97         LUT4 (Prop_lut4_I3_O)        0.105    10.048 r  cpu/u_ls132r_core/u_fetch/inst_sel_isram_r_i_1/O
                         net (fo=2, routed)           0.364    10.412    u_inst_sram_wrap/inst_ifc_bus[0]
    SLICE_X78Y100        LUT6 (Prop_lut6_I0_O)        0.105    10.517 r  u_inst_sram_wrap/ram_en_r_i_1/O
                         net (fo=18, routed)          1.135    11.652    inst_ram/U0/inst_blk_mem_gen/gnbram.gnativebmg.native_blk_mem_gen/valid.cstr/ramloop[139].ram.r/prim_init.ram/ena
    SLICE_X74Y120        LUT3 (Prop_lut3_I1_O)        0.105    11.757 r  inst_ram/U0/inst_blk_mem_gen/gnbram.gnativebmg.native_blk_mem_gen/valid.cstr/ramloop[139].ram.r/prim_init.ram/DEVICE_7SERIES.NO_BMM_INFO.SP.SIMPLE_PRIM36.ram_i_2__2/O
                         net (fo=16, routed)          0.546    12.303    inst_ram/U0/inst_blk_mem_gen/gnbram.gnativebmg.native_blk_mem_gen/valid.cstr/ramloop[157].ram.r/prim_init.ram/DEVICE_7SERIES.NO_BMM_INFO.SP.SIMPLE_PRIM36.ram_1
    SLICE_X68Y121        LUT5 (Prop_lut5_I4_O)        0.105    12.408 r  inst_ram/U0/inst_blk_mem_gen/gnbram.gnativebmg.native_blk_mem_gen/valid.cstr/ramloop[157].ram.r/prim_init.ram/DEVICE_7SERIES.NO_BMM_INFO.SP.SIMPLE_PRIM36.ram_i_1__55/O
                         net (fo=4, routed)           3.266    15.674    inst_ram/U0/inst_blk_mem_gen/gnbram.gnativebmg.native_blk_mem_gen/valid.cstr/ramloop[157].ram.r/prim_init.ram/addra_14_sn_1
    RAMB36_X7Y37         RAMB36E1                                     r  inst_ram/U0/inst_blk_mem_gen/gnbram.gnativebmg.native_blk_mem_gen/valid.cstr/ramloop[157].ram.r/prim_init.ram/DEVICE_7SERIES.NO_BMM_INFO.SP.SIMPLE_PRIM36.ram/ENARDEN
  -------------------------------------------------------------------    -------------------

                         (clock cpu_clk_clk_pll rise edge)
                                                     20.000    20.000 r  
    AC19                                              0.000    20.000 r  clk (IN)
                         net (fo=0)                   0.000    20.000    pll.clk_pll/inst/clk_in1
    AC19                 IBUF (Prop_ibuf_I_O)         1.350    21.350 r  pll.clk_pll/inst/clkin1_ibufg/O
                         net (fo=1, routed)           1.327    22.677    pll.clk_pll/inst/clk_in1_clk_pll
    PLLE2_ADV_X0Y2       PLLE2_ADV (Prop_plle2_adv_CLKIN1_CLKOUT0)
                                                     -6.905    15.771 r  pll.clk_pll/inst/plle2_adv_inst/CLKOUT0
                         net (fo=1, routed)           1.484    17.256    pll.clk_pll/inst/cpu_clk_clk_pll
    BUFGCTRL_X0Y0        BUFG (Prop_bufg_I_O)         0.077    17.333 r  pll.clk_pll/inst/clkout1_buf/O
                         net (fo=3305, routed)        1.397    18.730    inst_ram/U0/inst_blk_mem_gen/gnbram.gnativebmg.native_blk_mem_gen/valid.cstr/ramloop[157].ram.r/prim_init.ram/clka
    RAMB36_X7Y37         RAMB36E1                                     r  inst_ram/U0/inst_blk_mem_gen/gnbram.gnativebmg.native_blk_mem_gen/valid.cstr/ramloop[157].ram.r/prim_init.ram/DEVICE_7SERIES.NO_BMM_INFO.SP.SIMPLE_PRIM36.ram/CLKARDCLK
                         clock pessimism             -0.521    18.209    
                         clock uncertainty           -0.087    18.122    
    RAMB36_X7Y37         RAMB36E1 (Setup_ramb36e1_CLKARDCLK_ENARDEN)
                                                     -0.387    17.735    inst_ram/U0/inst_blk_mem_gen/gnbram.gnativebmg.native_blk_mem_gen/valid.cstr/ramloop[157].ram.r/prim_init.ram/DEVICE_7SERIES.NO_BMM_INFO.SP.SIMPLE_PRIM36.ram
  -------------------------------------------------------------------
                         required time                         17.735    
                         arrival time                         -15.674    
  -------------------------------------------------------------------
                         slack                                  2.061    

Slack (MET) :             2.079ns  (required time - arrival time)
  Source:                 cpu/u_ls132r_core/u_execute/rs_op_r_reg[4]/C
                            (rising edge-triggered cell FDRE clocked by cpu_clk_clk_pll  {rise@0.000ns fall@10.000ns period=20.000ns})
  Destination:            inst_ram/U0/inst_blk_mem_gen/gnbram.gnativebmg.native_blk_mem_gen/valid.cstr/ramloop[215].ram.r/prim_init.ram/DEVICE_7SERIES.NO_BMM_INFO.SP.SIMPLE_PRIM36.ram/ENARDEN
                            (rising edge-triggered cell RAMB36E1 clocked by cpu_clk_clk_pll  {rise@0.000ns fall@10.000ns period=20.000ns})
  Path Group:             cpu_clk_clk_pll
  Path Type:              Setup (Max at Slow Process Corner)
  Requirement:            20.000ns  (cpu_clk_clk_pll rise@20.000ns - cpu_clk_clk_pll rise@0.000ns)
  Data Path Delay:        17.501ns  (logic 4.195ns (23.970%)  route 13.306ns (76.030%))
  Logic Levels:           24  (CARRY4=8 LUT2=2 LUT3=3 LUT4=2 LUT5=2 LUT6=7)
  Clock Path Skew:        0.055ns (DCD - SCD + CPR)
    Destination Clock Delay (DCD):    -1.092ns = ( 18.908 - 20.000 ) 
    Source Clock Delay      (SCD):    -1.668ns
    Clock Pessimism Removal (CPR):    -0.521ns
  Clock Uncertainty:      0.087ns  ((TSJ^2 + DJ^2)^1/2) / 2 + PE
    Total System Jitter     (TSJ):    0.071ns
    Discrete Jitter          (DJ):    0.159ns
    Phase Error              (PE):    0.000ns

    Location             Delay type                Incr(ns)  Path(ns)    Netlist Resource(s)
  -------------------------------------------------------------------    -------------------
                         (clock cpu_clk_clk_pll rise edge)
                                                      0.000     0.000 r  
    AC19                                              0.000     0.000 r  clk (IN)
                         net (fo=0)                   0.000     0.000    pll.clk_pll/inst/clk_in1
    AC19                 IBUF (Prop_ibuf_I_O)         1.416     1.416 r  pll.clk_pll/inst/clkin1_ibufg/O
                         net (fo=1, routed)           1.404     2.820    pll.clk_pll/inst/clk_in1_clk_pll
    PLLE2_ADV_X0Y2       PLLE2_ADV (Prop_plle2_adv_CLKIN1_CLKOUT0)
                                                     -7.646    -4.825 r  pll.clk_pll/inst/plle2_adv_inst/CLKOUT0
                         net (fo=1, routed)           1.557    -3.269    pll.clk_pll/inst/cpu_clk_clk_pll
    BUFGCTRL_X0Y0        BUFG (Prop_bufg_I_O)         0.081    -3.188 r  pll.clk_pll/inst/clkout1_buf/O
                         net (fo=3305, routed)        1.520    -1.668    cpu/u_ls132r_core/u_execute/cpu_clk
    SLICE_X83Y86         FDRE                                         r  cpu/u_ls132r_core/u_execute/rs_op_r_reg[4]/C
  -------------------------------------------------------------------    -------------------
    SLICE_X83Y86         FDRE (Prop_fdre_C_Q)         0.379    -1.289 r  cpu/u_ls132r_core/u_execute/rs_op_r_reg[4]/Q
                         net (fo=83, routed)          1.051    -0.238    cpu/u_ls132r_core/u_execute/rs_op[4]
    SLICE_X84Y84         LUT6 (Prop_lut6_I1_O)        0.105    -0.133 f  cpu/u_ls132r_core/u_execute/reg_lo[31]_i_9/O
                         net (fo=190, routed)         0.521     0.388    cpu/u_ls132r_core/u_execute/rs_op_r_reg[5]_0
    SLICE_X86Y83         LUT3 (Prop_lut3_I0_O)        0.105     0.493 f  cpu/u_ls132r_core/u_execute/reg_hi[0]_i_5/O
                         net (fo=35, routed)          0.595     1.088    cpu/u_ls132r_core/u_execute/reg_hi[0]_i_5_n_0
    SLICE_X86Y80         LUT4 (Prop_lut4_I0_O)        0.105     1.193 f  cpu/u_ls132r_core/u_execute/reg_hi[0]_i_3/O
                         net (fo=64, routed)          0.464     1.657    cpu/u_ls132r_core/u_execute/reg_hi[0]_i_3_n_0
    SLICE_X86Y77         LUT2 (Prop_lut2_I1_O)        0.105     1.762 r  cpu/u_ls132r_core/u_execute/reg_hi[4]_i_5/O
                         net (fo=1, routed)           0.376     2.138    cpu/u_ls132r_core/u_execute/reg_hi[4]_i_5_n_0
    SLICE_X87Y77         CARRY4 (Prop_carry4_CYINIT_CO[3])
                                                      0.480     2.618 r  cpu/u_ls132r_core/u_execute/reg_hi_reg[4]_i_3/CO[3]
                         net (fo=1, routed)           0.000     2.618    cpu/u_ls132r_core/u_execute/reg_hi_reg[4]_i_3_n_0
    SLICE_X87Y78         CARRY4 (Prop_carry4_CI_CO[3])
                                                      0.098     2.716 r  cpu/u_ls132r_core/u_execute/reg_hi_reg[8]_i_3/CO[3]
                         net (fo=1, routed)           0.000     2.716    cpu/u_ls132r_core/u_execute/reg_hi_reg[8]_i_3_n_0
    SLICE_X87Y79         CARRY4 (Prop_carry4_CI_CO[3])
                                                      0.098     2.814 r  cpu/u_ls132r_core/u_execute/reg_hi_reg[12]_i_3/CO[3]
                         net (fo=1, routed)           0.000     2.814    cpu/u_ls132r_core/u_execute/reg_hi_reg[12]_i_3_n_0
    SLICE_X87Y80         CARRY4 (Prop_carry4_CI_CO[3])
                                                      0.098     2.912 r  cpu/u_ls132r_core/u_execute/reg_hi_reg[16]_i_3/CO[3]
                         net (fo=1, routed)           0.000     2.912    cpu/u_ls132r_core/u_execute/reg_hi_reg[16]_i_3_n_0
    SLICE_X87Y81         CARRY4 (Prop_carry4_CI_CO[3])
                                                      0.098     3.010 r  cpu/u_ls132r_core/u_execute/reg_hi_reg[20]_i_3/CO[3]
                         net (fo=1, routed)           0.000     3.010    cpu/u_ls132r_core/u_execute/reg_hi_reg[20]_i_3_n_0
    SLICE_X87Y82         CARRY4 (Prop_carry4_CI_O[3])
                                                      0.260     3.270 f  cpu/u_ls132r_core/u_execute/reg_hi_reg[24]_i_3/O[3]
                         net (fo=2, routed)           0.741     4.011    cpu/u_ls132r_core/u_execute/reg_hi_reg[24]_i_3_n_4
    SLICE_X86Y85         LUT3 (Prop_lut3_I0_O)        0.257     4.268 r  cpu/u_ls132r_core/u_execute/reg_lo[24]_i_3/O
                         net (fo=3, routed)           0.377     4.645    cpu/u_ls132r_core/u_execute/reg_lo[24]_i_3_n_0
    SLICE_X85Y85         LUT6 (Prop_lut6_I1_O)        0.105     4.750 r  cpu/u_ls132r_core/u_execute/cr_badvaddr[27]_i_13/O
                         net (fo=3, routed)           0.561     5.311    cpu/u_ls132r_core/u_execute/cr_badvaddr[27]_i_13_n_0
    SLICE_X83Y83         LUT2 (Prop_lut2_I1_O)        0.105     5.416 r  cpu/u_ls132r_core/u_execute/heap_18[25]_i_23/O
                         net (fo=1, routed)           0.000     5.416    cpu/u_ls132r_core/u_execute/heap_18[25]_i_23_n_0
    SLICE_X83Y83         CARRY4 (Prop_carry4_S[0]_CO[3])
                                                      0.440     5.856 r  cpu/u_ls132r_core/u_execute/heap_18_reg[25]_i_13/CO[3]
                         net (fo=1, routed)           0.000     5.856    cpu/u_ls132r_core/u_execute/heap_18_reg[25]_i_13_n_0
    SLICE_X83Y84         CARRY4 (Prop_carry4_CI_O[3])
                                                      0.260     6.116 r  cpu/u_ls132r_core/u_execute/heap_18_reg[31]_i_29/O[3]
                         net (fo=10, routed)          0.804     6.920    cpu/u_ls132r_core/u_execute/heap_18_reg[31]_i_29_n_4
    SLICE_X84Y88         LUT6 (Prop_lut6_I0_O)        0.257     7.177 f  cpu/u_ls132r_core/u_execute/cr_debug_DExcCode[2]_i_6/O
                         net (fo=4, routed)           0.394     7.572    cpu/u_ls132r_core/u_execute/cr_debug_DExcCode[2]_i_6_n_0
    SLICE_X84Y88         LUT5 (Prop_lut5_I4_O)        0.105     7.677 f  cpu/u_ls132r_core/u_execute/cr_debug_DExcCode[2]_i_2/O
                         net (fo=11, routed)          0.687     8.364    cpu/u_ls132r_core/u_execute/cr_debug_DExcCode[2]_i_2_n_0
    SLICE_X82Y89         LUT6 (Prop_lut6_I5_O)        0.105     8.469 r  cpu/u_ls132r_core/u_execute/rs_ex_r_i_3/O
                         net (fo=10, routed)          0.508     8.978    cpu/u_ls132r_core/u_execute/rs_ex_r_reg_2
    SLICE_X79Y92         LUT6 (Prop_lut6_I1_O)        0.105     9.083 r  cpu/u_ls132r_core/u_execute/inst_code_r[31]_i_3/O
                         net (fo=4, routed)           0.269     9.352    cpu/u_ls132r_core/u_fetch/inst_code_r_reg[0]_0
    SLICE_X79Y93         LUT6 (Prop_lut6_I1_O)        0.105     9.457 r  cpu/u_ls132r_core/u_fetch/inst_sel_isram_r_i_4/O
                         net (fo=4, routed)           0.486     9.943    cpu/u_ls132r_core/u_fetch/inst_sel_isram_r_i_4_n_0
    SLICE_X78Y97         LUT4 (Prop_lut4_I3_O)        0.105    10.048 r  cpu/u_ls132r_core/u_fetch/inst_sel_isram_r_i_1/O
                         net (fo=2, routed)           0.364    10.412    u_inst_sram_wrap/inst_ifc_bus[0]
    SLICE_X78Y100        LUT6 (Prop_lut6_I0_O)        0.105    10.517 r  u_inst_sram_wrap/ram_en_r_i_1/O
                         net (fo=18, routed)          1.135    11.652    inst_ram/U0/inst_blk_mem_gen/gnbram.gnativebmg.native_blk_mem_gen/valid.cstr/ramloop[139].ram.r/prim_init.ram/ena
    SLICE_X74Y120        LUT3 (Prop_lut3_I1_O)        0.105    11.757 r  inst_ram/U0/inst_blk_mem_gen/gnbram.gnativebmg.native_blk_mem_gen/valid.cstr/ramloop[139].ram.r/prim_init.ram/DEVICE_7SERIES.NO_BMM_INFO.SP.SIMPLE_PRIM36.ram_i_2__2/O
                         net (fo=16, routed)          0.533    12.290    inst_ram/U0/inst_blk_mem_gen/gnbram.gnativebmg.native_blk_mem_gen/valid.cstr/ramloop[151].ram.r/prim_init.ram/DEVICE_7SERIES.NO_BMM_INFO.SP.SIMPLE_PRIM36.ram_1
    SLICE_X73Y121        LUT5 (Prop_lut5_I4_O)        0.105    12.395 r  inst_ram/U0/inst_blk_mem_gen/gnbram.gnativebmg.native_blk_mem_gen/valid.cstr/ramloop[151].ram.r/prim_init.ram/DEVICE_7SERIES.NO_BMM_INFO.SP.SIMPLE_PRIM36.ram_i_1__57/O
                         net (fo=4, routed)           3.438    15.833    inst_ram/U0/inst_blk_mem_gen/gnbram.gnativebmg.native_blk_mem_gen/valid.cstr/ramloop[215].ram.r/prim_init.ram/DEVICE_7SERIES.NO_BMM_INFO.SP.SIMPLE_PRIM36.ram_1
    RAMB36_X1Y42         RAMB36E1                                     r  inst_ram/U0/inst_blk_mem_gen/gnbram.gnativebmg.native_blk_mem_gen/valid.cstr/ramloop[215].ram.r/prim_init.ram/DEVICE_7SERIES.NO_BMM_INFO.SP.SIMPLE_PRIM36.ram/ENARDEN
  -------------------------------------------------------------------    -------------------

                         (clock cpu_clk_clk_pll rise edge)
                                                     20.000    20.000 r  
    AC19                                              0.000    20.000 r  clk (IN)
                         net (fo=0)                   0.000    20.000    pll.clk_pll/inst/clk_in1
    AC19                 IBUF (Prop_ibuf_I_O)         1.350    21.350 r  pll.clk_pll/inst/clkin1_ibufg/O
                         net (fo=1, routed)           1.327    22.677    pll.clk_pll/inst/clk_in1_clk_pll
    PLLE2_ADV_X0Y2       PLLE2_ADV (Prop_plle2_adv_CLKIN1_CLKOUT0)
                                                     -6.905    15.771 r  pll.clk_pll/inst/plle2_adv_inst/CLKOUT0
                         net (fo=1, routed)           1.484    17.256    pll.clk_pll/inst/cpu_clk_clk_pll
    BUFGCTRL_X0Y0        BUFG (Prop_bufg_I_O)         0.077    17.333 r  pll.clk_pll/inst/clkout1_buf/O
                         net (fo=3305, routed)        1.575    18.908    inst_ram/U0/inst_blk_mem_gen/gnbram.gnativebmg.native_blk_mem_gen/valid.cstr/ramloop[215].ram.r/prim_init.ram/clka
    RAMB36_X1Y42         RAMB36E1                                     r  inst_ram/U0/inst_blk_mem_gen/gnbram.gnativebmg.native_blk_mem_gen/valid.cstr/ramloop[215].ram.r/prim_init.ram/DEVICE_7SERIES.NO_BMM_INFO.SP.SIMPLE_PRIM36.ram/CLKARDCLK
                         clock pessimism             -0.521    18.387    
                         clock uncertainty           -0.087    18.300    
    RAMB36_X1Y42         RAMB36E1 (Setup_ramb36e1_CLKARDCLK_ENARDEN)
                                                     -0.387    17.913    inst_ram/U0/inst_blk_mem_gen/gnbram.gnativebmg.native_blk_mem_gen/valid.cstr/ramloop[215].ram.r/prim_init.ram/DEVICE_7SERIES.NO_BMM_INFO.SP.SIMPLE_PRIM36.ram
  -------------------------------------------------------------------
                         required time                         17.913    
                         arrival time                         -15.833    
  -------------------------------------------------------------------
                         slack                                  2.079    

Slack (MET) :             2.169ns  (required time - arrival time)
  Source:                 cpu/u_ls132r_core/u_execute/rs_op_r_reg[4]/C
                            (rising edge-triggered cell FDRE clocked by cpu_clk_clk_pll  {rise@0.000ns fall@10.000ns period=20.000ns})
  Destination:            inst_ram/U0/inst_blk_mem_gen/gnbram.gnativebmg.native_blk_mem_gen/valid.cstr/ramloop[221].ram.r/prim_init.ram/DEVICE_7SERIES.NO_BMM_INFO.SP.SIMPLE_PRIM36.ram/ENARDEN
                            (rising edge-triggered cell RAMB36E1 clocked by cpu_clk_clk_pll  {rise@0.000ns fall@10.000ns period=20.000ns})
  Path Group:             cpu_clk_clk_pll
  Path Type:              Setup (Max at Slow Process Corner)
  Requirement:            20.000ns  (cpu_clk_clk_pll rise@20.000ns - cpu_clk_clk_pll rise@0.000ns)
  Data Path Delay:        17.419ns  (logic 4.195ns (24.083%)  route 13.224ns (75.917%))
  Logic Levels:           24  (CARRY4=8 LUT2=2 LUT3=3 LUT4=2 LUT5=2 LUT6=7)
  Clock Path Skew:        0.062ns (DCD - SCD + CPR)
    Destination Clock Delay (DCD):    -1.085ns = ( 18.915 - 20.000 ) 
    Source Clock Delay      (SCD):    -1.668ns
    Clock Pessimism Removal (CPR):    -0.521ns
  Clock Uncertainty:      0.087ns  ((TSJ^2 + DJ^2)^1/2) / 2 + PE
    Total System Jitter     (TSJ):    0.071ns
    Discrete Jitter          (DJ):    0.159ns
    Phase Error              (PE):    0.000ns

    Location             Delay type                Incr(ns)  Path(ns)    Netlist Resource(s)
  -------------------------------------------------------------------    -------------------
                         (clock cpu_clk_clk_pll rise edge)
                                                      0.000     0.000 r  
    AC19                                              0.000     0.000 r  clk (IN)
                         net (fo=0)                   0.000     0.000    pll.clk_pll/inst/clk_in1
    AC19                 IBUF (Prop_ibuf_I_O)         1.416     1.416 r  pll.clk_pll/inst/clkin1_ibufg/O
                         net (fo=1, routed)           1.404     2.820    pll.clk_pll/inst/clk_in1_clk_pll
    PLLE2_ADV_X0Y2       PLLE2_ADV (Prop_plle2_adv_CLKIN1_CLKOUT0)
                                                     -7.646    -4.825 r  pll.clk_pll/inst/plle2_adv_inst/CLKOUT0
                         net (fo=1, routed)           1.557    -3.269    pll.clk_pll/inst/cpu_clk_clk_pll
    BUFGCTRL_X0Y0        BUFG (Prop_bufg_I_O)         0.081    -3.188 r  pll.clk_pll/inst/clkout1_buf/O
                         net (fo=3305, routed)        1.520    -1.668    cpu/u_ls132r_core/u_execute/cpu_clk
    SLICE_X83Y86         FDRE                                         r  cpu/u_ls132r_core/u_execute/rs_op_r_reg[4]/C
  -------------------------------------------------------------------    -------------------
    SLICE_X83Y86         FDRE (Prop_fdre_C_Q)         0.379    -1.289 r  cpu/u_ls132r_core/u_execute/rs_op_r_reg[4]/Q
                         net (fo=83, routed)          1.051    -0.238    cpu/u_ls132r_core/u_execute/rs_op[4]
    SLICE_X84Y84         LUT6 (Prop_lut6_I1_O)        0.105    -0.133 f  cpu/u_ls132r_core/u_execute/reg_lo[31]_i_9/O
                         net (fo=190, routed)         0.521     0.388    cpu/u_ls132r_core/u_execute/rs_op_r_reg[5]_0
    SLICE_X86Y83         LUT3 (Prop_lut3_I0_O)        0.105     0.493 f  cpu/u_ls132r_core/u_execute/reg_hi[0]_i_5/O
                         net (fo=35, routed)          0.595     1.088    cpu/u_ls132r_core/u_execute/reg_hi[0]_i_5_n_0
    SLICE_X86Y80         LUT4 (Prop_lut4_I0_O)        0.105     1.193 f  cpu/u_ls132r_core/u_execute/reg_hi[0]_i_3/O
                         net (fo=64, routed)          0.464     1.657    cpu/u_ls132r_core/u_execute/reg_hi[0]_i_3_n_0
    SLICE_X86Y77         LUT2 (Prop_lut2_I1_O)        0.105     1.762 r  cpu/u_ls132r_core/u_execute/reg_hi[4]_i_5/O
                         net (fo=1, routed)           0.376     2.138    cpu/u_ls132r_core/u_execute/reg_hi[4]_i_5_n_0
    SLICE_X87Y77         CARRY4 (Prop_carry4_CYINIT_CO[3])
                                                      0.480     2.618 r  cpu/u_ls132r_core/u_execute/reg_hi_reg[4]_i_3/CO[3]
                         net (fo=1, routed)           0.000     2.618    cpu/u_ls132r_core/u_execute/reg_hi_reg[4]_i_3_n_0
    SLICE_X87Y78         CARRY4 (Prop_carry4_CI_CO[3])
                                                      0.098     2.716 r  cpu/u_ls132r_core/u_execute/reg_hi_reg[8]_i_3/CO[3]
                         net (fo=1, routed)           0.000     2.716    cpu/u_ls132r_core/u_execute/reg_hi_reg[8]_i_3_n_0
    SLICE_X87Y79         CARRY4 (Prop_carry4_CI_CO[3])
                                                      0.098     2.814 r  cpu/u_ls132r_core/u_execute/reg_hi_reg[12]_i_3/CO[3]
                         net (fo=1, routed)           0.000     2.814    cpu/u_ls132r_core/u_execute/reg_hi_reg[12]_i_3_n_0
    SLICE_X87Y80         CARRY4 (Prop_carry4_CI_CO[3])
                                                      0.098     2.912 r  cpu/u_ls132r_core/u_execute/reg_hi_reg[16]_i_3/CO[3]
                         net (fo=1, routed)           0.000     2.912    cpu/u_ls132r_core/u_execute/reg_hi_reg[16]_i_3_n_0
    SLICE_X87Y81         CARRY4 (Prop_carry4_CI_CO[3])
                                                      0.098     3.010 r  cpu/u_ls132r_core/u_execute/reg_hi_reg[20]_i_3/CO[3]
                         net (fo=1, routed)           0.000     3.010    cpu/u_ls132r_core/u_execute/reg_hi_reg[20]_i_3_n_0
    SLICE_X87Y82         CARRY4 (Prop_carry4_CI_O[3])
                                                      0.260     3.270 f  cpu/u_ls132r_core/u_execute/reg_hi_reg[24]_i_3/O[3]
                         net (fo=2, routed)           0.741     4.011    cpu/u_ls132r_core/u_execute/reg_hi_reg[24]_i_3_n_4
    SLICE_X86Y85         LUT3 (Prop_lut3_I0_O)        0.257     4.268 r  cpu/u_ls132r_core/u_execute/reg_lo[24]_i_3/O
                         net (fo=3, routed)           0.377     4.645    cpu/u_ls132r_core/u_execute/reg_lo[24]_i_3_n_0
    SLICE_X85Y85         LUT6 (Prop_lut6_I1_O)        0.105     4.750 r  cpu/u_ls132r_core/u_execute/cr_badvaddr[27]_i_13/O
                         net (fo=3, routed)           0.561     5.311    cpu/u_ls132r_core/u_execute/cr_badvaddr[27]_i_13_n_0
    SLICE_X83Y83         LUT2 (Prop_lut2_I1_O)        0.105     5.416 r  cpu/u_ls132r_core/u_execute/heap_18[25]_i_23/O
                         net (fo=1, routed)           0.000     5.416    cpu/u_ls132r_core/u_execute/heap_18[25]_i_23_n_0
    SLICE_X83Y83         CARRY4 (Prop_carry4_S[0]_CO[3])
                                                      0.440     5.856 r  cpu/u_ls132r_core/u_execute/heap_18_reg[25]_i_13/CO[3]
                         net (fo=1, routed)           0.000     5.856    cpu/u_ls132r_core/u_execute/heap_18_reg[25]_i_13_n_0
    SLICE_X83Y84         CARRY4 (Prop_carry4_CI_O[3])
                                                      0.260     6.116 r  cpu/u_ls132r_core/u_execute/heap_18_reg[31]_i_29/O[3]
                         net (fo=10, routed)          0.804     6.920    cpu/u_ls132r_core/u_execute/heap_18_reg[31]_i_29_n_4
    SLICE_X84Y88         LUT6 (Prop_lut6_I0_O)        0.257     7.177 f  cpu/u_ls132r_core/u_execute/cr_debug_DExcCode[2]_i_6/O
                         net (fo=4, routed)           0.394     7.572    cpu/u_ls132r_core/u_execute/cr_debug_DExcCode[2]_i_6_n_0
    SLICE_X84Y88         LUT5 (Prop_lut5_I4_O)        0.105     7.677 f  cpu/u_ls132r_core/u_execute/cr_debug_DExcCode[2]_i_2/O
                         net (fo=11, routed)          0.687     8.364    cpu/u_ls132r_core/u_execute/cr_debug_DExcCode[2]_i_2_n_0
    SLICE_X82Y89         LUT6 (Prop_lut6_I5_O)        0.105     8.469 r  cpu/u_ls132r_core/u_execute/rs_ex_r_i_3/O
                         net (fo=10, routed)          0.508     8.978    cpu/u_ls132r_core/u_execute/rs_ex_r_reg_2
    SLICE_X79Y92         LUT6 (Prop_lut6_I1_O)        0.105     9.083 r  cpu/u_ls132r_core/u_execute/inst_code_r[31]_i_3/O
                         net (fo=4, routed)           0.269     9.352    cpu/u_ls132r_core/u_fetch/inst_code_r_reg[0]_0
    SLICE_X79Y93         LUT6 (Prop_lut6_I1_O)        0.105     9.457 r  cpu/u_ls132r_core/u_fetch/inst_sel_isram_r_i_4/O
                         net (fo=4, routed)           0.486     9.943    cpu/u_ls132r_core/u_fetch/inst_sel_isram_r_i_4_n_0
    SLICE_X78Y97         LUT4 (Prop_lut4_I3_O)        0.105    10.048 r  cpu/u_ls132r_core/u_fetch/inst_sel_isram_r_i_1/O
                         net (fo=2, routed)           0.364    10.412    u_inst_sram_wrap/inst_ifc_bus[0]
    SLICE_X78Y100        LUT6 (Prop_lut6_I0_O)        0.105    10.517 r  u_inst_sram_wrap/ram_en_r_i_1/O
                         net (fo=18, routed)          1.135    11.652    inst_ram/U0/inst_blk_mem_gen/gnbram.gnativebmg.native_blk_mem_gen/valid.cstr/ramloop[139].ram.r/prim_init.ram/ena
    SLICE_X74Y120        LUT3 (Prop_lut3_I1_O)        0.105    11.757 r  inst_ram/U0/inst_blk_mem_gen/gnbram.gnativebmg.native_blk_mem_gen/valid.cstr/ramloop[139].ram.r/prim_init.ram/DEVICE_7SERIES.NO_BMM_INFO.SP.SIMPLE_PRIM36.ram_i_2__2/O
                         net (fo=16, routed)          0.546    12.303    inst_ram/U0/inst_blk_mem_gen/gnbram.gnativebmg.native_blk_mem_gen/valid.cstr/ramloop[157].ram.r/prim_init.ram/DEVICE_7SERIES.NO_BMM_INFO.SP.SIMPLE_PRIM36.ram_1
    SLICE_X68Y121        LUT5 (Prop_lut5_I4_O)        0.105    12.408 r  inst_ram/U0/inst_blk_mem_gen/gnbram.gnativebmg.native_blk_mem_gen/valid.cstr/ramloop[157].ram.r/prim_init.ram/DEVICE_7SERIES.NO_BMM_INFO.SP.SIMPLE_PRIM36.ram_i_1__55/O
                         net (fo=4, routed)           3.343    15.751    inst_ram/U0/inst_blk_mem_gen/gnbram.gnativebmg.native_blk_mem_gen/valid.cstr/ramloop[221].ram.r/prim_init.ram/DEVICE_7SERIES.NO_BMM_INFO.SP.SIMPLE_PRIM36.ram_1
    RAMB36_X0Y40         RAMB36E1                                     r  inst_ram/U0/inst_blk_mem_gen/gnbram.gnativebmg.native_blk_mem_gen/valid.cstr/ramloop[221].ram.r/prim_init.ram/DEVICE_7SERIES.NO_BMM_INFO.SP.SIMPLE_PRIM36.ram/ENARDEN
  -------------------------------------------------------------------    -------------------

                         (clock cpu_clk_clk_pll rise edge)
                                                     20.000    20.000 r  
    AC19                                              0.000    20.000 r  clk (IN)
                         net (fo=0)                   0.000    20.000    pll.clk_pll/inst/clk_in1
    AC19                 IBUF (Prop_ibuf_I_O)         1.350    21.350 r  pll.clk_pll/inst/clkin1_ibufg/O
                         net (fo=1, routed)           1.327    22.677    pll.clk_pll/inst/clk_in1_clk_pll
    PLLE2_ADV_X0Y2       PLLE2_ADV (Prop_plle2_adv_CLKIN1_CLKOUT0)
                                                     -6.905    15.771 r  pll.clk_pll/inst/plle2_adv_inst/CLKOUT0
                         net (fo=1, routed)           1.484    17.256    pll.clk_pll/inst/cpu_clk_clk_pll
    BUFGCTRL_X0Y0        BUFG (Prop_bufg_I_O)         0.077    17.333 r  pll.clk_pll/inst/clkout1_buf/O
                         net (fo=3305, routed)        1.582    18.915    inst_ram/U0/inst_blk_mem_gen/gnbram.gnativebmg.native_blk_mem_gen/valid.cstr/ramloop[221].ram.r/prim_init.ram/clka
    RAMB36_X0Y40         RAMB36E1                                     r  inst_ram/U0/inst_blk_mem_gen/gnbram.gnativebmg.native_blk_mem_gen/valid.cstr/ramloop[221].ram.r/prim_init.ram/DEVICE_7SERIES.NO_BMM_INFO.SP.SIMPLE_PRIM36.ram/CLKARDCLK
                         clock pessimism             -0.521    18.394    
                         clock uncertainty           -0.087    18.307    
    RAMB36_X0Y40         RAMB36E1 (Setup_ramb36e1_CLKARDCLK_ENARDEN)
                                                     -0.387    17.920    inst_ram/U0/inst_blk_mem_gen/gnbram.gnativebmg.native_blk_mem_gen/valid.cstr/ramloop[221].ram.r/prim_init.ram/DEVICE_7SERIES.NO_BMM_INFO.SP.SIMPLE_PRIM36.ram
  -------------------------------------------------------------------
                         required time                         17.920    
                         arrival time                         -15.751    
  -------------------------------------------------------------------
                         slack                                  2.169    

Slack (MET) :             2.177ns  (required time - arrival time)
  Source:                 cpu/u_ls132r_core/u_execute/rs_op_r_reg[4]/C
                            (rising edge-triggered cell FDRE clocked by cpu_clk_clk_pll  {rise@0.000ns fall@10.000ns period=20.000ns})
  Destination:            inst_ram/U0/inst_blk_mem_gen/gnbram.gnativebmg.native_blk_mem_gen/valid.cstr/ramloop[198].ram.r/prim_init.ram/DEVICE_7SERIES.NO_BMM_INFO.SP.SIMPLE_PRIM36.ram/ENARDEN
                            (rising edge-triggered cell RAMB36E1 clocked by cpu_clk_clk_pll  {rise@0.000ns fall@10.000ns period=20.000ns})
  Path Group:             cpu_clk_clk_pll
  Path Type:              Setup (Max at Slow Process Corner)
  Requirement:            20.000ns  (cpu_clk_clk_pll rise@20.000ns - cpu_clk_clk_pll rise@0.000ns)
  Data Path Delay:        17.399ns  (logic 4.195ns (24.111%)  route 13.204ns (75.889%))
  Logic Levels:           24  (CARRY4=8 LUT2=2 LUT3=3 LUT4=2 LUT5=2 LUT6=7)
  Clock Path Skew:        0.050ns (DCD - SCD + CPR)
    Destination Clock Delay (DCD):    -1.097ns = ( 18.903 - 20.000 ) 
    Source Clock Delay      (SCD):    -1.668ns
    Clock Pessimism Removal (CPR):    -0.521ns
  Clock Uncertainty:      0.087ns  ((TSJ^2 + DJ^2)^1/2) / 2 + PE
    Total System Jitter     (TSJ):    0.071ns
    Discrete Jitter          (DJ):    0.159ns
    Phase Error              (PE):    0.000ns

    Location             Delay type                Incr(ns)  Path(ns)    Netlist Resource(s)
  -------------------------------------------------------------------    -------------------
                         (clock cpu_clk_clk_pll rise edge)
                                                      0.000     0.000 r  
    AC19                                              0.000     0.000 r  clk (IN)
                         net (fo=0)                   0.000     0.000    pll.clk_pll/inst/clk_in1
    AC19                 IBUF (Prop_ibuf_I_O)         1.416     1.416 r  pll.clk_pll/inst/clkin1_ibufg/O
                         net (fo=1, routed)           1.404     2.820    pll.clk_pll/inst/clk_in1_clk_pll
    PLLE2_ADV_X0Y2       PLLE2_ADV (Prop_plle2_adv_CLKIN1_CLKOUT0)
                                                     -7.646    -4.825 r  pll.clk_pll/inst/plle2_adv_inst/CLKOUT0
                         net (fo=1, routed)           1.557    -3.269    pll.clk_pll/inst/cpu_clk_clk_pll
    BUFGCTRL_X0Y0        BUFG (Prop_bufg_I_O)         0.081    -3.188 r  pll.clk_pll/inst/clkout1_buf/O
                         net (fo=3305, routed)        1.520    -1.668    cpu/u_ls132r_core/u_execute/cpu_clk
    SLICE_X83Y86         FDRE                                         r  cpu/u_ls132r_core/u_execute/rs_op_r_reg[4]/C
  -------------------------------------------------------------------    -------------------
    SLICE_X83Y86         FDRE (Prop_fdre_C_Q)         0.379    -1.289 r  cpu/u_ls132r_core/u_execute/rs_op_r_reg[4]/Q
                         net (fo=83, routed)          1.051    -0.238    cpu/u_ls132r_core/u_execute/rs_op[4]
    SLICE_X84Y84         LUT6 (Prop_lut6_I1_O)        0.105    -0.133 f  cpu/u_ls132r_core/u_execute/reg_lo[31]_i_9/O
                         net (fo=190, routed)         0.521     0.388    cpu/u_ls132r_core/u_execute/rs_op_r_reg[5]_0
    SLICE_X86Y83         LUT3 (Prop_lut3_I0_O)        0.105     0.493 f  cpu/u_ls132r_core/u_execute/reg_hi[0]_i_5/O
                         net (fo=35, routed)          0.595     1.088    cpu/u_ls132r_core/u_execute/reg_hi[0]_i_5_n_0
    SLICE_X86Y80         LUT4 (Prop_lut4_I0_O)        0.105     1.193 f  cpu/u_ls132r_core/u_execute/reg_hi[0]_i_3/O
                         net (fo=64, routed)          0.464     1.657    cpu/u_ls132r_core/u_execute/reg_hi[0]_i_3_n_0
    SLICE_X86Y77         LUT2 (Prop_lut2_I1_O)        0.105     1.762 r  cpu/u_ls132r_core/u_execute/reg_hi[4]_i_5/O
                         net (fo=1, routed)           0.376     2.138    cpu/u_ls132r_core/u_execute/reg_hi[4]_i_5_n_0
    SLICE_X87Y77         CARRY4 (Prop_carry4_CYINIT_CO[3])
                                                      0.480     2.618 r  cpu/u_ls132r_core/u_execute/reg_hi_reg[4]_i_3/CO[3]
                         net (fo=1, routed)           0.000     2.618    cpu/u_ls132r_core/u_execute/reg_hi_reg[4]_i_3_n_0
    SLICE_X87Y78         CARRY4 (Prop_carry4_CI_CO[3])
                                                      0.098     2.716 r  cpu/u_ls132r_core/u_execute/reg_hi_reg[8]_i_3/CO[3]
                         net (fo=1, routed)           0.000     2.716    cpu/u_ls132r_core/u_execute/reg_hi_reg[8]_i_3_n_0
    SLICE_X87Y79         CARRY4 (Prop_carry4_CI_CO[3])
                                                      0.098     2.814 r  cpu/u_ls132r_core/u_execute/reg_hi_reg[12]_i_3/CO[3]
                         net (fo=1, routed)           0.000     2.814    cpu/u_ls132r_core/u_execute/reg_hi_reg[12]_i_3_n_0
    SLICE_X87Y80         CARRY4 (Prop_carry4_CI_CO[3])
                                                      0.098     2.912 r  cpu/u_ls132r_core/u_execute/reg_hi_reg[16]_i_3/CO[3]
                         net (fo=1, routed)           0.000     2.912    cpu/u_ls132r_core/u_execute/reg_hi_reg[16]_i_3_n_0
    SLICE_X87Y81         CARRY4 (Prop_carry4_CI_CO[3])
                                                      0.098     3.010 r  cpu/u_ls132r_core/u_execute/reg_hi_reg[20]_i_3/CO[3]
                         net (fo=1, routed)           0.000     3.010    cpu/u_ls132r_core/u_execute/reg_hi_reg[20]_i_3_n_0
    SLICE_X87Y82         CARRY4 (Prop_carry4_CI_O[3])
                                                      0.260     3.270 f  cpu/u_ls132r_core/u_execute/reg_hi_reg[24]_i_3/O[3]
                         net (fo=2, routed)           0.741     4.011    cpu/u_ls132r_core/u_execute/reg_hi_reg[24]_i_3_n_4
    SLICE_X86Y85         LUT3 (Prop_lut3_I0_O)        0.257     4.268 r  cpu/u_ls132r_core/u_execute/reg_lo[24]_i_3/O
                         net (fo=3, routed)           0.377     4.645    cpu/u_ls132r_core/u_execute/reg_lo[24]_i_3_n_0
    SLICE_X85Y85         LUT6 (Prop_lut6_I1_O)        0.105     4.750 r  cpu/u_ls132r_core/u_execute/cr_badvaddr[27]_i_13/O
                         net (fo=3, routed)           0.561     5.311    cpu/u_ls132r_core/u_execute/cr_badvaddr[27]_i_13_n_0
    SLICE_X83Y83         LUT2 (Prop_lut2_I1_O)        0.105     5.416 r  cpu/u_ls132r_core/u_execute/heap_18[25]_i_23/O
                         net (fo=1, routed)           0.000     5.416    cpu/u_ls132r_core/u_execute/heap_18[25]_i_23_n_0
    SLICE_X83Y83         CARRY4 (Prop_carry4_S[0]_CO[3])
                                                      0.440     5.856 r  cpu/u_ls132r_core/u_execute/heap_18_reg[25]_i_13/CO[3]
                         net (fo=1, routed)           0.000     5.856    cpu/u_ls132r_core/u_execute/heap_18_reg[25]_i_13_n_0
    SLICE_X83Y84         CARRY4 (Prop_carry4_CI_O[3])
                                                      0.260     6.116 r  cpu/u_ls132r_core/u_execute/heap_18_reg[31]_i_29/O[3]
                         net (fo=10, routed)          0.804     6.920    cpu/u_ls132r_core/u_execute/heap_18_reg[31]_i_29_n_4
    SLICE_X84Y88         LUT6 (Prop_lut6_I0_O)        0.257     7.177 f  cpu/u_ls132r_core/u_execute/cr_debug_DExcCode[2]_i_6/O
                         net (fo=4, routed)           0.394     7.572    cpu/u_ls132r_core/u_execute/cr_debug_DExcCode[2]_i_6_n_0
    SLICE_X84Y88         LUT5 (Prop_lut5_I4_O)        0.105     7.677 f  cpu/u_ls132r_core/u_execute/cr_debug_DExcCode[2]_i_2/O
                         net (fo=11, routed)          0.687     8.364    cpu/u_ls132r_core/u_execute/cr_debug_DExcCode[2]_i_2_n_0
    SLICE_X82Y89         LUT6 (Prop_lut6_I5_O)        0.105     8.469 r  cpu/u_ls132r_core/u_execute/rs_ex_r_i_3/O
                         net (fo=10, routed)          0.508     8.978    cpu/u_ls132r_core/u_execute/rs_ex_r_reg_2
    SLICE_X79Y92         LUT6 (Prop_lut6_I1_O)        0.105     9.083 r  cpu/u_ls132r_core/u_execute/inst_code_r[31]_i_3/O
                         net (fo=4, routed)           0.269     9.352    cpu/u_ls132r_core/u_fetch/inst_code_r_reg[0]_0
    SLICE_X79Y93         LUT6 (Prop_lut6_I1_O)        0.105     9.457 r  cpu/u_ls132r_core/u_fetch/inst_sel_isram_r_i_4/O
                         net (fo=4, routed)           0.486     9.943    cpu/u_ls132r_core/u_fetch/inst_sel_isram_r_i_4_n_0
    SLICE_X78Y97         LUT4 (Prop_lut4_I3_O)        0.105    10.048 r  cpu/u_ls132r_core/u_fetch/inst_sel_isram_r_i_1/O
                         net (fo=2, routed)           0.364    10.412    u_inst_sram_wrap/inst_ifc_bus[0]
    SLICE_X78Y100        LUT6 (Prop_lut6_I0_O)        0.105    10.517 r  u_inst_sram_wrap/ram_en_r_i_1/O
                         net (fo=18, routed)          0.878    11.395    inst_ram/U0/inst_blk_mem_gen/gnbram.gnativebmg.native_blk_mem_gen/valid.cstr/ramloop[128].ram.r/prim_init.ram/ena
    SLICE_X78Y120        LUT3 (Prop_lut3_I1_O)        0.105    11.500 r  inst_ram/U0/inst_blk_mem_gen/gnbram.gnativebmg.native_blk_mem_gen/valid.cstr/ramloop[128].ram.r/prim_init.ram/DEVICE_7SERIES.NO_BMM_INFO.SP.SIMPLE_PRIM36.ram_i_2__0/O
                         net (fo=16, routed)          1.668    13.168    inst_ram/U0/inst_blk_mem_gen/gnbram.gnativebmg.native_blk_mem_gen/valid.cstr/ramloop[134].ram.r/prim_init.ram/DEVICE_7SERIES.NO_BMM_INFO.SP.SIMPLE_PRIM36.ram_1
    SLICE_X92Y151        LUT5 (Prop_lut5_I4_O)        0.105    13.273 r  inst_ram/U0/inst_blk_mem_gen/gnbram.gnativebmg.native_blk_mem_gen/valid.cstr/ramloop[134].ram.r/prim_init.ram/DEVICE_7SERIES.NO_BMM_INFO.SP.SIMPLE_PRIM36.ram_i_1__27/O
                         net (fo=4, routed)           2.458    15.731    inst_ram/U0/inst_blk_mem_gen/gnbram.gnativebmg.native_blk_mem_gen/valid.cstr/ramloop[198].ram.r/prim_init.ram/DEVICE_7SERIES.NO_BMM_INFO.SP.SIMPLE_PRIM36.ram_1
    RAMB36_X7Y40         RAMB36E1                                     r  inst_ram/U0/inst_blk_mem_gen/gnbram.gnativebmg.native_blk_mem_gen/valid.cstr/ramloop[198].ram.r/prim_init.ram/DEVICE_7SERIES.NO_BMM_INFO.SP.SIMPLE_PRIM36.ram/ENARDEN
  -------------------------------------------------------------------    -------------------

                         (clock cpu_clk_clk_pll rise edge)
                                                     20.000    20.000 r  
    AC19                                              0.000    20.000 r  clk (IN)
                         net (fo=0)                   0.000    20.000    pll.clk_pll/inst/clk_in1
    AC19                 IBUF (Prop_ibuf_I_O)         1.350    21.350 r  pll.clk_pll/inst/clkin1_ibufg/O
                         net (fo=1, routed)           1.327    22.677    pll.clk_pll/inst/clk_in1_clk_pll
    PLLE2_ADV_X0Y2       PLLE2_ADV (Prop_plle2_adv_CLKIN1_CLKOUT0)
                                                     -6.905    15.771 r  pll.clk_pll/inst/plle2_adv_inst/CLKOUT0
                         net (fo=1, routed)           1.484    17.256    pll.clk_pll/inst/cpu_clk_clk_pll
    BUFGCTRL_X0Y0        BUFG (Prop_bufg_I_O)         0.077    17.333 r  pll.clk_pll/inst/clkout1_buf/O
                         net (fo=3305, routed)        1.570    18.903    inst_ram/U0/inst_blk_mem_gen/gnbram.gnativebmg.native_blk_mem_gen/valid.cstr/ramloop[198].ram.r/prim_init.ram/clka
    RAMB36_X7Y40         RAMB36E1                                     r  inst_ram/U0/inst_blk_mem_gen/gnbram.gnativebmg.native_blk_mem_gen/valid.cstr/ramloop[198].ram.r/prim_init.ram/DEVICE_7SERIES.NO_BMM_INFO.SP.SIMPLE_PRIM36.ram/CLKARDCLK
                         clock pessimism             -0.521    18.382    
                         clock uncertainty           -0.087    18.295    
    RAMB36_X7Y40         RAMB36E1 (Setup_ramb36e1_CLKARDCLK_ENARDEN)
                                                     -0.387    17.908    inst_ram/U0/inst_blk_mem_gen/gnbram.gnativebmg.native_blk_mem_gen/valid.cstr/ramloop[198].ram.r/prim_init.ram/DEVICE_7SERIES.NO_BMM_INFO.SP.SIMPLE_PRIM36.ram
  -------------------------------------------------------------------
                         required time                         17.908    
                         arrival time                         -15.731    
  -------------------------------------------------------------------
                         slack                                  2.177    

Slack (MET) :             2.191ns  (required time - arrival time)
  Source:                 cpu/u_ls132r_core/u_execute/rs_op_r_reg[4]/C
                            (rising edge-triggered cell FDRE clocked by cpu_clk_clk_pll  {rise@0.000ns fall@10.000ns period=20.000ns})
  Destination:            inst_ram/U0/inst_blk_mem_gen/gnbram.gnativebmg.native_blk_mem_gen/valid.cstr/ramloop[219].ram.r/prim_init.ram/DEVICE_7SERIES.NO_BMM_INFO.SP.SIMPLE_PRIM36.ram/ENARDEN
                            (rising edge-triggered cell RAMB36E1 clocked by cpu_clk_clk_pll  {rise@0.000ns fall@10.000ns period=20.000ns})
  Path Group:             cpu_clk_clk_pll
  Path Type:              Setup (Max at Slow Process Corner)
  Requirement:            20.000ns  (cpu_clk_clk_pll rise@20.000ns - cpu_clk_clk_pll rise@0.000ns)
  Data Path Delay:        17.228ns  (logic 4.195ns (24.350%)  route 13.033ns (75.650%))
  Logic Levels:           24  (CARRY4=8 LUT2=2 LUT3=3 LUT4=2 LUT5=2 LUT6=7)
  Clock Path Skew:        -0.107ns (DCD - SCD + CPR)
    Destination Clock Delay (DCD):    -1.254ns = ( 18.746 - 20.000 ) 
    Source Clock Delay      (SCD):    -1.668ns
    Clock Pessimism Removal (CPR):    -0.521ns
  Clock Uncertainty:      0.087ns  ((TSJ^2 + DJ^2)^1/2) / 2 + PE
    Total System Jitter     (TSJ):    0.071ns
    Discrete Jitter          (DJ):    0.159ns
    Phase Error              (PE):    0.000ns

    Location             Delay type                Incr(ns)  Path(ns)    Netlist Resource(s)
  -------------------------------------------------------------------    -------------------
                         (clock cpu_clk_clk_pll rise edge)
                                                      0.000     0.000 r  
    AC19                                              0.000     0.000 r  clk (IN)
                         net (fo=0)                   0.000     0.000    pll.clk_pll/inst/clk_in1
    AC19                 IBUF (Prop_ibuf_I_O)         1.416     1.416 r  pll.clk_pll/inst/clkin1_ibufg/O
                         net (fo=1, routed)           1.404     2.820    pll.clk_pll/inst/clk_in1_clk_pll
    PLLE2_ADV_X0Y2       PLLE2_ADV (Prop_plle2_adv_CLKIN1_CLKOUT0)
                                                     -7.646    -4.825 r  pll.clk_pll/inst/plle2_adv_inst/CLKOUT0
                         net (fo=1, routed)           1.557    -3.269    pll.clk_pll/inst/cpu_clk_clk_pll
    BUFGCTRL_X0Y0        BUFG (Prop_bufg_I_O)         0.081    -3.188 r  pll.clk_pll/inst/clkout1_buf/O
                         net (fo=3305, routed)        1.520    -1.668    cpu/u_ls132r_core/u_execute/cpu_clk
    SLICE_X83Y86         FDRE                                         r  cpu/u_ls132r_core/u_execute/rs_op_r_reg[4]/C
  -------------------------------------------------------------------    -------------------
    SLICE_X83Y86         FDRE (Prop_fdre_C_Q)         0.379    -1.289 r  cpu/u_ls132r_core/u_execute/rs_op_r_reg[4]/Q
                         net (fo=83, routed)          1.051    -0.238    cpu/u_ls132r_core/u_execute/rs_op[4]
    SLICE_X84Y84         LUT6 (Prop_lut6_I1_O)        0.105    -0.133 f  cpu/u_ls132r_core/u_execute/reg_lo[31]_i_9/O
                         net (fo=190, routed)         0.521     0.388    cpu/u_ls132r_core/u_execute/rs_op_r_reg[5]_0
    SLICE_X86Y83         LUT3 (Prop_lut3_I0_O)        0.105     0.493 f  cpu/u_ls132r_core/u_execute/reg_hi[0]_i_5/O
                         net (fo=35, routed)          0.595     1.088    cpu/u_ls132r_core/u_execute/reg_hi[0]_i_5_n_0
    SLICE_X86Y80         LUT4 (Prop_lut4_I0_O)        0.105     1.193 f  cpu/u_ls132r_core/u_execute/reg_hi[0]_i_3/O
                         net (fo=64, routed)          0.464     1.657    cpu/u_ls132r_core/u_execute/reg_hi[0]_i_3_n_0
    SLICE_X86Y77         LUT2 (Prop_lut2_I1_O)        0.105     1.762 r  cpu/u_ls132r_core/u_execute/reg_hi[4]_i_5/O
                         net (fo=1, routed)           0.376     2.138    cpu/u_ls132r_core/u_execute/reg_hi[4]_i_5_n_0
    SLICE_X87Y77         CARRY4 (Prop_carry4_CYINIT_CO[3])
                                                      0.480     2.618 r  cpu/u_ls132r_core/u_execute/reg_hi_reg[4]_i_3/CO[3]
                         net (fo=1, routed)           0.000     2.618    cpu/u_ls132r_core/u_execute/reg_hi_reg[4]_i_3_n_0
    SLICE_X87Y78         CARRY4 (Prop_carry4_CI_CO[3])
                                                      0.098     2.716 r  cpu/u_ls132r_core/u_execute/reg_hi_reg[8]_i_3/CO[3]
                         net (fo=1, routed)           0.000     2.716    cpu/u_ls132r_core/u_execute/reg_hi_reg[8]_i_3_n_0
    SLICE_X87Y79         CARRY4 (Prop_carry4_CI_CO[3])
                                                      0.098     2.814 r  cpu/u_ls132r_core/u_execute/reg_hi_reg[12]_i_3/CO[3]
                         net (fo=1, routed)           0.000     2.814    cpu/u_ls132r_core/u_execute/reg_hi_reg[12]_i_3_n_0
    SLICE_X87Y80         CARRY4 (Prop_carry4_CI_CO[3])
                                                      0.098     2.912 r  cpu/u_ls132r_core/u_execute/reg_hi_reg[16]_i_3/CO[3]
                         net (fo=1, routed)           0.000     2.912    cpu/u_ls132r_core/u_execute/reg_hi_reg[16]_i_3_n_0
    SLICE_X87Y81         CARRY4 (Prop_carry4_CI_CO[3])
                                                      0.098     3.010 r  cpu/u_ls132r_core/u_execute/reg_hi_reg[20]_i_3/CO[3]
                         net (fo=1, routed)           0.000     3.010    cpu/u_ls132r_core/u_execute/reg_hi_reg[20]_i_3_n_0
    SLICE_X87Y82         CARRY4 (Prop_carry4_CI_O[3])
                                                      0.260     3.270 f  cpu/u_ls132r_core/u_execute/reg_hi_reg[24]_i_3/O[3]
                         net (fo=2, routed)           0.741     4.011    cpu/u_ls132r_core/u_execute/reg_hi_reg[24]_i_3_n_4
    SLICE_X86Y85         LUT3 (Prop_lut3_I0_O)        0.257     4.268 r  cpu/u_ls132r_core/u_execute/reg_lo[24]_i_3/O
                         net (fo=3, routed)           0.377     4.645    cpu/u_ls132r_core/u_execute/reg_lo[24]_i_3_n_0
    SLICE_X85Y85         LUT6 (Prop_lut6_I1_O)        0.105     4.750 r  cpu/u_ls132r_core/u_execute/cr_badvaddr[27]_i_13/O
                         net (fo=3, routed)           0.561     5.311    cpu/u_ls132r_core/u_execute/cr_badvaddr[27]_i_13_n_0
    SLICE_X83Y83         LUT2 (Prop_lut2_I1_O)        0.105     5.416 r  cpu/u_ls132r_core/u_execute/heap_18[25]_i_23/O
                         net (fo=1, routed)           0.000     5.416    cpu/u_ls132r_core/u_execute/heap_18[25]_i_23_n_0
    SLICE_X83Y83         CARRY4 (Prop_carry4_S[0]_CO[3])
                                                      0.440     5.856 r  cpu/u_ls132r_core/u_execute/heap_18_reg[25]_i_13/CO[3]
                         net (fo=1, routed)           0.000     5.856    cpu/u_ls132r_core/u_execute/heap_18_reg[25]_i_13_n_0
    SLICE_X83Y84         CARRY4 (Prop_carry4_CI_O[3])
                                                      0.260     6.116 r  cpu/u_ls132r_core/u_execute/heap_18_reg[31]_i_29/O[3]
                         net (fo=10, routed)          0.804     6.920    cpu/u_ls132r_core/u_execute/heap_18_reg[31]_i_29_n_4
    SLICE_X84Y88         LUT6 (Prop_lut6_I0_O)        0.257     7.177 f  cpu/u_ls132r_core/u_execute/cr_debug_DExcCode[2]_i_6/O
                         net (fo=4, routed)           0.394     7.572    cpu/u_ls132r_core/u_execute/cr_debug_DExcCode[2]_i_6_n_0
    SLICE_X84Y88         LUT5 (Prop_lut5_I4_O)        0.105     7.677 f  cpu/u_ls132r_core/u_execute/cr_debug_DExcCode[2]_i_2/O
                         net (fo=11, routed)          0.687     8.364    cpu/u_ls132r_core/u_execute/cr_debug_DExcCode[2]_i_2_n_0
    SLICE_X82Y89         LUT6 (Prop_lut6_I5_O)        0.105     8.469 r  cpu/u_ls132r_core/u_execute/rs_ex_r_i_3/O
                         net (fo=10, routed)          0.508     8.978    cpu/u_ls132r_core/u_execute/rs_ex_r_reg_2
    SLICE_X79Y92         LUT6 (Prop_lut6_I1_O)        0.105     9.083 r  cpu/u_ls132r_core/u_execute/inst_code_r[31]_i_3/O
                         net (fo=4, routed)           0.269     9.352    cpu/u_ls132r_core/u_fetch/inst_code_r_reg[0]_0
    SLICE_X79Y93         LUT6 (Prop_lut6_I1_O)        0.105     9.457 r  cpu/u_ls132r_core/u_fetch/inst_sel_isram_r_i_4/O
                         net (fo=4, routed)           0.486     9.943    cpu/u_ls132r_core/u_fetch/inst_sel_isram_r_i_4_n_0
    SLICE_X78Y97         LUT4 (Prop_lut4_I3_O)        0.105    10.048 r  cpu/u_ls132r_core/u_fetch/inst_sel_isram_r_i_1/O
                         net (fo=2, routed)           0.364    10.412    u_inst_sram_wrap/inst_ifc_bus[0]
    SLICE_X78Y100        LUT6 (Prop_lut6_I0_O)        0.105    10.517 r  u_inst_sram_wrap/ram_en_r_i_1/O
                         net (fo=18, routed)          1.135    11.652    inst_ram/U0/inst_blk_mem_gen/gnbram.gnativebmg.native_blk_mem_gen/valid.cstr/ramloop[139].ram.r/prim_init.ram/ena
    SLICE_X74Y120        LUT3 (Prop_lut3_I1_O)        0.105    11.757 r  inst_ram/U0/inst_blk_mem_gen/gnbram.gnativebmg.native_blk_mem_gen/valid.cstr/ramloop[139].ram.r/prim_init.ram/DEVICE_7SERIES.NO_BMM_INFO.SP.SIMPLE_PRIM36.ram_i_2__2/O
                         net (fo=16, routed)          0.501    12.258    inst_ram/U0/inst_blk_mem_gen/gnbram.gnativebmg.native_blk_mem_gen/valid.cstr/ramloop[155].ram.r/prim_init.ram/DEVICE_7SERIES.NO_BMM_INFO.SP.SIMPLE_PRIM36.ram_1
    SLICE_X79Y120        LUT5 (Prop_lut5_I4_O)        0.105    12.363 r  inst_ram/U0/inst_blk_mem_gen/gnbram.gnativebmg.native_blk_mem_gen/valid.cstr/ramloop[155].ram.r/prim_init.ram/DEVICE_7SERIES.NO_BMM_INFO.SP.SIMPLE_PRIM36.ram_i_1__56/O
                         net (fo=4, routed)           3.197    15.560    inst_ram/U0/inst_blk_mem_gen/gnbram.gnativebmg.native_blk_mem_gen/valid.cstr/ramloop[219].ram.r/prim_init.ram/DEVICE_7SERIES.NO_BMM_INFO.SP.SIMPLE_PRIM36.ram_1
    RAMB36_X1Y39         RAMB36E1                                     r  inst_ram/U0/inst_blk_mem_gen/gnbram.gnativebmg.native_blk_mem_gen/valid.cstr/ramloop[219].ram.r/prim_init.ram/DEVICE_7SERIES.NO_BMM_INFO.SP.SIMPLE_PRIM36.ram/ENARDEN
  -------------------------------------------------------------------    -------------------

                         (clock cpu_clk_clk_pll rise edge)
                                                     20.000    20.000 r  
    AC19                                              0.000    20.000 r  clk (IN)
                         net (fo=0)                   0.000    20.000    pll.clk_pll/inst/clk_in1
    AC19                 IBUF (Prop_ibuf_I_O)         1.350    21.350 r  pll.clk_pll/inst/clkin1_ibufg/O
                         net (fo=1, routed)           1.327    22.677    pll.clk_pll/inst/clk_in1_clk_pll
    PLLE2_ADV_X0Y2       PLLE2_ADV (Prop_plle2_adv_CLKIN1_CLKOUT0)
                                                     -6.905    15.771 r  pll.clk_pll/inst/plle2_adv_inst/CLKOUT0
                         net (fo=1, routed)           1.484    17.256    pll.clk_pll/inst/cpu_clk_clk_pll
    BUFGCTRL_X0Y0        BUFG (Prop_bufg_I_O)         0.077    17.333 r  pll.clk_pll/inst/clkout1_buf/O
                         net (fo=3305, routed)        1.413    18.746    inst_ram/U0/inst_blk_mem_gen/gnbram.gnativebmg.native_blk_mem_gen/valid.cstr/ramloop[219].ram.r/prim_init.ram/clka
    RAMB36_X1Y39         RAMB36E1                                     r  inst_ram/U0/inst_blk_mem_gen/gnbram.gnativebmg.native_blk_mem_gen/valid.cstr/ramloop[219].ram.r/prim_init.ram/DEVICE_7SERIES.NO_BMM_INFO.SP.SIMPLE_PRIM36.ram/CLKARDCLK
                         clock pessimism             -0.521    18.225    
                         clock uncertainty           -0.087    18.138    
    RAMB36_X1Y39         RAMB36E1 (Setup_ramb36e1_CLKARDCLK_ENARDEN)
                                                     -0.387    17.751    inst_ram/U0/inst_blk_mem_gen/gnbram.gnativebmg.native_blk_mem_gen/valid.cstr/ramloop[219].ram.r/prim_init.ram/DEVICE_7SERIES.NO_BMM_INFO.SP.SIMPLE_PRIM36.ram
  -------------------------------------------------------------------
                         required time                         17.751    
                         arrival time                         -15.560    
  -------------------------------------------------------------------
                         slack                                  2.191    





Min Delay Paths
--------------------------------------------------------------------------------------
Slack (MET) :             0.102ns  (arrival time - required time)
  Source:                 u_data_sram_wrap/buf_wptr_reg[1]/C
                            (rising edge-triggered cell FDRE clocked by cpu_clk_clk_pll  {rise@0.000ns fall@10.000ns period=20.000ns})
  Destination:            u_data_sram_wrap/buf_rdata_reg_0_3_0_5/RAMA/WADR1
                            (rising edge-triggered cell RAMD32 clocked by cpu_clk_clk_pll  {rise@0.000ns fall@10.000ns period=20.000ns})
  Path Group:             cpu_clk_clk_pll
  Path Type:              Hold (Min at Fast Process Corner)
  Requirement:            0.000ns  (cpu_clk_clk_pll rise@0.000ns - cpu_clk_clk_pll rise@0.000ns)
  Data Path Delay:        0.427ns  (logic 0.141ns (32.990%)  route 0.286ns (67.010%))
  Logic Levels:           0  
  Clock Path Skew:        0.016ns (DCD - SCD - CPR)
    Destination Clock Delay (DCD):    -0.229ns
    Source Clock Delay      (SCD):    -0.472ns
    Clock Pessimism Removal (CPR):    0.227ns

    Location             Delay type                Incr(ns)  Path(ns)    Netlist Resource(s)
  -------------------------------------------------------------------    -------------------
                         (clock cpu_clk_clk_pll rise edge)
                                                      0.000     0.000 r  
    AC19                                              0.000     0.000 r  clk (IN)
                         net (fo=0)                   0.000     0.000    pll.clk_pll/inst/clk_in1
    AC19                 IBUF (Prop_ibuf_I_O)         0.253     0.253 r  pll.clk_pll/inst/clkin1_ibufg/O
                         net (fo=1, routed)           0.565     0.818    pll.clk_pll/inst/clk_in1_clk_pll
    PLLE2_ADV_X0Y2       PLLE2_ADV (Prop_plle2_adv_CLKIN1_CLKOUT0)
                                                     -2.523    -1.705 r  pll.clk_pll/inst/plle2_adv_inst/CLKOUT0
                         net (fo=1, routed)           0.560    -1.146    pll.clk_pll/inst/cpu_clk_clk_pll
    BUFGCTRL_X0Y0        BUFG (Prop_bufg_I_O)         0.026    -1.120 r  pll.clk_pll/inst/clkout1_buf/O
                         net (fo=3305, routed)        0.647    -0.472    u_data_sram_wrap/cpu_clk
    SLICE_X97Y94         FDRE                                         r  u_data_sram_wrap/buf_wptr_reg[1]/C
  -------------------------------------------------------------------    -------------------
    SLICE_X97Y94         FDRE (Prop_fdre_C_Q)         0.141    -0.331 r  u_data_sram_wrap/buf_wptr_reg[1]/Q
                         net (fo=52, routed)          0.286    -0.045    u_data_sram_wrap/buf_rdata_reg_0_3_0_5/ADDRD1
    SLICE_X98Y93         RAMD32                                       r  u_data_sram_wrap/buf_rdata_reg_0_3_0_5/RAMA/WADR1
  -------------------------------------------------------------------    -------------------

                         (clock cpu_clk_clk_pll rise edge)
                                                      0.000     0.000 r  
    AC19                                              0.000     0.000 r  clk (IN)
                         net (fo=0)                   0.000     0.000    pll.clk_pll/inst/clk_in1
    AC19                 IBUF (Prop_ibuf_I_O)         0.441     0.441 r  pll.clk_pll/inst/clkin1_ibufg/O
                         net (fo=1, routed)           0.620     1.061    pll.clk_pll/inst/clk_in1_clk_pll
    PLLE2_ADV_X0Y2       PLLE2_ADV (Prop_plle2_adv_CLKIN1_CLKOUT0)
                                                     -2.851    -1.790 r  pll.clk_pll/inst/plle2_adv_inst/CLKOUT0
                         net (fo=1, routed)           0.611    -1.180    pll.clk_pll/inst/cpu_clk_clk_pll
    BUFGCTRL_X0Y0        BUFG (Prop_bufg_I_O)         0.029    -1.151 r  pll.clk_pll/inst/clkout1_buf/O
                         net (fo=3305, routed)        0.922    -0.229    u_data_sram_wrap/buf_rdata_reg_0_3_0_5/WCLK
    SLICE_X98Y93         RAMD32                                       r  u_data_sram_wrap/buf_rdata_reg_0_3_0_5/RAMA/CLK
                         clock pessimism             -0.227    -0.456    
    SLICE_X98Y93         RAMD32 (Hold_ramd32_CLK_WADR1)
                                                      0.309    -0.147    u_data_sram_wrap/buf_rdata_reg_0_3_0_5/RAMA
  -------------------------------------------------------------------
                         required time                          0.147    
                         arrival time                          -0.045    
  -------------------------------------------------------------------
                         slack                                  0.102    

Slack (MET) :             0.102ns  (arrival time - required time)
  Source:                 u_data_sram_wrap/buf_wptr_reg[1]/C
                            (rising edge-triggered cell FDRE clocked by cpu_clk_clk_pll  {rise@0.000ns fall@10.000ns period=20.000ns})
  Destination:            u_data_sram_wrap/buf_rdata_reg_0_3_0_5/RAMA_D1/WADR1
                            (rising edge-triggered cell RAMD32 clocked by cpu_clk_clk_pll  {rise@0.000ns fall@10.000ns period=20.000ns})
  Path Group:             cpu_clk_clk_pll
  Path Type:              Hold (Min at Fast Process Corner)
  Requirement:            0.000ns  (cpu_clk_clk_pll rise@0.000ns - cpu_clk_clk_pll rise@0.000ns)
  Data Path Delay:        0.427ns  (logic 0.141ns (32.990%)  route 0.286ns (67.010%))
  Logic Levels:           0  
  Clock Path Skew:        0.016ns (DCD - SCD - CPR)
    Destination Clock Delay (DCD):    -0.229ns
    Source Clock Delay      (SCD):    -0.472ns
    Clock Pessimism Removal (CPR):    0.227ns

    Location             Delay type                Incr(ns)  Path(ns)    Netlist Resource(s)
  -------------------------------------------------------------------    -------------------
                         (clock cpu_clk_clk_pll rise edge)
                                                      0.000     0.000 r  
    AC19                                              0.000     0.000 r  clk (IN)
                         net (fo=0)                   0.000     0.000    pll.clk_pll/inst/clk_in1
    AC19                 IBUF (Prop_ibuf_I_O)         0.253     0.253 r  pll.clk_pll/inst/clkin1_ibufg/O
                         net (fo=1, routed)           0.565     0.818    pll.clk_pll/inst/clk_in1_clk_pll
    PLLE2_ADV_X0Y2       PLLE2_ADV (Prop_plle2_adv_CLKIN1_CLKOUT0)
                                                     -2.523    -1.705 r  pll.clk_pll/inst/plle2_adv_inst/CLKOUT0
                         net (fo=1, routed)           0.560    -1.146    pll.clk_pll/inst/cpu_clk_clk_pll
    BUFGCTRL_X0Y0        BUFG (Prop_bufg_I_O)         0.026    -1.120 r  pll.clk_pll/inst/clkout1_buf/O
                         net (fo=3305, routed)        0.647    -0.472    u_data_sram_wrap/cpu_clk
    SLICE_X97Y94         FDRE                                         r  u_data_sram_wrap/buf_wptr_reg[1]/C
  -------------------------------------------------------------------    -------------------
    SLICE_X97Y94         FDRE (Prop_fdre_C_Q)         0.141    -0.331 r  u_data_sram_wrap/buf_wptr_reg[1]/Q
                         net (fo=52, routed)          0.286    -0.045    u_data_sram_wrap/buf_rdata_reg_0_3_0_5/ADDRD1
    SLICE_X98Y93         RAMD32                                       r  u_data_sram_wrap/buf_rdata_reg_0_3_0_5/RAMA_D1/WADR1
  -------------------------------------------------------------------    -------------------

                         (clock cpu_clk_clk_pll rise edge)
                                                      0.000     0.000 r  
    AC19                                              0.000     0.000 r  clk (IN)
                         net (fo=0)                   0.000     0.000    pll.clk_pll/inst/clk_in1
    AC19                 IBUF (Prop_ibuf_I_O)         0.441     0.441 r  pll.clk_pll/inst/clkin1_ibufg/O
                         net (fo=1, routed)           0.620     1.061    pll.clk_pll/inst/clk_in1_clk_pll
    PLLE2_ADV_X0Y2       PLLE2_ADV (Prop_plle2_adv_CLKIN1_CLKOUT0)
                                                     -2.851    -1.790 r  pll.clk_pll/inst/plle2_adv_inst/CLKOUT0
                         net (fo=1, routed)           0.611    -1.180    pll.clk_pll/inst/cpu_clk_clk_pll
    BUFGCTRL_X0Y0        BUFG (Prop_bufg_I_O)         0.029    -1.151 r  pll.clk_pll/inst/clkout1_buf/O
                         net (fo=3305, routed)        0.922    -0.229    u_data_sram_wrap/buf_rdata_reg_0_3_0_5/WCLK
    SLICE_X98Y93         RAMD32                                       r  u_data_sram_wrap/buf_rdata_reg_0_3_0_5/RAMA_D1/CLK
                         clock pessimism             -0.227    -0.456    
    SLICE_X98Y93         RAMD32 (Hold_ramd32_CLK_WADR1)
                                                      0.309    -0.147    u_data_sram_wrap/buf_rdata_reg_0_3_0_5/RAMA_D1
  -------------------------------------------------------------------
                         required time                          0.147    
                         arrival time                          -0.045    
  -------------------------------------------------------------------
                         slack                                  0.102    

Slack (MET) :             0.102ns  (arrival time - required time)
  Source:                 u_data_sram_wrap/buf_wptr_reg[1]/C
                            (rising edge-triggered cell FDRE clocked by cpu_clk_clk_pll  {rise@0.000ns fall@10.000ns period=20.000ns})
  Destination:            u_data_sram_wrap/buf_rdata_reg_0_3_0_5/RAMB/WADR1
                            (rising edge-triggered cell RAMD32 clocked by cpu_clk_clk_pll  {rise@0.000ns fall@10.000ns period=20.000ns})
  Path Group:             cpu_clk_clk_pll
  Path Type:              Hold (Min at Fast Process Corner)
  Requirement:            0.000ns  (cpu_clk_clk_pll rise@0.000ns - cpu_clk_clk_pll rise@0.000ns)
  Data Path Delay:        0.427ns  (logic 0.141ns (32.990%)  route 0.286ns (67.010%))
  Logic Levels:           0  
  Clock Path Skew:        0.016ns (DCD - SCD - CPR)
    Destination Clock Delay (DCD):    -0.229ns
    Source Clock Delay      (SCD):    -0.472ns
    Clock Pessimism Removal (CPR):    0.227ns

    Location             Delay type                Incr(ns)  Path(ns)    Netlist Resource(s)
  -------------------------------------------------------------------    -------------------
                         (clock cpu_clk_clk_pll rise edge)
                                                      0.000     0.000 r  
    AC19                                              0.000     0.000 r  clk (IN)
                         net (fo=0)                   0.000     0.000    pll.clk_pll/inst/clk_in1
    AC19                 IBUF (Prop_ibuf_I_O)         0.253     0.253 r  pll.clk_pll/inst/clkin1_ibufg/O
                         net (fo=1, routed)           0.565     0.818    pll.clk_pll/inst/clk_in1_clk_pll
    PLLE2_ADV_X0Y2       PLLE2_ADV (Prop_plle2_adv_CLKIN1_CLKOUT0)
                                                     -2.523    -1.705 r  pll.clk_pll/inst/plle2_adv_inst/CLKOUT0
                         net (fo=1, routed)           0.560    -1.146    pll.clk_pll/inst/cpu_clk_clk_pll
    BUFGCTRL_X0Y0        BUFG (Prop_bufg_I_O)         0.026    -1.120 r  pll.clk_pll/inst/clkout1_buf/O
                         net (fo=3305, routed)        0.647    -0.472    u_data_sram_wrap/cpu_clk
    SLICE_X97Y94         FDRE                                         r  u_data_sram_wrap/buf_wptr_reg[1]/C
  -------------------------------------------------------------------    -------------------
    SLICE_X97Y94         FDRE (Prop_fdre_C_Q)         0.141    -0.331 r  u_data_sram_wrap/buf_wptr_reg[1]/Q
                         net (fo=52, routed)          0.286    -0.045    u_data_sram_wrap/buf_rdata_reg_0_3_0_5/ADDRD1
    SLICE_X98Y93         RAMD32                                       r  u_data_sram_wrap/buf_rdata_reg_0_3_0_5/RAMB/WADR1
  -------------------------------------------------------------------    -------------------

                         (clock cpu_clk_clk_pll rise edge)
                                                      0.000     0.000 r  
    AC19                                              0.000     0.000 r  clk (IN)
                         net (fo=0)                   0.000     0.000    pll.clk_pll/inst/clk_in1
    AC19                 IBUF (Prop_ibuf_I_O)         0.441     0.441 r  pll.clk_pll/inst/clkin1_ibufg/O
                         net (fo=1, routed)           0.620     1.061    pll.clk_pll/inst/clk_in1_clk_pll
    PLLE2_ADV_X0Y2       PLLE2_ADV (Prop_plle2_adv_CLKIN1_CLKOUT0)
                                                     -2.851    -1.790 r  pll.clk_pll/inst/plle2_adv_inst/CLKOUT0
                         net (fo=1, routed)           0.611    -1.180    pll.clk_pll/inst/cpu_clk_clk_pll
    BUFGCTRL_X0Y0        BUFG (Prop_bufg_I_O)         0.029    -1.151 r  pll.clk_pll/inst/clkout1_buf/O
                         net (fo=3305, routed)        0.922    -0.229    u_data_sram_wrap/buf_rdata_reg_0_3_0_5/WCLK
    SLICE_X98Y93         RAMD32                                       r  u_data_sram_wrap/buf_rdata_reg_0_3_0_5/RAMB/CLK
                         clock pessimism             -0.227    -0.456    
    SLICE_X98Y93         RAMD32 (Hold_ramd32_CLK_WADR1)
                                                      0.309    -0.147    u_data_sram_wrap/buf_rdata_reg_0_3_0_5/RAMB
  -------------------------------------------------------------------
                         required time                          0.147    
                         arrival time                          -0.045    
  -------------------------------------------------------------------
                         slack                                  0.102    

Slack (MET) :             0.102ns  (arrival time - required time)
  Source:                 u_data_sram_wrap/buf_wptr_reg[1]/C
                            (rising edge-triggered cell FDRE clocked by cpu_clk_clk_pll  {rise@0.000ns fall@10.000ns period=20.000ns})
  Destination:            u_data_sram_wrap/buf_rdata_reg_0_3_0_5/RAMB_D1/WADR1
                            (rising edge-triggered cell RAMD32 clocked by cpu_clk_clk_pll  {rise@0.000ns fall@10.000ns period=20.000ns})
  Path Group:             cpu_clk_clk_pll
  Path Type:              Hold (Min at Fast Process Corner)
  Requirement:            0.000ns  (cpu_clk_clk_pll rise@0.000ns - cpu_clk_clk_pll rise@0.000ns)
  Data Path Delay:        0.427ns  (logic 0.141ns (32.990%)  route 0.286ns (67.010%))
  Logic Levels:           0  
  Clock Path Skew:        0.016ns (DCD - SCD - CPR)
    Destination Clock Delay (DCD):    -0.229ns
    Source Clock Delay      (SCD):    -0.472ns
    Clock Pessimism Removal (CPR):    0.227ns

    Location             Delay type                Incr(ns)  Path(ns)    Netlist Resource(s)
  -------------------------------------------------------------------    -------------------
                         (clock cpu_clk_clk_pll rise edge)
                                                      0.000     0.000 r  
    AC19                                              0.000     0.000 r  clk (IN)
                         net (fo=0)                   0.000     0.000    pll.clk_pll/inst/clk_in1
    AC19                 IBUF (Prop_ibuf_I_O)         0.253     0.253 r  pll.clk_pll/inst/clkin1_ibufg/O
                         net (fo=1, routed)           0.565     0.818    pll.clk_pll/inst/clk_in1_clk_pll
    PLLE2_ADV_X0Y2       PLLE2_ADV (Prop_plle2_adv_CLKIN1_CLKOUT0)
                                                     -2.523    -1.705 r  pll.clk_pll/inst/plle2_adv_inst/CLKOUT0
                         net (fo=1, routed)           0.560    -1.146    pll.clk_pll/inst/cpu_clk_clk_pll
    BUFGCTRL_X0Y0        BUFG (Prop_bufg_I_O)         0.026    -1.120 r  pll.clk_pll/inst/clkout1_buf/O
                         net (fo=3305, routed)        0.647    -0.472    u_data_sram_wrap/cpu_clk
    SLICE_X97Y94         FDRE                                         r  u_data_sram_wrap/buf_wptr_reg[1]/C
  -------------------------------------------------------------------    -------------------
    SLICE_X97Y94         FDRE (Prop_fdre_C_Q)         0.141    -0.331 r  u_data_sram_wrap/buf_wptr_reg[1]/Q
                         net (fo=52, routed)          0.286    -0.045    u_data_sram_wrap/buf_rdata_reg_0_3_0_5/ADDRD1
    SLICE_X98Y93         RAMD32                                       r  u_data_sram_wrap/buf_rdata_reg_0_3_0_5/RAMB_D1/WADR1
  -------------------------------------------------------------------    -------------------

                         (clock cpu_clk_clk_pll rise edge)
                                                      0.000     0.000 r  
    AC19                                              0.000     0.000 r  clk (IN)
                         net (fo=0)                   0.000     0.000    pll.clk_pll/inst/clk_in1
    AC19                 IBUF (Prop_ibuf_I_O)         0.441     0.441 r  pll.clk_pll/inst/clkin1_ibufg/O
                         net (fo=1, routed)           0.620     1.061    pll.clk_pll/inst/clk_in1_clk_pll
    PLLE2_ADV_X0Y2       PLLE2_ADV (Prop_plle2_adv_CLKIN1_CLKOUT0)
                                                     -2.851    -1.790 r  pll.clk_pll/inst/plle2_adv_inst/CLKOUT0
                         net (fo=1, routed)           0.611    -1.180    pll.clk_pll/inst/cpu_clk_clk_pll
    BUFGCTRL_X0Y0        BUFG (Prop_bufg_I_O)         0.029    -1.151 r  pll.clk_pll/inst/clkout1_buf/O
                         net (fo=3305, routed)        0.922    -0.229    u_data_sram_wrap/buf_rdata_reg_0_3_0_5/WCLK
    SLICE_X98Y93         RAMD32                                       r  u_data_sram_wrap/buf_rdata_reg_0_3_0_5/RAMB_D1/CLK
                         clock pessimism             -0.227    -0.456    
    SLICE_X98Y93         RAMD32 (Hold_ramd32_CLK_WADR1)
                                                      0.309    -0.147    u_data_sram_wrap/buf_rdata_reg_0_3_0_5/RAMB_D1
  -------------------------------------------------------------------
                         required time                          0.147    
                         arrival time                          -0.045    
  -------------------------------------------------------------------
                         slack                                  0.102    

Slack (MET) :             0.102ns  (arrival time - required time)
  Source:                 u_data_sram_wrap/buf_wptr_reg[1]/C
                            (rising edge-triggered cell FDRE clocked by cpu_clk_clk_pll  {rise@0.000ns fall@10.000ns period=20.000ns})
  Destination:            u_data_sram_wrap/buf_rdata_reg_0_3_0_5/RAMC/WADR1
                            (rising edge-triggered cell RAMD32 clocked by cpu_clk_clk_pll  {rise@0.000ns fall@10.000ns period=20.000ns})
  Path Group:             cpu_clk_clk_pll
  Path Type:              Hold (Min at Fast Process Corner)
  Requirement:            0.000ns  (cpu_clk_clk_pll rise@0.000ns - cpu_clk_clk_pll rise@0.000ns)
  Data Path Delay:        0.427ns  (logic 0.141ns (32.990%)  route 0.286ns (67.010%))
  Logic Levels:           0  
  Clock Path Skew:        0.016ns (DCD - SCD - CPR)
    Destination Clock Delay (DCD):    -0.229ns
    Source Clock Delay      (SCD):    -0.472ns
    Clock Pessimism Removal (CPR):    0.227ns

    Location             Delay type                Incr(ns)  Path(ns)    Netlist Resource(s)
  -------------------------------------------------------------------    -------------------
                         (clock cpu_clk_clk_pll rise edge)
                                                      0.000     0.000 r  
    AC19                                              0.000     0.000 r  clk (IN)
                         net (fo=0)                   0.000     0.000    pll.clk_pll/inst/clk_in1
    AC19                 IBUF (Prop_ibuf_I_O)         0.253     0.253 r  pll.clk_pll/inst/clkin1_ibufg/O
                         net (fo=1, routed)           0.565     0.818    pll.clk_pll/inst/clk_in1_clk_pll
    PLLE2_ADV_X0Y2       PLLE2_ADV (Prop_plle2_adv_CLKIN1_CLKOUT0)
                                                     -2.523    -1.705 r  pll.clk_pll/inst/plle2_adv_inst/CLKOUT0
                         net (fo=1, routed)           0.560    -1.146    pll.clk_pll/inst/cpu_clk_clk_pll
    BUFGCTRL_X0Y0        BUFG (Prop_bufg_I_O)         0.026    -1.120 r  pll.clk_pll/inst/clkout1_buf/O
                         net (fo=3305, routed)        0.647    -0.472    u_data_sram_wrap/cpu_clk
    SLICE_X97Y94         FDRE                                         r  u_data_sram_wrap/buf_wptr_reg[1]/C
  -------------------------------------------------------------------    -------------------
    SLICE_X97Y94         FDRE (Prop_fdre_C_Q)         0.141    -0.331 r  u_data_sram_wrap/buf_wptr_reg[1]/Q
                         net (fo=52, routed)          0.286    -0.045    u_data_sram_wrap/buf_rdata_reg_0_3_0_5/ADDRD1
    SLICE_X98Y93         RAMD32                                       r  u_data_sram_wrap/buf_rdata_reg_0_3_0_5/RAMC/WADR1
  -------------------------------------------------------------------    -------------------

                         (clock cpu_clk_clk_pll rise edge)
                                                      0.000     0.000 r  
    AC19                                              0.000     0.000 r  clk (IN)
                         net (fo=0)                   0.000     0.000    pll.clk_pll/inst/clk_in1
    AC19                 IBUF (Prop_ibuf_I_O)         0.441     0.441 r  pll.clk_pll/inst/clkin1_ibufg/O
                         net (fo=1, routed)           0.620     1.061    pll.clk_pll/inst/clk_in1_clk_pll
    PLLE2_ADV_X0Y2       PLLE2_ADV (Prop_plle2_adv_CLKIN1_CLKOUT0)
                                                     -2.851    -1.790 r  pll.clk_pll/inst/plle2_adv_inst/CLKOUT0
                         net (fo=1, routed)           0.611    -1.180    pll.clk_pll/inst/cpu_clk_clk_pll
    BUFGCTRL_X0Y0        BUFG (Prop_bufg_I_O)         0.029    -1.151 r  pll.clk_pll/inst/clkout1_buf/O
                         net (fo=3305, routed)        0.922    -0.229    u_data_sram_wrap/buf_rdata_reg_0_3_0_5/WCLK
    SLICE_X98Y93         RAMD32                                       r  u_data_sram_wrap/buf_rdata_reg_0_3_0_5/RAMC/CLK
                         clock pessimism             -0.227    -0.456    
    SLICE_X98Y93         RAMD32 (Hold_ramd32_CLK_WADR1)
                                                      0.309    -0.147    u_data_sram_wrap/buf_rdata_reg_0_3_0_5/RAMC
  -------------------------------------------------------------------
                         required time                          0.147    
                         arrival time                          -0.045    
  -------------------------------------------------------------------
                         slack                                  0.102    

Slack (MET) :             0.102ns  (arrival time - required time)
  Source:                 u_data_sram_wrap/buf_wptr_reg[1]/C
                            (rising edge-triggered cell FDRE clocked by cpu_clk_clk_pll  {rise@0.000ns fall@10.000ns period=20.000ns})
  Destination:            u_data_sram_wrap/buf_rdata_reg_0_3_0_5/RAMC_D1/WADR1
                            (rising edge-triggered cell RAMD32 clocked by cpu_clk_clk_pll  {rise@0.000ns fall@10.000ns period=20.000ns})
  Path Group:             cpu_clk_clk_pll
  Path Type:              Hold (Min at Fast Process Corner)
  Requirement:            0.000ns  (cpu_clk_clk_pll rise@0.000ns - cpu_clk_clk_pll rise@0.000ns)
  Data Path Delay:        0.427ns  (logic 0.141ns (32.990%)  route 0.286ns (67.010%))
  Logic Levels:           0  
  Clock Path Skew:        0.016ns (DCD - SCD - CPR)
    Destination Clock Delay (DCD):    -0.229ns
    Source Clock Delay      (SCD):    -0.472ns
    Clock Pessimism Removal (CPR):    0.227ns

    Location             Delay type                Incr(ns)  Path(ns)    Netlist Resource(s)
  -------------------------------------------------------------------    -------------------
                         (clock cpu_clk_clk_pll rise edge)
                                                      0.000     0.000 r  
    AC19                                              0.000     0.000 r  clk (IN)
                         net (fo=0)                   0.000     0.000    pll.clk_pll/inst/clk_in1
    AC19                 IBUF (Prop_ibuf_I_O)         0.253     0.253 r  pll.clk_pll/inst/clkin1_ibufg/O
                         net (fo=1, routed)           0.565     0.818    pll.clk_pll/inst/clk_in1_clk_pll
    PLLE2_ADV_X0Y2       PLLE2_ADV (Prop_plle2_adv_CLKIN1_CLKOUT0)
                                                     -2.523    -1.705 r  pll.clk_pll/inst/plle2_adv_inst/CLKOUT0
                         net (fo=1, routed)           0.560    -1.146    pll.clk_pll/inst/cpu_clk_clk_pll
    BUFGCTRL_X0Y0        BUFG (Prop_bufg_I_O)         0.026    -1.120 r  pll.clk_pll/inst/clkout1_buf/O
                         net (fo=3305, routed)        0.647    -0.472    u_data_sram_wrap/cpu_clk
    SLICE_X97Y94         FDRE                                         r  u_data_sram_wrap/buf_wptr_reg[1]/C
  -------------------------------------------------------------------    -------------------
    SLICE_X97Y94         FDRE (Prop_fdre_C_Q)         0.141    -0.331 r  u_data_sram_wrap/buf_wptr_reg[1]/Q
                         net (fo=52, routed)          0.286    -0.045    u_data_sram_wrap/buf_rdata_reg_0_3_0_5/ADDRD1
    SLICE_X98Y93         RAMD32                                       r  u_data_sram_wrap/buf_rdata_reg_0_3_0_5/RAMC_D1/WADR1
  -------------------------------------------------------------------    -------------------

                         (clock cpu_clk_clk_pll rise edge)
                                                      0.000     0.000 r  
    AC19                                              0.000     0.000 r  clk (IN)
                         net (fo=0)                   0.000     0.000    pll.clk_pll/inst/clk_in1
    AC19                 IBUF (Prop_ibuf_I_O)         0.441     0.441 r  pll.clk_pll/inst/clkin1_ibufg/O
                         net (fo=1, routed)           0.620     1.061    pll.clk_pll/inst/clk_in1_clk_pll
    PLLE2_ADV_X0Y2       PLLE2_ADV (Prop_plle2_adv_CLKIN1_CLKOUT0)
                                                     -2.851    -1.790 r  pll.clk_pll/inst/plle2_adv_inst/CLKOUT0
                         net (fo=1, routed)           0.611    -1.180    pll.clk_pll/inst/cpu_clk_clk_pll
    BUFGCTRL_X0Y0        BUFG (Prop_bufg_I_O)         0.029    -1.151 r  pll.clk_pll/inst/clkout1_buf/O
                         net (fo=3305, routed)        0.922    -0.229    u_data_sram_wrap/buf_rdata_reg_0_3_0_5/WCLK
    SLICE_X98Y93         RAMD32                                       r  u_data_sram_wrap/buf_rdata_reg_0_3_0_5/RAMC_D1/CLK
                         clock pessimism             -0.227    -0.456    
    SLICE_X98Y93         RAMD32 (Hold_ramd32_CLK_WADR1)
                                                      0.309    -0.147    u_data_sram_wrap/buf_rdata_reg_0_3_0_5/RAMC_D1
  -------------------------------------------------------------------
                         required time                          0.147    
                         arrival time                          -0.045    
  -------------------------------------------------------------------
                         slack                                  0.102    

Slack (MET) :             0.102ns  (arrival time - required time)
  Source:                 u_data_sram_wrap/buf_wptr_reg[1]/C
                            (rising edge-triggered cell FDRE clocked by cpu_clk_clk_pll  {rise@0.000ns fall@10.000ns period=20.000ns})
  Destination:            u_data_sram_wrap/buf_rdata_reg_0_3_0_5/RAMD/ADR1
                            (rising edge-triggered cell RAMS32 clocked by cpu_clk_clk_pll  {rise@0.000ns fall@10.000ns period=20.000ns})
  Path Group:             cpu_clk_clk_pll
  Path Type:              Hold (Min at Fast Process Corner)
  Requirement:            0.000ns  (cpu_clk_clk_pll rise@0.000ns - cpu_clk_clk_pll rise@0.000ns)
  Data Path Delay:        0.427ns  (logic 0.141ns (32.990%)  route 0.286ns (67.010%))
  Logic Levels:           0  
  Clock Path Skew:        0.016ns (DCD - SCD - CPR)
    Destination Clock Delay (DCD):    -0.229ns
    Source Clock Delay      (SCD):    -0.472ns
    Clock Pessimism Removal (CPR):    0.227ns

    Location             Delay type                Incr(ns)  Path(ns)    Netlist Resource(s)
  -------------------------------------------------------------------    -------------------
                         (clock cpu_clk_clk_pll rise edge)
                                                      0.000     0.000 r  
    AC19                                              0.000     0.000 r  clk (IN)
                         net (fo=0)                   0.000     0.000    pll.clk_pll/inst/clk_in1
    AC19                 IBUF (Prop_ibuf_I_O)         0.253     0.253 r  pll.clk_pll/inst/clkin1_ibufg/O
                         net (fo=1, routed)           0.565     0.818    pll.clk_pll/inst/clk_in1_clk_pll
    PLLE2_ADV_X0Y2       PLLE2_ADV (Prop_plle2_adv_CLKIN1_CLKOUT0)
                                                     -2.523    -1.705 r  pll.clk_pll/inst/plle2_adv_inst/CLKOUT0
                         net (fo=1, routed)           0.560    -1.146    pll.clk_pll/inst/cpu_clk_clk_pll
    BUFGCTRL_X0Y0        BUFG (Prop_bufg_I_O)         0.026    -1.120 r  pll.clk_pll/inst/clkout1_buf/O
                         net (fo=3305, routed)        0.647    -0.472    u_data_sram_wrap/cpu_clk
    SLICE_X97Y94         FDRE                                         r  u_data_sram_wrap/buf_wptr_reg[1]/C
  -------------------------------------------------------------------    -------------------
    SLICE_X97Y94         FDRE (Prop_fdre_C_Q)         0.141    -0.331 r  u_data_sram_wrap/buf_wptr_reg[1]/Q
                         net (fo=52, routed)          0.286    -0.045    u_data_sram_wrap/buf_rdata_reg_0_3_0_5/ADDRD1
    SLICE_X98Y93         RAMS32                                       r  u_data_sram_wrap/buf_rdata_reg_0_3_0_5/RAMD/ADR1
  -------------------------------------------------------------------    -------------------

                         (clock cpu_clk_clk_pll rise edge)
                                                      0.000     0.000 r  
    AC19                                              0.000     0.000 r  clk (IN)
                         net (fo=0)                   0.000     0.000    pll.clk_pll/inst/clk_in1
    AC19                 IBUF (Prop_ibuf_I_O)         0.441     0.441 r  pll.clk_pll/inst/clkin1_ibufg/O
                         net (fo=1, routed)           0.620     1.061    pll.clk_pll/inst/clk_in1_clk_pll
    PLLE2_ADV_X0Y2       PLLE2_ADV (Prop_plle2_adv_CLKIN1_CLKOUT0)
                                                     -2.851    -1.790 r  pll.clk_pll/inst/plle2_adv_inst/CLKOUT0
                         net (fo=1, routed)           0.611    -1.180    pll.clk_pll/inst/cpu_clk_clk_pll
    BUFGCTRL_X0Y0        BUFG (Prop_bufg_I_O)         0.029    -1.151 r  pll.clk_pll/inst/clkout1_buf/O
                         net (fo=3305, routed)        0.922    -0.229    u_data_sram_wrap/buf_rdata_reg_0_3_0_5/WCLK
    SLICE_X98Y93         RAMS32                                       r  u_data_sram_wrap/buf_rdata_reg_0_3_0_5/RAMD/CLK
                         clock pessimism             -0.227    -0.456    
    SLICE_X98Y93         RAMS32 (Hold_rams32_CLK_ADR1)
                                                      0.309    -0.147    u_data_sram_wrap/buf_rdata_reg_0_3_0_5/RAMD
  -------------------------------------------------------------------
                         required time                          0.147    
                         arrival time                          -0.045    
  -------------------------------------------------------------------
                         slack                                  0.102    

Slack (MET) :             0.102ns  (arrival time - required time)
  Source:                 u_data_sram_wrap/buf_wptr_reg[1]/C
                            (rising edge-triggered cell FDRE clocked by cpu_clk_clk_pll  {rise@0.000ns fall@10.000ns period=20.000ns})
  Destination:            u_data_sram_wrap/buf_rdata_reg_0_3_0_5/RAMD_D1/ADR1
                            (rising edge-triggered cell RAMS32 clocked by cpu_clk_clk_pll  {rise@0.000ns fall@10.000ns period=20.000ns})
  Path Group:             cpu_clk_clk_pll
  Path Type:              Hold (Min at Fast Process Corner)
  Requirement:            0.000ns  (cpu_clk_clk_pll rise@0.000ns - cpu_clk_clk_pll rise@0.000ns)
  Data Path Delay:        0.427ns  (logic 0.141ns (32.990%)  route 0.286ns (67.010%))
  Logic Levels:           0  
  Clock Path Skew:        0.016ns (DCD - SCD - CPR)
    Destination Clock Delay (DCD):    -0.229ns
    Source Clock Delay      (SCD):    -0.472ns
    Clock Pessimism Removal (CPR):    0.227ns

    Location             Delay type                Incr(ns)  Path(ns)    Netlist Resource(s)
  -------------------------------------------------------------------    -------------------
                         (clock cpu_clk_clk_pll rise edge)
                                                      0.000     0.000 r  
    AC19                                              0.000     0.000 r  clk (IN)
                         net (fo=0)                   0.000     0.000    pll.clk_pll/inst/clk_in1
    AC19                 IBUF (Prop_ibuf_I_O)         0.253     0.253 r  pll.clk_pll/inst/clkin1_ibufg/O
                         net (fo=1, routed)           0.565     0.818    pll.clk_pll/inst/clk_in1_clk_pll
    PLLE2_ADV_X0Y2       PLLE2_ADV (Prop_plle2_adv_CLKIN1_CLKOUT0)
                                                     -2.523    -1.705 r  pll.clk_pll/inst/plle2_adv_inst/CLKOUT0
                         net (fo=1, routed)           0.560    -1.146    pll.clk_pll/inst/cpu_clk_clk_pll
    BUFGCTRL_X0Y0        BUFG (Prop_bufg_I_O)         0.026    -1.120 r  pll.clk_pll/inst/clkout1_buf/O
                         net (fo=3305, routed)        0.647    -0.472    u_data_sram_wrap/cpu_clk
    SLICE_X97Y94         FDRE                                         r  u_data_sram_wrap/buf_wptr_reg[1]/C
  -------------------------------------------------------------------    -------------------
    SLICE_X97Y94         FDRE (Prop_fdre_C_Q)         0.141    -0.331 r  u_data_sram_wrap/buf_wptr_reg[1]/Q
                         net (fo=52, routed)          0.286    -0.045    u_data_sram_wrap/buf_rdata_reg_0_3_0_5/ADDRD1
    SLICE_X98Y93         RAMS32                                       r  u_data_sram_wrap/buf_rdata_reg_0_3_0_5/RAMD_D1/ADR1
  -------------------------------------------------------------------    -------------------

                         (clock cpu_clk_clk_pll rise edge)
                                                      0.000     0.000 r  
    AC19                                              0.000     0.000 r  clk (IN)
                         net (fo=0)                   0.000     0.000    pll.clk_pll/inst/clk_in1
    AC19                 IBUF (Prop_ibuf_I_O)         0.441     0.441 r  pll.clk_pll/inst/clkin1_ibufg/O
                         net (fo=1, routed)           0.620     1.061    pll.clk_pll/inst/clk_in1_clk_pll
    PLLE2_ADV_X0Y2       PLLE2_ADV (Prop_plle2_adv_CLKIN1_CLKOUT0)
                                                     -2.851    -1.790 r  pll.clk_pll/inst/plle2_adv_inst/CLKOUT0
                         net (fo=1, routed)           0.611    -1.180    pll.clk_pll/inst/cpu_clk_clk_pll
    BUFGCTRL_X0Y0        BUFG (Prop_bufg_I_O)         0.029    -1.151 r  pll.clk_pll/inst/clkout1_buf/O
                         net (fo=3305, routed)        0.922    -0.229    u_data_sram_wrap/buf_rdata_reg_0_3_0_5/WCLK
    SLICE_X98Y93         RAMS32                                       r  u_data_sram_wrap/buf_rdata_reg_0_3_0_5/RAMD_D1/CLK
                         clock pessimism             -0.227    -0.456    
    SLICE_X98Y93         RAMS32 (Hold_rams32_CLK_ADR1)
                                                      0.309    -0.147    u_data_sram_wrap/buf_rdata_reg_0_3_0_5/RAMD_D1
  -------------------------------------------------------------------
                         required time                          0.147    
                         arrival time                          -0.045    
  -------------------------------------------------------------------
                         slack                                  0.102    

Slack (MET) :             0.123ns  (arrival time - required time)
  Source:                 u_inst_sram_wrap/buf_wptr_reg[0]/C
                            (rising edge-triggered cell FDRE clocked by cpu_clk_clk_pll  {rise@0.000ns fall@10.000ns period=20.000ns})
  Destination:            u_inst_sram_wrap/buf_rdata_reg_0_3_18_23/RAMA/WADR0
                            (rising edge-triggered cell RAMD32 clocked by cpu_clk_clk_pll  {rise@0.000ns fall@10.000ns period=20.000ns})
  Path Group:             cpu_clk_clk_pll
  Path Type:              Hold (Min at Fast Process Corner)
  Requirement:            0.000ns  (cpu_clk_clk_pll rise@0.000ns - cpu_clk_clk_pll rise@0.000ns)
  Data Path Delay:        0.471ns  (logic 0.164ns (34.786%)  route 0.307ns (65.214%))
  Logic Levels:           0  
  Clock Path Skew:        0.038ns (DCD - SCD - CPR)
    Destination Clock Delay (DCD):    -0.231ns
    Source Clock Delay      (SCD):    -0.475ns
    Clock Pessimism Removal (CPR):    0.206ns

    Location             Delay type                Incr(ns)  Path(ns)    Netlist Resource(s)
  -------------------------------------------------------------------    -------------------
                         (clock cpu_clk_clk_pll rise edge)
                                                      0.000     0.000 r  
    AC19                                              0.000     0.000 r  clk (IN)
                         net (fo=0)                   0.000     0.000    pll.clk_pll/inst/clk_in1
    AC19                 IBUF (Prop_ibuf_I_O)         0.253     0.253 r  pll.clk_pll/inst/clkin1_ibufg/O
                         net (fo=1, routed)           0.565     0.818    pll.clk_pll/inst/clk_in1_clk_pll
    PLLE2_ADV_X0Y2       PLLE2_ADV (Prop_plle2_adv_CLKIN1_CLKOUT0)
                                                     -2.523    -1.705 r  pll.clk_pll/inst/plle2_adv_inst/CLKOUT0
                         net (fo=1, routed)           0.560    -1.146    pll.clk_pll/inst/cpu_clk_clk_pll
    BUFGCTRL_X0Y0        BUFG (Prop_bufg_I_O)         0.026    -1.120 r  pll.clk_pll/inst/clkout1_buf/O
                         net (fo=3305, routed)        0.644    -0.475    u_inst_sram_wrap/cpu_clk
    SLICE_X70Y97         FDRE                                         r  u_inst_sram_wrap/buf_wptr_reg[0]/C
  -------------------------------------------------------------------    -------------------
    SLICE_X70Y97         FDRE (Prop_fdre_C_Q)         0.164    -0.311 r  u_inst_sram_wrap/buf_wptr_reg[0]/Q
                         net (fo=54, routed)          0.307    -0.004    u_inst_sram_wrap/buf_rdata_reg_0_3_18_23/ADDRD0
    SLICE_X68Y97         RAMD32                                       r  u_inst_sram_wrap/buf_rdata_reg_0_3_18_23/RAMA/WADR0
  -------------------------------------------------------------------    -------------------

                         (clock cpu_clk_clk_pll rise edge)
                                                      0.000     0.000 r  
    AC19                                              0.000     0.000 r  clk (IN)
                         net (fo=0)                   0.000     0.000    pll.clk_pll/inst/clk_in1
    AC19                 IBUF (Prop_ibuf_I_O)         0.441     0.441 r  pll.clk_pll/inst/clkin1_ibufg/O
                         net (fo=1, routed)           0.620     1.061    pll.clk_pll/inst/clk_in1_clk_pll
    PLLE2_ADV_X0Y2       PLLE2_ADV (Prop_plle2_adv_CLKIN1_CLKOUT0)
                                                     -2.851    -1.790 r  pll.clk_pll/inst/plle2_adv_inst/CLKOUT0
                         net (fo=1, routed)           0.611    -1.180    pll.clk_pll/inst/cpu_clk_clk_pll
    BUFGCTRL_X0Y0        BUFG (Prop_bufg_I_O)         0.029    -1.151 r  pll.clk_pll/inst/clkout1_buf/O
                         net (fo=3305, routed)        0.920    -0.231    u_inst_sram_wrap/buf_rdata_reg_0_3_18_23/WCLK
    SLICE_X68Y97         RAMD32                                       r  u_inst_sram_wrap/buf_rdata_reg_0_3_18_23/RAMA/CLK
                         clock pessimism             -0.206    -0.437    
    SLICE_X68Y97         RAMD32 (Hold_ramd32_CLK_WADR0)
                                                      0.310    -0.127    u_inst_sram_wrap/buf_rdata_reg_0_3_18_23/RAMA
  -------------------------------------------------------------------
                         required time                          0.127    
                         arrival time                          -0.004    
  -------------------------------------------------------------------
                         slack                                  0.123    

Slack (MET) :             0.123ns  (arrival time - required time)
  Source:                 u_inst_sram_wrap/buf_wptr_reg[0]/C
                            (rising edge-triggered cell FDRE clocked by cpu_clk_clk_pll  {rise@0.000ns fall@10.000ns period=20.000ns})
  Destination:            u_inst_sram_wrap/buf_rdata_reg_0_3_18_23/RAMA_D1/WADR0
                            (rising edge-triggered cell RAMD32 clocked by cpu_clk_clk_pll  {rise@0.000ns fall@10.000ns period=20.000ns})
  Path Group:             cpu_clk_clk_pll
  Path Type:              Hold (Min at Fast Process Corner)
  Requirement:            0.000ns  (cpu_clk_clk_pll rise@0.000ns - cpu_clk_clk_pll rise@0.000ns)
  Data Path Delay:        0.471ns  (logic 0.164ns (34.786%)  route 0.307ns (65.214%))
  Logic Levels:           0  
  Clock Path Skew:        0.038ns (DCD - SCD - CPR)
    Destination Clock Delay (DCD):    -0.231ns
    Source Clock Delay      (SCD):    -0.475ns
    Clock Pessimism Removal (CPR):    0.206ns

    Location             Delay type                Incr(ns)  Path(ns)    Netlist Resource(s)
  -------------------------------------------------------------------    -------------------
                         (clock cpu_clk_clk_pll rise edge)
                                                      0.000     0.000 r  
    AC19                                              0.000     0.000 r  clk (IN)
                         net (fo=0)                   0.000     0.000    pll.clk_pll/inst/clk_in1
    AC19                 IBUF (Prop_ibuf_I_O)         0.253     0.253 r  pll.clk_pll/inst/clkin1_ibufg/O
                         net (fo=1, routed)           0.565     0.818    pll.clk_pll/inst/clk_in1_clk_pll
    PLLE2_ADV_X0Y2       PLLE2_ADV (Prop_plle2_adv_CLKIN1_CLKOUT0)
                                                     -2.523    -1.705 r  pll.clk_pll/inst/plle2_adv_inst/CLKOUT0
                         net (fo=1, routed)           0.560    -1.146    pll.clk_pll/inst/cpu_clk_clk_pll
    BUFGCTRL_X0Y0        BUFG (Prop_bufg_I_O)         0.026    -1.120 r  pll.clk_pll/inst/clkout1_buf/O
                         net (fo=3305, routed)        0.644    -0.475    u_inst_sram_wrap/cpu_clk
    SLICE_X70Y97         FDRE                                         r  u_inst_sram_wrap/buf_wptr_reg[0]/C
  -------------------------------------------------------------------    -------------------
    SLICE_X70Y97         FDRE (Prop_fdre_C_Q)         0.164    -0.311 r  u_inst_sram_wrap/buf_wptr_reg[0]/Q
                         net (fo=54, routed)          0.307    -0.004    u_inst_sram_wrap/buf_rdata_reg_0_3_18_23/ADDRD0
    SLICE_X68Y97         RAMD32                                       r  u_inst_sram_wrap/buf_rdata_reg_0_3_18_23/RAMA_D1/WADR0
  -------------------------------------------------------------------    -------------------

                         (clock cpu_clk_clk_pll rise edge)
                                                      0.000     0.000 r  
    AC19                                              0.000     0.000 r  clk (IN)
                         net (fo=0)                   0.000     0.000    pll.clk_pll/inst/clk_in1
    AC19                 IBUF (Prop_ibuf_I_O)         0.441     0.441 r  pll.clk_pll/inst/clkin1_ibufg/O
                         net (fo=1, routed)           0.620     1.061    pll.clk_pll/inst/clk_in1_clk_pll
    PLLE2_ADV_X0Y2       PLLE2_ADV (Prop_plle2_adv_CLKIN1_CLKOUT0)
                                                     -2.851    -1.790 r  pll.clk_pll/inst/plle2_adv_inst/CLKOUT0
                         net (fo=1, routed)           0.611    -1.180    pll.clk_pll/inst/cpu_clk_clk_pll
    BUFGCTRL_X0Y0        BUFG (Prop_bufg_I_O)         0.029    -1.151 r  pll.clk_pll/inst/clkout1_buf/O
                         net (fo=3305, routed)        0.920    -0.231    u_inst_sram_wrap/buf_rdata_reg_0_3_18_23/WCLK
    SLICE_X68Y97         RAMD32                                       r  u_inst_sram_wrap/buf_rdata_reg_0_3_18_23/RAMA_D1/CLK
                         clock pessimism             -0.206    -0.437    
    SLICE_X68Y97         RAMD32 (Hold_ramd32_CLK_WADR0)
                                                      0.310    -0.127    u_inst_sram_wrap/buf_rdata_reg_0_3_18_23/RAMA_D1
  -------------------------------------------------------------------
                         required time                          0.127    
                         arrival time                          -0.004    
  -------------------------------------------------------------------
                         slack                                  0.123    





Pulse Width Checks
--------------------------------------------------------------------------------------
Clock Name:         cpu_clk_clk_pll
Waveform(ns):       { 0.000 10.000 }
Period(ns):         20.000
Sources:            { pll.clk_pll/inst/plle2_adv_inst/CLKOUT0 }

Check Type        Corner  Lib Pin             Reference Pin  Required(ns)  Actual(ns)  Slack(ns)  Location        Pin
Min Period        n/a     RAMB36E1/CLKARDCLK  n/a            2.170         20.000      17.830     RAMB36_X7Y5     data_ram/U0/inst_blk_mem_gen/gnbram.gnativebmg.native_blk_mem_gen/valid.cstr/ramloop[16].ram.r/prim_noinit.ram/DEVICE_7SERIES.NO_BMM_INFO.SP.SIMPLE_PRIM36.ram/CLKARDCLK
Min Period        n/a     RAMB36E1/CLKBWRCLK  n/a            2.170         20.000      17.830     RAMB36_X7Y5     data_ram/U0/inst_blk_mem_gen/gnbram.gnativebmg.native_blk_mem_gen/valid.cstr/ramloop[16].ram.r/prim_noinit.ram/DEVICE_7SERIES.NO_BMM_INFO.SP.SIMPLE_PRIM36.ram/CLKBWRCLK
Min Period        n/a     RAMB36E1/CLKARDCLK  n/a            2.170         20.000      17.830     RAMB36_X8Y16    data_ram/U0/inst_blk_mem_gen/gnbram.gnativebmg.native_blk_mem_gen/valid.cstr/ramloop[36].ram.r/prim_noinit.ram/DEVICE_7SERIES.NO_BMM_INFO.SP.SIMPLE_PRIM36.ram/CLKARDCLK
Min Period        n/a     RAMB36E1/CLKBWRCLK  n/a            2.170         20.000      17.830     RAMB36_X8Y16    data_ram/U0/inst_blk_mem_gen/gnbram.gnativebmg.native_blk_mem_gen/valid.cstr/ramloop[36].ram.r/prim_noinit.ram/DEVICE_7SERIES.NO_BMM_INFO.SP.SIMPLE_PRIM36.ram/CLKBWRCLK
Min Period        n/a     RAMB36E1/CLKARDCLK  n/a            2.170         20.000      17.830     RAMB36_X6Y24    data_ram/U0/inst_blk_mem_gen/gnbram.gnativebmg.native_blk_mem_gen/valid.cstr/ramloop[56].ram.r/prim_noinit.ram/DEVICE_7SERIES.NO_BMM_INFO.SP.SIMPLE_PRIM36.ram/CLKARDCLK
Min Period        n/a     RAMB36E1/CLKBWRCLK  n/a            2.170         20.000      17.830     RAMB36_X6Y24    data_ram/U0/inst_blk_mem_gen/gnbram.gnativebmg.native_blk_mem_gen/valid.cstr/ramloop[56].ram.r/prim_noinit.ram/DEVICE_7SERIES.NO_BMM_INFO.SP.SIMPLE_PRIM36.ram/CLKBWRCLK
Min Period        n/a     RAMB36E1/CLKARDCLK  n/a            2.170         20.000      17.830     RAMB36_X3Y14    inst_ram/U0/inst_blk_mem_gen/gnbram.gnativebmg.native_blk_mem_gen/valid.cstr/ramloop[106].ram.r/prim_init.ram/DEVICE_7SERIES.NO_BMM_INFO.SP.SIMPLE_PRIM36.ram/CLKARDCLK
Min Period        n/a     RAMB36E1/CLKBWRCLK  n/a            2.170         20.000      17.830     RAMB36_X3Y14    inst_ram/U0/inst_blk_mem_gen/gnbram.gnativebmg.native_blk_mem_gen/valid.cstr/ramloop[106].ram.r/prim_init.ram/DEVICE_7SERIES.NO_BMM_INFO.SP.SIMPLE_PRIM36.ram/CLKBWRCLK
Min Period        n/a     RAMB36E1/CLKARDCLK  n/a            2.170         20.000      17.830     RAMB36_X2Y4     inst_ram/U0/inst_blk_mem_gen/gnbram.gnativebmg.native_blk_mem_gen/valid.cstr/ramloop[126].ram.r/prim_init.ram/DEVICE_7SERIES.NO_BMM_INFO.SP.SIMPLE_PRIM36.ram/CLKARDCLK
Min Period        n/a     RAMB36E1/CLKBWRCLK  n/a            2.170         20.000      17.830     RAMB36_X2Y4     inst_ram/U0/inst_blk_mem_gen/gnbram.gnativebmg.native_blk_mem_gen/valid.cstr/ramloop[126].ram.r/prim_init.ram/DEVICE_7SERIES.NO_BMM_INFO.SP.SIMPLE_PRIM36.ram/CLKBWRCLK
Max Period        n/a     PLLE2_ADV/CLKOUT0   n/a            160.000       20.000      140.000    PLLE2_ADV_X0Y2  pll.clk_pll/inst/plle2_adv_inst/CLKOUT0
Low Pulse Width   Slow    RAMD32/CLK          n/a            1.130         10.000      8.870      SLICE_X94Y93    u_data_sram_wrap/buf_rdata_reg_0_3_18_23/RAMA/CLK
Low Pulse Width   Slow    RAMD32/CLK          n/a            1.130         10.000      8.870      SLICE_X94Y93    u_data_sram_wrap/buf_rdata_reg_0_3_18_23/RAMA_D1/CLK
Low Pulse Width   Slow    RAMD32/CLK          n/a            1.130         10.000      8.870      SLICE_X94Y93    u_data_sram_wrap/buf_rdata_reg_0_3_18_23/RAMB/CLK
Low Pulse Width   Slow    RAMD32/CLK          n/a            1.130         10.000      8.870      SLICE_X94Y93    u_data_sram_wrap/buf_rdata_reg_0_3_18_23/RAMB_D1/CLK
Low Pulse Width   Slow    RAMD32/CLK          n/a            1.130         10.000      8.870      SLICE_X94Y93    u_data_sram_wrap/buf_rdata_reg_0_3_18_23/RAMC/CLK
Low Pulse Width   Slow    RAMD32/CLK          n/a            1.130         10.000      8.870      SLICE_X94Y93    u_data_sram_wrap/buf_rdata_reg_0_3_18_23/RAMC_D1/CLK
Low Pulse Width   Slow    RAMS32/CLK          n/a            1.130         10.000      8.870      SLICE_X94Y93    u_data_sram_wrap/buf_rdata_reg_0_3_18_23/RAMD/CLK
Low Pulse Width   Slow    RAMS32/CLK          n/a            1.130         10.000      8.870      SLICE_X94Y93    u_data_sram_wrap/buf_rdata_reg_0_3_18_23/RAMD_D1/CLK
Low Pulse Width   Slow    RAMD32/CLK          n/a            1.130         10.000      8.870      SLICE_X90Y95    u_data_sram_wrap/buf_rdata_reg_0_3_24_29/RAMA/CLK
Low Pulse Width   Slow    RAMD32/CLK          n/a            1.130         10.000      8.870      SLICE_X90Y95    u_data_sram_wrap/buf_rdata_reg_0_3_24_29/RAMA_D1/CLK
High Pulse Width  Fast    RAMD32/CLK          n/a            1.130         10.000      8.870      SLICE_X98Y93    u_data_sram_wrap/buf_rdata_reg_0_3_0_5/RAMA/CLK
High Pulse Width  Fast    RAMD32/CLK          n/a            1.130         10.000      8.870      SLICE_X98Y93    u_data_sram_wrap/buf_rdata_reg_0_3_0_5/RAMA_D1/CLK
High Pulse Width  Fast    RAMD32/CLK          n/a            1.130         10.000      8.870      SLICE_X98Y93    u_data_sram_wrap/buf_rdata_reg_0_3_0_5/RAMB/CLK
High Pulse Width  Fast    RAMD32/CLK          n/a            1.130         10.000      8.870      SLICE_X98Y93    u_data_sram_wrap/buf_rdata_reg_0_3_0_5/RAMB_D1/CLK
High Pulse Width  Fast    RAMD32/CLK          n/a            1.130         10.000      8.870      SLICE_X98Y93    u_data_sram_wrap/buf_rdata_reg_0_3_0_5/RAMC/CLK
High Pulse Width  Fast    RAMD32/CLK          n/a            1.130         10.000      8.870      SLICE_X98Y93    u_data_sram_wrap/buf_rdata_reg_0_3_0_5/RAMC_D1/CLK
High Pulse Width  Fast    RAMS32/CLK          n/a            1.130         10.000      8.870      SLICE_X98Y93    u_data_sram_wrap/buf_rdata_reg_0_3_0_5/RAMD/CLK
High Pulse Width  Fast    RAMS32/CLK          n/a            1.130         10.000      8.870      SLICE_X98Y93    u_data_sram_wrap/buf_rdata_reg_0_3_0_5/RAMD_D1/CLK
High Pulse Width  Fast    RAMD32/CLK          n/a            1.130         10.000      8.870      SLICE_X98Y92    u_data_sram_wrap/buf_rdata_reg_0_3_12_17/RAMA/CLK
High Pulse Width  Fast    RAMD32/CLK          n/a            1.130         10.000      8.870      SLICE_X98Y92    u_data_sram_wrap/buf_rdata_reg_0_3_12_17/RAMA_D1/CLK



---------------------------------------------------------------------------------------------------
From Clock:  timer_clk_clk_pll
  To Clock:  timer_clk_clk_pll

Setup :            0  Failing Endpoints,  Worst Slack        6.694ns,  Total Violation        0.000ns
Hold  :            0  Failing Endpoints,  Worst Slack        0.118ns,  Total Violation        0.000ns
PW    :            0  Failing Endpoints,  Worst Slack        4.500ns,  Total Violation        0.000ns
---------------------------------------------------------------------------------------------------


Max Delay Paths
--------------------------------------------------------------------------------------
Slack (MET) :             6.694ns  (required time - arrival time)
  Source:                 u_confreg/write_timer_begin_r2_reg/C
                            (rising edge-triggered cell FDRE clocked by timer_clk_clk_pll  {rise@0.000ns fall@5.000ns period=10.000ns})
  Destination:            u_confreg/timer_reg[31]/D
                            (rising edge-triggered cell FDRE clocked by timer_clk_clk_pll  {rise@0.000ns fall@5.000ns period=10.000ns})
  Path Group:             timer_clk_clk_pll
  Path Type:              Setup (Max at Slow Process Corner)
  Requirement:            10.000ns  (timer_clk_clk_pll rise@10.000ns - timer_clk_clk_pll rise@0.000ns)
  Data Path Delay:        3.257ns  (logic 1.135ns (34.852%)  route 2.122ns (65.148%))
  Logic Levels:           2  (CARRY4=1 LUT4=1)
  Clock Path Skew:        -0.031ns (DCD - SCD + CPR)
    Destination Clock Delay (DCD):    -1.377ns = ( 8.623 - 10.000 ) 
    Source Clock Delay      (SCD):    -1.784ns
    Clock Pessimism Removal (CPR):    -0.438ns
  Clock Uncertainty:      0.077ns  ((TSJ^2 + DJ^2)^1/2) / 2 + PE
    Total System Jitter     (TSJ):    0.071ns
    Discrete Jitter          (DJ):    0.138ns
    Phase Error              (PE):    0.000ns

    Location             Delay type                Incr(ns)  Path(ns)    Netlist Resource(s)
  -------------------------------------------------------------------    -------------------
                         (clock timer_clk_clk_pll rise edge)
                                                      0.000     0.000 r  
    AC19                                              0.000     0.000 r  clk (IN)
                         net (fo=0)                   0.000     0.000    pll.clk_pll/inst/clk_in1
    AC19                 IBUF (Prop_ibuf_I_O)         1.416     1.416 r  pll.clk_pll/inst/clkin1_ibufg/O
                         net (fo=1, routed)           1.404     2.820    pll.clk_pll/inst/clk_in1_clk_pll
    PLLE2_ADV_X0Y2       PLLE2_ADV (Prop_plle2_adv_CLKIN1_CLKOUT1)
                                                     -7.646    -4.825 r  pll.clk_pll/inst/plle2_adv_inst/CLKOUT1
                         net (fo=1, routed)           1.557    -3.269    pll.clk_pll/inst/timer_clk_clk_pll
    BUFGCTRL_X0Y1        BUFG (Prop_bufg_I_O)         0.081    -3.188 r  pll.clk_pll/inst/clkout2_buf/O
                         net (fo=99, routed)          1.404    -1.784    u_confreg/timer_clk
    SLICE_X90Y100        FDRE                                         r  u_confreg/write_timer_begin_r2_reg/C
  -------------------------------------------------------------------    -------------------
    SLICE_X90Y100        FDRE (Prop_fdre_C_Q)         0.398    -1.386 r  u_confreg/write_timer_begin_r2_reg/Q
                         net (fo=35, routed)          2.122     0.736    u_confreg/write_timer_begin_r2
    SLICE_X91Y112        LUT4 (Prop_lut4_I2_O)        0.234     0.970 r  u_confreg/timer[28]_i_5/O
                         net (fo=1, routed)           0.000     0.970    u_confreg/timer[28]_i_5_n_0
    SLICE_X91Y112        CARRY4 (Prop_carry4_S[0]_O[3])
                                                      0.503     1.473 r  u_confreg/timer_reg[28]_i_1/O[3]
                         net (fo=1, routed)           0.000     1.473    u_confreg/timer_reg[28]_i_1_n_4
    SLICE_X91Y112        FDRE                                         r  u_confreg/timer_reg[31]/D
  -------------------------------------------------------------------    -------------------

                         (clock timer_clk_clk_pll rise edge)
                                                     10.000    10.000 r  
    AC19                                              0.000    10.000 r  clk (IN)
                         net (fo=0)                   0.000    10.000    pll.clk_pll/inst/clk_in1
    AC19                 IBUF (Prop_ibuf_I_O)         1.350    11.350 r  pll.clk_pll/inst/clkin1_ibufg/O
                         net (fo=1, routed)           1.327    12.677    pll.clk_pll/inst/clk_in1_clk_pll
    PLLE2_ADV_X0Y2       PLLE2_ADV (Prop_plle2_adv_CLKIN1_CLKOUT1)
                                                     -6.905     5.771 r  pll.clk_pll/inst/plle2_adv_inst/CLKOUT1
                         net (fo=1, routed)           1.484     7.256    pll.clk_pll/inst/timer_clk_clk_pll
    BUFGCTRL_X0Y1        BUFG (Prop_bufg_I_O)         0.077     7.333 r  pll.clk_pll/inst/clkout2_buf/O
                         net (fo=99, routed)          1.290     8.623    u_confreg/timer_clk
    SLICE_X91Y112        FDRE                                         r  u_confreg/timer_reg[31]/C
                         clock pessimism             -0.438     8.185    
                         clock uncertainty           -0.077     8.108    
    SLICE_X91Y112        FDRE (Setup_fdre_C_D)        0.059     8.167    u_confreg/timer_reg[31]
  -------------------------------------------------------------------
                         required time                          8.167    
                         arrival time                          -1.473    
  -------------------------------------------------------------------
                         slack                                  6.694    

Slack (MET) :             6.718ns  (required time - arrival time)
  Source:                 u_confreg/write_timer_begin_r2_reg/C
                            (rising edge-triggered cell FDRE clocked by timer_clk_clk_pll  {rise@0.000ns fall@5.000ns period=10.000ns})
  Destination:            u_confreg/timer_reg[29]/D
                            (rising edge-triggered cell FDRE clocked by timer_clk_clk_pll  {rise@0.000ns fall@5.000ns period=10.000ns})
  Path Group:             timer_clk_clk_pll
  Path Type:              Setup (Max at Slow Process Corner)
  Requirement:            10.000ns  (timer_clk_clk_pll rise@10.000ns - timer_clk_clk_pll rise@0.000ns)
  Data Path Delay:        3.232ns  (logic 1.533ns (47.430%)  route 1.699ns (52.570%))
  Logic Levels:           5  (CARRY4=4 LUT4=1)
  Clock Path Skew:        -0.031ns (DCD - SCD + CPR)
    Destination Clock Delay (DCD):    -1.377ns = ( 8.623 - 10.000 ) 
    Source Clock Delay      (SCD):    -1.784ns
    Clock Pessimism Removal (CPR):    -0.438ns
  Clock Uncertainty:      0.077ns  ((TSJ^2 + DJ^2)^1/2) / 2 + PE
    Total System Jitter     (TSJ):    0.071ns
    Discrete Jitter          (DJ):    0.138ns
    Phase Error              (PE):    0.000ns

    Location             Delay type                Incr(ns)  Path(ns)    Netlist Resource(s)
  -------------------------------------------------------------------    -------------------
                         (clock timer_clk_clk_pll rise edge)
                                                      0.000     0.000 r  
    AC19                                              0.000     0.000 r  clk (IN)
                         net (fo=0)                   0.000     0.000    pll.clk_pll/inst/clk_in1
    AC19                 IBUF (Prop_ibuf_I_O)         1.416     1.416 r  pll.clk_pll/inst/clkin1_ibufg/O
                         net (fo=1, routed)           1.404     2.820    pll.clk_pll/inst/clk_in1_clk_pll
    PLLE2_ADV_X0Y2       PLLE2_ADV (Prop_plle2_adv_CLKIN1_CLKOUT1)
                                                     -7.646    -4.825 r  pll.clk_pll/inst/plle2_adv_inst/CLKOUT1
                         net (fo=1, routed)           1.557    -3.269    pll.clk_pll/inst/timer_clk_clk_pll
    BUFGCTRL_X0Y1        BUFG (Prop_bufg_I_O)         0.081    -3.188 r  pll.clk_pll/inst/clkout2_buf/O
                         net (fo=99, routed)          1.404    -1.784    u_confreg/timer_clk
    SLICE_X90Y100        FDRE                                         r  u_confreg/write_timer_begin_r2_reg/C
  -------------------------------------------------------------------    -------------------
    SLICE_X90Y100        FDRE (Prop_fdre_C_Q)         0.398    -1.386 r  u_confreg/write_timer_begin_r2_reg/Q
                         net (fo=35, routed)          1.699     0.313    u_confreg/write_timer_begin_r2
    SLICE_X91Y109        LUT4 (Prop_lut4_I2_O)        0.234     0.547 r  u_confreg/timer[16]_i_5/O
                         net (fo=1, routed)           0.000     0.547    u_confreg/timer[16]_i_5_n_0
    SLICE_X91Y109        CARRY4 (Prop_carry4_S[0]_CO[3])
                                                      0.440     0.987 r  u_confreg/timer_reg[16]_i_1/CO[3]
                         net (fo=1, routed)           0.000     0.987    u_confreg/timer_reg[16]_i_1_n_0
    SLICE_X91Y110        CARRY4 (Prop_carry4_CI_CO[3])
                                                      0.098     1.085 r  u_confreg/timer_reg[20]_i_1/CO[3]
                         net (fo=1, routed)           0.000     1.085    u_confreg/timer_reg[20]_i_1_n_0
    SLICE_X91Y111        CARRY4 (Prop_carry4_CI_CO[3])
                                                      0.098     1.183 r  u_confreg/timer_reg[24]_i_1/CO[3]
                         net (fo=1, routed)           0.000     1.183    u_confreg/timer_reg[24]_i_1_n_0
    SLICE_X91Y112        CARRY4 (Prop_carry4_CI_O[1])
                                                      0.265     1.448 r  u_confreg/timer_reg[28]_i_1/O[1]
                         net (fo=1, routed)           0.000     1.448    u_confreg/timer_reg[28]_i_1_n_6
    SLICE_X91Y112        FDRE                                         r  u_confreg/timer_reg[29]/D
  -------------------------------------------------------------------    -------------------

                         (clock timer_clk_clk_pll rise edge)
                                                     10.000    10.000 r  
    AC19                                              0.000    10.000 r  clk (IN)
                         net (fo=0)                   0.000    10.000    pll.clk_pll/inst/clk_in1
    AC19                 IBUF (Prop_ibuf_I_O)         1.350    11.350 r  pll.clk_pll/inst/clkin1_ibufg/O
                         net (fo=1, routed)           1.327    12.677    pll.clk_pll/inst/clk_in1_clk_pll
    PLLE2_ADV_X0Y2       PLLE2_ADV (Prop_plle2_adv_CLKIN1_CLKOUT1)
                                                     -6.905     5.771 r  pll.clk_pll/inst/plle2_adv_inst/CLKOUT1
                         net (fo=1, routed)           1.484     7.256    pll.clk_pll/inst/timer_clk_clk_pll
    BUFGCTRL_X0Y1        BUFG (Prop_bufg_I_O)         0.077     7.333 r  pll.clk_pll/inst/clkout2_buf/O
                         net (fo=99, routed)          1.290     8.623    u_confreg/timer_clk
    SLICE_X91Y112        FDRE                                         r  u_confreg/timer_reg[29]/C
                         clock pessimism             -0.438     8.185    
                         clock uncertainty           -0.077     8.108    
    SLICE_X91Y112        FDRE (Setup_fdre_C_D)        0.059     8.167    u_confreg/timer_reg[29]
  -------------------------------------------------------------------
                         required time                          8.167    
                         arrival time                          -1.448    
  -------------------------------------------------------------------
                         slack                                  6.718    

Slack (MET) :             6.744ns  (required time - arrival time)
  Source:                 u_confreg/write_timer_begin_r2_reg/C
                            (rising edge-triggered cell FDRE clocked by timer_clk_clk_pll  {rise@0.000ns fall@5.000ns period=10.000ns})
  Destination:            u_confreg/timer_reg[30]/D
                            (rising edge-triggered cell FDRE clocked by timer_clk_clk_pll  {rise@0.000ns fall@5.000ns period=10.000ns})
  Path Group:             timer_clk_clk_pll
  Path Type:              Setup (Max at Slow Process Corner)
  Requirement:            10.000ns  (timer_clk_clk_pll rise@10.000ns - timer_clk_clk_pll rise@0.000ns)
  Data Path Delay:        3.207ns  (logic 1.085ns (33.836%)  route 2.122ns (66.164%))
  Logic Levels:           2  (CARRY4=1 LUT4=1)
  Clock Path Skew:        -0.031ns (DCD - SCD + CPR)
    Destination Clock Delay (DCD):    -1.377ns = ( 8.623 - 10.000 ) 
    Source Clock Delay      (SCD):    -1.784ns
    Clock Pessimism Removal (CPR):    -0.438ns
  Clock Uncertainty:      0.077ns  ((TSJ^2 + DJ^2)^1/2) / 2 + PE
    Total System Jitter     (TSJ):    0.071ns
    Discrete Jitter          (DJ):    0.138ns
    Phase Error              (PE):    0.000ns

    Location             Delay type                Incr(ns)  Path(ns)    Netlist Resource(s)
  -------------------------------------------------------------------    -------------------
                         (clock timer_clk_clk_pll rise edge)
                                                      0.000     0.000 r  
    AC19                                              0.000     0.000 r  clk (IN)
                         net (fo=0)                   0.000     0.000    pll.clk_pll/inst/clk_in1
    AC19                 IBUF (Prop_ibuf_I_O)         1.416     1.416 r  pll.clk_pll/inst/clkin1_ibufg/O
                         net (fo=1, routed)           1.404     2.820    pll.clk_pll/inst/clk_in1_clk_pll
    PLLE2_ADV_X0Y2       PLLE2_ADV (Prop_plle2_adv_CLKIN1_CLKOUT1)
                                                     -7.646    -4.825 r  pll.clk_pll/inst/plle2_adv_inst/CLKOUT1
                         net (fo=1, routed)           1.557    -3.269    pll.clk_pll/inst/timer_clk_clk_pll
    BUFGCTRL_X0Y1        BUFG (Prop_bufg_I_O)         0.081    -3.188 r  pll.clk_pll/inst/clkout2_buf/O
                         net (fo=99, routed)          1.404    -1.784    u_confreg/timer_clk
    SLICE_X90Y100        FDRE                                         r  u_confreg/write_timer_begin_r2_reg/C
  -------------------------------------------------------------------    -------------------
    SLICE_X90Y100        FDRE (Prop_fdre_C_Q)         0.398    -1.386 r  u_confreg/write_timer_begin_r2_reg/Q
                         net (fo=35, routed)          2.122     0.736    u_confreg/write_timer_begin_r2
    SLICE_X91Y112        LUT4 (Prop_lut4_I2_O)        0.234     0.970 r  u_confreg/timer[28]_i_5/O
                         net (fo=1, routed)           0.000     0.970    u_confreg/timer[28]_i_5_n_0
    SLICE_X91Y112        CARRY4 (Prop_carry4_S[0]_O[2])
                                                      0.453     1.423 r  u_confreg/timer_reg[28]_i_1/O[2]
                         net (fo=1, routed)           0.000     1.423    u_confreg/timer_reg[28]_i_1_n_5
    SLICE_X91Y112        FDRE                                         r  u_confreg/timer_reg[30]/D
  -------------------------------------------------------------------    -------------------

                         (clock timer_clk_clk_pll rise edge)
                                                     10.000    10.000 r  
    AC19                                              0.000    10.000 r  clk (IN)
                         net (fo=0)                   0.000    10.000    pll.clk_pll/inst/clk_in1
    AC19                 IBUF (Prop_ibuf_I_O)         1.350    11.350 r  pll.clk_pll/inst/clkin1_ibufg/O
                         net (fo=1, routed)           1.327    12.677    pll.clk_pll/inst/clk_in1_clk_pll
    PLLE2_ADV_X0Y2       PLLE2_ADV (Prop_plle2_adv_CLKIN1_CLKOUT1)
                                                     -6.905     5.771 r  pll.clk_pll/inst/plle2_adv_inst/CLKOUT1
                         net (fo=1, routed)           1.484     7.256    pll.clk_pll/inst/timer_clk_clk_pll
    BUFGCTRL_X0Y1        BUFG (Prop_bufg_I_O)         0.077     7.333 r  pll.clk_pll/inst/clkout2_buf/O
                         net (fo=99, routed)          1.290     8.623    u_confreg/timer_clk
    SLICE_X91Y112        FDRE                                         r  u_confreg/timer_reg[30]/C
                         clock pessimism             -0.438     8.185    
                         clock uncertainty           -0.077     8.108    
    SLICE_X91Y112        FDRE (Setup_fdre_C_D)        0.059     8.167    u_confreg/timer_reg[30]
  -------------------------------------------------------------------
                         required time                          8.167    
                         arrival time                          -1.423    
  -------------------------------------------------------------------
                         slack                                  6.744    

Slack (MET) :             6.802ns  (required time - arrival time)
  Source:                 u_confreg/write_timer_begin_r2_reg/C
                            (rising edge-triggered cell FDRE clocked by timer_clk_clk_pll  {rise@0.000ns fall@5.000ns period=10.000ns})
  Destination:            u_confreg/timer_reg[28]/D
                            (rising edge-triggered cell FDRE clocked by timer_clk_clk_pll  {rise@0.000ns fall@5.000ns period=10.000ns})
  Path Group:             timer_clk_clk_pll
  Path Type:              Setup (Max at Slow Process Corner)
  Requirement:            10.000ns  (timer_clk_clk_pll rise@10.000ns - timer_clk_clk_pll rise@0.000ns)
  Data Path Delay:        3.148ns  (logic 1.449ns (46.027%)  route 1.699ns (53.973%))
  Logic Levels:           5  (CARRY4=4 LUT4=1)
  Clock Path Skew:        -0.031ns (DCD - SCD + CPR)
    Destination Clock Delay (DCD):    -1.377ns = ( 8.623 - 10.000 ) 
    Source Clock Delay      (SCD):    -1.784ns
    Clock Pessimism Removal (CPR):    -0.438ns
  Clock Uncertainty:      0.077ns  ((TSJ^2 + DJ^2)^1/2) / 2 + PE
    Total System Jitter     (TSJ):    0.071ns
    Discrete Jitter          (DJ):    0.138ns
    Phase Error              (PE):    0.000ns

    Location             Delay type                Incr(ns)  Path(ns)    Netlist Resource(s)
  -------------------------------------------------------------------    -------------------
                         (clock timer_clk_clk_pll rise edge)
                                                      0.000     0.000 r  
    AC19                                              0.000     0.000 r  clk (IN)
                         net (fo=0)                   0.000     0.000    pll.clk_pll/inst/clk_in1
    AC19                 IBUF (Prop_ibuf_I_O)         1.416     1.416 r  pll.clk_pll/inst/clkin1_ibufg/O
                         net (fo=1, routed)           1.404     2.820    pll.clk_pll/inst/clk_in1_clk_pll
    PLLE2_ADV_X0Y2       PLLE2_ADV (Prop_plle2_adv_CLKIN1_CLKOUT1)
                                                     -7.646    -4.825 r  pll.clk_pll/inst/plle2_adv_inst/CLKOUT1
                         net (fo=1, routed)           1.557    -3.269    pll.clk_pll/inst/timer_clk_clk_pll
    BUFGCTRL_X0Y1        BUFG (Prop_bufg_I_O)         0.081    -3.188 r  pll.clk_pll/inst/clkout2_buf/O
                         net (fo=99, routed)          1.404    -1.784    u_confreg/timer_clk
    SLICE_X90Y100        FDRE                                         r  u_confreg/write_timer_begin_r2_reg/C
  -------------------------------------------------------------------    -------------------
    SLICE_X90Y100        FDRE (Prop_fdre_C_Q)         0.398    -1.386 r  u_confreg/write_timer_begin_r2_reg/Q
                         net (fo=35, routed)          1.699     0.313    u_confreg/write_timer_begin_r2
    SLICE_X91Y109        LUT4 (Prop_lut4_I2_O)        0.234     0.547 r  u_confreg/timer[16]_i_5/O
                         net (fo=1, routed)           0.000     0.547    u_confreg/timer[16]_i_5_n_0
    SLICE_X91Y109        CARRY4 (Prop_carry4_S[0]_CO[3])
                                                      0.440     0.987 r  u_confreg/timer_reg[16]_i_1/CO[3]
                         net (fo=1, routed)           0.000     0.987    u_confreg/timer_reg[16]_i_1_n_0
    SLICE_X91Y110        CARRY4 (Prop_carry4_CI_CO[3])
                                                      0.098     1.085 r  u_confreg/timer_reg[20]_i_1/CO[3]
                         net (fo=1, routed)           0.000     1.085    u_confreg/timer_reg[20]_i_1_n_0
    SLICE_X91Y111        CARRY4 (Prop_carry4_CI_CO[3])
                                                      0.098     1.183 r  u_confreg/timer_reg[24]_i_1/CO[3]
                         net (fo=1, routed)           0.000     1.183    u_confreg/timer_reg[24]_i_1_n_0
    SLICE_X91Y112        CARRY4 (Prop_carry4_CI_O[0])
                                                      0.181     1.364 r  u_confreg/timer_reg[28]_i_1/O[0]
                         net (fo=1, routed)           0.000     1.364    u_confreg/timer_reg[28]_i_1_n_7
    SLICE_X91Y112        FDRE                                         r  u_confreg/timer_reg[28]/D
  -------------------------------------------------------------------    -------------------

                         (clock timer_clk_clk_pll rise edge)
                                                     10.000    10.000 r  
    AC19                                              0.000    10.000 r  clk (IN)
                         net (fo=0)                   0.000    10.000    pll.clk_pll/inst/clk_in1
    AC19                 IBUF (Prop_ibuf_I_O)         1.350    11.350 r  pll.clk_pll/inst/clkin1_ibufg/O
                         net (fo=1, routed)           1.327    12.677    pll.clk_pll/inst/clk_in1_clk_pll
    PLLE2_ADV_X0Y2       PLLE2_ADV (Prop_plle2_adv_CLKIN1_CLKOUT1)
                                                     -6.905     5.771 r  pll.clk_pll/inst/plle2_adv_inst/CLKOUT1
                         net (fo=1, routed)           1.484     7.256    pll.clk_pll/inst/timer_clk_clk_pll
    BUFGCTRL_X0Y1        BUFG (Prop_bufg_I_O)         0.077     7.333 r  pll.clk_pll/inst/clkout2_buf/O
                         net (fo=99, routed)          1.290     8.623    u_confreg/timer_clk
    SLICE_X91Y112        FDRE                                         r  u_confreg/timer_reg[28]/C
                         clock pessimism             -0.438     8.185    
                         clock uncertainty           -0.077     8.108    
    SLICE_X91Y112        FDRE (Setup_fdre_C_D)        0.059     8.167    u_confreg/timer_reg[28]
  -------------------------------------------------------------------
                         required time                          8.167    
                         arrival time                          -1.364    
  -------------------------------------------------------------------
                         slack                                  6.802    

Slack (MET) :             6.816ns  (required time - arrival time)
  Source:                 u_confreg/write_timer_begin_r2_reg/C
                            (rising edge-triggered cell FDRE clocked by timer_clk_clk_pll  {rise@0.000ns fall@5.000ns period=10.000ns})
  Destination:            u_confreg/timer_reg[25]/D
                            (rising edge-triggered cell FDRE clocked by timer_clk_clk_pll  {rise@0.000ns fall@5.000ns period=10.000ns})
  Path Group:             timer_clk_clk_pll
  Path Type:              Setup (Max at Slow Process Corner)
  Requirement:            10.000ns  (timer_clk_clk_pll rise@10.000ns - timer_clk_clk_pll rise@0.000ns)
  Data Path Delay:        3.134ns  (logic 1.435ns (45.786%)  route 1.699ns (54.214%))
  Logic Levels:           4  (CARRY4=3 LUT4=1)
  Clock Path Skew:        -0.031ns (DCD - SCD + CPR)
    Destination Clock Delay (DCD):    -1.377ns = ( 8.623 - 10.000 ) 
    Source Clock Delay      (SCD):    -1.784ns
    Clock Pessimism Removal (CPR):    -0.438ns
  Clock Uncertainty:      0.077ns  ((TSJ^2 + DJ^2)^1/2) / 2 + PE
    Total System Jitter     (TSJ):    0.071ns
    Discrete Jitter          (DJ):    0.138ns
    Phase Error              (PE):    0.000ns

    Location             Delay type                Incr(ns)  Path(ns)    Netlist Resource(s)
  -------------------------------------------------------------------    -------------------
                         (clock timer_clk_clk_pll rise edge)
                                                      0.000     0.000 r  
    AC19                                              0.000     0.000 r  clk (IN)
                         net (fo=0)                   0.000     0.000    pll.clk_pll/inst/clk_in1
    AC19                 IBUF (Prop_ibuf_I_O)         1.416     1.416 r  pll.clk_pll/inst/clkin1_ibufg/O
                         net (fo=1, routed)           1.404     2.820    pll.clk_pll/inst/clk_in1_clk_pll
    PLLE2_ADV_X0Y2       PLLE2_ADV (Prop_plle2_adv_CLKIN1_CLKOUT1)
                                                     -7.646    -4.825 r  pll.clk_pll/inst/plle2_adv_inst/CLKOUT1
                         net (fo=1, routed)           1.557    -3.269    pll.clk_pll/inst/timer_clk_clk_pll
    BUFGCTRL_X0Y1        BUFG (Prop_bufg_I_O)         0.081    -3.188 r  pll.clk_pll/inst/clkout2_buf/O
                         net (fo=99, routed)          1.404    -1.784    u_confreg/timer_clk
    SLICE_X90Y100        FDRE                                         r  u_confreg/write_timer_begin_r2_reg/C
  -------------------------------------------------------------------    -------------------
    SLICE_X90Y100        FDRE (Prop_fdre_C_Q)         0.398    -1.386 r  u_confreg/write_timer_begin_r2_reg/Q
                         net (fo=35, routed)          1.699     0.313    u_confreg/write_timer_begin_r2
    SLICE_X91Y109        LUT4 (Prop_lut4_I2_O)        0.234     0.547 r  u_confreg/timer[16]_i_5/O
                         net (fo=1, routed)           0.000     0.547    u_confreg/timer[16]_i_5_n_0
    SLICE_X91Y109        CARRY4 (Prop_carry4_S[0]_CO[3])
                                                      0.440     0.987 r  u_confreg/timer_reg[16]_i_1/CO[3]
                         net (fo=1, routed)           0.000     0.987    u_confreg/timer_reg[16]_i_1_n_0
    SLICE_X91Y110        CARRY4 (Prop_carry4_CI_CO[3])
                                                      0.098     1.085 r  u_confreg/timer_reg[20]_i_1/CO[3]
                         net (fo=1, routed)           0.000     1.085    u_confreg/timer_reg[20]_i_1_n_0
    SLICE_X91Y111        CARRY4 (Prop_carry4_CI_O[1])
                                                      0.265     1.350 r  u_confreg/timer_reg[24]_i_1/O[1]
                         net (fo=1, routed)           0.000     1.350    u_confreg/timer_reg[24]_i_1_n_6
    SLICE_X91Y111        FDRE                                         r  u_confreg/timer_reg[25]/D
  -------------------------------------------------------------------    -------------------

                         (clock timer_clk_clk_pll rise edge)
                                                     10.000    10.000 r  
    AC19                                              0.000    10.000 r  clk (IN)
                         net (fo=0)                   0.000    10.000    pll.clk_pll/inst/clk_in1
    AC19                 IBUF (Prop_ibuf_I_O)         1.350    11.350 r  pll.clk_pll/inst/clkin1_ibufg/O
                         net (fo=1, routed)           1.327    12.677    pll.clk_pll/inst/clk_in1_clk_pll
    PLLE2_ADV_X0Y2       PLLE2_ADV (Prop_plle2_adv_CLKIN1_CLKOUT1)
                                                     -6.905     5.771 r  pll.clk_pll/inst/plle2_adv_inst/CLKOUT1
                         net (fo=1, routed)           1.484     7.256    pll.clk_pll/inst/timer_clk_clk_pll
    BUFGCTRL_X0Y1        BUFG (Prop_bufg_I_O)         0.077     7.333 r  pll.clk_pll/inst/clkout2_buf/O
                         net (fo=99, routed)          1.290     8.623    u_confreg/timer_clk
    SLICE_X91Y111        FDRE                                         r  u_confreg/timer_reg[25]/C
                         clock pessimism             -0.438     8.185    
                         clock uncertainty           -0.077     8.108    
    SLICE_X91Y111        FDRE (Setup_fdre_C_D)        0.059     8.167    u_confreg/timer_reg[25]
  -------------------------------------------------------------------
                         required time                          8.167    
                         arrival time                          -1.350    
  -------------------------------------------------------------------
                         slack                                  6.816    

Slack (MET) :             6.821ns  (required time - arrival time)
  Source:                 u_confreg/write_timer_begin_r2_reg/C
                            (rising edge-triggered cell FDRE clocked by timer_clk_clk_pll  {rise@0.000ns fall@5.000ns period=10.000ns})
  Destination:            u_confreg/timer_reg[27]/D
                            (rising edge-triggered cell FDRE clocked by timer_clk_clk_pll  {rise@0.000ns fall@5.000ns period=10.000ns})
  Path Group:             timer_clk_clk_pll
  Path Type:              Setup (Max at Slow Process Corner)
  Requirement:            10.000ns  (timer_clk_clk_pll rise@10.000ns - timer_clk_clk_pll rise@0.000ns)
  Data Path Delay:        3.129ns  (logic 1.430ns (45.699%)  route 1.699ns (54.301%))
  Logic Levels:           4  (CARRY4=3 LUT4=1)
  Clock Path Skew:        -0.031ns (DCD - SCD + CPR)
    Destination Clock Delay (DCD):    -1.377ns = ( 8.623 - 10.000 ) 
    Source Clock Delay      (SCD):    -1.784ns
    Clock Pessimism Removal (CPR):    -0.438ns
  Clock Uncertainty:      0.077ns  ((TSJ^2 + DJ^2)^1/2) / 2 + PE
    Total System Jitter     (TSJ):    0.071ns
    Discrete Jitter          (DJ):    0.138ns
    Phase Error              (PE):    0.000ns

    Location             Delay type                Incr(ns)  Path(ns)    Netlist Resource(s)
  -------------------------------------------------------------------    -------------------
                         (clock timer_clk_clk_pll rise edge)
                                                      0.000     0.000 r  
    AC19                                              0.000     0.000 r  clk (IN)
                         net (fo=0)                   0.000     0.000    pll.clk_pll/inst/clk_in1
    AC19                 IBUF (Prop_ibuf_I_O)         1.416     1.416 r  pll.clk_pll/inst/clkin1_ibufg/O
                         net (fo=1, routed)           1.404     2.820    pll.clk_pll/inst/clk_in1_clk_pll
    PLLE2_ADV_X0Y2       PLLE2_ADV (Prop_plle2_adv_CLKIN1_CLKOUT1)
                                                     -7.646    -4.825 r  pll.clk_pll/inst/plle2_adv_inst/CLKOUT1
                         net (fo=1, routed)           1.557    -3.269    pll.clk_pll/inst/timer_clk_clk_pll
    BUFGCTRL_X0Y1        BUFG (Prop_bufg_I_O)         0.081    -3.188 r  pll.clk_pll/inst/clkout2_buf/O
                         net (fo=99, routed)          1.404    -1.784    u_confreg/timer_clk
    SLICE_X90Y100        FDRE                                         r  u_confreg/write_timer_begin_r2_reg/C
  -------------------------------------------------------------------    -------------------
    SLICE_X90Y100        FDRE (Prop_fdre_C_Q)         0.398    -1.386 r  u_confreg/write_timer_begin_r2_reg/Q
                         net (fo=35, routed)          1.699     0.313    u_confreg/write_timer_begin_r2
    SLICE_X91Y109        LUT4 (Prop_lut4_I2_O)        0.234     0.547 r  u_confreg/timer[16]_i_5/O
                         net (fo=1, routed)           0.000     0.547    u_confreg/timer[16]_i_5_n_0
    SLICE_X91Y109        CARRY4 (Prop_carry4_S[0]_CO[3])
                                                      0.440     0.987 r  u_confreg/timer_reg[16]_i_1/CO[3]
                         net (fo=1, routed)           0.000     0.987    u_confreg/timer_reg[16]_i_1_n_0
    SLICE_X91Y110        CARRY4 (Prop_carry4_CI_CO[3])
                                                      0.098     1.085 r  u_confreg/timer_reg[20]_i_1/CO[3]
                         net (fo=1, routed)           0.000     1.085    u_confreg/timer_reg[20]_i_1_n_0
    SLICE_X91Y111        CARRY4 (Prop_carry4_CI_O[3])
                                                      0.260     1.345 r  u_confreg/timer_reg[24]_i_1/O[3]
                         net (fo=1, routed)           0.000     1.345    u_confreg/timer_reg[24]_i_1_n_4
    SLICE_X91Y111        FDRE                                         r  u_confreg/timer_reg[27]/D
  -------------------------------------------------------------------    -------------------

                         (clock timer_clk_clk_pll rise edge)
                                                     10.000    10.000 r  
    AC19                                              0.000    10.000 r  clk (IN)
                         net (fo=0)                   0.000    10.000    pll.clk_pll/inst/clk_in1
    AC19                 IBUF (Prop_ibuf_I_O)         1.350    11.350 r  pll.clk_pll/inst/clkin1_ibufg/O
                         net (fo=1, routed)           1.327    12.677    pll.clk_pll/inst/clk_in1_clk_pll
    PLLE2_ADV_X0Y2       PLLE2_ADV (Prop_plle2_adv_CLKIN1_CLKOUT1)
                                                     -6.905     5.771 r  pll.clk_pll/inst/plle2_adv_inst/CLKOUT1
                         net (fo=1, routed)           1.484     7.256    pll.clk_pll/inst/timer_clk_clk_pll
    BUFGCTRL_X0Y1        BUFG (Prop_bufg_I_O)         0.077     7.333 r  pll.clk_pll/inst/clkout2_buf/O
                         net (fo=99, routed)          1.290     8.623    u_confreg/timer_clk
    SLICE_X91Y111        FDRE                                         r  u_confreg/timer_reg[27]/C
                         clock pessimism             -0.438     8.185    
                         clock uncertainty           -0.077     8.108    
    SLICE_X91Y111        FDRE (Setup_fdre_C_D)        0.059     8.167    u_confreg/timer_reg[27]
  -------------------------------------------------------------------
                         required time                          8.167    
                         arrival time                          -1.345    
  -------------------------------------------------------------------
                         slack                                  6.821    

Slack (MET) :             6.881ns  (required time - arrival time)
  Source:                 u_confreg/write_timer_begin_r2_reg/C
                            (rising edge-triggered cell FDRE clocked by timer_clk_clk_pll  {rise@0.000ns fall@5.000ns period=10.000ns})
  Destination:            u_confreg/timer_reg[26]/D
                            (rising edge-triggered cell FDRE clocked by timer_clk_clk_pll  {rise@0.000ns fall@5.000ns period=10.000ns})
  Path Group:             timer_clk_clk_pll
  Path Type:              Setup (Max at Slow Process Corner)
  Requirement:            10.000ns  (timer_clk_clk_pll rise@10.000ns - timer_clk_clk_pll rise@0.000ns)
  Data Path Delay:        3.069ns  (logic 1.370ns (44.638%)  route 1.699ns (55.362%))
  Logic Levels:           4  (CARRY4=3 LUT4=1)
  Clock Path Skew:        -0.031ns (DCD - SCD + CPR)
    Destination Clock Delay (DCD):    -1.377ns = ( 8.623 - 10.000 ) 
    Source Clock Delay      (SCD):    -1.784ns
    Clock Pessimism Removal (CPR):    -0.438ns
  Clock Uncertainty:      0.077ns  ((TSJ^2 + DJ^2)^1/2) / 2 + PE
    Total System Jitter     (TSJ):    0.071ns
    Discrete Jitter          (DJ):    0.138ns
    Phase Error              (PE):    0.000ns

    Location             Delay type                Incr(ns)  Path(ns)    Netlist Resource(s)
  -------------------------------------------------------------------    -------------------
                         (clock timer_clk_clk_pll rise edge)
                                                      0.000     0.000 r  
    AC19                                              0.000     0.000 r  clk (IN)
                         net (fo=0)                   0.000     0.000    pll.clk_pll/inst/clk_in1
    AC19                 IBUF (Prop_ibuf_I_O)         1.416     1.416 r  pll.clk_pll/inst/clkin1_ibufg/O
                         net (fo=1, routed)           1.404     2.820    pll.clk_pll/inst/clk_in1_clk_pll
    PLLE2_ADV_X0Y2       PLLE2_ADV (Prop_plle2_adv_CLKIN1_CLKOUT1)
                                                     -7.646    -4.825 r  pll.clk_pll/inst/plle2_adv_inst/CLKOUT1
                         net (fo=1, routed)           1.557    -3.269    pll.clk_pll/inst/timer_clk_clk_pll
    BUFGCTRL_X0Y1        BUFG (Prop_bufg_I_O)         0.081    -3.188 r  pll.clk_pll/inst/clkout2_buf/O
                         net (fo=99, routed)          1.404    -1.784    u_confreg/timer_clk
    SLICE_X90Y100        FDRE                                         r  u_confreg/write_timer_begin_r2_reg/C
  -------------------------------------------------------------------    -------------------
    SLICE_X90Y100        FDRE (Prop_fdre_C_Q)         0.398    -1.386 r  u_confreg/write_timer_begin_r2_reg/Q
                         net (fo=35, routed)          1.699     0.313    u_confreg/write_timer_begin_r2
    SLICE_X91Y109        LUT4 (Prop_lut4_I2_O)        0.234     0.547 r  u_confreg/timer[16]_i_5/O
                         net (fo=1, routed)           0.000     0.547    u_confreg/timer[16]_i_5_n_0
    SLICE_X91Y109        CARRY4 (Prop_carry4_S[0]_CO[3])
                                                      0.440     0.987 r  u_confreg/timer_reg[16]_i_1/CO[3]
                         net (fo=1, routed)           0.000     0.987    u_confreg/timer_reg[16]_i_1_n_0
    SLICE_X91Y110        CARRY4 (Prop_carry4_CI_CO[3])
                                                      0.098     1.085 r  u_confreg/timer_reg[20]_i_1/CO[3]
                         net (fo=1, routed)           0.000     1.085    u_confreg/timer_reg[20]_i_1_n_0
    SLICE_X91Y111        CARRY4 (Prop_carry4_CI_O[2])
                                                      0.200     1.285 r  u_confreg/timer_reg[24]_i_1/O[2]
                         net (fo=1, routed)           0.000     1.285    u_confreg/timer_reg[24]_i_1_n_5
    SLICE_X91Y111        FDRE                                         r  u_confreg/timer_reg[26]/D
  -------------------------------------------------------------------    -------------------

                         (clock timer_clk_clk_pll rise edge)
                                                     10.000    10.000 r  
    AC19                                              0.000    10.000 r  clk (IN)
                         net (fo=0)                   0.000    10.000    pll.clk_pll/inst/clk_in1
    AC19                 IBUF (Prop_ibuf_I_O)         1.350    11.350 r  pll.clk_pll/inst/clkin1_ibufg/O
                         net (fo=1, routed)           1.327    12.677    pll.clk_pll/inst/clk_in1_clk_pll
    PLLE2_ADV_X0Y2       PLLE2_ADV (Prop_plle2_adv_CLKIN1_CLKOUT1)
                                                     -6.905     5.771 r  pll.clk_pll/inst/plle2_adv_inst/CLKOUT1
                         net (fo=1, routed)           1.484     7.256    pll.clk_pll/inst/timer_clk_clk_pll
    BUFGCTRL_X0Y1        BUFG (Prop_bufg_I_O)         0.077     7.333 r  pll.clk_pll/inst/clkout2_buf/O
                         net (fo=99, routed)          1.290     8.623    u_confreg/timer_clk
    SLICE_X91Y111        FDRE                                         r  u_confreg/timer_reg[26]/C
                         clock pessimism             -0.438     8.185    
                         clock uncertainty           -0.077     8.108    
    SLICE_X91Y111        FDRE (Setup_fdre_C_D)        0.059     8.167    u_confreg/timer_reg[26]
  -------------------------------------------------------------------
                         required time                          8.167    
                         arrival time                          -1.285    
  -------------------------------------------------------------------
                         slack                                  6.881    

Slack (MET) :             6.900ns  (required time - arrival time)
  Source:                 u_confreg/write_timer_begin_r2_reg/C
                            (rising edge-triggered cell FDRE clocked by timer_clk_clk_pll  {rise@0.000ns fall@5.000ns period=10.000ns})
  Destination:            u_confreg/timer_reg[24]/D
                            (rising edge-triggered cell FDRE clocked by timer_clk_clk_pll  {rise@0.000ns fall@5.000ns period=10.000ns})
  Path Group:             timer_clk_clk_pll
  Path Type:              Setup (Max at Slow Process Corner)
  Requirement:            10.000ns  (timer_clk_clk_pll rise@10.000ns - timer_clk_clk_pll rise@0.000ns)
  Data Path Delay:        3.050ns  (logic 1.351ns (44.293%)  route 1.699ns (55.707%))
  Logic Levels:           4  (CARRY4=3 LUT4=1)
  Clock Path Skew:        -0.031ns (DCD - SCD + CPR)
    Destination Clock Delay (DCD):    -1.377ns = ( 8.623 - 10.000 ) 
    Source Clock Delay      (SCD):    -1.784ns
    Clock Pessimism Removal (CPR):    -0.438ns
  Clock Uncertainty:      0.077ns  ((TSJ^2 + DJ^2)^1/2) / 2 + PE
    Total System Jitter     (TSJ):    0.071ns
    Discrete Jitter          (DJ):    0.138ns
    Phase Error              (PE):    0.000ns

    Location             Delay type                Incr(ns)  Path(ns)    Netlist Resource(s)
  -------------------------------------------------------------------    -------------------
                         (clock timer_clk_clk_pll rise edge)
                                                      0.000     0.000 r  
    AC19                                              0.000     0.000 r  clk (IN)
                         net (fo=0)                   0.000     0.000    pll.clk_pll/inst/clk_in1
    AC19                 IBUF (Prop_ibuf_I_O)         1.416     1.416 r  pll.clk_pll/inst/clkin1_ibufg/O
                         net (fo=1, routed)           1.404     2.820    pll.clk_pll/inst/clk_in1_clk_pll
    PLLE2_ADV_X0Y2       PLLE2_ADV (Prop_plle2_adv_CLKIN1_CLKOUT1)
                                                     -7.646    -4.825 r  pll.clk_pll/inst/plle2_adv_inst/CLKOUT1
                         net (fo=1, routed)           1.557    -3.269    pll.clk_pll/inst/timer_clk_clk_pll
    BUFGCTRL_X0Y1        BUFG (Prop_bufg_I_O)         0.081    -3.188 r  pll.clk_pll/inst/clkout2_buf/O
                         net (fo=99, routed)          1.404    -1.784    u_confreg/timer_clk
    SLICE_X90Y100        FDRE                                         r  u_confreg/write_timer_begin_r2_reg/C
  -------------------------------------------------------------------    -------------------
    SLICE_X90Y100        FDRE (Prop_fdre_C_Q)         0.398    -1.386 r  u_confreg/write_timer_begin_r2_reg/Q
                         net (fo=35, routed)          1.699     0.313    u_confreg/write_timer_begin_r2
    SLICE_X91Y109        LUT4 (Prop_lut4_I2_O)        0.234     0.547 r  u_confreg/timer[16]_i_5/O
                         net (fo=1, routed)           0.000     0.547    u_confreg/timer[16]_i_5_n_0
    SLICE_X91Y109        CARRY4 (Prop_carry4_S[0]_CO[3])
                                                      0.440     0.987 r  u_confreg/timer_reg[16]_i_1/CO[3]
                         net (fo=1, routed)           0.000     0.987    u_confreg/timer_reg[16]_i_1_n_0
    SLICE_X91Y110        CARRY4 (Prop_carry4_CI_CO[3])
                                                      0.098     1.085 r  u_confreg/timer_reg[20]_i_1/CO[3]
                         net (fo=1, routed)           0.000     1.085    u_confreg/timer_reg[20]_i_1_n_0
    SLICE_X91Y111        CARRY4 (Prop_carry4_CI_O[0])
                                                      0.181     1.266 r  u_confreg/timer_reg[24]_i_1/O[0]
                         net (fo=1, routed)           0.000     1.266    u_confreg/timer_reg[24]_i_1_n_7
    SLICE_X91Y111        FDRE                                         r  u_confreg/timer_reg[24]/D
  -------------------------------------------------------------------    -------------------

                         (clock timer_clk_clk_pll rise edge)
                                                     10.000    10.000 r  
    AC19                                              0.000    10.000 r  clk (IN)
                         net (fo=0)                   0.000    10.000    pll.clk_pll/inst/clk_in1
    AC19                 IBUF (Prop_ibuf_I_O)         1.350    11.350 r  pll.clk_pll/inst/clkin1_ibufg/O
                         net (fo=1, routed)           1.327    12.677    pll.clk_pll/inst/clk_in1_clk_pll
    PLLE2_ADV_X0Y2       PLLE2_ADV (Prop_plle2_adv_CLKIN1_CLKOUT1)
                                                     -6.905     5.771 r  pll.clk_pll/inst/plle2_adv_inst/CLKOUT1
                         net (fo=1, routed)           1.484     7.256    pll.clk_pll/inst/timer_clk_clk_pll
    BUFGCTRL_X0Y1        BUFG (Prop_bufg_I_O)         0.077     7.333 r  pll.clk_pll/inst/clkout2_buf/O
                         net (fo=99, routed)          1.290     8.623    u_confreg/timer_clk
    SLICE_X91Y111        FDRE                                         r  u_confreg/timer_reg[24]/C
                         clock pessimism             -0.438     8.185    
                         clock uncertainty           -0.077     8.108    
    SLICE_X91Y111        FDRE (Setup_fdre_C_D)        0.059     8.167    u_confreg/timer_reg[24]
  -------------------------------------------------------------------
                         required time                          8.167    
                         arrival time                          -1.266    
  -------------------------------------------------------------------
                         slack                                  6.900    

Slack (MET) :             6.915ns  (required time - arrival time)
  Source:                 u_confreg/write_timer_begin_r2_reg/C
                            (rising edge-triggered cell FDRE clocked by timer_clk_clk_pll  {rise@0.000ns fall@5.000ns period=10.000ns})
  Destination:            u_confreg/timer_reg[21]/D
                            (rising edge-triggered cell FDRE clocked by timer_clk_clk_pll  {rise@0.000ns fall@5.000ns period=10.000ns})
  Path Group:             timer_clk_clk_pll
  Path Type:              Setup (Max at Slow Process Corner)
  Requirement:            10.000ns  (timer_clk_clk_pll rise@10.000ns - timer_clk_clk_pll rise@0.000ns)
  Data Path Delay:        3.036ns  (logic 1.337ns (44.036%)  route 1.699ns (55.964%))
  Logic Levels:           3  (CARRY4=2 LUT4=1)
  Clock Path Skew:        -0.030ns (DCD - SCD + CPR)
    Destination Clock Delay (DCD):    -1.376ns = ( 8.624 - 10.000 ) 
    Source Clock Delay      (SCD):    -1.784ns
    Clock Pessimism Removal (CPR):    -0.438ns
  Clock Uncertainty:      0.077ns  ((TSJ^2 + DJ^2)^1/2) / 2 + PE
    Total System Jitter     (TSJ):    0.071ns
    Discrete Jitter          (DJ):    0.138ns
    Phase Error              (PE):    0.000ns

    Location             Delay type                Incr(ns)  Path(ns)    Netlist Resource(s)
  -------------------------------------------------------------------    -------------------
                         (clock timer_clk_clk_pll rise edge)
                                                      0.000     0.000 r  
    AC19                                              0.000     0.000 r  clk (IN)
                         net (fo=0)                   0.000     0.000    pll.clk_pll/inst/clk_in1
    AC19                 IBUF (Prop_ibuf_I_O)         1.416     1.416 r  pll.clk_pll/inst/clkin1_ibufg/O
                         net (fo=1, routed)           1.404     2.820    pll.clk_pll/inst/clk_in1_clk_pll
    PLLE2_ADV_X0Y2       PLLE2_ADV (Prop_plle2_adv_CLKIN1_CLKOUT1)
                                                     -7.646    -4.825 r  pll.clk_pll/inst/plle2_adv_inst/CLKOUT1
                         net (fo=1, routed)           1.557    -3.269    pll.clk_pll/inst/timer_clk_clk_pll
    BUFGCTRL_X0Y1        BUFG (Prop_bufg_I_O)         0.081    -3.188 r  pll.clk_pll/inst/clkout2_buf/O
                         net (fo=99, routed)          1.404    -1.784    u_confreg/timer_clk
    SLICE_X90Y100        FDRE                                         r  u_confreg/write_timer_begin_r2_reg/C
  -------------------------------------------------------------------    -------------------
    SLICE_X90Y100        FDRE (Prop_fdre_C_Q)         0.398    -1.386 r  u_confreg/write_timer_begin_r2_reg/Q
                         net (fo=35, routed)          1.699     0.313    u_confreg/write_timer_begin_r2
    SLICE_X91Y109        LUT4 (Prop_lut4_I2_O)        0.234     0.547 r  u_confreg/timer[16]_i_5/O
                         net (fo=1, routed)           0.000     0.547    u_confreg/timer[16]_i_5_n_0
    SLICE_X91Y109        CARRY4 (Prop_carry4_S[0]_CO[3])
                                                      0.440     0.987 r  u_confreg/timer_reg[16]_i_1/CO[3]
                         net (fo=1, routed)           0.000     0.987    u_confreg/timer_reg[16]_i_1_n_0
    SLICE_X91Y110        CARRY4 (Prop_carry4_CI_O[1])
                                                      0.265     1.252 r  u_confreg/timer_reg[20]_i_1/O[1]
                         net (fo=1, routed)           0.000     1.252    u_confreg/timer_reg[20]_i_1_n_6
    SLICE_X91Y110        FDRE                                         r  u_confreg/timer_reg[21]/D
  -------------------------------------------------------------------    -------------------

                         (clock timer_clk_clk_pll rise edge)
                                                     10.000    10.000 r  
    AC19                                              0.000    10.000 r  clk (IN)
                         net (fo=0)                   0.000    10.000    pll.clk_pll/inst/clk_in1
    AC19                 IBUF (Prop_ibuf_I_O)         1.350    11.350 r  pll.clk_pll/inst/clkin1_ibufg/O
                         net (fo=1, routed)           1.327    12.677    pll.clk_pll/inst/clk_in1_clk_pll
    PLLE2_ADV_X0Y2       PLLE2_ADV (Prop_plle2_adv_CLKIN1_CLKOUT1)
                                                     -6.905     5.771 r  pll.clk_pll/inst/plle2_adv_inst/CLKOUT1
                         net (fo=1, routed)           1.484     7.256    pll.clk_pll/inst/timer_clk_clk_pll
    BUFGCTRL_X0Y1        BUFG (Prop_bufg_I_O)         0.077     7.333 r  pll.clk_pll/inst/clkout2_buf/O
                         net (fo=99, routed)          1.291     8.624    u_confreg/timer_clk
    SLICE_X91Y110        FDRE                                         r  u_confreg/timer_reg[21]/C
                         clock pessimism             -0.438     8.186    
                         clock uncertainty           -0.077     8.109    
    SLICE_X91Y110        FDRE (Setup_fdre_C_D)        0.059     8.168    u_confreg/timer_reg[21]
  -------------------------------------------------------------------
                         required time                          8.168    
                         arrival time                          -1.252    
  -------------------------------------------------------------------
                         slack                                  6.915    

Slack (MET) :             6.920ns  (required time - arrival time)
  Source:                 u_confreg/write_timer_begin_r2_reg/C
                            (rising edge-triggered cell FDRE clocked by timer_clk_clk_pll  {rise@0.000ns fall@5.000ns period=10.000ns})
  Destination:            u_confreg/timer_reg[23]/D
                            (rising edge-triggered cell FDRE clocked by timer_clk_clk_pll  {rise@0.000ns fall@5.000ns period=10.000ns})
  Path Group:             timer_clk_clk_pll
  Path Type:              Setup (Max at Slow Process Corner)
  Requirement:            10.000ns  (timer_clk_clk_pll rise@10.000ns - timer_clk_clk_pll rise@0.000ns)
  Data Path Delay:        3.031ns  (logic 1.332ns (43.944%)  route 1.699ns (56.056%))
  Logic Levels:           3  (CARRY4=2 LUT4=1)
  Clock Path Skew:        -0.030ns (DCD - SCD + CPR)
    Destination Clock Delay (DCD):    -1.376ns = ( 8.624 - 10.000 ) 
    Source Clock Delay      (SCD):    -1.784ns
    Clock Pessimism Removal (CPR):    -0.438ns
  Clock Uncertainty:      0.077ns  ((TSJ^2 + DJ^2)^1/2) / 2 + PE
    Total System Jitter     (TSJ):    0.071ns
    Discrete Jitter          (DJ):    0.138ns
    Phase Error              (PE):    0.000ns

    Location             Delay type                Incr(ns)  Path(ns)    Netlist Resource(s)
  -------------------------------------------------------------------    -------------------
                         (clock timer_clk_clk_pll rise edge)
                                                      0.000     0.000 r  
    AC19                                              0.000     0.000 r  clk (IN)
                         net (fo=0)                   0.000     0.000    pll.clk_pll/inst/clk_in1
    AC19                 IBUF (Prop_ibuf_I_O)         1.416     1.416 r  pll.clk_pll/inst/clkin1_ibufg/O
                         net (fo=1, routed)           1.404     2.820    pll.clk_pll/inst/clk_in1_clk_pll
    PLLE2_ADV_X0Y2       PLLE2_ADV (Prop_plle2_adv_CLKIN1_CLKOUT1)
                                                     -7.646    -4.825 r  pll.clk_pll/inst/plle2_adv_inst/CLKOUT1
                         net (fo=1, routed)           1.557    -3.269    pll.clk_pll/inst/timer_clk_clk_pll
    BUFGCTRL_X0Y1        BUFG (Prop_bufg_I_O)         0.081    -3.188 r  pll.clk_pll/inst/clkout2_buf/O
                         net (fo=99, routed)          1.404    -1.784    u_confreg/timer_clk
    SLICE_X90Y100        FDRE                                         r  u_confreg/write_timer_begin_r2_reg/C
  -------------------------------------------------------------------    -------------------
    SLICE_X90Y100        FDRE (Prop_fdre_C_Q)         0.398    -1.386 r  u_confreg/write_timer_begin_r2_reg/Q
                         net (fo=35, routed)          1.699     0.313    u_confreg/write_timer_begin_r2
    SLICE_X91Y109        LUT4 (Prop_lut4_I2_O)        0.234     0.547 r  u_confreg/timer[16]_i_5/O
                         net (fo=1, routed)           0.000     0.547    u_confreg/timer[16]_i_5_n_0
    SLICE_X91Y109        CARRY4 (Prop_carry4_S[0]_CO[3])
                                                      0.440     0.987 r  u_confreg/timer_reg[16]_i_1/CO[3]
                         net (fo=1, routed)           0.000     0.987    u_confreg/timer_reg[16]_i_1_n_0
    SLICE_X91Y110        CARRY4 (Prop_carry4_CI_O[3])
                                                      0.260     1.247 r  u_confreg/timer_reg[20]_i_1/O[3]
                         net (fo=1, routed)           0.000     1.247    u_confreg/timer_reg[20]_i_1_n_4
    SLICE_X91Y110        FDRE                                         r  u_confreg/timer_reg[23]/D
  -------------------------------------------------------------------    -------------------

                         (clock timer_clk_clk_pll rise edge)
                                                     10.000    10.000 r  
    AC19                                              0.000    10.000 r  clk (IN)
                         net (fo=0)                   0.000    10.000    pll.clk_pll/inst/clk_in1
    AC19                 IBUF (Prop_ibuf_I_O)         1.350    11.350 r  pll.clk_pll/inst/clkin1_ibufg/O
                         net (fo=1, routed)           1.327    12.677    pll.clk_pll/inst/clk_in1_clk_pll
    PLLE2_ADV_X0Y2       PLLE2_ADV (Prop_plle2_adv_CLKIN1_CLKOUT1)
                                                     -6.905     5.771 r  pll.clk_pll/inst/plle2_adv_inst/CLKOUT1
                         net (fo=1, routed)           1.484     7.256    pll.clk_pll/inst/timer_clk_clk_pll
    BUFGCTRL_X0Y1        BUFG (Prop_bufg_I_O)         0.077     7.333 r  pll.clk_pll/inst/clkout2_buf/O
                         net (fo=99, routed)          1.291     8.624    u_confreg/timer_clk
    SLICE_X91Y110        FDRE                                         r  u_confreg/timer_reg[23]/C
                         clock pessimism             -0.438     8.186    
                         clock uncertainty           -0.077     8.109    
    SLICE_X91Y110        FDRE (Setup_fdre_C_D)        0.059     8.168    u_confreg/timer_reg[23]
  -------------------------------------------------------------------
                         required time                          8.168    
                         arrival time                          -1.247    
  -------------------------------------------------------------------
                         slack                                  6.920    





Min Delay Paths
--------------------------------------------------------------------------------------
Slack (MET) :             0.118ns  (arrival time - required time)
  Source:                 u_confreg/conf_wdata_r1_reg[31]/C
                            (rising edge-triggered cell FDRE clocked by timer_clk_clk_pll  {rise@0.000ns fall@5.000ns period=10.000ns})
  Destination:            u_confreg/conf_wdata_r2_reg[31]/D
                            (rising edge-triggered cell FDRE clocked by timer_clk_clk_pll  {rise@0.000ns fall@5.000ns period=10.000ns})
  Path Group:             timer_clk_clk_pll
  Path Type:              Hold (Min at Fast Process Corner)
  Requirement:            0.000ns  (timer_clk_clk_pll rise@0.000ns - timer_clk_clk_pll rise@0.000ns)
  Data Path Delay:        0.196ns  (logic 0.141ns (71.838%)  route 0.055ns (28.162%))
  Logic Levels:           0  
  Clock Path Skew:        0.000ns (DCD - SCD - CPR)
    Destination Clock Delay (DCD):    -0.309ns
    Source Clock Delay      (SCD):    -0.548ns
    Clock Pessimism Removal (CPR):    0.239ns

    Location             Delay type                Incr(ns)  Path(ns)    Netlist Resource(s)
  -------------------------------------------------------------------    -------------------
                         (clock timer_clk_clk_pll rise edge)
                                                      0.000     0.000 r  
    AC19                                              0.000     0.000 r  clk (IN)
                         net (fo=0)                   0.000     0.000    pll.clk_pll/inst/clk_in1
    AC19                 IBUF (Prop_ibuf_I_O)         0.253     0.253 r  pll.clk_pll/inst/clkin1_ibufg/O
                         net (fo=1, routed)           0.565     0.818    pll.clk_pll/inst/clk_in1_clk_pll
    PLLE2_ADV_X0Y2       PLLE2_ADV (Prop_plle2_adv_CLKIN1_CLKOUT1)
                                                     -2.523    -1.705 r  pll.clk_pll/inst/plle2_adv_inst/CLKOUT1
                         net (fo=1, routed)           0.560    -1.146    pll.clk_pll/inst/timer_clk_clk_pll
    BUFGCTRL_X0Y1        BUFG (Prop_bufg_I_O)         0.026    -1.120 r  pll.clk_pll/inst/clkout2_buf/O
                         net (fo=99, routed)          0.572    -0.548    u_confreg/timer_clk
    SLICE_X91Y113        FDRE                                         r  u_confreg/conf_wdata_r1_reg[31]/C
  -------------------------------------------------------------------    -------------------
    SLICE_X91Y113        FDRE (Prop_fdre_C_Q)         0.141    -0.407 r  u_confreg/conf_wdata_r1_reg[31]/Q
                         net (fo=1, routed)           0.055    -0.352    u_confreg/conf_wdata_r1[31]
    SLICE_X91Y113        FDRE                                         r  u_confreg/conf_wdata_r2_reg[31]/D
  -------------------------------------------------------------------    -------------------

                         (clock timer_clk_clk_pll rise edge)
                                                      0.000     0.000 r  
    AC19                                              0.000     0.000 r  clk (IN)
                         net (fo=0)                   0.000     0.000    pll.clk_pll/inst/clk_in1
    AC19                 IBUF (Prop_ibuf_I_O)         0.441     0.441 r  pll.clk_pll/inst/clkin1_ibufg/O
                         net (fo=1, routed)           0.620     1.061    pll.clk_pll/inst/clk_in1_clk_pll
    PLLE2_ADV_X0Y2       PLLE2_ADV (Prop_plle2_adv_CLKIN1_CLKOUT1)
                                                     -2.851    -1.790 r  pll.clk_pll/inst/plle2_adv_inst/CLKOUT1
                         net (fo=1, routed)           0.611    -1.180    pll.clk_pll/inst/timer_clk_clk_pll
    BUFGCTRL_X0Y1        BUFG (Prop_bufg_I_O)         0.029    -1.151 r  pll.clk_pll/inst/clkout2_buf/O
                         net (fo=99, routed)          0.842    -0.309    u_confreg/timer_clk
    SLICE_X91Y113        FDRE                                         r  u_confreg/conf_wdata_r2_reg[31]/C
                         clock pessimism             -0.239    -0.548    
    SLICE_X91Y113        FDRE (Hold_fdre_C_D)         0.078    -0.470    u_confreg/conf_wdata_r2_reg[31]
  -------------------------------------------------------------------
                         required time                          0.470    
                         arrival time                          -0.352    
  -------------------------------------------------------------------
                         slack                                  0.118    

Slack (MET) :             0.118ns  (arrival time - required time)
  Source:                 u_confreg/conf_wdata_r1_reg[3]/C
                            (rising edge-triggered cell FDRE clocked by timer_clk_clk_pll  {rise@0.000ns fall@5.000ns period=10.000ns})
  Destination:            u_confreg/conf_wdata_r2_reg[3]/D
                            (rising edge-triggered cell FDRE clocked by timer_clk_clk_pll  {rise@0.000ns fall@5.000ns period=10.000ns})
  Path Group:             timer_clk_clk_pll
  Path Type:              Hold (Min at Fast Process Corner)
  Requirement:            0.000ns  (timer_clk_clk_pll rise@0.000ns - timer_clk_clk_pll rise@0.000ns)
  Data Path Delay:        0.196ns  (logic 0.141ns (71.838%)  route 0.055ns (28.162%))
  Logic Levels:           0  
  Clock Path Skew:        0.000ns (DCD - SCD - CPR)
    Destination Clock Delay (DCD):    -0.304ns
    Source Clock Delay      (SCD):    -0.544ns
    Clock Pessimism Removal (CPR):    0.240ns

    Location             Delay type                Incr(ns)  Path(ns)    Netlist Resource(s)
  -------------------------------------------------------------------    -------------------
                         (clock timer_clk_clk_pll rise edge)
                                                      0.000     0.000 r  
    AC19                                              0.000     0.000 r  clk (IN)
                         net (fo=0)                   0.000     0.000    pll.clk_pll/inst/clk_in1
    AC19                 IBUF (Prop_ibuf_I_O)         0.253     0.253 r  pll.clk_pll/inst/clkin1_ibufg/O
                         net (fo=1, routed)           0.565     0.818    pll.clk_pll/inst/clk_in1_clk_pll
    PLLE2_ADV_X0Y2       PLLE2_ADV (Prop_plle2_adv_CLKIN1_CLKOUT1)
                                                     -2.523    -1.705 r  pll.clk_pll/inst/plle2_adv_inst/CLKOUT1
                         net (fo=1, routed)           0.560    -1.146    pll.clk_pll/inst/timer_clk_clk_pll
    BUFGCTRL_X0Y1        BUFG (Prop_bufg_I_O)         0.026    -1.120 r  pll.clk_pll/inst/clkout2_buf/O
                         net (fo=99, routed)          0.576    -0.544    u_confreg/timer_clk
    SLICE_X91Y104        FDRE                                         r  u_confreg/conf_wdata_r1_reg[3]/C
  -------------------------------------------------------------------    -------------------
    SLICE_X91Y104        FDRE (Prop_fdre_C_Q)         0.141    -0.403 r  u_confreg/conf_wdata_r1_reg[3]/Q
                         net (fo=1, routed)           0.055    -0.348    u_confreg/conf_wdata_r1[3]
    SLICE_X91Y104        FDRE                                         r  u_confreg/conf_wdata_r2_reg[3]/D
  -------------------------------------------------------------------    -------------------

                         (clock timer_clk_clk_pll rise edge)
                                                      0.000     0.000 r  
    AC19                                              0.000     0.000 r  clk (IN)
                         net (fo=0)                   0.000     0.000    pll.clk_pll/inst/clk_in1
    AC19                 IBUF (Prop_ibuf_I_O)         0.441     0.441 r  pll.clk_pll/inst/clkin1_ibufg/O
                         net (fo=1, routed)           0.620     1.061    pll.clk_pll/inst/clk_in1_clk_pll
    PLLE2_ADV_X0Y2       PLLE2_ADV (Prop_plle2_adv_CLKIN1_CLKOUT1)
                                                     -2.851    -1.790 r  pll.clk_pll/inst/plle2_adv_inst/CLKOUT1
                         net (fo=1, routed)           0.611    -1.180    pll.clk_pll/inst/timer_clk_clk_pll
    BUFGCTRL_X0Y1        BUFG (Prop_bufg_I_O)         0.029    -1.151 r  pll.clk_pll/inst/clkout2_buf/O
                         net (fo=99, routed)          0.847    -0.304    u_confreg/timer_clk
    SLICE_X91Y104        FDRE                                         r  u_confreg/conf_wdata_r2_reg[3]/C
                         clock pessimism             -0.240    -0.544    
    SLICE_X91Y104        FDRE (Hold_fdre_C_D)         0.078    -0.466    u_confreg/conf_wdata_r2_reg[3]
  -------------------------------------------------------------------
                         required time                          0.466    
                         arrival time                          -0.348    
  -------------------------------------------------------------------
                         slack                                  0.118    

Slack (MET) :             0.120ns  (arrival time - required time)
  Source:                 u_confreg/conf_wdata_r1_reg[2]/C
                            (rising edge-triggered cell FDRE clocked by timer_clk_clk_pll  {rise@0.000ns fall@5.000ns period=10.000ns})
  Destination:            u_confreg/conf_wdata_r2_reg[2]/D
                            (rising edge-triggered cell FDRE clocked by timer_clk_clk_pll  {rise@0.000ns fall@5.000ns period=10.000ns})
  Path Group:             timer_clk_clk_pll
  Path Type:              Hold (Min at Fast Process Corner)
  Requirement:            0.000ns  (timer_clk_clk_pll rise@0.000ns - timer_clk_clk_pll rise@0.000ns)
  Data Path Delay:        0.196ns  (logic 0.141ns (71.838%)  route 0.055ns (28.162%))
  Logic Levels:           0  
  Clock Path Skew:        0.000ns (DCD - SCD - CPR)
    Destination Clock Delay (DCD):    -0.304ns
    Source Clock Delay      (SCD):    -0.544ns
    Clock Pessimism Removal (CPR):    0.240ns

    Location             Delay type                Incr(ns)  Path(ns)    Netlist Resource(s)
  -------------------------------------------------------------------    -------------------
                         (clock timer_clk_clk_pll rise edge)
                                                      0.000     0.000 r  
    AC19                                              0.000     0.000 r  clk (IN)
                         net (fo=0)                   0.000     0.000    pll.clk_pll/inst/clk_in1
    AC19                 IBUF (Prop_ibuf_I_O)         0.253     0.253 r  pll.clk_pll/inst/clkin1_ibufg/O
                         net (fo=1, routed)           0.565     0.818    pll.clk_pll/inst/clk_in1_clk_pll
    PLLE2_ADV_X0Y2       PLLE2_ADV (Prop_plle2_adv_CLKIN1_CLKOUT1)
                                                     -2.523    -1.705 r  pll.clk_pll/inst/plle2_adv_inst/CLKOUT1
                         net (fo=1, routed)           0.560    -1.146    pll.clk_pll/inst/timer_clk_clk_pll
    BUFGCTRL_X0Y1        BUFG (Prop_bufg_I_O)         0.026    -1.120 r  pll.clk_pll/inst/clkout2_buf/O
                         net (fo=99, routed)          0.576    -0.544    u_confreg/timer_clk
    SLICE_X91Y104        FDRE                                         r  u_confreg/conf_wdata_r1_reg[2]/C
  -------------------------------------------------------------------    -------------------
    SLICE_X91Y104        FDRE (Prop_fdre_C_Q)         0.141    -0.403 r  u_confreg/conf_wdata_r1_reg[2]/Q
                         net (fo=1, routed)           0.055    -0.348    u_confreg/conf_wdata_r1[2]
    SLICE_X91Y104        FDRE                                         r  u_confreg/conf_wdata_r2_reg[2]/D
  -------------------------------------------------------------------    -------------------

                         (clock timer_clk_clk_pll rise edge)
                                                      0.000     0.000 r  
    AC19                                              0.000     0.000 r  clk (IN)
                         net (fo=0)                   0.000     0.000    pll.clk_pll/inst/clk_in1
    AC19                 IBUF (Prop_ibuf_I_O)         0.441     0.441 r  pll.clk_pll/inst/clkin1_ibufg/O
                         net (fo=1, routed)           0.620     1.061    pll.clk_pll/inst/clk_in1_clk_pll
    PLLE2_ADV_X0Y2       PLLE2_ADV (Prop_plle2_adv_CLKIN1_CLKOUT1)
                                                     -2.851    -1.790 r  pll.clk_pll/inst/plle2_adv_inst/CLKOUT1
                         net (fo=1, routed)           0.611    -1.180    pll.clk_pll/inst/timer_clk_clk_pll
    BUFGCTRL_X0Y1        BUFG (Prop_bufg_I_O)         0.029    -1.151 r  pll.clk_pll/inst/clkout2_buf/O
                         net (fo=99, routed)          0.847    -0.304    u_confreg/timer_clk
    SLICE_X91Y104        FDRE                                         r  u_confreg/conf_wdata_r2_reg[2]/C
                         clock pessimism             -0.240    -0.544    
    SLICE_X91Y104        FDRE (Hold_fdre_C_D)         0.076    -0.468    u_confreg/conf_wdata_r2_reg[2]
  -------------------------------------------------------------------
                         required time                          0.468    
                         arrival time                          -0.348    
  -------------------------------------------------------------------
                         slack                                  0.120    

Slack (MET) :             0.120ns  (arrival time - required time)
  Source:                 u_confreg/conf_wdata_r1_reg[30]/C
                            (rising edge-triggered cell FDRE clocked by timer_clk_clk_pll  {rise@0.000ns fall@5.000ns period=10.000ns})
  Destination:            u_confreg/conf_wdata_r2_reg[30]/D
                            (rising edge-triggered cell FDRE clocked by timer_clk_clk_pll  {rise@0.000ns fall@5.000ns period=10.000ns})
  Path Group:             timer_clk_clk_pll
  Path Type:              Hold (Min at Fast Process Corner)
  Requirement:            0.000ns  (timer_clk_clk_pll rise@0.000ns - timer_clk_clk_pll rise@0.000ns)
  Data Path Delay:        0.196ns  (logic 0.141ns (71.838%)  route 0.055ns (28.162%))
  Logic Levels:           0  
  Clock Path Skew:        0.000ns (DCD - SCD - CPR)
    Destination Clock Delay (DCD):    -0.309ns
    Source Clock Delay      (SCD):    -0.548ns
    Clock Pessimism Removal (CPR):    0.239ns

    Location             Delay type                Incr(ns)  Path(ns)    Netlist Resource(s)
  -------------------------------------------------------------------    -------------------
                         (clock timer_clk_clk_pll rise edge)
                                                      0.000     0.000 r  
    AC19                                              0.000     0.000 r  clk (IN)
                         net (fo=0)                   0.000     0.000    pll.clk_pll/inst/clk_in1
    AC19                 IBUF (Prop_ibuf_I_O)         0.253     0.253 r  pll.clk_pll/inst/clkin1_ibufg/O
                         net (fo=1, routed)           0.565     0.818    pll.clk_pll/inst/clk_in1_clk_pll
    PLLE2_ADV_X0Y2       PLLE2_ADV (Prop_plle2_adv_CLKIN1_CLKOUT1)
                                                     -2.523    -1.705 r  pll.clk_pll/inst/plle2_adv_inst/CLKOUT1
                         net (fo=1, routed)           0.560    -1.146    pll.clk_pll/inst/timer_clk_clk_pll
    BUFGCTRL_X0Y1        BUFG (Prop_bufg_I_O)         0.026    -1.120 r  pll.clk_pll/inst/clkout2_buf/O
                         net (fo=99, routed)          0.572    -0.548    u_confreg/timer_clk
    SLICE_X91Y113        FDRE                                         r  u_confreg/conf_wdata_r1_reg[30]/C
  -------------------------------------------------------------------    -------------------
    SLICE_X91Y113        FDRE (Prop_fdre_C_Q)         0.141    -0.407 r  u_confreg/conf_wdata_r1_reg[30]/Q
                         net (fo=1, routed)           0.055    -0.352    u_confreg/conf_wdata_r1[30]
    SLICE_X91Y113        FDRE                                         r  u_confreg/conf_wdata_r2_reg[30]/D
  -------------------------------------------------------------------    -------------------

                         (clock timer_clk_clk_pll rise edge)
                                                      0.000     0.000 r  
    AC19                                              0.000     0.000 r  clk (IN)
                         net (fo=0)                   0.000     0.000    pll.clk_pll/inst/clk_in1
    AC19                 IBUF (Prop_ibuf_I_O)         0.441     0.441 r  pll.clk_pll/inst/clkin1_ibufg/O
                         net (fo=1, routed)           0.620     1.061    pll.clk_pll/inst/clk_in1_clk_pll
    PLLE2_ADV_X0Y2       PLLE2_ADV (Prop_plle2_adv_CLKIN1_CLKOUT1)
                                                     -2.851    -1.790 r  pll.clk_pll/inst/plle2_adv_inst/CLKOUT1
                         net (fo=1, routed)           0.611    -1.180    pll.clk_pll/inst/timer_clk_clk_pll
    BUFGCTRL_X0Y1        BUFG (Prop_bufg_I_O)         0.029    -1.151 r  pll.clk_pll/inst/clkout2_buf/O
                         net (fo=99, routed)          0.842    -0.309    u_confreg/timer_clk
    SLICE_X91Y113        FDRE                                         r  u_confreg/conf_wdata_r2_reg[30]/C
                         clock pessimism             -0.239    -0.548    
    SLICE_X91Y113        FDRE (Hold_fdre_C_D)         0.076    -0.472    u_confreg/conf_wdata_r2_reg[30]
  -------------------------------------------------------------------
                         required time                          0.472    
                         arrival time                          -0.352    
  -------------------------------------------------------------------
                         slack                                  0.120    

Slack (MET) :             0.121ns  (arrival time - required time)
  Source:                 u_confreg/conf_wdata_r1_reg[10]/C
                            (rising edge-triggered cell FDRE clocked by timer_clk_clk_pll  {rise@0.000ns fall@5.000ns period=10.000ns})
  Destination:            u_confreg/conf_wdata_r2_reg[10]/D
                            (rising edge-triggered cell FDRE clocked by timer_clk_clk_pll  {rise@0.000ns fall@5.000ns period=10.000ns})
  Path Group:             timer_clk_clk_pll
  Path Type:              Hold (Min at Fast Process Corner)
  Requirement:            0.000ns  (timer_clk_clk_pll rise@0.000ns - timer_clk_clk_pll rise@0.000ns)
  Data Path Delay:        0.196ns  (logic 0.141ns (71.838%)  route 0.055ns (28.162%))
  Logic Levels:           0  
  Clock Path Skew:        0.000ns (DCD - SCD - CPR)
    Destination Clock Delay (DCD):    -0.304ns
    Source Clock Delay      (SCD):    -0.544ns
    Clock Pessimism Removal (CPR):    0.240ns

    Location             Delay type                Incr(ns)  Path(ns)    Netlist Resource(s)
  -------------------------------------------------------------------    -------------------
                         (clock timer_clk_clk_pll rise edge)
                                                      0.000     0.000 r  
    AC19                                              0.000     0.000 r  clk (IN)
                         net (fo=0)                   0.000     0.000    pll.clk_pll/inst/clk_in1
    AC19                 IBUF (Prop_ibuf_I_O)         0.253     0.253 r  pll.clk_pll/inst/clkin1_ibufg/O
                         net (fo=1, routed)           0.565     0.818    pll.clk_pll/inst/clk_in1_clk_pll
    PLLE2_ADV_X0Y2       PLLE2_ADV (Prop_plle2_adv_CLKIN1_CLKOUT1)
                                                     -2.523    -1.705 r  pll.clk_pll/inst/plle2_adv_inst/CLKOUT1
                         net (fo=1, routed)           0.560    -1.146    pll.clk_pll/inst/timer_clk_clk_pll
    BUFGCTRL_X0Y1        BUFG (Prop_bufg_I_O)         0.026    -1.120 r  pll.clk_pll/inst/clkout2_buf/O
                         net (fo=99, routed)          0.576    -0.544    u_confreg/timer_clk
    SLICE_X91Y104        FDRE                                         r  u_confreg/conf_wdata_r1_reg[10]/C
  -------------------------------------------------------------------    -------------------
    SLICE_X91Y104        FDRE (Prop_fdre_C_Q)         0.141    -0.403 r  u_confreg/conf_wdata_r1_reg[10]/Q
                         net (fo=1, routed)           0.055    -0.348    u_confreg/conf_wdata_r1[10]
    SLICE_X91Y104        FDRE                                         r  u_confreg/conf_wdata_r2_reg[10]/D
  -------------------------------------------------------------------    -------------------

                         (clock timer_clk_clk_pll rise edge)
                                                      0.000     0.000 r  
    AC19                                              0.000     0.000 r  clk (IN)
                         net (fo=0)                   0.000     0.000    pll.clk_pll/inst/clk_in1
    AC19                 IBUF (Prop_ibuf_I_O)         0.441     0.441 r  pll.clk_pll/inst/clkin1_ibufg/O
                         net (fo=1, routed)           0.620     1.061    pll.clk_pll/inst/clk_in1_clk_pll
    PLLE2_ADV_X0Y2       PLLE2_ADV (Prop_plle2_adv_CLKIN1_CLKOUT1)
                                                     -2.851    -1.790 r  pll.clk_pll/inst/plle2_adv_inst/CLKOUT1
                         net (fo=1, routed)           0.611    -1.180    pll.clk_pll/inst/timer_clk_clk_pll
    BUFGCTRL_X0Y1        BUFG (Prop_bufg_I_O)         0.029    -1.151 r  pll.clk_pll/inst/clkout2_buf/O
                         net (fo=99, routed)          0.847    -0.304    u_confreg/timer_clk
    SLICE_X91Y104        FDRE                                         r  u_confreg/conf_wdata_r2_reg[10]/C
                         clock pessimism             -0.240    -0.544    
    SLICE_X91Y104        FDRE (Hold_fdre_C_D)         0.075    -0.469    u_confreg/conf_wdata_r2_reg[10]
  -------------------------------------------------------------------
                         required time                          0.469    
                         arrival time                          -0.348    
  -------------------------------------------------------------------
                         slack                                  0.121    

Slack (MET) :             0.121ns  (arrival time - required time)
  Source:                 u_confreg/conf_wdata_r1_reg[24]/C
                            (rising edge-triggered cell FDRE clocked by timer_clk_clk_pll  {rise@0.000ns fall@5.000ns period=10.000ns})
  Destination:            u_confreg/conf_wdata_r2_reg[24]/D
                            (rising edge-triggered cell FDRE clocked by timer_clk_clk_pll  {rise@0.000ns fall@5.000ns period=10.000ns})
  Path Group:             timer_clk_clk_pll
  Path Type:              Hold (Min at Fast Process Corner)
  Requirement:            0.000ns  (timer_clk_clk_pll rise@0.000ns - timer_clk_clk_pll rise@0.000ns)
  Data Path Delay:        0.196ns  (logic 0.141ns (71.838%)  route 0.055ns (28.162%))
  Logic Levels:           0  
  Clock Path Skew:        0.000ns (DCD - SCD - CPR)
    Destination Clock Delay (DCD):    -0.309ns
    Source Clock Delay      (SCD):    -0.548ns
    Clock Pessimism Removal (CPR):    0.239ns

    Location             Delay type                Incr(ns)  Path(ns)    Netlist Resource(s)
  -------------------------------------------------------------------    -------------------
                         (clock timer_clk_clk_pll rise edge)
                                                      0.000     0.000 r  
    AC19                                              0.000     0.000 r  clk (IN)
                         net (fo=0)                   0.000     0.000    pll.clk_pll/inst/clk_in1
    AC19                 IBUF (Prop_ibuf_I_O)         0.253     0.253 r  pll.clk_pll/inst/clkin1_ibufg/O
                         net (fo=1, routed)           0.565     0.818    pll.clk_pll/inst/clk_in1_clk_pll
    PLLE2_ADV_X0Y2       PLLE2_ADV (Prop_plle2_adv_CLKIN1_CLKOUT1)
                                                     -2.523    -1.705 r  pll.clk_pll/inst/plle2_adv_inst/CLKOUT1
                         net (fo=1, routed)           0.560    -1.146    pll.clk_pll/inst/timer_clk_clk_pll
    BUFGCTRL_X0Y1        BUFG (Prop_bufg_I_O)         0.026    -1.120 r  pll.clk_pll/inst/clkout2_buf/O
                         net (fo=99, routed)          0.572    -0.548    u_confreg/timer_clk
    SLICE_X91Y113        FDRE                                         r  u_confreg/conf_wdata_r1_reg[24]/C
  -------------------------------------------------------------------    -------------------
    SLICE_X91Y113        FDRE (Prop_fdre_C_Q)         0.141    -0.407 r  u_confreg/conf_wdata_r1_reg[24]/Q
                         net (fo=1, routed)           0.055    -0.352    u_confreg/conf_wdata_r1[24]
    SLICE_X91Y113        FDRE                                         r  u_confreg/conf_wdata_r2_reg[24]/D
  -------------------------------------------------------------------    -------------------

                         (clock timer_clk_clk_pll rise edge)
                                                      0.000     0.000 r  
    AC19                                              0.000     0.000 r  clk (IN)
                         net (fo=0)                   0.000     0.000    pll.clk_pll/inst/clk_in1
    AC19                 IBUF (Prop_ibuf_I_O)         0.441     0.441 r  pll.clk_pll/inst/clkin1_ibufg/O
                         net (fo=1, routed)           0.620     1.061    pll.clk_pll/inst/clk_in1_clk_pll
    PLLE2_ADV_X0Y2       PLLE2_ADV (Prop_plle2_adv_CLKIN1_CLKOUT1)
                                                     -2.851    -1.790 r  pll.clk_pll/inst/plle2_adv_inst/CLKOUT1
                         net (fo=1, routed)           0.611    -1.180    pll.clk_pll/inst/timer_clk_clk_pll
    BUFGCTRL_X0Y1        BUFG (Prop_bufg_I_O)         0.029    -1.151 r  pll.clk_pll/inst/clkout2_buf/O
                         net (fo=99, routed)          0.842    -0.309    u_confreg/timer_clk
    SLICE_X91Y113        FDRE                                         r  u_confreg/conf_wdata_r2_reg[24]/C
                         clock pessimism             -0.239    -0.548    
    SLICE_X91Y113        FDRE (Hold_fdre_C_D)         0.075    -0.473    u_confreg/conf_wdata_r2_reg[24]
  -------------------------------------------------------------------
                         required time                          0.473    
                         arrival time                          -0.352    
  -------------------------------------------------------------------
                         slack                                  0.121    

Slack (MET) :             0.125ns  (arrival time - required time)
  Source:                 u_confreg/conf_wdata_r1_reg[11]/C
                            (rising edge-triggered cell FDRE clocked by timer_clk_clk_pll  {rise@0.000ns fall@5.000ns period=10.000ns})
  Destination:            u_confreg/conf_wdata_r2_reg[11]/D
                            (rising edge-triggered cell FDRE clocked by timer_clk_clk_pll  {rise@0.000ns fall@5.000ns period=10.000ns})
  Path Group:             timer_clk_clk_pll
  Path Type:              Hold (Min at Fast Process Corner)
  Requirement:            0.000ns  (timer_clk_clk_pll rise@0.000ns - timer_clk_clk_pll rise@0.000ns)
  Data Path Delay:        0.196ns  (logic 0.141ns (71.838%)  route 0.055ns (28.162%))
  Logic Levels:           0  
  Clock Path Skew:        0.000ns (DCD - SCD - CPR)
    Destination Clock Delay (DCD):    -0.304ns
    Source Clock Delay      (SCD):    -0.544ns
    Clock Pessimism Removal (CPR):    0.240ns

    Location             Delay type                Incr(ns)  Path(ns)    Netlist Resource(s)
  -------------------------------------------------------------------    -------------------
                         (clock timer_clk_clk_pll rise edge)
                                                      0.000     0.000 r  
    AC19                                              0.000     0.000 r  clk (IN)
                         net (fo=0)                   0.000     0.000    pll.clk_pll/inst/clk_in1
    AC19                 IBUF (Prop_ibuf_I_O)         0.253     0.253 r  pll.clk_pll/inst/clkin1_ibufg/O
                         net (fo=1, routed)           0.565     0.818    pll.clk_pll/inst/clk_in1_clk_pll
    PLLE2_ADV_X0Y2       PLLE2_ADV (Prop_plle2_adv_CLKIN1_CLKOUT1)
                                                     -2.523    -1.705 r  pll.clk_pll/inst/plle2_adv_inst/CLKOUT1
                         net (fo=1, routed)           0.560    -1.146    pll.clk_pll/inst/timer_clk_clk_pll
    BUFGCTRL_X0Y1        BUFG (Prop_bufg_I_O)         0.026    -1.120 r  pll.clk_pll/inst/clkout2_buf/O
                         net (fo=99, routed)          0.576    -0.544    u_confreg/timer_clk
    SLICE_X91Y104        FDRE                                         r  u_confreg/conf_wdata_r1_reg[11]/C
  -------------------------------------------------------------------    -------------------
    SLICE_X91Y104        FDRE (Prop_fdre_C_Q)         0.141    -0.403 r  u_confreg/conf_wdata_r1_reg[11]/Q
                         net (fo=1, routed)           0.055    -0.348    u_confreg/conf_wdata_r1[11]
    SLICE_X91Y104        FDRE                                         r  u_confreg/conf_wdata_r2_reg[11]/D
  -------------------------------------------------------------------    -------------------

                         (clock timer_clk_clk_pll rise edge)
                                                      0.000     0.000 r  
    AC19                                              0.000     0.000 r  clk (IN)
                         net (fo=0)                   0.000     0.000    pll.clk_pll/inst/clk_in1
    AC19                 IBUF (Prop_ibuf_I_O)         0.441     0.441 r  pll.clk_pll/inst/clkin1_ibufg/O
                         net (fo=1, routed)           0.620     1.061    pll.clk_pll/inst/clk_in1_clk_pll
    PLLE2_ADV_X0Y2       PLLE2_ADV (Prop_plle2_adv_CLKIN1_CLKOUT1)
                                                     -2.851    -1.790 r  pll.clk_pll/inst/plle2_adv_inst/CLKOUT1
                         net (fo=1, routed)           0.611    -1.180    pll.clk_pll/inst/timer_clk_clk_pll
    BUFGCTRL_X0Y1        BUFG (Prop_bufg_I_O)         0.029    -1.151 r  pll.clk_pll/inst/clkout2_buf/O
                         net (fo=99, routed)          0.847    -0.304    u_confreg/timer_clk
    SLICE_X91Y104        FDRE                                         r  u_confreg/conf_wdata_r2_reg[11]/C
                         clock pessimism             -0.240    -0.544    
    SLICE_X91Y104        FDRE (Hold_fdre_C_D)         0.071    -0.473    u_confreg/conf_wdata_r2_reg[11]
  -------------------------------------------------------------------
                         required time                          0.473    
                         arrival time                          -0.348    
  -------------------------------------------------------------------
                         slack                                  0.125    

Slack (MET) :             0.125ns  (arrival time - required time)
  Source:                 u_confreg/conf_wdata_r1_reg[25]/C
                            (rising edge-triggered cell FDRE clocked by timer_clk_clk_pll  {rise@0.000ns fall@5.000ns period=10.000ns})
  Destination:            u_confreg/conf_wdata_r2_reg[25]/D
                            (rising edge-triggered cell FDRE clocked by timer_clk_clk_pll  {rise@0.000ns fall@5.000ns period=10.000ns})
  Path Group:             timer_clk_clk_pll
  Path Type:              Hold (Min at Fast Process Corner)
  Requirement:            0.000ns  (timer_clk_clk_pll rise@0.000ns - timer_clk_clk_pll rise@0.000ns)
  Data Path Delay:        0.196ns  (logic 0.141ns (71.838%)  route 0.055ns (28.162%))
  Logic Levels:           0  
  Clock Path Skew:        0.000ns (DCD - SCD - CPR)
    Destination Clock Delay (DCD):    -0.309ns
    Source Clock Delay      (SCD):    -0.548ns
    Clock Pessimism Removal (CPR):    0.239ns

    Location             Delay type                Incr(ns)  Path(ns)    Netlist Resource(s)
  -------------------------------------------------------------------    -------------------
                         (clock timer_clk_clk_pll rise edge)
                                                      0.000     0.000 r  
    AC19                                              0.000     0.000 r  clk (IN)
                         net (fo=0)                   0.000     0.000    pll.clk_pll/inst/clk_in1
    AC19                 IBUF (Prop_ibuf_I_O)         0.253     0.253 r  pll.clk_pll/inst/clkin1_ibufg/O
                         net (fo=1, routed)           0.565     0.818    pll.clk_pll/inst/clk_in1_clk_pll
    PLLE2_ADV_X0Y2       PLLE2_ADV (Prop_plle2_adv_CLKIN1_CLKOUT1)
                                                     -2.523    -1.705 r  pll.clk_pll/inst/plle2_adv_inst/CLKOUT1
                         net (fo=1, routed)           0.560    -1.146    pll.clk_pll/inst/timer_clk_clk_pll
    BUFGCTRL_X0Y1        BUFG (Prop_bufg_I_O)         0.026    -1.120 r  pll.clk_pll/inst/clkout2_buf/O
                         net (fo=99, routed)          0.572    -0.548    u_confreg/timer_clk
    SLICE_X91Y113        FDRE                                         r  u_confreg/conf_wdata_r1_reg[25]/C
  -------------------------------------------------------------------    -------------------
    SLICE_X91Y113        FDRE (Prop_fdre_C_Q)         0.141    -0.407 r  u_confreg/conf_wdata_r1_reg[25]/Q
                         net (fo=1, routed)           0.055    -0.352    u_confreg/conf_wdata_r1[25]
    SLICE_X91Y113        FDRE                                         r  u_confreg/conf_wdata_r2_reg[25]/D
  -------------------------------------------------------------------    -------------------

                         (clock timer_clk_clk_pll rise edge)
                                                      0.000     0.000 r  
    AC19                                              0.000     0.000 r  clk (IN)
                         net (fo=0)                   0.000     0.000    pll.clk_pll/inst/clk_in1
    AC19                 IBUF (Prop_ibuf_I_O)         0.441     0.441 r  pll.clk_pll/inst/clkin1_ibufg/O
                         net (fo=1, routed)           0.620     1.061    pll.clk_pll/inst/clk_in1_clk_pll
    PLLE2_ADV_X0Y2       PLLE2_ADV (Prop_plle2_adv_CLKIN1_CLKOUT1)
                                                     -2.851    -1.790 r  pll.clk_pll/inst/plle2_adv_inst/CLKOUT1
                         net (fo=1, routed)           0.611    -1.180    pll.clk_pll/inst/timer_clk_clk_pll
    BUFGCTRL_X0Y1        BUFG (Prop_bufg_I_O)         0.029    -1.151 r  pll.clk_pll/inst/clkout2_buf/O
                         net (fo=99, routed)          0.842    -0.309    u_confreg/timer_clk
    SLICE_X91Y113        FDRE                                         r  u_confreg/conf_wdata_r2_reg[25]/C
                         clock pessimism             -0.239    -0.548    
    SLICE_X91Y113        FDRE (Hold_fdre_C_D)         0.071    -0.477    u_confreg/conf_wdata_r2_reg[25]
  -------------------------------------------------------------------
                         required time                          0.477    
                         arrival time                          -0.352    
  -------------------------------------------------------------------
                         slack                                  0.125    

Slack (MET) :             0.129ns  (arrival time - required time)
  Source:                 u_confreg/conf_wdata_r1_reg[8]/C
                            (rising edge-triggered cell FDRE clocked by timer_clk_clk_pll  {rise@0.000ns fall@5.000ns period=10.000ns})
  Destination:            u_confreg/conf_wdata_r2_reg[8]/D
                            (rising edge-triggered cell FDRE clocked by timer_clk_clk_pll  {rise@0.000ns fall@5.000ns period=10.000ns})
  Path Group:             timer_clk_clk_pll
  Path Type:              Hold (Min at Fast Process Corner)
  Requirement:            0.000ns  (timer_clk_clk_pll rise@0.000ns - timer_clk_clk_pll rise@0.000ns)
  Data Path Delay:        0.398ns  (logic 0.141ns (35.457%)  route 0.257ns (64.543%))
  Logic Levels:           0  
  Clock Path Skew:        0.198ns (DCD - SCD - CPR)
    Destination Clock Delay (DCD):    -0.307ns
    Source Clock Delay      (SCD):    -0.479ns
    Clock Pessimism Removal (CPR):    -0.026ns

    Location             Delay type                Incr(ns)  Path(ns)    Netlist Resource(s)
  -------------------------------------------------------------------    -------------------
                         (clock timer_clk_clk_pll rise edge)
                                                      0.000     0.000 r  
    AC19                                              0.000     0.000 r  clk (IN)
                         net (fo=0)                   0.000     0.000    pll.clk_pll/inst/clk_in1
    AC19                 IBUF (Prop_ibuf_I_O)         0.253     0.253 r  pll.clk_pll/inst/clkin1_ibufg/O
                         net (fo=1, routed)           0.565     0.818    pll.clk_pll/inst/clk_in1_clk_pll
    PLLE2_ADV_X0Y2       PLLE2_ADV (Prop_plle2_adv_CLKIN1_CLKOUT1)
                                                     -2.523    -1.705 r  pll.clk_pll/inst/plle2_adv_inst/CLKOUT1
                         net (fo=1, routed)           0.560    -1.146    pll.clk_pll/inst/timer_clk_clk_pll
    BUFGCTRL_X0Y1        BUFG (Prop_bufg_I_O)         0.026    -1.120 r  pll.clk_pll/inst/clkout2_buf/O
                         net (fo=99, routed)          0.640    -0.479    u_confreg/timer_clk
    SLICE_X89Y95         FDRE                                         r  u_confreg/conf_wdata_r1_reg[8]/C
  -------------------------------------------------------------------    -------------------
    SLICE_X89Y95         FDRE (Prop_fdre_C_Q)         0.141    -0.338 r  u_confreg/conf_wdata_r1_reg[8]/Q
                         net (fo=1, routed)           0.257    -0.082    u_confreg/conf_wdata_r1[8]
    SLICE_X89Y105        FDRE                                         r  u_confreg/conf_wdata_r2_reg[8]/D
  -------------------------------------------------------------------    -------------------

                         (clock timer_clk_clk_pll rise edge)
                                                      0.000     0.000 r  
    AC19                                              0.000     0.000 r  clk (IN)
                         net (fo=0)                   0.000     0.000    pll.clk_pll/inst/clk_in1
    AC19                 IBUF (Prop_ibuf_I_O)         0.441     0.441 r  pll.clk_pll/inst/clkin1_ibufg/O
                         net (fo=1, routed)           0.620     1.061    pll.clk_pll/inst/clk_in1_clk_pll
    PLLE2_ADV_X0Y2       PLLE2_ADV (Prop_plle2_adv_CLKIN1_CLKOUT1)
                                                     -2.851    -1.790 r  pll.clk_pll/inst/plle2_adv_inst/CLKOUT1
                         net (fo=1, routed)           0.611    -1.180    pll.clk_pll/inst/timer_clk_clk_pll
    BUFGCTRL_X0Y1        BUFG (Prop_bufg_I_O)         0.029    -1.151 r  pll.clk_pll/inst/clkout2_buf/O
                         net (fo=99, routed)          0.844    -0.307    u_confreg/timer_clk
    SLICE_X89Y105        FDRE                                         r  u_confreg/conf_wdata_r2_reg[8]/C
                         clock pessimism              0.026    -0.281    
    SLICE_X89Y105        FDRE (Hold_fdre_C_D)         0.070    -0.211    u_confreg/conf_wdata_r2_reg[8]
  -------------------------------------------------------------------
                         required time                          0.211    
                         arrival time                          -0.082    
  -------------------------------------------------------------------
                         slack                                  0.129    

Slack (MET) :             0.155ns  (arrival time - required time)
  Source:                 u_confreg/conf_wdata_r1_reg[19]/C
                            (rising edge-triggered cell FDRE clocked by timer_clk_clk_pll  {rise@0.000ns fall@5.000ns period=10.000ns})
  Destination:            u_confreg/conf_wdata_r2_reg[19]/D
                            (rising edge-triggered cell FDRE clocked by timer_clk_clk_pll  {rise@0.000ns fall@5.000ns period=10.000ns})
  Path Group:             timer_clk_clk_pll
  Path Type:              Hold (Min at Fast Process Corner)
  Requirement:            0.000ns  (timer_clk_clk_pll rise@0.000ns - timer_clk_clk_pll rise@0.000ns)
  Data Path Delay:        0.219ns  (logic 0.164ns (74.792%)  route 0.055ns (25.208%))
  Logic Levels:           0  
  Clock Path Skew:        0.000ns (DCD - SCD - CPR)
    Destination Clock Delay (DCD):    -0.303ns
    Source Clock Delay      (SCD):    -0.542ns
    Clock Pessimism Removal (CPR):    0.239ns

    Location             Delay type                Incr(ns)  Path(ns)    Netlist Resource(s)
  -------------------------------------------------------------------    -------------------
                         (clock timer_clk_clk_pll rise edge)
                                                      0.000     0.000 r  
    AC19                                              0.000     0.000 r  clk (IN)
                         net (fo=0)                   0.000     0.000    pll.clk_pll/inst/clk_in1
    AC19                 IBUF (Prop_ibuf_I_O)         0.253     0.253 r  pll.clk_pll/inst/clkin1_ibufg/O
                         net (fo=1, routed)           0.565     0.818    pll.clk_pll/inst/clk_in1_clk_pll
    PLLE2_ADV_X0Y2       PLLE2_ADV (Prop_plle2_adv_CLKIN1_CLKOUT1)
                                                     -2.523    -1.705 r  pll.clk_pll/inst/plle2_adv_inst/CLKOUT1
                         net (fo=1, routed)           0.560    -1.146    pll.clk_pll/inst/timer_clk_clk_pll
    BUFGCTRL_X0Y1        BUFG (Prop_bufg_I_O)         0.026    -1.120 r  pll.clk_pll/inst/clkout2_buf/O
                         net (fo=99, routed)          0.578    -0.542    u_confreg/timer_clk
    SLICE_X92Y110        FDRE                                         r  u_confreg/conf_wdata_r1_reg[19]/C
  -------------------------------------------------------------------    -------------------
    SLICE_X92Y110        FDRE (Prop_fdre_C_Q)         0.164    -0.378 r  u_confreg/conf_wdata_r1_reg[19]/Q
                         net (fo=1, routed)           0.055    -0.323    u_confreg/conf_wdata_r1[19]
    SLICE_X92Y110        FDRE                                         r  u_confreg/conf_wdata_r2_reg[19]/D
  -------------------------------------------------------------------    -------------------

                         (clock timer_clk_clk_pll rise edge)
                                                      0.000     0.000 r  
    AC19                                              0.000     0.000 r  clk (IN)
                         net (fo=0)                   0.000     0.000    pll.clk_pll/inst/clk_in1
    AC19                 IBUF (Prop_ibuf_I_O)         0.441     0.441 r  pll.clk_pll/inst/clkin1_ibufg/O
                         net (fo=1, routed)           0.620     1.061    pll.clk_pll/inst/clk_in1_clk_pll
    PLLE2_ADV_X0Y2       PLLE2_ADV (Prop_plle2_adv_CLKIN1_CLKOUT1)
                                                     -2.851    -1.790 r  pll.clk_pll/inst/plle2_adv_inst/CLKOUT1
                         net (fo=1, routed)           0.611    -1.180    pll.clk_pll/inst/timer_clk_clk_pll
    BUFGCTRL_X0Y1        BUFG (Prop_bufg_I_O)         0.029    -1.151 r  pll.clk_pll/inst/clkout2_buf/O
                         net (fo=99, routed)          0.848    -0.303    u_confreg/timer_clk
    SLICE_X92Y110        FDRE                                         r  u_confreg/conf_wdata_r2_reg[19]/C
                         clock pessimism             -0.239    -0.542    
    SLICE_X92Y110        FDRE (Hold_fdre_C_D)         0.064    -0.478    u_confreg/conf_wdata_r2_reg[19]
  -------------------------------------------------------------------
                         required time                          0.478    
                         arrival time                          -0.323    
  -------------------------------------------------------------------
                         slack                                  0.155    





Pulse Width Checks
--------------------------------------------------------------------------------------
Clock Name:         timer_clk_clk_pll
Waveform(ns):       { 0.000 5.000 }
Period(ns):         10.000
Sources:            { pll.clk_pll/inst/plle2_adv_inst/CLKOUT1 }

Check Type        Corner  Lib Pin            Reference Pin  Required(ns)  Actual(ns)  Slack(ns)  Location        Pin
Min Period        n/a     BUFG/I             n/a            1.592         10.000      8.408      BUFGCTRL_X0Y1   pll.clk_pll/inst/clkout2_buf/I
Min Period        n/a     PLLE2_ADV/CLKOUT1  n/a            1.249         10.000      8.751      PLLE2_ADV_X0Y2  pll.clk_pll/inst/plle2_adv_inst/CLKOUT1
Min Period        n/a     FDRE/C             n/a            1.000         10.000      9.000      SLICE_X90Y100   u_confreg/conf_wdata_r1_reg[0]/C
Min Period        n/a     FDRE/C             n/a            1.000         10.000      9.000      SLICE_X91Y104   u_confreg/conf_wdata_r1_reg[10]/C
Min Period        n/a     FDRE/C             n/a            1.000         10.000      9.000      SLICE_X91Y104   u_confreg/conf_wdata_r1_reg[11]/C
Min Period        n/a     FDRE/C             n/a            1.000         10.000      9.000      SLICE_X92Y114   u_confreg/conf_wdata_r1_reg[12]/C
Min Period        n/a     FDRE/C             n/a            1.000         10.000      9.000      SLICE_X94Y109   u_confreg/conf_wdata_r1_reg[13]/C
Min Period        n/a     FDRE/C             n/a            1.000         10.000      9.000      SLICE_X94Y109   u_confreg/conf_wdata_r1_reg[14]/C
Min Period        n/a     FDRE/C             n/a            1.000         10.000      9.000      SLICE_X92Y110   u_confreg/conf_wdata_r1_reg[15]/C
Min Period        n/a     FDRE/C             n/a            1.000         10.000      9.000      SLICE_X94Y110   u_confreg/conf_wdata_r1_reg[16]/C
Max Period        n/a     PLLE2_ADV/CLKOUT1  n/a            160.000       10.000      150.000    PLLE2_ADV_X0Y2  pll.clk_pll/inst/plle2_adv_inst/CLKOUT1
Low Pulse Width   Slow    FDRE/C             n/a            0.500         5.000       4.500      SLICE_X90Y100   u_confreg/conf_wdata_r1_reg[0]/C
Low Pulse Width   Slow    FDRE/C             n/a            0.500         5.000       4.500      SLICE_X91Y104   u_confreg/conf_wdata_r1_reg[10]/C
Low Pulse Width   Slow    FDRE/C             n/a            0.500         5.000       4.500      SLICE_X91Y104   u_confreg/conf_wdata_r1_reg[11]/C
Low Pulse Width   Slow    FDRE/C             n/a            0.500         5.000       4.500      SLICE_X92Y114   u_confreg/conf_wdata_r1_reg[12]/C
Low Pulse Width   Slow    FDRE/C             n/a            0.500         5.000       4.500      SLICE_X90Y100   u_confreg/conf_wdata_r1_reg[1]/C
Low Pulse Width   Fast    FDRE/C             n/a            0.500         5.000       4.500      SLICE_X91Y113   u_confreg/conf_wdata_r1_reg[24]/C
Low Pulse Width   Fast    FDRE/C             n/a            0.500         5.000       4.500      SLICE_X91Y113   u_confreg/conf_wdata_r1_reg[25]/C
Low Pulse Width   Slow    FDRE/C             n/a            0.500         5.000       4.500      SLICE_X92Y114   u_confreg/conf_wdata_r1_reg[27]/C
Low Pulse Width   Slow    FDRE/C             n/a            0.500         5.000       4.500      SLICE_X92Y114   u_confreg/conf_wdata_r1_reg[28]/C
Low Pulse Width   Slow    FDRE/C             n/a            0.500         5.000       4.500      SLICE_X92Y114   u_confreg/conf_wdata_r1_reg[29]/C
High Pulse Width  Slow    FDRE/C             n/a            0.500         5.000       4.500      SLICE_X92Y110   u_confreg/conf_wdata_r1_reg[15]/C
High Pulse Width  Slow    FDRE/C             n/a            0.500         5.000       4.500      SLICE_X94Y110   u_confreg/conf_wdata_r1_reg[16]/C
High Pulse Width  Slow    FDRE/C             n/a            0.500         5.000       4.500      SLICE_X94Y110   u_confreg/conf_wdata_r1_reg[17]/C
High Pulse Width  Slow    FDRE/C             n/a            0.500         5.000       4.500      SLICE_X92Y110   u_confreg/conf_wdata_r1_reg[18]/C
High Pulse Width  Slow    FDRE/C             n/a            0.500         5.000       4.500      SLICE_X92Y110   u_confreg/conf_wdata_r1_reg[19]/C
High Pulse Width  Slow    FDRE/C             n/a            0.500         5.000       4.500      SLICE_X92Y110   u_confreg/conf_wdata_r1_reg[21]/C
High Pulse Width  Slow    FDRE/C             n/a            0.500         5.000       4.500      SLICE_X94Y110   u_confreg/conf_wdata_r1_reg[23]/C
High Pulse Width  Slow    FDRE/C             n/a            0.500         5.000       4.500      SLICE_X88Y106   u_confreg/conf_wdata_r1_reg[4]/C
High Pulse Width  Slow    FDRE/C             n/a            0.500         5.000       4.500      SLICE_X84Y103   u_confreg/conf_wdata_r1_reg[7]/C
High Pulse Width  Slow    FDRE/C             n/a            0.500         5.000       4.500      SLICE_X89Y95    u_confreg/conf_wdata_r1_reg[8]/C



