Copyright 1986-2019 Xilinx, Inc. All Rights Reserved.
-----------------------------------------------------------------------------------------------------------------------------------------------------------------------------------------------------------------------
| Tool Version : Vivado v.2019.2 (win64) Build 2708876 Wed Nov  6 21:40:23 MST 2019
| Date         : Fri Dec  5 00:15:06 2025
| Host         : wyn running 64-bit major release  (build 9200)
| Command      : report_timing_summary -max_paths 10 -file soc_axi_lite_top_timing_summary_routed.rpt -pb soc_axi_lite_top_timing_summary_routed.pb -rpx soc_axi_lite_top_timing_summary_routed.rpx -warn_on_violation
| Design       : soc_axi_lite_top
| Device       : 7a200t-fbg676
| Speed File   : -2  PRODUCTION 1.23 2018-06-13
-----------------------------------------------------------------------------------------------------------------------------------------------------------------------------------------------------------------------

Timing Summary Report

------------------------------------------------------------------------------------------------
| Timer Settings
| --------------
------------------------------------------------------------------------------------------------

  Enable Multi Corner Analysis               :  Yes
  Enable Pessimism Removal                   :  Yes
  Pessimism Removal Resolution               :  Nearest Common Node
  Enable Input Delay Default Clock           :  No
  Enable Preset / Clear Arcs                 :  No
  Disable Flight Delays                      :  No
  Ignore I/O Paths                           :  No
  Timing Early Launch at Borrowing Latches   :  No
  Borrow Time for Max Delay Exceptions       :  Yes
  Merge Timing Exceptions                    :  Yes

  Corner  Analyze    Analyze    
  Name    Max Paths  Min Paths  
  ------  ---------  ---------  
  Slow    Yes        Yes        
  Fast    Yes        Yes        



check_timing report

Table of Contents
-----------------
1. checking no_clock
2. checking constant_clock
3. checking pulse_width_clock
4. checking unconstrained_internal_endpoints
5. checking no_input_delay
6. checking no_output_delay
7. checking multiple_clock
8. checking generated_clocks
9. checking loops
10. checking partial_input_delay
11. checking partial_output_delay
12. checking latch_loops

1. checking no_clock
--------------------
 There are 0 register/latch pins with no clock.


2. checking constant_clock
--------------------------
 There are 0 register/latch pins with constant_clock.


3. checking pulse_width_clock
-----------------------------
 There are 0 register/latch pins which need pulse_width check


4. checking unconstrained_internal_endpoints
--------------------------------------------
 There are 0 pins that are not constrained for maximum delay.

 There are 0 pins that are not constrained for maximum delay due to constant clock.


5. checking no_input_delay
--------------------------
 There are 15 input ports with no input delay specified. (HIGH)

 There are 0 input ports with no input delay but user has a false path constraint.


6. checking no_output_delay
---------------------------
 There are 39 ports with no output delay specified. (HIGH)

 There are 0 ports with no output delay but user has a false path constraint

 There are 0 ports with no output delay but with a timing clock defined on it or propagating through it


7. checking multiple_clock
--------------------------
 There are 0 register/latch pins with multiple clocks.


8. checking generated_clocks
----------------------------
 There are 0 generated clocks that are not connected to a clock source.


9. checking loops
-----------------
 There are 0 combinational loops in the design.


10. checking partial_input_delay
--------------------------------
 There are 0 input ports with partial input delay specified.


11. checking partial_output_delay
---------------------------------
 There are 0 ports with partial output delay specified.


12. checking latch_loops
------------------------
 There are 0 combinational latch loops in the design through latch input



------------------------------------------------------------------------------------------------
| Design Timing Summary
| ---------------------
------------------------------------------------------------------------------------------------

    WNS(ns)      TNS(ns)  TNS Failing Endpoints  TNS Total Endpoints      WHS(ns)      THS(ns)  THS Failing Endpoints  THS Total Endpoints     WPWS(ns)     TPWS(ns)  TPWS Failing Endpoints  TPWS Total Endpoints  
    -------      -------  ---------------------  -------------------      -------      -------  ---------------------  -------------------     --------     --------  ----------------------  --------------------  
      1.692        0.000                      0                15978        0.057        0.000                      0                15978        3.000        0.000                       0                  3634  


All user specified timing constraints are met.


------------------------------------------------------------------------------------------------
| Clock Summary
| -------------
------------------------------------------------------------------------------------------------

Clock                Waveform(ns)       Period(ns)      Frequency(MHz)
-----                ------------       ----------      --------------
clk                  {0.000 5.000}      10.000          100.000         
  clkfbout_clk_pll   {0.000 5.000}      10.000          100.000         
  cpu_clk_clk_pll    {0.000 10.000}     20.000          50.000          
  timer_clk_clk_pll  {0.000 5.000}      10.000          100.000         


------------------------------------------------------------------------------------------------
| Intra Clock Table
| -----------------
------------------------------------------------------------------------------------------------

Clock                    WNS(ns)      TNS(ns)  TNS Failing Endpoints  TNS Total Endpoints      WHS(ns)      THS(ns)  THS Failing Endpoints  THS Total Endpoints     WPWS(ns)     TPWS(ns)  TPWS Failing Endpoints  TPWS Total Endpoints  
-----                    -------      -------  ---------------------  -------------------      -------      -------  ---------------------  -------------------     --------     --------  ----------------------  --------------------  
clk                                                                                                                                                                    3.000        0.000                       0                     1  
  clkfbout_clk_pll                                                                                                                                                     8.408        0.000                       0                     3  
  cpu_clk_clk_pll          1.692        0.000                      0                15912        0.057        0.000                      0                15912        8.870        0.000                       0                  3529  
  timer_clk_clk_pll        6.621        0.000                      0                   66        0.118        0.000                      0                   66        4.500        0.000                       0                   101  


------------------------------------------------------------------------------------------------
| Inter Clock Table
| -----------------
------------------------------------------------------------------------------------------------

From Clock    To Clock          WNS(ns)      TNS(ns)  TNS Failing Endpoints  TNS Total Endpoints      WHS(ns)      THS(ns)  THS Failing Endpoints  THS Total Endpoints  
----------    --------          -------      -------  ---------------------  -------------------      -------      -------  ---------------------  -------------------  


------------------------------------------------------------------------------------------------
| Other Path Groups Table
| -----------------------
------------------------------------------------------------------------------------------------

Path Group    From Clock    To Clock          WNS(ns)      TNS(ns)  TNS Failing Endpoints  TNS Total Endpoints      WHS(ns)      THS(ns)  THS Failing Endpoints  THS Total Endpoints  
----------    ----------    --------          -------      -------  ---------------------  -------------------      -------      -------  ---------------------  -------------------  


------------------------------------------------------------------------------------------------
| Timing Details
| --------------
------------------------------------------------------------------------------------------------


---------------------------------------------------------------------------------------------------
From Clock:  clk
  To Clock:  clk

Setup :           NA  Failing Endpoints,  Worst Slack           NA  ,  Total Violation           NA
Hold  :           NA  Failing Endpoints,  Worst Slack           NA  ,  Total Violation           NA
PW    :            0  Failing Endpoints,  Worst Slack        3.000ns,  Total Violation        0.000ns
---------------------------------------------------------------------------------------------------


Pulse Width Checks
--------------------------------------------------------------------------------------
Clock Name:         clk
Waveform(ns):       { 0.000 5.000 }
Period(ns):         10.000
Sources:            { clk }

Check Type        Corner  Lib Pin           Reference Pin  Required(ns)  Actual(ns)  Slack(ns)  Location        Pin
Min Period        n/a     PLLE2_ADV/CLKIN1  n/a            1.249         10.000      8.751      PLLE2_ADV_X0Y2  pll.clk_pll/inst/plle2_adv_inst/CLKIN1
Max Period        n/a     PLLE2_ADV/CLKIN1  n/a            52.633        10.000      42.633     PLLE2_ADV_X0Y2  pll.clk_pll/inst/plle2_adv_inst/CLKIN1
Low Pulse Width   Fast    PLLE2_ADV/CLKIN1  n/a            2.000         5.000       3.000      PLLE2_ADV_X0Y2  pll.clk_pll/inst/plle2_adv_inst/CLKIN1
Low Pulse Width   Slow    PLLE2_ADV/CLKIN1  n/a            2.000         5.000       3.000      PLLE2_ADV_X0Y2  pll.clk_pll/inst/plle2_adv_inst/CLKIN1
High Pulse Width  Slow    PLLE2_ADV/CLKIN1  n/a            2.000         5.000       3.000      PLLE2_ADV_X0Y2  pll.clk_pll/inst/plle2_adv_inst/CLKIN1
High Pulse Width  Fast    PLLE2_ADV/CLKIN1  n/a            2.000         5.000       3.000      PLLE2_ADV_X0Y2  pll.clk_pll/inst/plle2_adv_inst/CLKIN1



---------------------------------------------------------------------------------------------------
From Clock:  clkfbout_clk_pll
  To Clock:  clkfbout_clk_pll

Setup :           NA  Failing Endpoints,  Worst Slack           NA  ,  Total Violation           NA
Hold  :           NA  Failing Endpoints,  Worst Slack           NA  ,  Total Violation           NA
PW    :            0  Failing Endpoints,  Worst Slack        8.408ns,  Total Violation        0.000ns
---------------------------------------------------------------------------------------------------


Pulse Width Checks
--------------------------------------------------------------------------------------
Clock Name:         clkfbout_clk_pll
Waveform(ns):       { 0.000 5.000 }
Period(ns):         10.000
Sources:            { pll.clk_pll/inst/plle2_adv_inst/CLKFBOUT }

Check Type  Corner  Lib Pin             Reference Pin  Required(ns)  Actual(ns)  Slack(ns)  Location        Pin
Min Period  n/a     BUFG/I              n/a            1.592         10.000      8.408      BUFGCTRL_X0Y2   pll.clk_pll/inst/clkf_buf/I
Min Period  n/a     PLLE2_ADV/CLKFBOUT  n/a            1.249         10.000      8.751      PLLE2_ADV_X0Y2  pll.clk_pll/inst/plle2_adv_inst/CLKFBOUT
Min Period  n/a     PLLE2_ADV/CLKFBIN   n/a            1.249         10.000      8.751      PLLE2_ADV_X0Y2  pll.clk_pll/inst/plle2_adv_inst/CLKFBIN
Max Period  n/a     PLLE2_ADV/CLKFBIN   n/a            52.633        10.000      42.633     PLLE2_ADV_X0Y2  pll.clk_pll/inst/plle2_adv_inst/CLKFBIN
Max Period  n/a     PLLE2_ADV/CLKFBOUT  n/a            160.000       10.000      150.000    PLLE2_ADV_X0Y2  pll.clk_pll/inst/plle2_adv_inst/CLKFBOUT



---------------------------------------------------------------------------------------------------
From Clock:  cpu_clk_clk_pll
  To Clock:  cpu_clk_clk_pll

Setup :            0  Failing Endpoints,  Worst Slack        1.692ns,  Total Violation        0.000ns
Hold  :            0  Failing Endpoints,  Worst Slack        0.057ns,  Total Violation        0.000ns
PW    :            0  Failing Endpoints,  Worst Slack        8.870ns,  Total Violation        0.000ns
---------------------------------------------------------------------------------------------------


Max Delay Paths
--------------------------------------------------------------------------------------
Slack (MET) :             1.692ns  (required time - arrival time)
  Source:                 u_cpu/u_ls132r_axi/u_execute/rs_op_r_reg[7]/C
                            (rising edge-triggered cell FDRE clocked by cpu_clk_clk_pll  {rise@0.000ns fall@10.000ns period=20.000ns})
  Destination:            u_axi_crossbar_1x2/inst/gen_samd.crossbar_samd/addr_arbiter_ar/gen_no_arbiter.m_valid_i_reg/D
                            (rising edge-triggered cell FDRE clocked by cpu_clk_clk_pll  {rise@0.000ns fall@10.000ns period=20.000ns})
  Path Group:             cpu_clk_clk_pll
  Path Type:              Setup (Max at Slow Process Corner)
  Requirement:            20.000ns  (cpu_clk_clk_pll rise@20.000ns - cpu_clk_clk_pll rise@0.000ns)
  Data Path Delay:        18.242ns  (logic 5.109ns (28.007%)  route 13.133ns (71.993%))
  Logic Levels:           28  (CARRY4=8 LUT2=2 LUT3=2 LUT4=4 LUT5=3 LUT6=9)
  Clock Path Skew:        -0.009ns (DCD - SCD + CPR)
    Destination Clock Delay (DCD):    -1.377ns = ( 18.623 - 20.000 ) 
    Source Clock Delay      (SCD):    -1.823ns
    Clock Pessimism Removal (CPR):    -0.455ns
  Clock Uncertainty:      0.087ns  ((TSJ^2 + DJ^2)^1/2) / 2 + PE
    Total System Jitter     (TSJ):    0.071ns
    Discrete Jitter          (DJ):    0.159ns
    Phase Error              (PE):    0.000ns

    Location             Delay type                Incr(ns)  Path(ns)    Netlist Resource(s)
  -------------------------------------------------------------------    -------------------
                         (clock cpu_clk_clk_pll rise edge)
                                                      0.000     0.000 r  
    AC19                                              0.000     0.000 r  clk (IN)
                         net (fo=0)                   0.000     0.000    pll.clk_pll/inst/clk_in1
    AC19                 IBUF (Prop_ibuf_I_O)         1.416     1.416 r  pll.clk_pll/inst/clkin1_ibufg/O
                         net (fo=1, routed)           1.404     2.820    pll.clk_pll/inst/clk_in1_clk_pll
    PLLE2_ADV_X0Y2       PLLE2_ADV (Prop_plle2_adv_CLKIN1_CLKOUT0)
                                                     -7.646    -4.825 r  pll.clk_pll/inst/plle2_adv_inst/CLKOUT0
                         net (fo=1, routed)           1.557    -3.269    pll.clk_pll/inst/cpu_clk_clk_pll
    BUFGCTRL_X0Y0        BUFG (Prop_bufg_I_O)         0.081    -3.188 r  pll.clk_pll/inst/clkout1_buf/O
                         net (fo=3527, routed)        1.365    -1.823    u_cpu/u_ls132r_axi/u_execute/cpu_clk
    SLICE_X82Y122        FDRE                                         r  u_cpu/u_ls132r_axi/u_execute/rs_op_r_reg[7]/C
  -------------------------------------------------------------------    -------------------
    SLICE_X82Y122        FDRE (Prop_fdre_C_Q)         0.379    -1.444 f  u_cpu/u_ls132r_axi/u_execute/rs_op_r_reg[7]/Q
                         net (fo=97, routed)          1.257    -0.187    u_cpu/u_ls132r_axi/u_execute/rs_op[7]
    SLICE_X95Y125        LUT6 (Prop_lut6_I2_O)        0.105    -0.082 f  u_cpu/u_ls132r_axi/u_execute/reg_lo[31]_i_7/O
                         net (fo=188, routed)         0.469     0.387    u_cpu/u_ls132r_axi/u_execute/rs_op_r_reg[5]_0
    SLICE_X96Y122        LUT3 (Prop_lut3_I0_O)        0.105     0.492 f  u_cpu/u_ls132r_axi/u_execute/reg_hi[0]_i_5/O
                         net (fo=35, routed)          0.785     1.278    u_cpu/u_ls132r_axi/u_execute/reg_hi[0]_i_5_n_0
    SLICE_X89Y119        LUT4 (Prop_lut4_I0_O)        0.126     1.404 f  u_cpu/u_ls132r_axi/u_execute/reg_hi[0]_i_3/O
                         net (fo=64, routed)          0.438     1.842    u_cpu/u_ls132r_axi/u_execute/reg_hi[0]_i_3_n_0
    SLICE_X91Y120        LUT2 (Prop_lut2_I1_O)        0.267     2.109 r  u_cpu/u_ls132r_axi/u_execute/reg_hi[4]_i_5/O
                         net (fo=1, routed)           0.255     2.364    u_cpu/u_ls132r_axi/u_execute/reg_hi[4]_i_5_n_0
    SLICE_X90Y120        CARRY4 (Prop_carry4_CYINIT_CO[3])
                                                      0.494     2.858 r  u_cpu/u_ls132r_axi/u_execute/reg_hi_reg[4]_i_3/CO[3]
                         net (fo=1, routed)           0.000     2.858    u_cpu/u_ls132r_axi/u_execute/reg_hi_reg[4]_i_3_n_0
    SLICE_X90Y121        CARRY4 (Prop_carry4_CI_CO[3])
                                                      0.100     2.958 r  u_cpu/u_ls132r_axi/u_execute/reg_hi_reg[8]_i_3/CO[3]
                         net (fo=1, routed)           0.000     2.958    u_cpu/u_ls132r_axi/u_execute/reg_hi_reg[8]_i_3_n_0
    SLICE_X90Y122        CARRY4 (Prop_carry4_CI_CO[3])
                                                      0.100     3.058 r  u_cpu/u_ls132r_axi/u_execute/reg_hi_reg[12]_i_3/CO[3]
                         net (fo=1, routed)           0.000     3.058    u_cpu/u_ls132r_axi/u_execute/reg_hi_reg[12]_i_3_n_0
    SLICE_X90Y123        CARRY4 (Prop_carry4_CI_CO[3])
                                                      0.100     3.158 r  u_cpu/u_ls132r_axi/u_execute/reg_hi_reg[16]_i_3/CO[3]
                         net (fo=1, routed)           0.000     3.158    u_cpu/u_ls132r_axi/u_execute/reg_hi_reg[16]_i_3_n_0
    SLICE_X90Y124        CARRY4 (Prop_carry4_CI_CO[3])
                                                      0.100     3.258 r  u_cpu/u_ls132r_axi/u_execute/reg_hi_reg[20]_i_3/CO[3]
                         net (fo=1, routed)           0.008     3.266    u_cpu/u_ls132r_axi/u_execute/reg_hi_reg[20]_i_3_n_0
    SLICE_X90Y125        CARRY4 (Prop_carry4_CI_O[1])
                                                      0.257     3.523 f  u_cpu/u_ls132r_axi/u_execute/reg_hi_reg[24]_i_3/O[1]
                         net (fo=2, routed)           0.646     4.169    u_cpu/u_ls132r_axi/u_execute/reg_hi_reg[24]_i_3_n_6
    SLICE_X91Y127        LUT3 (Prop_lut3_I0_O)        0.264     4.433 r  u_cpu/u_ls132r_axi/u_execute/reg_lo[22]_i_3/O
                         net (fo=3, routed)           0.559     4.993    u_cpu/u_ls132r_axi/u_execute/reg_lo[22]_i_3_n_0
    SLICE_X87Y126        LUT6 (Prop_lut6_I1_O)        0.267     5.260 r  u_cpu/u_ls132r_axi/u_execute/cr_badvaddr[23]_i_11/O
                         net (fo=3, routed)           0.541     5.801    u_cpu/u_ls132r_axi/u_execute/cr_badvaddr[23]_i_11_n_0
    SLICE_X84Y123        LUT2 (Prop_lut2_I1_O)        0.105     5.906 r  u_cpu/u_ls132r_axi/u_execute/u_axi_crossbar_1x2_i_158/O
                         net (fo=1, routed)           0.000     5.906    u_cpu/u_ls132r_axi/u_execute/u_axi_crossbar_1x2_i_158_n_0
    SLICE_X84Y123        CARRY4 (Prop_carry4_S[2]_CO[3])
                                                      0.316     6.222 r  u_cpu/u_ls132r_axi/u_execute/u_axi_crossbar_1x2_i_6/CO[3]
                         net (fo=1, routed)           0.000     6.222    u_cpu/u_ls132r_axi/u_execute/u_axi_crossbar_1x2_i_6_n_0
    SLICE_X84Y124        CARRY4 (Prop_carry4_CI_O[0])
                                                      0.178     6.400 f  u_cpu/u_ls132r_axi/u_execute/u_axi_crossbar_1x2_i_5/O[0]
                         net (fo=9, routed)           1.011     7.411    u_cpu/u_ls132r_axi/u_execute/rs_v1_r_reg[27]_0[0]
    SLICE_X82Y120        LUT4 (Prop_lut4_I2_O)        0.248     7.659 r  u_cpu/u_ls132r_axi/u_execute/fetching_data_r_i_13/O
                         net (fo=2, routed)           0.648     8.307    u_cpu/u_ls132r_axi/u_execute/fetching_data_r_i_13_n_0
    SLICE_X79Y121        LUT6 (Prop_lut6_I5_O)        0.267     8.574 f  u_cpu/u_ls132r_axi/u_execute/fetching_data_r_i_4/O
                         net (fo=50, routed)          0.371     8.945    u_cpu/u_ls132r_axi/u_execute/cr_debug_LSNM_reg_1
    SLICE_X78Y120        LUT6 (Prop_lut6_I2_O)        0.105     9.050 r  u_cpu/u_ls132r_axi/u_execute/rs_ex_r_i_6/O
                         net (fo=1, routed)           0.568     9.618    u_cpu/u_ls132r_axi/u_execute/rs_ex_r_i_6_n_0
    SLICE_X78Y121        LUT6 (Prop_lut6_I1_O)        0.105     9.723 r  u_cpu/u_ls132r_axi/u_execute/rs_ex_r_i_3/O
                         net (fo=10, routed)          0.775    10.498    u_cpu/u_ls132r_axi/u_fetch/u_axi_crossbar_1x2_i_367
    SLICE_X65Y121        LUT6 (Prop_lut6_I3_O)        0.105    10.603 r  u_cpu/u_ls132r_axi/u_fetch/inst_pc_r[31]_i_21/O
                         net (fo=3, routed)           0.552    11.155    u_cpu/u_ls132r_axi/u_execute/u_axi_crossbar_1x2_i_281_1
    SLICE_X64Y119        LUT6 (Prop_lut6_I2_O)        0.105    11.260 r  u_cpu/u_ls132r_axi/u_execute/u_axi_crossbar_1x2_i_367/O
                         net (fo=2, routed)           0.347    11.607    u_cpu/u_ls132r_axi/u_execute/u_axi_crossbar_1x2_i_367_n_0
    SLICE_X64Y118        LUT5 (Prop_lut5_I2_O)        0.105    11.712 f  u_cpu/u_ls132r_axi/u_execute/u_axi_crossbar_1x2_i_281/O
                         net (fo=32, routed)          0.554    12.266    u_cpu/u_ls132r_axi/u_execute/u_axi_crossbar_1x2_i_281_n_0
    SLICE_X73Y117        LUT4 (Prop_lut4_I0_O)        0.105    12.371 r  u_cpu/u_ls132r_axi/u_execute/u_axi_crossbar_1x2_i_65/O
                         net (fo=2, routed)           0.531    12.902    u_axi_crossbar_1x2/inst/gen_samd.crossbar_samd/addr_arbiter_ar/D[23]
    SLICE_X69Y117        LUT4 (Prop_lut4_I2_O)        0.105    13.007 f  u_axi_crossbar_1x2/inst/gen_samd.crossbar_samd/addr_arbiter_ar/gen_multi_thread.active_target[25]_i_5__0/O
                         net (fo=3, routed)           0.968    13.976    u_axi_crossbar_1x2/inst/gen_samd.crossbar_samd/addr_arbiter_ar/gen_multi_thread.active_target[25]_i_5__0_n_0
    SLICE_X69Y113        LUT5 (Prop_lut5_I0_O)        0.119    14.095 f  u_axi_crossbar_1x2/inst/gen_samd.crossbar_samd/addr_arbiter_ar/gen_multi_thread.active_region[24]_i_4__0/O
                         net (fo=1, routed)           0.527    14.621    u_axi_crossbar_1x2/inst/gen_samd.crossbar_samd/addr_arbiter_ar/gen_multi_thread.active_region[24]_i_4__0_n_0
    SLICE_X68Y114        LUT6 (Prop_lut6_I2_O)        0.267    14.888 r  u_axi_crossbar_1x2/inst/gen_samd.crossbar_samd/addr_arbiter_ar/gen_multi_thread.active_region[24]_i_2__0/O
                         net (fo=9, routed)           0.617    15.506    u_axi_crossbar_1x2/inst/gen_samd.crossbar_samd/gen_slave_slots[0].gen_si_read.si_transactor_ar/st_aa_arregion[0]
    SLICE_X67Y112        LUT5 (Prop_lut5_I2_O)        0.105    15.611 f  u_axi_crossbar_1x2/inst/gen_samd.crossbar_samd/gen_slave_slots[0].gen_si_read.si_transactor_ar/gen_no_arbiter.s_ready_i[0]_i_5/O
                         net (fo=5, routed)           0.703    16.314    u_axi_crossbar_1x2/inst/gen_samd.crossbar_samd/gen_slave_slots[0].gen_si_read.si_transactor_ar/gen_multi_thread.active_region_reg[16]_0
    SLICE_X65Y113        LUT6 (Prop_lut6_I2_O)        0.105    16.419 r  u_axi_crossbar_1x2/inst/gen_samd.crossbar_samd/gen_slave_slots[0].gen_si_read.si_transactor_ar/gen_no_arbiter.m_valid_i_i_1__0/O
                         net (fo=1, routed)           0.000    16.419    u_axi_crossbar_1x2/inst/gen_samd.crossbar_samd/addr_arbiter_ar/gen_no_arbiter.m_valid_i_reg_2
    SLICE_X65Y113        FDRE                                         r  u_axi_crossbar_1x2/inst/gen_samd.crossbar_samd/addr_arbiter_ar/gen_no_arbiter.m_valid_i_reg/D
  -------------------------------------------------------------------    -------------------

                         (clock cpu_clk_clk_pll rise edge)
                                                     20.000    20.000 r  
    AC19                                              0.000    20.000 r  clk (IN)
                         net (fo=0)                   0.000    20.000    pll.clk_pll/inst/clk_in1
    AC19                 IBUF (Prop_ibuf_I_O)         1.350    21.350 r  pll.clk_pll/inst/clkin1_ibufg/O
                         net (fo=1, routed)           1.327    22.677    pll.clk_pll/inst/clk_in1_clk_pll
    PLLE2_ADV_X0Y2       PLLE2_ADV (Prop_plle2_adv_CLKIN1_CLKOUT0)
                                                     -6.905    15.771 r  pll.clk_pll/inst/plle2_adv_inst/CLKOUT0
                         net (fo=1, routed)           1.484    17.256    pll.clk_pll/inst/cpu_clk_clk_pll
    BUFGCTRL_X0Y0        BUFG (Prop_bufg_I_O)         0.077    17.333 r  pll.clk_pll/inst/clkout1_buf/O
                         net (fo=3527, routed)        1.290    18.623    u_axi_crossbar_1x2/inst/gen_samd.crossbar_samd/addr_arbiter_ar/aclk
    SLICE_X65Y113        FDRE                                         r  u_axi_crossbar_1x2/inst/gen_samd.crossbar_samd/addr_arbiter_ar/gen_no_arbiter.m_valid_i_reg/C
                         clock pessimism             -0.455    18.168    
                         clock uncertainty           -0.087    18.081    
    SLICE_X65Y113        FDRE (Setup_fdre_C_D)        0.030    18.111    u_axi_crossbar_1x2/inst/gen_samd.crossbar_samd/addr_arbiter_ar/gen_no_arbiter.m_valid_i_reg
  -------------------------------------------------------------------
                         required time                         18.111    
                         arrival time                         -16.419    
  -------------------------------------------------------------------
                         slack                                  1.692    

Slack (MET) :             1.848ns  (required time - arrival time)
  Source:                 u_cpu/u_ls132r_axi/u_execute/rs_op_r_reg[7]/C
                            (rising edge-triggered cell FDRE clocked by cpu_clk_clk_pll  {rise@0.000ns fall@10.000ns period=20.000ns})
  Destination:            u_axi_crossbar_1x2/inst/gen_samd.crossbar_samd/addr_arbiter_ar/gen_no_arbiter.s_ready_i_reg[0]/D
                            (rising edge-triggered cell FDRE clocked by cpu_clk_clk_pll  {rise@0.000ns fall@10.000ns period=20.000ns})
  Path Group:             cpu_clk_clk_pll
  Path Type:              Setup (Max at Slow Process Corner)
  Requirement:            20.000ns  (cpu_clk_clk_pll rise@20.000ns - cpu_clk_clk_pll rise@0.000ns)
  Data Path Delay:        18.126ns  (logic 5.109ns (28.186%)  route 13.017ns (71.814%))
  Logic Levels:           28  (CARRY4=8 LUT2=2 LUT3=2 LUT4=4 LUT5=3 LUT6=9)
  Clock Path Skew:        -0.011ns (DCD - SCD + CPR)
    Destination Clock Delay (DCD):    -1.379ns = ( 18.621 - 20.000 ) 
    Source Clock Delay      (SCD):    -1.823ns
    Clock Pessimism Removal (CPR):    -0.455ns
  Clock Uncertainty:      0.087ns  ((TSJ^2 + DJ^2)^1/2) / 2 + PE
    Total System Jitter     (TSJ):    0.071ns
    Discrete Jitter          (DJ):    0.159ns
    Phase Error              (PE):    0.000ns

    Location             Delay type                Incr(ns)  Path(ns)    Netlist Resource(s)
  -------------------------------------------------------------------    -------------------
                         (clock cpu_clk_clk_pll rise edge)
                                                      0.000     0.000 r  
    AC19                                              0.000     0.000 r  clk (IN)
                         net (fo=0)                   0.000     0.000    pll.clk_pll/inst/clk_in1
    AC19                 IBUF (Prop_ibuf_I_O)         1.416     1.416 r  pll.clk_pll/inst/clkin1_ibufg/O
                         net (fo=1, routed)           1.404     2.820    pll.clk_pll/inst/clk_in1_clk_pll
    PLLE2_ADV_X0Y2       PLLE2_ADV (Prop_plle2_adv_CLKIN1_CLKOUT0)
                                                     -7.646    -4.825 r  pll.clk_pll/inst/plle2_adv_inst/CLKOUT0
                         net (fo=1, routed)           1.557    -3.269    pll.clk_pll/inst/cpu_clk_clk_pll
    BUFGCTRL_X0Y0        BUFG (Prop_bufg_I_O)         0.081    -3.188 r  pll.clk_pll/inst/clkout1_buf/O
                         net (fo=3527, routed)        1.365    -1.823    u_cpu/u_ls132r_axi/u_execute/cpu_clk
    SLICE_X82Y122        FDRE                                         r  u_cpu/u_ls132r_axi/u_execute/rs_op_r_reg[7]/C
  -------------------------------------------------------------------    -------------------
    SLICE_X82Y122        FDRE (Prop_fdre_C_Q)         0.379    -1.444 f  u_cpu/u_ls132r_axi/u_execute/rs_op_r_reg[7]/Q
                         net (fo=97, routed)          1.257    -0.187    u_cpu/u_ls132r_axi/u_execute/rs_op[7]
    SLICE_X95Y125        LUT6 (Prop_lut6_I2_O)        0.105    -0.082 f  u_cpu/u_ls132r_axi/u_execute/reg_lo[31]_i_7/O
                         net (fo=188, routed)         0.469     0.387    u_cpu/u_ls132r_axi/u_execute/rs_op_r_reg[5]_0
    SLICE_X96Y122        LUT3 (Prop_lut3_I0_O)        0.105     0.492 f  u_cpu/u_ls132r_axi/u_execute/reg_hi[0]_i_5/O
                         net (fo=35, routed)          0.785     1.278    u_cpu/u_ls132r_axi/u_execute/reg_hi[0]_i_5_n_0
    SLICE_X89Y119        LUT4 (Prop_lut4_I0_O)        0.126     1.404 f  u_cpu/u_ls132r_axi/u_execute/reg_hi[0]_i_3/O
                         net (fo=64, routed)          0.438     1.842    u_cpu/u_ls132r_axi/u_execute/reg_hi[0]_i_3_n_0
    SLICE_X91Y120        LUT2 (Prop_lut2_I1_O)        0.267     2.109 r  u_cpu/u_ls132r_axi/u_execute/reg_hi[4]_i_5/O
                         net (fo=1, routed)           0.255     2.364    u_cpu/u_ls132r_axi/u_execute/reg_hi[4]_i_5_n_0
    SLICE_X90Y120        CARRY4 (Prop_carry4_CYINIT_CO[3])
                                                      0.494     2.858 r  u_cpu/u_ls132r_axi/u_execute/reg_hi_reg[4]_i_3/CO[3]
                         net (fo=1, routed)           0.000     2.858    u_cpu/u_ls132r_axi/u_execute/reg_hi_reg[4]_i_3_n_0
    SLICE_X90Y121        CARRY4 (Prop_carry4_CI_CO[3])
                                                      0.100     2.958 r  u_cpu/u_ls132r_axi/u_execute/reg_hi_reg[8]_i_3/CO[3]
                         net (fo=1, routed)           0.000     2.958    u_cpu/u_ls132r_axi/u_execute/reg_hi_reg[8]_i_3_n_0
    SLICE_X90Y122        CARRY4 (Prop_carry4_CI_CO[3])
                                                      0.100     3.058 r  u_cpu/u_ls132r_axi/u_execute/reg_hi_reg[12]_i_3/CO[3]
                         net (fo=1, routed)           0.000     3.058    u_cpu/u_ls132r_axi/u_execute/reg_hi_reg[12]_i_3_n_0
    SLICE_X90Y123        CARRY4 (Prop_carry4_CI_CO[3])
                                                      0.100     3.158 r  u_cpu/u_ls132r_axi/u_execute/reg_hi_reg[16]_i_3/CO[3]
                         net (fo=1, routed)           0.000     3.158    u_cpu/u_ls132r_axi/u_execute/reg_hi_reg[16]_i_3_n_0
    SLICE_X90Y124        CARRY4 (Prop_carry4_CI_CO[3])
                                                      0.100     3.258 r  u_cpu/u_ls132r_axi/u_execute/reg_hi_reg[20]_i_3/CO[3]
                         net (fo=1, routed)           0.008     3.266    u_cpu/u_ls132r_axi/u_execute/reg_hi_reg[20]_i_3_n_0
    SLICE_X90Y125        CARRY4 (Prop_carry4_CI_O[1])
                                                      0.257     3.523 f  u_cpu/u_ls132r_axi/u_execute/reg_hi_reg[24]_i_3/O[1]
                         net (fo=2, routed)           0.646     4.169    u_cpu/u_ls132r_axi/u_execute/reg_hi_reg[24]_i_3_n_6
    SLICE_X91Y127        LUT3 (Prop_lut3_I0_O)        0.264     4.433 r  u_cpu/u_ls132r_axi/u_execute/reg_lo[22]_i_3/O
                         net (fo=3, routed)           0.559     4.993    u_cpu/u_ls132r_axi/u_execute/reg_lo[22]_i_3_n_0
    SLICE_X87Y126        LUT6 (Prop_lut6_I1_O)        0.267     5.260 r  u_cpu/u_ls132r_axi/u_execute/cr_badvaddr[23]_i_11/O
                         net (fo=3, routed)           0.541     5.801    u_cpu/u_ls132r_axi/u_execute/cr_badvaddr[23]_i_11_n_0
    SLICE_X84Y123        LUT2 (Prop_lut2_I1_O)        0.105     5.906 r  u_cpu/u_ls132r_axi/u_execute/u_axi_crossbar_1x2_i_158/O
                         net (fo=1, routed)           0.000     5.906    u_cpu/u_ls132r_axi/u_execute/u_axi_crossbar_1x2_i_158_n_0
    SLICE_X84Y123        CARRY4 (Prop_carry4_S[2]_CO[3])
                                                      0.316     6.222 r  u_cpu/u_ls132r_axi/u_execute/u_axi_crossbar_1x2_i_6/CO[3]
                         net (fo=1, routed)           0.000     6.222    u_cpu/u_ls132r_axi/u_execute/u_axi_crossbar_1x2_i_6_n_0
    SLICE_X84Y124        CARRY4 (Prop_carry4_CI_O[0])
                                                      0.178     6.400 f  u_cpu/u_ls132r_axi/u_execute/u_axi_crossbar_1x2_i_5/O[0]
                         net (fo=9, routed)           1.011     7.411    u_cpu/u_ls132r_axi/u_execute/rs_v1_r_reg[27]_0[0]
    SLICE_X82Y120        LUT4 (Prop_lut4_I2_O)        0.248     7.659 r  u_cpu/u_ls132r_axi/u_execute/fetching_data_r_i_13/O
                         net (fo=2, routed)           0.648     8.307    u_cpu/u_ls132r_axi/u_execute/fetching_data_r_i_13_n_0
    SLICE_X79Y121        LUT6 (Prop_lut6_I5_O)        0.267     8.574 f  u_cpu/u_ls132r_axi/u_execute/fetching_data_r_i_4/O
                         net (fo=50, routed)          0.371     8.945    u_cpu/u_ls132r_axi/u_execute/cr_debug_LSNM_reg_1
    SLICE_X78Y120        LUT6 (Prop_lut6_I2_O)        0.105     9.050 r  u_cpu/u_ls132r_axi/u_execute/rs_ex_r_i_6/O
                         net (fo=1, routed)           0.568     9.618    u_cpu/u_ls132r_axi/u_execute/rs_ex_r_i_6_n_0
    SLICE_X78Y121        LUT6 (Prop_lut6_I1_O)        0.105     9.723 r  u_cpu/u_ls132r_axi/u_execute/rs_ex_r_i_3/O
                         net (fo=10, routed)          0.775    10.498    u_cpu/u_ls132r_axi/u_fetch/u_axi_crossbar_1x2_i_367
    SLICE_X65Y121        LUT6 (Prop_lut6_I3_O)        0.105    10.603 r  u_cpu/u_ls132r_axi/u_fetch/inst_pc_r[31]_i_21/O
                         net (fo=3, routed)           0.552    11.155    u_cpu/u_ls132r_axi/u_execute/u_axi_crossbar_1x2_i_281_1
    SLICE_X64Y119        LUT6 (Prop_lut6_I2_O)        0.105    11.260 r  u_cpu/u_ls132r_axi/u_execute/u_axi_crossbar_1x2_i_367/O
                         net (fo=2, routed)           0.347    11.607    u_cpu/u_ls132r_axi/u_execute/u_axi_crossbar_1x2_i_367_n_0
    SLICE_X64Y118        LUT5 (Prop_lut5_I2_O)        0.105    11.712 f  u_cpu/u_ls132r_axi/u_execute/u_axi_crossbar_1x2_i_281/O
                         net (fo=32, routed)          0.554    12.266    u_cpu/u_ls132r_axi/u_execute/u_axi_crossbar_1x2_i_281_n_0
    SLICE_X73Y117        LUT4 (Prop_lut4_I0_O)        0.105    12.371 r  u_cpu/u_ls132r_axi/u_execute/u_axi_crossbar_1x2_i_65/O
                         net (fo=2, routed)           0.531    12.902    u_axi_crossbar_1x2/inst/gen_samd.crossbar_samd/addr_arbiter_ar/D[23]
    SLICE_X69Y117        LUT4 (Prop_lut4_I2_O)        0.105    13.007 f  u_axi_crossbar_1x2/inst/gen_samd.crossbar_samd/addr_arbiter_ar/gen_multi_thread.active_target[25]_i_5__0/O
                         net (fo=3, routed)           0.968    13.976    u_axi_crossbar_1x2/inst/gen_samd.crossbar_samd/addr_arbiter_ar/gen_multi_thread.active_target[25]_i_5__0_n_0
    SLICE_X69Y113        LUT5 (Prop_lut5_I0_O)        0.119    14.095 f  u_axi_crossbar_1x2/inst/gen_samd.crossbar_samd/addr_arbiter_ar/gen_multi_thread.active_region[24]_i_4__0/O
                         net (fo=1, routed)           0.527    14.621    u_axi_crossbar_1x2/inst/gen_samd.crossbar_samd/addr_arbiter_ar/gen_multi_thread.active_region[24]_i_4__0_n_0
    SLICE_X68Y114        LUT6 (Prop_lut6_I2_O)        0.267    14.888 r  u_axi_crossbar_1x2/inst/gen_samd.crossbar_samd/addr_arbiter_ar/gen_multi_thread.active_region[24]_i_2__0/O
                         net (fo=9, routed)           0.617    15.506    u_axi_crossbar_1x2/inst/gen_samd.crossbar_samd/gen_slave_slots[0].gen_si_read.si_transactor_ar/st_aa_arregion[0]
    SLICE_X67Y112        LUT5 (Prop_lut5_I2_O)        0.105    15.611 f  u_axi_crossbar_1x2/inst/gen_samd.crossbar_samd/gen_slave_slots[0].gen_si_read.si_transactor_ar/gen_no_arbiter.s_ready_i[0]_i_5/O
                         net (fo=5, routed)           0.588    16.198    u_axi_crossbar_1x2/inst/gen_samd.crossbar_samd/gen_slave_slots[0].gen_si_read.si_transactor_ar/gen_multi_thread.active_region_reg[16]_0
    SLICE_X66Y113        LUT6 (Prop_lut6_I3_O)        0.105    16.303 r  u_axi_crossbar_1x2/inst/gen_samd.crossbar_samd/gen_slave_slots[0].gen_si_read.si_transactor_ar/gen_no_arbiter.s_ready_i[0]_i_1__0/O
                         net (fo=1, routed)           0.000    16.303    u_axi_crossbar_1x2/inst/gen_samd.crossbar_samd/addr_arbiter_ar/gen_no_arbiter.s_ready_i_reg[0]_1
    SLICE_X66Y113        FDRE                                         r  u_axi_crossbar_1x2/inst/gen_samd.crossbar_samd/addr_arbiter_ar/gen_no_arbiter.s_ready_i_reg[0]/D
  -------------------------------------------------------------------    -------------------

                         (clock cpu_clk_clk_pll rise edge)
                                                     20.000    20.000 r  
    AC19                                              0.000    20.000 r  clk (IN)
                         net (fo=0)                   0.000    20.000    pll.clk_pll/inst/clk_in1
    AC19                 IBUF (Prop_ibuf_I_O)         1.350    21.350 r  pll.clk_pll/inst/clkin1_ibufg/O
                         net (fo=1, routed)           1.327    22.677    pll.clk_pll/inst/clk_in1_clk_pll
    PLLE2_ADV_X0Y2       PLLE2_ADV (Prop_plle2_adv_CLKIN1_CLKOUT0)
                                                     -6.905    15.771 r  pll.clk_pll/inst/plle2_adv_inst/CLKOUT0
                         net (fo=1, routed)           1.484    17.256    pll.clk_pll/inst/cpu_clk_clk_pll
    BUFGCTRL_X0Y0        BUFG (Prop_bufg_I_O)         0.077    17.333 r  pll.clk_pll/inst/clkout1_buf/O
                         net (fo=3527, routed)        1.288    18.621    u_axi_crossbar_1x2/inst/gen_samd.crossbar_samd/addr_arbiter_ar/aclk
    SLICE_X66Y113        FDRE                                         r  u_axi_crossbar_1x2/inst/gen_samd.crossbar_samd/addr_arbiter_ar/gen_no_arbiter.s_ready_i_reg[0]/C
                         clock pessimism             -0.455    18.166    
                         clock uncertainty           -0.087    18.079    
    SLICE_X66Y113        FDRE (Setup_fdre_C_D)        0.072    18.151    u_axi_crossbar_1x2/inst/gen_samd.crossbar_samd/addr_arbiter_ar/gen_no_arbiter.s_ready_i_reg[0]
  -------------------------------------------------------------------
                         required time                         18.151    
                         arrival time                         -16.303    
  -------------------------------------------------------------------
                         slack                                  1.848    

Slack (MET) :             1.866ns  (required time - arrival time)
  Source:                 u_cpu/u_ls132r_axi/u_execute/rs_op_r_reg[7]/C
                            (rising edge-triggered cell FDRE clocked by cpu_clk_clk_pll  {rise@0.000ns fall@10.000ns period=20.000ns})
  Destination:            u_axi_crossbar_1x2/inst/gen_samd.crossbar_samd/addr_arbiter_ar/gen_no_arbiter.m_target_hot_i_reg[0]/D
                            (rising edge-triggered cell FDRE clocked by cpu_clk_clk_pll  {rise@0.000ns fall@10.000ns period=20.000ns})
  Path Group:             cpu_clk_clk_pll
  Path Type:              Setup (Max at Slow Process Corner)
  Requirement:            20.000ns  (cpu_clk_clk_pll rise@20.000ns - cpu_clk_clk_pll rise@0.000ns)
  Data Path Delay:        18.110ns  (logic 5.109ns (28.210%)  route 13.001ns (71.790%))
  Logic Levels:           28  (CARRY4=8 LUT2=2 LUT3=2 LUT4=4 LUT5=3 LUT6=9)
  Clock Path Skew:        -0.010ns (DCD - SCD + CPR)
    Destination Clock Delay (DCD):    -1.378ns = ( 18.622 - 20.000 ) 
    Source Clock Delay      (SCD):    -1.823ns
    Clock Pessimism Removal (CPR):    -0.455ns
  Clock Uncertainty:      0.087ns  ((TSJ^2 + DJ^2)^1/2) / 2 + PE
    Total System Jitter     (TSJ):    0.071ns
    Discrete Jitter          (DJ):    0.159ns
    Phase Error              (PE):    0.000ns

    Location             Delay type                Incr(ns)  Path(ns)    Netlist Resource(s)
  -------------------------------------------------------------------    -------------------
                         (clock cpu_clk_clk_pll rise edge)
                                                      0.000     0.000 r  
    AC19                                              0.000     0.000 r  clk (IN)
                         net (fo=0)                   0.000     0.000    pll.clk_pll/inst/clk_in1
    AC19                 IBUF (Prop_ibuf_I_O)         1.416     1.416 r  pll.clk_pll/inst/clkin1_ibufg/O
                         net (fo=1, routed)           1.404     2.820    pll.clk_pll/inst/clk_in1_clk_pll
    PLLE2_ADV_X0Y2       PLLE2_ADV (Prop_plle2_adv_CLKIN1_CLKOUT0)
                                                     -7.646    -4.825 r  pll.clk_pll/inst/plle2_adv_inst/CLKOUT0
                         net (fo=1, routed)           1.557    -3.269    pll.clk_pll/inst/cpu_clk_clk_pll
    BUFGCTRL_X0Y0        BUFG (Prop_bufg_I_O)         0.081    -3.188 r  pll.clk_pll/inst/clkout1_buf/O
                         net (fo=3527, routed)        1.365    -1.823    u_cpu/u_ls132r_axi/u_execute/cpu_clk
    SLICE_X82Y122        FDRE                                         r  u_cpu/u_ls132r_axi/u_execute/rs_op_r_reg[7]/C
  -------------------------------------------------------------------    -------------------
    SLICE_X82Y122        FDRE (Prop_fdre_C_Q)         0.379    -1.444 f  u_cpu/u_ls132r_axi/u_execute/rs_op_r_reg[7]/Q
                         net (fo=97, routed)          1.257    -0.187    u_cpu/u_ls132r_axi/u_execute/rs_op[7]
    SLICE_X95Y125        LUT6 (Prop_lut6_I2_O)        0.105    -0.082 f  u_cpu/u_ls132r_axi/u_execute/reg_lo[31]_i_7/O
                         net (fo=188, routed)         0.469     0.387    u_cpu/u_ls132r_axi/u_execute/rs_op_r_reg[5]_0
    SLICE_X96Y122        LUT3 (Prop_lut3_I0_O)        0.105     0.492 f  u_cpu/u_ls132r_axi/u_execute/reg_hi[0]_i_5/O
                         net (fo=35, routed)          0.785     1.278    u_cpu/u_ls132r_axi/u_execute/reg_hi[0]_i_5_n_0
    SLICE_X89Y119        LUT4 (Prop_lut4_I0_O)        0.126     1.404 f  u_cpu/u_ls132r_axi/u_execute/reg_hi[0]_i_3/O
                         net (fo=64, routed)          0.438     1.842    u_cpu/u_ls132r_axi/u_execute/reg_hi[0]_i_3_n_0
    SLICE_X91Y120        LUT2 (Prop_lut2_I1_O)        0.267     2.109 r  u_cpu/u_ls132r_axi/u_execute/reg_hi[4]_i_5/O
                         net (fo=1, routed)           0.255     2.364    u_cpu/u_ls132r_axi/u_execute/reg_hi[4]_i_5_n_0
    SLICE_X90Y120        CARRY4 (Prop_carry4_CYINIT_CO[3])
                                                      0.494     2.858 r  u_cpu/u_ls132r_axi/u_execute/reg_hi_reg[4]_i_3/CO[3]
                         net (fo=1, routed)           0.000     2.858    u_cpu/u_ls132r_axi/u_execute/reg_hi_reg[4]_i_3_n_0
    SLICE_X90Y121        CARRY4 (Prop_carry4_CI_CO[3])
                                                      0.100     2.958 r  u_cpu/u_ls132r_axi/u_execute/reg_hi_reg[8]_i_3/CO[3]
                         net (fo=1, routed)           0.000     2.958    u_cpu/u_ls132r_axi/u_execute/reg_hi_reg[8]_i_3_n_0
    SLICE_X90Y122        CARRY4 (Prop_carry4_CI_CO[3])
                                                      0.100     3.058 r  u_cpu/u_ls132r_axi/u_execute/reg_hi_reg[12]_i_3/CO[3]
                         net (fo=1, routed)           0.000     3.058    u_cpu/u_ls132r_axi/u_execute/reg_hi_reg[12]_i_3_n_0
    SLICE_X90Y123        CARRY4 (Prop_carry4_CI_CO[3])
                                                      0.100     3.158 r  u_cpu/u_ls132r_axi/u_execute/reg_hi_reg[16]_i_3/CO[3]
                         net (fo=1, routed)           0.000     3.158    u_cpu/u_ls132r_axi/u_execute/reg_hi_reg[16]_i_3_n_0
    SLICE_X90Y124        CARRY4 (Prop_carry4_CI_CO[3])
                                                      0.100     3.258 r  u_cpu/u_ls132r_axi/u_execute/reg_hi_reg[20]_i_3/CO[3]
                         net (fo=1, routed)           0.008     3.266    u_cpu/u_ls132r_axi/u_execute/reg_hi_reg[20]_i_3_n_0
    SLICE_X90Y125        CARRY4 (Prop_carry4_CI_O[1])
                                                      0.257     3.523 f  u_cpu/u_ls132r_axi/u_execute/reg_hi_reg[24]_i_3/O[1]
                         net (fo=2, routed)           0.646     4.169    u_cpu/u_ls132r_axi/u_execute/reg_hi_reg[24]_i_3_n_6
    SLICE_X91Y127        LUT3 (Prop_lut3_I0_O)        0.264     4.433 r  u_cpu/u_ls132r_axi/u_execute/reg_lo[22]_i_3/O
                         net (fo=3, routed)           0.559     4.993    u_cpu/u_ls132r_axi/u_execute/reg_lo[22]_i_3_n_0
    SLICE_X87Y126        LUT6 (Prop_lut6_I1_O)        0.267     5.260 r  u_cpu/u_ls132r_axi/u_execute/cr_badvaddr[23]_i_11/O
                         net (fo=3, routed)           0.541     5.801    u_cpu/u_ls132r_axi/u_execute/cr_badvaddr[23]_i_11_n_0
    SLICE_X84Y123        LUT2 (Prop_lut2_I1_O)        0.105     5.906 r  u_cpu/u_ls132r_axi/u_execute/u_axi_crossbar_1x2_i_158/O
                         net (fo=1, routed)           0.000     5.906    u_cpu/u_ls132r_axi/u_execute/u_axi_crossbar_1x2_i_158_n_0
    SLICE_X84Y123        CARRY4 (Prop_carry4_S[2]_CO[3])
                                                      0.316     6.222 r  u_cpu/u_ls132r_axi/u_execute/u_axi_crossbar_1x2_i_6/CO[3]
                         net (fo=1, routed)           0.000     6.222    u_cpu/u_ls132r_axi/u_execute/u_axi_crossbar_1x2_i_6_n_0
    SLICE_X84Y124        CARRY4 (Prop_carry4_CI_O[0])
                                                      0.178     6.400 f  u_cpu/u_ls132r_axi/u_execute/u_axi_crossbar_1x2_i_5/O[0]
                         net (fo=9, routed)           1.011     7.411    u_cpu/u_ls132r_axi/u_execute/rs_v1_r_reg[27]_0[0]
    SLICE_X82Y120        LUT4 (Prop_lut4_I2_O)        0.248     7.659 r  u_cpu/u_ls132r_axi/u_execute/fetching_data_r_i_13/O
                         net (fo=2, routed)           0.648     8.307    u_cpu/u_ls132r_axi/u_execute/fetching_data_r_i_13_n_0
    SLICE_X79Y121        LUT6 (Prop_lut6_I5_O)        0.267     8.574 f  u_cpu/u_ls132r_axi/u_execute/fetching_data_r_i_4/O
                         net (fo=50, routed)          0.371     8.945    u_cpu/u_ls132r_axi/u_execute/cr_debug_LSNM_reg_1
    SLICE_X78Y120        LUT6 (Prop_lut6_I2_O)        0.105     9.050 r  u_cpu/u_ls132r_axi/u_execute/rs_ex_r_i_6/O
                         net (fo=1, routed)           0.568     9.618    u_cpu/u_ls132r_axi/u_execute/rs_ex_r_i_6_n_0
    SLICE_X78Y121        LUT6 (Prop_lut6_I1_O)        0.105     9.723 r  u_cpu/u_ls132r_axi/u_execute/rs_ex_r_i_3/O
                         net (fo=10, routed)          0.775    10.498    u_cpu/u_ls132r_axi/u_fetch/u_axi_crossbar_1x2_i_367
    SLICE_X65Y121        LUT6 (Prop_lut6_I3_O)        0.105    10.603 r  u_cpu/u_ls132r_axi/u_fetch/inst_pc_r[31]_i_21/O
                         net (fo=3, routed)           0.552    11.155    u_cpu/u_ls132r_axi/u_execute/u_axi_crossbar_1x2_i_281_1
    SLICE_X64Y119        LUT6 (Prop_lut6_I2_O)        0.105    11.260 r  u_cpu/u_ls132r_axi/u_execute/u_axi_crossbar_1x2_i_367/O
                         net (fo=2, routed)           0.347    11.607    u_cpu/u_ls132r_axi/u_execute/u_axi_crossbar_1x2_i_367_n_0
    SLICE_X64Y118        LUT5 (Prop_lut5_I2_O)        0.105    11.712 f  u_cpu/u_ls132r_axi/u_execute/u_axi_crossbar_1x2_i_281/O
                         net (fo=32, routed)          0.554    12.266    u_cpu/u_ls132r_axi/u_execute/u_axi_crossbar_1x2_i_281_n_0
    SLICE_X73Y117        LUT4 (Prop_lut4_I0_O)        0.105    12.371 r  u_cpu/u_ls132r_axi/u_execute/u_axi_crossbar_1x2_i_65/O
                         net (fo=2, routed)           0.531    12.902    u_axi_crossbar_1x2/inst/gen_samd.crossbar_samd/addr_arbiter_ar/D[23]
    SLICE_X69Y117        LUT4 (Prop_lut4_I2_O)        0.105    13.007 f  u_axi_crossbar_1x2/inst/gen_samd.crossbar_samd/addr_arbiter_ar/gen_multi_thread.active_target[25]_i_5__0/O
                         net (fo=3, routed)           0.968    13.976    u_axi_crossbar_1x2/inst/gen_samd.crossbar_samd/addr_arbiter_ar/gen_multi_thread.active_target[25]_i_5__0_n_0
    SLICE_X69Y113        LUT5 (Prop_lut5_I0_O)        0.119    14.095 f  u_axi_crossbar_1x2/inst/gen_samd.crossbar_samd/addr_arbiter_ar/gen_multi_thread.active_region[24]_i_4__0/O
                         net (fo=1, routed)           0.527    14.621    u_axi_crossbar_1x2/inst/gen_samd.crossbar_samd/addr_arbiter_ar/gen_multi_thread.active_region[24]_i_4__0_n_0
    SLICE_X68Y114        LUT6 (Prop_lut6_I2_O)        0.267    14.888 r  u_axi_crossbar_1x2/inst/gen_samd.crossbar_samd/addr_arbiter_ar/gen_multi_thread.active_region[24]_i_2__0/O
                         net (fo=9, routed)           0.617    15.506    u_axi_crossbar_1x2/inst/gen_samd.crossbar_samd/gen_slave_slots[0].gen_si_read.si_transactor_ar/st_aa_arregion[0]
    SLICE_X67Y112        LUT5 (Prop_lut5_I2_O)        0.105    15.611 r  u_axi_crossbar_1x2/inst/gen_samd.crossbar_samd/gen_slave_slots[0].gen_si_read.si_transactor_ar/gen_no_arbiter.s_ready_i[0]_i_5/O
                         net (fo=5, routed)           0.572    16.183    u_axi_crossbar_1x2/inst/gen_samd.crossbar_samd/addr_arbiter_ar/gen_no_arbiter.m_target_hot_i_reg[2]_3
    SLICE_X66Y112        LUT6 (Prop_lut6_I2_O)        0.105    16.288 r  u_axi_crossbar_1x2/inst/gen_samd.crossbar_samd/addr_arbiter_ar/gen_no_arbiter.m_target_hot_i[0]_i_1/O
                         net (fo=1, routed)           0.000    16.288    u_axi_crossbar_1x2/inst/gen_samd.crossbar_samd/addr_arbiter_ar/gen_no_arbiter.m_target_hot_i[0]_i_1_n_0
    SLICE_X66Y112        FDRE                                         r  u_axi_crossbar_1x2/inst/gen_samd.crossbar_samd/addr_arbiter_ar/gen_no_arbiter.m_target_hot_i_reg[0]/D
  -------------------------------------------------------------------    -------------------

                         (clock cpu_clk_clk_pll rise edge)
                                                     20.000    20.000 r  
    AC19                                              0.000    20.000 r  clk (IN)
                         net (fo=0)                   0.000    20.000    pll.clk_pll/inst/clk_in1
    AC19                 IBUF (Prop_ibuf_I_O)         1.350    21.350 r  pll.clk_pll/inst/clkin1_ibufg/O
                         net (fo=1, routed)           1.327    22.677    pll.clk_pll/inst/clk_in1_clk_pll
    PLLE2_ADV_X0Y2       PLLE2_ADV (Prop_plle2_adv_CLKIN1_CLKOUT0)
                                                     -6.905    15.771 r  pll.clk_pll/inst/plle2_adv_inst/CLKOUT0
                         net (fo=1, routed)           1.484    17.256    pll.clk_pll/inst/cpu_clk_clk_pll
    BUFGCTRL_X0Y0        BUFG (Prop_bufg_I_O)         0.077    17.333 r  pll.clk_pll/inst/clkout1_buf/O
                         net (fo=3527, routed)        1.289    18.622    u_axi_crossbar_1x2/inst/gen_samd.crossbar_samd/addr_arbiter_ar/aclk
    SLICE_X66Y112        FDRE                                         r  u_axi_crossbar_1x2/inst/gen_samd.crossbar_samd/addr_arbiter_ar/gen_no_arbiter.m_target_hot_i_reg[0]/C
                         clock pessimism             -0.455    18.167    
                         clock uncertainty           -0.087    18.080    
    SLICE_X66Y112        FDRE (Setup_fdre_C_D)        0.074    18.154    u_axi_crossbar_1x2/inst/gen_samd.crossbar_samd/addr_arbiter_ar/gen_no_arbiter.m_target_hot_i_reg[0]
  -------------------------------------------------------------------
                         required time                         18.154    
                         arrival time                         -16.288    
  -------------------------------------------------------------------
                         slack                                  1.866    

Slack (MET) :             1.893ns  (required time - arrival time)
  Source:                 u_cpu/u_ls132r_axi/u_execute/rs_op_r_reg[7]/C
                            (rising edge-triggered cell FDRE clocked by cpu_clk_clk_pll  {rise@0.000ns fall@10.000ns period=20.000ns})
  Destination:            u_axi_crossbar_1x2/inst/gen_samd.crossbar_samd/addr_arbiter_ar/gen_no_arbiter.m_target_hot_i_reg[1]/D
                            (rising edge-triggered cell FDRE clocked by cpu_clk_clk_pll  {rise@0.000ns fall@10.000ns period=20.000ns})
  Path Group:             cpu_clk_clk_pll
  Path Type:              Setup (Max at Slow Process Corner)
  Requirement:            20.000ns  (cpu_clk_clk_pll rise@20.000ns - cpu_clk_clk_pll rise@0.000ns)
  Data Path Delay:        18.082ns  (logic 5.109ns (28.255%)  route 12.973ns (71.745%))
  Logic Levels:           28  (CARRY4=8 LUT2=2 LUT3=2 LUT4=4 LUT5=3 LUT6=9)
  Clock Path Skew:        -0.010ns (DCD - SCD + CPR)
    Destination Clock Delay (DCD):    -1.378ns = ( 18.622 - 20.000 ) 
    Source Clock Delay      (SCD):    -1.823ns
    Clock Pessimism Removal (CPR):    -0.455ns
  Clock Uncertainty:      0.087ns  ((TSJ^2 + DJ^2)^1/2) / 2 + PE
    Total System Jitter     (TSJ):    0.071ns
    Discrete Jitter          (DJ):    0.159ns
    Phase Error              (PE):    0.000ns

    Location             Delay type                Incr(ns)  Path(ns)    Netlist Resource(s)
  -------------------------------------------------------------------    -------------------
                         (clock cpu_clk_clk_pll rise edge)
                                                      0.000     0.000 r  
    AC19                                              0.000     0.000 r  clk (IN)
                         net (fo=0)                   0.000     0.000    pll.clk_pll/inst/clk_in1
    AC19                 IBUF (Prop_ibuf_I_O)         1.416     1.416 r  pll.clk_pll/inst/clkin1_ibufg/O
                         net (fo=1, routed)           1.404     2.820    pll.clk_pll/inst/clk_in1_clk_pll
    PLLE2_ADV_X0Y2       PLLE2_ADV (Prop_plle2_adv_CLKIN1_CLKOUT0)
                                                     -7.646    -4.825 r  pll.clk_pll/inst/plle2_adv_inst/CLKOUT0
                         net (fo=1, routed)           1.557    -3.269    pll.clk_pll/inst/cpu_clk_clk_pll
    BUFGCTRL_X0Y0        BUFG (Prop_bufg_I_O)         0.081    -3.188 r  pll.clk_pll/inst/clkout1_buf/O
                         net (fo=3527, routed)        1.365    -1.823    u_cpu/u_ls132r_axi/u_execute/cpu_clk
    SLICE_X82Y122        FDRE                                         r  u_cpu/u_ls132r_axi/u_execute/rs_op_r_reg[7]/C
  -------------------------------------------------------------------    -------------------
    SLICE_X82Y122        FDRE (Prop_fdre_C_Q)         0.379    -1.444 f  u_cpu/u_ls132r_axi/u_execute/rs_op_r_reg[7]/Q
                         net (fo=97, routed)          1.257    -0.187    u_cpu/u_ls132r_axi/u_execute/rs_op[7]
    SLICE_X95Y125        LUT6 (Prop_lut6_I2_O)        0.105    -0.082 f  u_cpu/u_ls132r_axi/u_execute/reg_lo[31]_i_7/O
                         net (fo=188, routed)         0.469     0.387    u_cpu/u_ls132r_axi/u_execute/rs_op_r_reg[5]_0
    SLICE_X96Y122        LUT3 (Prop_lut3_I0_O)        0.105     0.492 f  u_cpu/u_ls132r_axi/u_execute/reg_hi[0]_i_5/O
                         net (fo=35, routed)          0.785     1.278    u_cpu/u_ls132r_axi/u_execute/reg_hi[0]_i_5_n_0
    SLICE_X89Y119        LUT4 (Prop_lut4_I0_O)        0.126     1.404 f  u_cpu/u_ls132r_axi/u_execute/reg_hi[0]_i_3/O
                         net (fo=64, routed)          0.438     1.842    u_cpu/u_ls132r_axi/u_execute/reg_hi[0]_i_3_n_0
    SLICE_X91Y120        LUT2 (Prop_lut2_I1_O)        0.267     2.109 r  u_cpu/u_ls132r_axi/u_execute/reg_hi[4]_i_5/O
                         net (fo=1, routed)           0.255     2.364    u_cpu/u_ls132r_axi/u_execute/reg_hi[4]_i_5_n_0
    SLICE_X90Y120        CARRY4 (Prop_carry4_CYINIT_CO[3])
                                                      0.494     2.858 r  u_cpu/u_ls132r_axi/u_execute/reg_hi_reg[4]_i_3/CO[3]
                         net (fo=1, routed)           0.000     2.858    u_cpu/u_ls132r_axi/u_execute/reg_hi_reg[4]_i_3_n_0
    SLICE_X90Y121        CARRY4 (Prop_carry4_CI_CO[3])
                                                      0.100     2.958 r  u_cpu/u_ls132r_axi/u_execute/reg_hi_reg[8]_i_3/CO[3]
                         net (fo=1, routed)           0.000     2.958    u_cpu/u_ls132r_axi/u_execute/reg_hi_reg[8]_i_3_n_0
    SLICE_X90Y122        CARRY4 (Prop_carry4_CI_CO[3])
                                                      0.100     3.058 r  u_cpu/u_ls132r_axi/u_execute/reg_hi_reg[12]_i_3/CO[3]
                         net (fo=1, routed)           0.000     3.058    u_cpu/u_ls132r_axi/u_execute/reg_hi_reg[12]_i_3_n_0
    SLICE_X90Y123        CARRY4 (Prop_carry4_CI_CO[3])
                                                      0.100     3.158 r  u_cpu/u_ls132r_axi/u_execute/reg_hi_reg[16]_i_3/CO[3]
                         net (fo=1, routed)           0.000     3.158    u_cpu/u_ls132r_axi/u_execute/reg_hi_reg[16]_i_3_n_0
    SLICE_X90Y124        CARRY4 (Prop_carry4_CI_CO[3])
                                                      0.100     3.258 r  u_cpu/u_ls132r_axi/u_execute/reg_hi_reg[20]_i_3/CO[3]
                         net (fo=1, routed)           0.008     3.266    u_cpu/u_ls132r_axi/u_execute/reg_hi_reg[20]_i_3_n_0
    SLICE_X90Y125        CARRY4 (Prop_carry4_CI_O[1])
                                                      0.257     3.523 f  u_cpu/u_ls132r_axi/u_execute/reg_hi_reg[24]_i_3/O[1]
                         net (fo=2, routed)           0.646     4.169    u_cpu/u_ls132r_axi/u_execute/reg_hi_reg[24]_i_3_n_6
    SLICE_X91Y127        LUT3 (Prop_lut3_I0_O)        0.264     4.433 r  u_cpu/u_ls132r_axi/u_execute/reg_lo[22]_i_3/O
                         net (fo=3, routed)           0.559     4.993    u_cpu/u_ls132r_axi/u_execute/reg_lo[22]_i_3_n_0
    SLICE_X87Y126        LUT6 (Prop_lut6_I1_O)        0.267     5.260 r  u_cpu/u_ls132r_axi/u_execute/cr_badvaddr[23]_i_11/O
                         net (fo=3, routed)           0.541     5.801    u_cpu/u_ls132r_axi/u_execute/cr_badvaddr[23]_i_11_n_0
    SLICE_X84Y123        LUT2 (Prop_lut2_I1_O)        0.105     5.906 r  u_cpu/u_ls132r_axi/u_execute/u_axi_crossbar_1x2_i_158/O
                         net (fo=1, routed)           0.000     5.906    u_cpu/u_ls132r_axi/u_execute/u_axi_crossbar_1x2_i_158_n_0
    SLICE_X84Y123        CARRY4 (Prop_carry4_S[2]_CO[3])
                                                      0.316     6.222 r  u_cpu/u_ls132r_axi/u_execute/u_axi_crossbar_1x2_i_6/CO[3]
                         net (fo=1, routed)           0.000     6.222    u_cpu/u_ls132r_axi/u_execute/u_axi_crossbar_1x2_i_6_n_0
    SLICE_X84Y124        CARRY4 (Prop_carry4_CI_O[0])
                                                      0.178     6.400 f  u_cpu/u_ls132r_axi/u_execute/u_axi_crossbar_1x2_i_5/O[0]
                         net (fo=9, routed)           1.011     7.411    u_cpu/u_ls132r_axi/u_execute/rs_v1_r_reg[27]_0[0]
    SLICE_X82Y120        LUT4 (Prop_lut4_I2_O)        0.248     7.659 r  u_cpu/u_ls132r_axi/u_execute/fetching_data_r_i_13/O
                         net (fo=2, routed)           0.648     8.307    u_cpu/u_ls132r_axi/u_execute/fetching_data_r_i_13_n_0
    SLICE_X79Y121        LUT6 (Prop_lut6_I5_O)        0.267     8.574 f  u_cpu/u_ls132r_axi/u_execute/fetching_data_r_i_4/O
                         net (fo=50, routed)          0.371     8.945    u_cpu/u_ls132r_axi/u_execute/cr_debug_LSNM_reg_1
    SLICE_X78Y120        LUT6 (Prop_lut6_I2_O)        0.105     9.050 r  u_cpu/u_ls132r_axi/u_execute/rs_ex_r_i_6/O
                         net (fo=1, routed)           0.568     9.618    u_cpu/u_ls132r_axi/u_execute/rs_ex_r_i_6_n_0
    SLICE_X78Y121        LUT6 (Prop_lut6_I1_O)        0.105     9.723 r  u_cpu/u_ls132r_axi/u_execute/rs_ex_r_i_3/O
                         net (fo=10, routed)          0.775    10.498    u_cpu/u_ls132r_axi/u_fetch/u_axi_crossbar_1x2_i_367
    SLICE_X65Y121        LUT6 (Prop_lut6_I3_O)        0.105    10.603 r  u_cpu/u_ls132r_axi/u_fetch/inst_pc_r[31]_i_21/O
                         net (fo=3, routed)           0.552    11.155    u_cpu/u_ls132r_axi/u_execute/u_axi_crossbar_1x2_i_281_1
    SLICE_X64Y119        LUT6 (Prop_lut6_I2_O)        0.105    11.260 r  u_cpu/u_ls132r_axi/u_execute/u_axi_crossbar_1x2_i_367/O
                         net (fo=2, routed)           0.347    11.607    u_cpu/u_ls132r_axi/u_execute/u_axi_crossbar_1x2_i_367_n_0
    SLICE_X64Y118        LUT5 (Prop_lut5_I2_O)        0.105    11.712 f  u_cpu/u_ls132r_axi/u_execute/u_axi_crossbar_1x2_i_281/O
                         net (fo=32, routed)          0.554    12.266    u_cpu/u_ls132r_axi/u_execute/u_axi_crossbar_1x2_i_281_n_0
    SLICE_X73Y117        LUT4 (Prop_lut4_I0_O)        0.105    12.371 r  u_cpu/u_ls132r_axi/u_execute/u_axi_crossbar_1x2_i_65/O
                         net (fo=2, routed)           0.531    12.902    u_axi_crossbar_1x2/inst/gen_samd.crossbar_samd/addr_arbiter_ar/D[23]
    SLICE_X69Y117        LUT4 (Prop_lut4_I2_O)        0.105    13.007 f  u_axi_crossbar_1x2/inst/gen_samd.crossbar_samd/addr_arbiter_ar/gen_multi_thread.active_target[25]_i_5__0/O
                         net (fo=3, routed)           0.968    13.976    u_axi_crossbar_1x2/inst/gen_samd.crossbar_samd/addr_arbiter_ar/gen_multi_thread.active_target[25]_i_5__0_n_0
    SLICE_X69Y113        LUT5 (Prop_lut5_I0_O)        0.119    14.095 f  u_axi_crossbar_1x2/inst/gen_samd.crossbar_samd/addr_arbiter_ar/gen_multi_thread.active_region[24]_i_4__0/O
                         net (fo=1, routed)           0.527    14.621    u_axi_crossbar_1x2/inst/gen_samd.crossbar_samd/addr_arbiter_ar/gen_multi_thread.active_region[24]_i_4__0_n_0
    SLICE_X68Y114        LUT6 (Prop_lut6_I2_O)        0.267    14.888 r  u_axi_crossbar_1x2/inst/gen_samd.crossbar_samd/addr_arbiter_ar/gen_multi_thread.active_region[24]_i_2__0/O
                         net (fo=9, routed)           0.617    15.506    u_axi_crossbar_1x2/inst/gen_samd.crossbar_samd/gen_slave_slots[0].gen_si_read.si_transactor_ar/st_aa_arregion[0]
    SLICE_X67Y112        LUT5 (Prop_lut5_I2_O)        0.105    15.611 r  u_axi_crossbar_1x2/inst/gen_samd.crossbar_samd/gen_slave_slots[0].gen_si_read.si_transactor_ar/gen_no_arbiter.s_ready_i[0]_i_5/O
                         net (fo=5, routed)           0.544    16.154    u_axi_crossbar_1x2/inst/gen_samd.crossbar_samd/addr_arbiter_ar/gen_no_arbiter.m_target_hot_i_reg[2]_3
    SLICE_X66Y112        LUT6 (Prop_lut6_I2_O)        0.105    16.259 r  u_axi_crossbar_1x2/inst/gen_samd.crossbar_samd/addr_arbiter_ar/gen_no_arbiter.m_target_hot_i[1]_i_1/O
                         net (fo=1, routed)           0.000    16.259    u_axi_crossbar_1x2/inst/gen_samd.crossbar_samd/addr_arbiter_ar/gen_no_arbiter.m_target_hot_i[1]_i_1_n_0
    SLICE_X66Y112        FDRE                                         r  u_axi_crossbar_1x2/inst/gen_samd.crossbar_samd/addr_arbiter_ar/gen_no_arbiter.m_target_hot_i_reg[1]/D
  -------------------------------------------------------------------    -------------------

                         (clock cpu_clk_clk_pll rise edge)
                                                     20.000    20.000 r  
    AC19                                              0.000    20.000 r  clk (IN)
                         net (fo=0)                   0.000    20.000    pll.clk_pll/inst/clk_in1
    AC19                 IBUF (Prop_ibuf_I_O)         1.350    21.350 r  pll.clk_pll/inst/clkin1_ibufg/O
                         net (fo=1, routed)           1.327    22.677    pll.clk_pll/inst/clk_in1_clk_pll
    PLLE2_ADV_X0Y2       PLLE2_ADV (Prop_plle2_adv_CLKIN1_CLKOUT0)
                                                     -6.905    15.771 r  pll.clk_pll/inst/plle2_adv_inst/CLKOUT0
                         net (fo=1, routed)           1.484    17.256    pll.clk_pll/inst/cpu_clk_clk_pll
    BUFGCTRL_X0Y0        BUFG (Prop_bufg_I_O)         0.077    17.333 r  pll.clk_pll/inst/clkout1_buf/O
                         net (fo=3527, routed)        1.289    18.622    u_axi_crossbar_1x2/inst/gen_samd.crossbar_samd/addr_arbiter_ar/aclk
    SLICE_X66Y112        FDRE                                         r  u_axi_crossbar_1x2/inst/gen_samd.crossbar_samd/addr_arbiter_ar/gen_no_arbiter.m_target_hot_i_reg[1]/C
                         clock pessimism             -0.455    18.167    
                         clock uncertainty           -0.087    18.080    
    SLICE_X66Y112        FDRE (Setup_fdre_C_D)        0.072    18.152    u_axi_crossbar_1x2/inst/gen_samd.crossbar_samd/addr_arbiter_ar/gen_no_arbiter.m_target_hot_i_reg[1]
  -------------------------------------------------------------------
                         required time                         18.152    
                         arrival time                         -16.259    
  -------------------------------------------------------------------
                         slack                                  1.893    

Slack (MET) :             1.901ns  (required time - arrival time)
  Source:                 u_cpu/u_ls132r_axi/u_execute/rs_op_r_reg[7]/C
                            (rising edge-triggered cell FDRE clocked by cpu_clk_clk_pll  {rise@0.000ns fall@10.000ns period=20.000ns})
  Destination:            u_axi_crossbar_1x2/inst/gen_samd.crossbar_samd/addr_arbiter_ar/gen_no_arbiter.m_target_hot_i_reg[2]/D
                            (rising edge-triggered cell FDRE clocked by cpu_clk_clk_pll  {rise@0.000ns fall@10.000ns period=20.000ns})
  Path Group:             cpu_clk_clk_pll
  Path Type:              Setup (Max at Slow Process Corner)
  Requirement:            20.000ns  (cpu_clk_clk_pll rise@20.000ns - cpu_clk_clk_pll rise@0.000ns)
  Data Path Delay:        18.078ns  (logic 5.109ns (28.261%)  route 12.969ns (71.739%))
  Logic Levels:           28  (CARRY4=8 LUT2=2 LUT3=2 LUT4=4 LUT5=3 LUT6=9)
  Clock Path Skew:        -0.010ns (DCD - SCD + CPR)
    Destination Clock Delay (DCD):    -1.378ns = ( 18.622 - 20.000 ) 
    Source Clock Delay      (SCD):    -1.823ns
    Clock Pessimism Removal (CPR):    -0.455ns
  Clock Uncertainty:      0.087ns  ((TSJ^2 + DJ^2)^1/2) / 2 + PE
    Total System Jitter     (TSJ):    0.071ns
    Discrete Jitter          (DJ):    0.159ns
    Phase Error              (PE):    0.000ns

    Location             Delay type                Incr(ns)  Path(ns)    Netlist Resource(s)
  -------------------------------------------------------------------    -------------------
                         (clock cpu_clk_clk_pll rise edge)
                                                      0.000     0.000 r  
    AC19                                              0.000     0.000 r  clk (IN)
                         net (fo=0)                   0.000     0.000    pll.clk_pll/inst/clk_in1
    AC19                 IBUF (Prop_ibuf_I_O)         1.416     1.416 r  pll.clk_pll/inst/clkin1_ibufg/O
                         net (fo=1, routed)           1.404     2.820    pll.clk_pll/inst/clk_in1_clk_pll
    PLLE2_ADV_X0Y2       PLLE2_ADV (Prop_plle2_adv_CLKIN1_CLKOUT0)
                                                     -7.646    -4.825 r  pll.clk_pll/inst/plle2_adv_inst/CLKOUT0
                         net (fo=1, routed)           1.557    -3.269    pll.clk_pll/inst/cpu_clk_clk_pll
    BUFGCTRL_X0Y0        BUFG (Prop_bufg_I_O)         0.081    -3.188 r  pll.clk_pll/inst/clkout1_buf/O
                         net (fo=3527, routed)        1.365    -1.823    u_cpu/u_ls132r_axi/u_execute/cpu_clk
    SLICE_X82Y122        FDRE                                         r  u_cpu/u_ls132r_axi/u_execute/rs_op_r_reg[7]/C
  -------------------------------------------------------------------    -------------------
    SLICE_X82Y122        FDRE (Prop_fdre_C_Q)         0.379    -1.444 f  u_cpu/u_ls132r_axi/u_execute/rs_op_r_reg[7]/Q
                         net (fo=97, routed)          1.257    -0.187    u_cpu/u_ls132r_axi/u_execute/rs_op[7]
    SLICE_X95Y125        LUT6 (Prop_lut6_I2_O)        0.105    -0.082 f  u_cpu/u_ls132r_axi/u_execute/reg_lo[31]_i_7/O
                         net (fo=188, routed)         0.469     0.387    u_cpu/u_ls132r_axi/u_execute/rs_op_r_reg[5]_0
    SLICE_X96Y122        LUT3 (Prop_lut3_I0_O)        0.105     0.492 f  u_cpu/u_ls132r_axi/u_execute/reg_hi[0]_i_5/O
                         net (fo=35, routed)          0.785     1.278    u_cpu/u_ls132r_axi/u_execute/reg_hi[0]_i_5_n_0
    SLICE_X89Y119        LUT4 (Prop_lut4_I0_O)        0.126     1.404 f  u_cpu/u_ls132r_axi/u_execute/reg_hi[0]_i_3/O
                         net (fo=64, routed)          0.438     1.842    u_cpu/u_ls132r_axi/u_execute/reg_hi[0]_i_3_n_0
    SLICE_X91Y120        LUT2 (Prop_lut2_I1_O)        0.267     2.109 r  u_cpu/u_ls132r_axi/u_execute/reg_hi[4]_i_5/O
                         net (fo=1, routed)           0.255     2.364    u_cpu/u_ls132r_axi/u_execute/reg_hi[4]_i_5_n_0
    SLICE_X90Y120        CARRY4 (Prop_carry4_CYINIT_CO[3])
                                                      0.494     2.858 r  u_cpu/u_ls132r_axi/u_execute/reg_hi_reg[4]_i_3/CO[3]
                         net (fo=1, routed)           0.000     2.858    u_cpu/u_ls132r_axi/u_execute/reg_hi_reg[4]_i_3_n_0
    SLICE_X90Y121        CARRY4 (Prop_carry4_CI_CO[3])
                                                      0.100     2.958 r  u_cpu/u_ls132r_axi/u_execute/reg_hi_reg[8]_i_3/CO[3]
                         net (fo=1, routed)           0.000     2.958    u_cpu/u_ls132r_axi/u_execute/reg_hi_reg[8]_i_3_n_0
    SLICE_X90Y122        CARRY4 (Prop_carry4_CI_CO[3])
                                                      0.100     3.058 r  u_cpu/u_ls132r_axi/u_execute/reg_hi_reg[12]_i_3/CO[3]
                         net (fo=1, routed)           0.000     3.058    u_cpu/u_ls132r_axi/u_execute/reg_hi_reg[12]_i_3_n_0
    SLICE_X90Y123        CARRY4 (Prop_carry4_CI_CO[3])
                                                      0.100     3.158 r  u_cpu/u_ls132r_axi/u_execute/reg_hi_reg[16]_i_3/CO[3]
                         net (fo=1, routed)           0.000     3.158    u_cpu/u_ls132r_axi/u_execute/reg_hi_reg[16]_i_3_n_0
    SLICE_X90Y124        CARRY4 (Prop_carry4_CI_CO[3])
                                                      0.100     3.258 r  u_cpu/u_ls132r_axi/u_execute/reg_hi_reg[20]_i_3/CO[3]
                         net (fo=1, routed)           0.008     3.266    u_cpu/u_ls132r_axi/u_execute/reg_hi_reg[20]_i_3_n_0
    SLICE_X90Y125        CARRY4 (Prop_carry4_CI_O[1])
                                                      0.257     3.523 f  u_cpu/u_ls132r_axi/u_execute/reg_hi_reg[24]_i_3/O[1]
                         net (fo=2, routed)           0.646     4.169    u_cpu/u_ls132r_axi/u_execute/reg_hi_reg[24]_i_3_n_6
    SLICE_X91Y127        LUT3 (Prop_lut3_I0_O)        0.264     4.433 r  u_cpu/u_ls132r_axi/u_execute/reg_lo[22]_i_3/O
                         net (fo=3, routed)           0.559     4.993    u_cpu/u_ls132r_axi/u_execute/reg_lo[22]_i_3_n_0
    SLICE_X87Y126        LUT6 (Prop_lut6_I1_O)        0.267     5.260 r  u_cpu/u_ls132r_axi/u_execute/cr_badvaddr[23]_i_11/O
                         net (fo=3, routed)           0.541     5.801    u_cpu/u_ls132r_axi/u_execute/cr_badvaddr[23]_i_11_n_0
    SLICE_X84Y123        LUT2 (Prop_lut2_I1_O)        0.105     5.906 r  u_cpu/u_ls132r_axi/u_execute/u_axi_crossbar_1x2_i_158/O
                         net (fo=1, routed)           0.000     5.906    u_cpu/u_ls132r_axi/u_execute/u_axi_crossbar_1x2_i_158_n_0
    SLICE_X84Y123        CARRY4 (Prop_carry4_S[2]_CO[3])
                                                      0.316     6.222 r  u_cpu/u_ls132r_axi/u_execute/u_axi_crossbar_1x2_i_6/CO[3]
                         net (fo=1, routed)           0.000     6.222    u_cpu/u_ls132r_axi/u_execute/u_axi_crossbar_1x2_i_6_n_0
    SLICE_X84Y124        CARRY4 (Prop_carry4_CI_O[0])
                                                      0.178     6.400 f  u_cpu/u_ls132r_axi/u_execute/u_axi_crossbar_1x2_i_5/O[0]
                         net (fo=9, routed)           1.011     7.411    u_cpu/u_ls132r_axi/u_execute/rs_v1_r_reg[27]_0[0]
    SLICE_X82Y120        LUT4 (Prop_lut4_I2_O)        0.248     7.659 r  u_cpu/u_ls132r_axi/u_execute/fetching_data_r_i_13/O
                         net (fo=2, routed)           0.648     8.307    u_cpu/u_ls132r_axi/u_execute/fetching_data_r_i_13_n_0
    SLICE_X79Y121        LUT6 (Prop_lut6_I5_O)        0.267     8.574 f  u_cpu/u_ls132r_axi/u_execute/fetching_data_r_i_4/O
                         net (fo=50, routed)          0.371     8.945    u_cpu/u_ls132r_axi/u_execute/cr_debug_LSNM_reg_1
    SLICE_X78Y120        LUT6 (Prop_lut6_I2_O)        0.105     9.050 r  u_cpu/u_ls132r_axi/u_execute/rs_ex_r_i_6/O
                         net (fo=1, routed)           0.568     9.618    u_cpu/u_ls132r_axi/u_execute/rs_ex_r_i_6_n_0
    SLICE_X78Y121        LUT6 (Prop_lut6_I1_O)        0.105     9.723 r  u_cpu/u_ls132r_axi/u_execute/rs_ex_r_i_3/O
                         net (fo=10, routed)          0.775    10.498    u_cpu/u_ls132r_axi/u_fetch/u_axi_crossbar_1x2_i_367
    SLICE_X65Y121        LUT6 (Prop_lut6_I3_O)        0.105    10.603 r  u_cpu/u_ls132r_axi/u_fetch/inst_pc_r[31]_i_21/O
                         net (fo=3, routed)           0.552    11.155    u_cpu/u_ls132r_axi/u_execute/u_axi_crossbar_1x2_i_281_1
    SLICE_X64Y119        LUT6 (Prop_lut6_I2_O)        0.105    11.260 r  u_cpu/u_ls132r_axi/u_execute/u_axi_crossbar_1x2_i_367/O
                         net (fo=2, routed)           0.347    11.607    u_cpu/u_ls132r_axi/u_execute/u_axi_crossbar_1x2_i_367_n_0
    SLICE_X64Y118        LUT5 (Prop_lut5_I2_O)        0.105    11.712 f  u_cpu/u_ls132r_axi/u_execute/u_axi_crossbar_1x2_i_281/O
                         net (fo=32, routed)          0.554    12.266    u_cpu/u_ls132r_axi/u_execute/u_axi_crossbar_1x2_i_281_n_0
    SLICE_X73Y117        LUT4 (Prop_lut4_I0_O)        0.105    12.371 r  u_cpu/u_ls132r_axi/u_execute/u_axi_crossbar_1x2_i_65/O
                         net (fo=2, routed)           0.531    12.902    u_axi_crossbar_1x2/inst/gen_samd.crossbar_samd/addr_arbiter_ar/D[23]
    SLICE_X69Y117        LUT4 (Prop_lut4_I2_O)        0.105    13.007 f  u_axi_crossbar_1x2/inst/gen_samd.crossbar_samd/addr_arbiter_ar/gen_multi_thread.active_target[25]_i_5__0/O
                         net (fo=3, routed)           0.968    13.976    u_axi_crossbar_1x2/inst/gen_samd.crossbar_samd/addr_arbiter_ar/gen_multi_thread.active_target[25]_i_5__0_n_0
    SLICE_X69Y113        LUT5 (Prop_lut5_I0_O)        0.119    14.095 f  u_axi_crossbar_1x2/inst/gen_samd.crossbar_samd/addr_arbiter_ar/gen_multi_thread.active_region[24]_i_4__0/O
                         net (fo=1, routed)           0.527    14.621    u_axi_crossbar_1x2/inst/gen_samd.crossbar_samd/addr_arbiter_ar/gen_multi_thread.active_region[24]_i_4__0_n_0
    SLICE_X68Y114        LUT6 (Prop_lut6_I2_O)        0.267    14.888 r  u_axi_crossbar_1x2/inst/gen_samd.crossbar_samd/addr_arbiter_ar/gen_multi_thread.active_region[24]_i_2__0/O
                         net (fo=9, routed)           0.617    15.506    u_axi_crossbar_1x2/inst/gen_samd.crossbar_samd/gen_slave_slots[0].gen_si_read.si_transactor_ar/st_aa_arregion[0]
    SLICE_X67Y112        LUT5 (Prop_lut5_I2_O)        0.105    15.611 r  u_axi_crossbar_1x2/inst/gen_samd.crossbar_samd/gen_slave_slots[0].gen_si_read.si_transactor_ar/gen_no_arbiter.s_ready_i[0]_i_5/O
                         net (fo=5, routed)           0.540    16.150    u_axi_crossbar_1x2/inst/gen_samd.crossbar_samd/addr_arbiter_ar/gen_no_arbiter.m_target_hot_i_reg[2]_3
    SLICE_X66Y112        LUT6 (Prop_lut6_I2_O)        0.105    16.255 r  u_axi_crossbar_1x2/inst/gen_samd.crossbar_samd/addr_arbiter_ar/gen_no_arbiter.m_target_hot_i[2]_i_1/O
                         net (fo=1, routed)           0.000    16.255    u_axi_crossbar_1x2/inst/gen_samd.crossbar_samd/addr_arbiter_ar/gen_no_arbiter.m_target_hot_i[2]_i_1_n_0
    SLICE_X66Y112        FDRE                                         r  u_axi_crossbar_1x2/inst/gen_samd.crossbar_samd/addr_arbiter_ar/gen_no_arbiter.m_target_hot_i_reg[2]/D
  -------------------------------------------------------------------    -------------------

                         (clock cpu_clk_clk_pll rise edge)
                                                     20.000    20.000 r  
    AC19                                              0.000    20.000 r  clk (IN)
                         net (fo=0)                   0.000    20.000    pll.clk_pll/inst/clk_in1
    AC19                 IBUF (Prop_ibuf_I_O)         1.350    21.350 r  pll.clk_pll/inst/clkin1_ibufg/O
                         net (fo=1, routed)           1.327    22.677    pll.clk_pll/inst/clk_in1_clk_pll
    PLLE2_ADV_X0Y2       PLLE2_ADV (Prop_plle2_adv_CLKIN1_CLKOUT0)
                                                     -6.905    15.771 r  pll.clk_pll/inst/plle2_adv_inst/CLKOUT0
                         net (fo=1, routed)           1.484    17.256    pll.clk_pll/inst/cpu_clk_clk_pll
    BUFGCTRL_X0Y0        BUFG (Prop_bufg_I_O)         0.077    17.333 r  pll.clk_pll/inst/clkout1_buf/O
                         net (fo=3527, routed)        1.289    18.622    u_axi_crossbar_1x2/inst/gen_samd.crossbar_samd/addr_arbiter_ar/aclk
    SLICE_X66Y112        FDRE                                         r  u_axi_crossbar_1x2/inst/gen_samd.crossbar_samd/addr_arbiter_ar/gen_no_arbiter.m_target_hot_i_reg[2]/C
                         clock pessimism             -0.455    18.167    
                         clock uncertainty           -0.087    18.080    
    SLICE_X66Y112        FDRE (Setup_fdre_C_D)        0.076    18.156    u_axi_crossbar_1x2/inst/gen_samd.crossbar_samd/addr_arbiter_ar/gen_no_arbiter.m_target_hot_i_reg[2]
  -------------------------------------------------------------------
                         required time                         18.156    
                         arrival time                         -16.255    
  -------------------------------------------------------------------
                         slack                                  1.901    

Slack (MET) :             2.049ns  (required time - arrival time)
  Source:                 u_cpu/u_ls132r_axi/u_execute/rs_op_r_reg[7]/C
                            (rising edge-triggered cell FDRE clocked by cpu_clk_clk_pll  {rise@0.000ns fall@10.000ns period=20.000ns})
  Destination:            u_axi_ram/ram/U0/inst_blk_mem_gen/gnbram.gaxibmg.axi_blk_mem_gen/valid.cstr/ramloop[29].ram.r/prim_init.ram/DEVICE_7SERIES.NO_BMM_INFO.SDP.SIMPLE_PRIM36.ram/ENARDEN
                            (rising edge-triggered cell RAMB36E1 clocked by cpu_clk_clk_pll  {rise@0.000ns fall@10.000ns period=20.000ns})
  Path Group:             cpu_clk_clk_pll
  Path Type:              Setup (Max at Slow Process Corner)
  Requirement:            20.000ns  (cpu_clk_clk_pll rise@20.000ns - cpu_clk_clk_pll rise@0.000ns)
  Data Path Delay:        17.829ns  (logic 4.878ns (27.360%)  route 12.951ns (72.640%))
  Logic Levels:           25  (CARRY4=9 LUT2=2 LUT3=4 LUT4=2 LUT6=8)
  Clock Path Skew:        0.352ns (DCD - SCD + CPR)
    Destination Clock Delay (DCD):    -0.956ns = ( 19.044 - 20.000 ) 
    Source Clock Delay      (SCD):    -1.823ns
    Clock Pessimism Removal (CPR):    -0.515ns
  Clock Uncertainty:      0.087ns  ((TSJ^2 + DJ^2)^1/2) / 2 + PE
    Total System Jitter     (TSJ):    0.071ns
    Discrete Jitter          (DJ):    0.159ns
    Phase Error              (PE):    0.000ns

    Location             Delay type                Incr(ns)  Path(ns)    Netlist Resource(s)
  -------------------------------------------------------------------    -------------------
                         (clock cpu_clk_clk_pll rise edge)
                                                      0.000     0.000 r  
    AC19                                              0.000     0.000 r  clk (IN)
                         net (fo=0)                   0.000     0.000    pll.clk_pll/inst/clk_in1
    AC19                 IBUF (Prop_ibuf_I_O)         1.416     1.416 r  pll.clk_pll/inst/clkin1_ibufg/O
                         net (fo=1, routed)           1.404     2.820    pll.clk_pll/inst/clk_in1_clk_pll
    PLLE2_ADV_X0Y2       PLLE2_ADV (Prop_plle2_adv_CLKIN1_CLKOUT0)
                                                     -7.646    -4.825 r  pll.clk_pll/inst/plle2_adv_inst/CLKOUT0
                         net (fo=1, routed)           1.557    -3.269    pll.clk_pll/inst/cpu_clk_clk_pll
    BUFGCTRL_X0Y0        BUFG (Prop_bufg_I_O)         0.081    -3.188 r  pll.clk_pll/inst/clkout1_buf/O
                         net (fo=3527, routed)        1.365    -1.823    u_cpu/u_ls132r_axi/u_execute/cpu_clk
    SLICE_X82Y122        FDRE                                         r  u_cpu/u_ls132r_axi/u_execute/rs_op_r_reg[7]/C
  -------------------------------------------------------------------    -------------------
    SLICE_X82Y122        FDRE (Prop_fdre_C_Q)         0.379    -1.444 f  u_cpu/u_ls132r_axi/u_execute/rs_op_r_reg[7]/Q
                         net (fo=97, routed)          1.257    -0.187    u_cpu/u_ls132r_axi/u_execute/rs_op[7]
    SLICE_X95Y125        LUT6 (Prop_lut6_I2_O)        0.105    -0.082 f  u_cpu/u_ls132r_axi/u_execute/reg_lo[31]_i_7/O
                         net (fo=188, routed)         0.469     0.387    u_cpu/u_ls132r_axi/u_execute/rs_op_r_reg[5]_0
    SLICE_X96Y122        LUT3 (Prop_lut3_I0_O)        0.105     0.492 f  u_cpu/u_ls132r_axi/u_execute/reg_hi[0]_i_5/O
                         net (fo=35, routed)          0.785     1.278    u_cpu/u_ls132r_axi/u_execute/reg_hi[0]_i_5_n_0
    SLICE_X89Y119        LUT4 (Prop_lut4_I0_O)        0.126     1.404 f  u_cpu/u_ls132r_axi/u_execute/reg_hi[0]_i_3/O
                         net (fo=64, routed)          0.438     1.842    u_cpu/u_ls132r_axi/u_execute/reg_hi[0]_i_3_n_0
    SLICE_X91Y120        LUT2 (Prop_lut2_I1_O)        0.267     2.109 r  u_cpu/u_ls132r_axi/u_execute/reg_hi[4]_i_5/O
                         net (fo=1, routed)           0.255     2.364    u_cpu/u_ls132r_axi/u_execute/reg_hi[4]_i_5_n_0
    SLICE_X90Y120        CARRY4 (Prop_carry4_CYINIT_CO[3])
                                                      0.494     2.858 r  u_cpu/u_ls132r_axi/u_execute/reg_hi_reg[4]_i_3/CO[3]
                         net (fo=1, routed)           0.000     2.858    u_cpu/u_ls132r_axi/u_execute/reg_hi_reg[4]_i_3_n_0
    SLICE_X90Y121        CARRY4 (Prop_carry4_CI_CO[3])
                                                      0.100     2.958 r  u_cpu/u_ls132r_axi/u_execute/reg_hi_reg[8]_i_3/CO[3]
                         net (fo=1, routed)           0.000     2.958    u_cpu/u_ls132r_axi/u_execute/reg_hi_reg[8]_i_3_n_0
    SLICE_X90Y122        CARRY4 (Prop_carry4_CI_CO[3])
                                                      0.100     3.058 r  u_cpu/u_ls132r_axi/u_execute/reg_hi_reg[12]_i_3/CO[3]
                         net (fo=1, routed)           0.000     3.058    u_cpu/u_ls132r_axi/u_execute/reg_hi_reg[12]_i_3_n_0
    SLICE_X90Y123        CARRY4 (Prop_carry4_CI_CO[3])
                                                      0.100     3.158 r  u_cpu/u_ls132r_axi/u_execute/reg_hi_reg[16]_i_3/CO[3]
                         net (fo=1, routed)           0.000     3.158    u_cpu/u_ls132r_axi/u_execute/reg_hi_reg[16]_i_3_n_0
    SLICE_X90Y124        CARRY4 (Prop_carry4_CI_CO[3])
                                                      0.100     3.258 r  u_cpu/u_ls132r_axi/u_execute/reg_hi_reg[20]_i_3/CO[3]
                         net (fo=1, routed)           0.008     3.266    u_cpu/u_ls132r_axi/u_execute/reg_hi_reg[20]_i_3_n_0
    SLICE_X90Y125        CARRY4 (Prop_carry4_CI_O[1])
                                                      0.257     3.523 f  u_cpu/u_ls132r_axi/u_execute/reg_hi_reg[24]_i_3/O[1]
                         net (fo=2, routed)           0.646     4.169    u_cpu/u_ls132r_axi/u_execute/reg_hi_reg[24]_i_3_n_6
    SLICE_X91Y127        LUT3 (Prop_lut3_I0_O)        0.264     4.433 r  u_cpu/u_ls132r_axi/u_execute/reg_lo[22]_i_3/O
                         net (fo=3, routed)           0.559     4.993    u_cpu/u_ls132r_axi/u_execute/reg_lo[22]_i_3_n_0
    SLICE_X87Y126        LUT6 (Prop_lut6_I1_O)        0.267     5.260 r  u_cpu/u_ls132r_axi/u_execute/cr_badvaddr[23]_i_11/O
                         net (fo=3, routed)           0.541     5.801    u_cpu/u_ls132r_axi/u_execute/cr_badvaddr[23]_i_11_n_0
    SLICE_X84Y123        LUT2 (Prop_lut2_I1_O)        0.105     5.906 r  u_cpu/u_ls132r_axi/u_execute/u_axi_crossbar_1x2_i_158/O
                         net (fo=1, routed)           0.000     5.906    u_cpu/u_ls132r_axi/u_execute/u_axi_crossbar_1x2_i_158_n_0
    SLICE_X84Y123        CARRY4 (Prop_carry4_S[2]_CO[3])
                                                      0.316     6.222 r  u_cpu/u_ls132r_axi/u_execute/u_axi_crossbar_1x2_i_6/CO[3]
                         net (fo=1, routed)           0.000     6.222    u_cpu/u_ls132r_axi/u_execute/u_axi_crossbar_1x2_i_6_n_0
    SLICE_X84Y124        CARRY4 (Prop_carry4_CI_CO[3])
                                                      0.100     6.322 r  u_cpu/u_ls132r_axi/u_execute/u_axi_crossbar_1x2_i_5/CO[3]
                         net (fo=1, routed)           0.008     6.330    u_cpu/u_ls132r_axi/u_execute/u_axi_crossbar_1x2_i_5_n_0
    SLICE_X84Y125        CARRY4 (Prop_carry4_CI_O[3])
                                                      0.262     6.592 f  u_cpu/u_ls132r_axi/u_execute/u_axi_crossbar_1x2_i_4/O[3]
                         net (fo=16, routed)          1.026     7.618    u_cpu/u_ls132r_axi/u_execute/u_axi_crossbar_1x2_i_4_n_4
    SLICE_X80Y122        LUT6 (Prop_lut6_I1_O)        0.250     7.868 r  u_cpu/u_ls132r_axi/u_execute/fetching_data_r_i_12/O
                         net (fo=4, routed)           0.326     8.194    u_cpu/u_ls132r_axi/u_execute/fetching_data_r_i_12_n_0
    SLICE_X79Y122        LUT6 (Prop_lut6_I1_O)        0.105     8.299 f  u_cpu/u_ls132r_axi/u_execute/heap_18[14]_i_10/O
                         net (fo=39, routed)          0.434     8.733    u_cpu/u_ls132r_axi/u_execute/heap_18[14]_i_10_n_0
    SLICE_X78Y120        LUT6 (Prop_lut6_I0_O)        0.105     8.838 f  u_cpu/u_ls132r_axi/u_execute/u_axi_crossbar_1x2_i_305/O
                         net (fo=1, routed)           0.465     9.304    u_cpu/u_ls132r_axi/u_execute/u_axi_crossbar_1x2_i_305_n_0
    SLICE_X78Y118        LUT6 (Prop_lut6_I4_O)        0.105     9.409 r  u_cpu/u_ls132r_axi/u_execute/u_axi_crossbar_1x2_i_206/O
                         net (fo=5, routed)           0.467     9.876    u_cpu/u_ls132r_axi/u_interface/axi_wtrans_r_reg[2]_0
    SLICE_X78Y115        LUT3 (Prop_lut3_I0_O)        0.110     9.986 r  u_cpu/u_ls132r_axi/u_interface/u_axi_crossbar_1x2_i_51/O
                         net (fo=4, routed)           0.229    10.215    u_axi_crossbar_1x2/inst/gen_samd.crossbar_samd/gen_slave_slots[0].gen_si_write.wdata_router_w/wrouter_aw_fifo/s_axi_wvalid[0]
    SLICE_X78Y115        LUT4 (Prop_lut4_I2_O)        0.268    10.483 r  u_axi_crossbar_1x2/inst/gen_samd.crossbar_samd/gen_slave_slots[0].gen_si_write.wdata_router_w/wrouter_aw_fifo/m_axi_wvalid[0]_INST_0/O
                         net (fo=10, routed)          0.231    10.714    u_axi_ram/ram/U0/inst_blk_mem_gen/gnbram.gaxibmg.axi_wr_fsm/axi_wr_fsm/s_axi_wvalid
    SLICE_X78Y115        LUT3 (Prop_lut3_I2_O)        0.108    10.822 f  u_axi_ram/ram/U0/inst_blk_mem_gen/gnbram.gaxibmg.axi_wr_fsm/axi_wr_fsm/DEVICE_7SERIES.NO_BMM_INFO.SDP.SIMPLE_PRIM36.ram_i_42/O
                         net (fo=4, routed)           0.419    11.241    u_axi_ram/ram/U0/inst_blk_mem_gen/gnbram.gaxibmg.axi_wr_fsm/axi_wr_fsm/DEVICE_7SERIES.NO_BMM_INFO.SDP.SIMPLE_PRIM36.ram_i_42_n_0
    SLICE_X78Y113        LUT6 (Prop_lut6_I2_O)        0.275    11.516 r  u_axi_ram/ram/U0/inst_blk_mem_gen/gnbram.gaxibmg.axi_wr_fsm/axi_wr_fsm/DEVICE_7SERIES.NO_BMM_INFO.SDP.SIMPLE_PRIM36.ram_i_3__0/O
                         net (fo=16, routed)          1.254    12.770    u_axi_ram/ram/U0/inst_blk_mem_gen/gnbram.gaxibmg.axi_wr_fsm/axi_wr_fsm/DEVICE_7SERIES.NO_BMM_INFO.SDP.SIMPLE_PRIM36.ram_i_3__0_n_0
    SLICE_X52Y108        LUT6 (Prop_lut6_I5_O)        0.105    12.875 r  u_axi_ram/ram/U0/inst_blk_mem_gen/gnbram.gaxibmg.axi_wr_fsm/axi_wr_fsm/DEVICE_7SERIES.NO_BMM_INFO.SDP.SIMPLE_PRIM36.ram_i_1__9/O
                         net (fo=4, routed)           3.131    16.006    u_axi_ram/ram/U0/inst_blk_mem_gen/gnbram.gaxibmg.axi_blk_mem_gen/valid.cstr/ramloop[29].ram.r/prim_init.ram/DEVICE_7SERIES.NO_BMM_INFO.SDP.SIMPLE_PRIM36.ram_1
    RAMB36_X1Y1          RAMB36E1                                     r  u_axi_ram/ram/U0/inst_blk_mem_gen/gnbram.gaxibmg.axi_blk_mem_gen/valid.cstr/ramloop[29].ram.r/prim_init.ram/DEVICE_7SERIES.NO_BMM_INFO.SDP.SIMPLE_PRIM36.ram/ENARDEN
  -------------------------------------------------------------------    -------------------

                         (clock cpu_clk_clk_pll rise edge)
                                                     20.000    20.000 r  
    AC19                                              0.000    20.000 r  clk (IN)
                         net (fo=0)                   0.000    20.000    pll.clk_pll/inst/clk_in1
    AC19                 IBUF (Prop_ibuf_I_O)         1.350    21.350 r  pll.clk_pll/inst/clkin1_ibufg/O
                         net (fo=1, routed)           1.327    22.677    pll.clk_pll/inst/clk_in1_clk_pll
    PLLE2_ADV_X0Y2       PLLE2_ADV (Prop_plle2_adv_CLKIN1_CLKOUT0)
                                                     -6.905    15.771 r  pll.clk_pll/inst/plle2_adv_inst/CLKOUT0
                         net (fo=1, routed)           1.484    17.256    pll.clk_pll/inst/cpu_clk_clk_pll
    BUFGCTRL_X0Y0        BUFG (Prop_bufg_I_O)         0.077    17.333 r  pll.clk_pll/inst/clkout1_buf/O
                         net (fo=3527, routed)        1.711    19.044    u_axi_ram/ram/U0/inst_blk_mem_gen/gnbram.gaxibmg.axi_blk_mem_gen/valid.cstr/ramloop[29].ram.r/prim_init.ram/s_aclk
    RAMB36_X1Y1          RAMB36E1                                     r  u_axi_ram/ram/U0/inst_blk_mem_gen/gnbram.gaxibmg.axi_blk_mem_gen/valid.cstr/ramloop[29].ram.r/prim_init.ram/DEVICE_7SERIES.NO_BMM_INFO.SDP.SIMPLE_PRIM36.ram/CLKARDCLK
                         clock pessimism             -0.515    18.529    
                         clock uncertainty           -0.087    18.442    
    RAMB36_X1Y1          RAMB36E1 (Setup_ramb36e1_CLKARDCLK_ENARDEN)
                                                     -0.387    18.055    u_axi_ram/ram/U0/inst_blk_mem_gen/gnbram.gaxibmg.axi_blk_mem_gen/valid.cstr/ramloop[29].ram.r/prim_init.ram/DEVICE_7SERIES.NO_BMM_INFO.SDP.SIMPLE_PRIM36.ram
  -------------------------------------------------------------------
                         required time                         18.055    
                         arrival time                         -16.006    
  -------------------------------------------------------------------
                         slack                                  2.049    

Slack (MET) :             2.062ns  (required time - arrival time)
  Source:                 u_cpu/u_ls132r_axi/u_execute/rs_op_r_reg[7]/C
                            (rising edge-triggered cell FDRE clocked by cpu_clk_clk_pll  {rise@0.000ns fall@10.000ns period=20.000ns})
  Destination:            u_axi_ram/ram/U0/inst_blk_mem_gen/gnbram.gaxibmg.axi_blk_mem_gen/valid.cstr/ramloop[21].ram.r/prim_init.ram/DEVICE_7SERIES.NO_BMM_INFO.SDP.SIMPLE_PRIM36.ram/ENARDEN
                            (rising edge-triggered cell RAMB36E1 clocked by cpu_clk_clk_pll  {rise@0.000ns fall@10.000ns period=20.000ns})
  Path Group:             cpu_clk_clk_pll
  Path Type:              Setup (Max at Slow Process Corner)
  Requirement:            20.000ns  (cpu_clk_clk_pll rise@20.000ns - cpu_clk_clk_pll rise@0.000ns)
  Data Path Delay:        17.811ns  (logic 4.878ns (27.387%)  route 12.933ns (72.613%))
  Logic Levels:           25  (CARRY4=9 LUT2=2 LUT3=4 LUT4=2 LUT6=8)
  Clock Path Skew:        0.348ns (DCD - SCD + CPR)
    Destination Clock Delay (DCD):    -0.960ns = ( 19.040 - 20.000 ) 
    Source Clock Delay      (SCD):    -1.823ns
    Clock Pessimism Removal (CPR):    -0.515ns
  Clock Uncertainty:      0.087ns  ((TSJ^2 + DJ^2)^1/2) / 2 + PE
    Total System Jitter     (TSJ):    0.071ns
    Discrete Jitter          (DJ):    0.159ns
    Phase Error              (PE):    0.000ns

    Location             Delay type                Incr(ns)  Path(ns)    Netlist Resource(s)
  -------------------------------------------------------------------    -------------------
                         (clock cpu_clk_clk_pll rise edge)
                                                      0.000     0.000 r  
    AC19                                              0.000     0.000 r  clk (IN)
                         net (fo=0)                   0.000     0.000    pll.clk_pll/inst/clk_in1
    AC19                 IBUF (Prop_ibuf_I_O)         1.416     1.416 r  pll.clk_pll/inst/clkin1_ibufg/O
                         net (fo=1, routed)           1.404     2.820    pll.clk_pll/inst/clk_in1_clk_pll
    PLLE2_ADV_X0Y2       PLLE2_ADV (Prop_plle2_adv_CLKIN1_CLKOUT0)
                                                     -7.646    -4.825 r  pll.clk_pll/inst/plle2_adv_inst/CLKOUT0
                         net (fo=1, routed)           1.557    -3.269    pll.clk_pll/inst/cpu_clk_clk_pll
    BUFGCTRL_X0Y0        BUFG (Prop_bufg_I_O)         0.081    -3.188 r  pll.clk_pll/inst/clkout1_buf/O
                         net (fo=3527, routed)        1.365    -1.823    u_cpu/u_ls132r_axi/u_execute/cpu_clk
    SLICE_X82Y122        FDRE                                         r  u_cpu/u_ls132r_axi/u_execute/rs_op_r_reg[7]/C
  -------------------------------------------------------------------    -------------------
    SLICE_X82Y122        FDRE (Prop_fdre_C_Q)         0.379    -1.444 f  u_cpu/u_ls132r_axi/u_execute/rs_op_r_reg[7]/Q
                         net (fo=97, routed)          1.257    -0.187    u_cpu/u_ls132r_axi/u_execute/rs_op[7]
    SLICE_X95Y125        LUT6 (Prop_lut6_I2_O)        0.105    -0.082 f  u_cpu/u_ls132r_axi/u_execute/reg_lo[31]_i_7/O
                         net (fo=188, routed)         0.469     0.387    u_cpu/u_ls132r_axi/u_execute/rs_op_r_reg[5]_0
    SLICE_X96Y122        LUT3 (Prop_lut3_I0_O)        0.105     0.492 f  u_cpu/u_ls132r_axi/u_execute/reg_hi[0]_i_5/O
                         net (fo=35, routed)          0.785     1.278    u_cpu/u_ls132r_axi/u_execute/reg_hi[0]_i_5_n_0
    SLICE_X89Y119        LUT4 (Prop_lut4_I0_O)        0.126     1.404 f  u_cpu/u_ls132r_axi/u_execute/reg_hi[0]_i_3/O
                         net (fo=64, routed)          0.438     1.842    u_cpu/u_ls132r_axi/u_execute/reg_hi[0]_i_3_n_0
    SLICE_X91Y120        LUT2 (Prop_lut2_I1_O)        0.267     2.109 r  u_cpu/u_ls132r_axi/u_execute/reg_hi[4]_i_5/O
                         net (fo=1, routed)           0.255     2.364    u_cpu/u_ls132r_axi/u_execute/reg_hi[4]_i_5_n_0
    SLICE_X90Y120        CARRY4 (Prop_carry4_CYINIT_CO[3])
                                                      0.494     2.858 r  u_cpu/u_ls132r_axi/u_execute/reg_hi_reg[4]_i_3/CO[3]
                         net (fo=1, routed)           0.000     2.858    u_cpu/u_ls132r_axi/u_execute/reg_hi_reg[4]_i_3_n_0
    SLICE_X90Y121        CARRY4 (Prop_carry4_CI_CO[3])
                                                      0.100     2.958 r  u_cpu/u_ls132r_axi/u_execute/reg_hi_reg[8]_i_3/CO[3]
                         net (fo=1, routed)           0.000     2.958    u_cpu/u_ls132r_axi/u_execute/reg_hi_reg[8]_i_3_n_0
    SLICE_X90Y122        CARRY4 (Prop_carry4_CI_CO[3])
                                                      0.100     3.058 r  u_cpu/u_ls132r_axi/u_execute/reg_hi_reg[12]_i_3/CO[3]
                         net (fo=1, routed)           0.000     3.058    u_cpu/u_ls132r_axi/u_execute/reg_hi_reg[12]_i_3_n_0
    SLICE_X90Y123        CARRY4 (Prop_carry4_CI_CO[3])
                                                      0.100     3.158 r  u_cpu/u_ls132r_axi/u_execute/reg_hi_reg[16]_i_3/CO[3]
                         net (fo=1, routed)           0.000     3.158    u_cpu/u_ls132r_axi/u_execute/reg_hi_reg[16]_i_3_n_0
    SLICE_X90Y124        CARRY4 (Prop_carry4_CI_CO[3])
                                                      0.100     3.258 r  u_cpu/u_ls132r_axi/u_execute/reg_hi_reg[20]_i_3/CO[3]
                         net (fo=1, routed)           0.008     3.266    u_cpu/u_ls132r_axi/u_execute/reg_hi_reg[20]_i_3_n_0
    SLICE_X90Y125        CARRY4 (Prop_carry4_CI_O[1])
                                                      0.257     3.523 f  u_cpu/u_ls132r_axi/u_execute/reg_hi_reg[24]_i_3/O[1]
                         net (fo=2, routed)           0.646     4.169    u_cpu/u_ls132r_axi/u_execute/reg_hi_reg[24]_i_3_n_6
    SLICE_X91Y127        LUT3 (Prop_lut3_I0_O)        0.264     4.433 r  u_cpu/u_ls132r_axi/u_execute/reg_lo[22]_i_3/O
                         net (fo=3, routed)           0.559     4.993    u_cpu/u_ls132r_axi/u_execute/reg_lo[22]_i_3_n_0
    SLICE_X87Y126        LUT6 (Prop_lut6_I1_O)        0.267     5.260 r  u_cpu/u_ls132r_axi/u_execute/cr_badvaddr[23]_i_11/O
                         net (fo=3, routed)           0.541     5.801    u_cpu/u_ls132r_axi/u_execute/cr_badvaddr[23]_i_11_n_0
    SLICE_X84Y123        LUT2 (Prop_lut2_I1_O)        0.105     5.906 r  u_cpu/u_ls132r_axi/u_execute/u_axi_crossbar_1x2_i_158/O
                         net (fo=1, routed)           0.000     5.906    u_cpu/u_ls132r_axi/u_execute/u_axi_crossbar_1x2_i_158_n_0
    SLICE_X84Y123        CARRY4 (Prop_carry4_S[2]_CO[3])
                                                      0.316     6.222 r  u_cpu/u_ls132r_axi/u_execute/u_axi_crossbar_1x2_i_6/CO[3]
                         net (fo=1, routed)           0.000     6.222    u_cpu/u_ls132r_axi/u_execute/u_axi_crossbar_1x2_i_6_n_0
    SLICE_X84Y124        CARRY4 (Prop_carry4_CI_CO[3])
                                                      0.100     6.322 r  u_cpu/u_ls132r_axi/u_execute/u_axi_crossbar_1x2_i_5/CO[3]
                         net (fo=1, routed)           0.008     6.330    u_cpu/u_ls132r_axi/u_execute/u_axi_crossbar_1x2_i_5_n_0
    SLICE_X84Y125        CARRY4 (Prop_carry4_CI_O[3])
                                                      0.262     6.592 f  u_cpu/u_ls132r_axi/u_execute/u_axi_crossbar_1x2_i_4/O[3]
                         net (fo=16, routed)          1.026     7.618    u_cpu/u_ls132r_axi/u_execute/u_axi_crossbar_1x2_i_4_n_4
    SLICE_X80Y122        LUT6 (Prop_lut6_I1_O)        0.250     7.868 r  u_cpu/u_ls132r_axi/u_execute/fetching_data_r_i_12/O
                         net (fo=4, routed)           0.326     8.194    u_cpu/u_ls132r_axi/u_execute/fetching_data_r_i_12_n_0
    SLICE_X79Y122        LUT6 (Prop_lut6_I1_O)        0.105     8.299 f  u_cpu/u_ls132r_axi/u_execute/heap_18[14]_i_10/O
                         net (fo=39, routed)          0.434     8.733    u_cpu/u_ls132r_axi/u_execute/heap_18[14]_i_10_n_0
    SLICE_X78Y120        LUT6 (Prop_lut6_I0_O)        0.105     8.838 f  u_cpu/u_ls132r_axi/u_execute/u_axi_crossbar_1x2_i_305/O
                         net (fo=1, routed)           0.465     9.304    u_cpu/u_ls132r_axi/u_execute/u_axi_crossbar_1x2_i_305_n_0
    SLICE_X78Y118        LUT6 (Prop_lut6_I4_O)        0.105     9.409 r  u_cpu/u_ls132r_axi/u_execute/u_axi_crossbar_1x2_i_206/O
                         net (fo=5, routed)           0.467     9.876    u_cpu/u_ls132r_axi/u_interface/axi_wtrans_r_reg[2]_0
    SLICE_X78Y115        LUT3 (Prop_lut3_I0_O)        0.110     9.986 r  u_cpu/u_ls132r_axi/u_interface/u_axi_crossbar_1x2_i_51/O
                         net (fo=4, routed)           0.229    10.215    u_axi_crossbar_1x2/inst/gen_samd.crossbar_samd/gen_slave_slots[0].gen_si_write.wdata_router_w/wrouter_aw_fifo/s_axi_wvalid[0]
    SLICE_X78Y115        LUT4 (Prop_lut4_I2_O)        0.268    10.483 r  u_axi_crossbar_1x2/inst/gen_samd.crossbar_samd/gen_slave_slots[0].gen_si_write.wdata_router_w/wrouter_aw_fifo/m_axi_wvalid[0]_INST_0/O
                         net (fo=10, routed)          0.231    10.714    u_axi_ram/ram/U0/inst_blk_mem_gen/gnbram.gaxibmg.axi_wr_fsm/axi_wr_fsm/s_axi_wvalid
    SLICE_X78Y115        LUT3 (Prop_lut3_I2_O)        0.108    10.822 f  u_axi_ram/ram/U0/inst_blk_mem_gen/gnbram.gaxibmg.axi_wr_fsm/axi_wr_fsm/DEVICE_7SERIES.NO_BMM_INFO.SDP.SIMPLE_PRIM36.ram_i_42/O
                         net (fo=4, routed)           0.361    11.183    u_axi_ram/ram/U0/inst_blk_mem_gen/gnbram.gaxibmg.axi_wr_fsm/axi_wr_fsm/DEVICE_7SERIES.NO_BMM_INFO.SDP.SIMPLE_PRIM36.ram_i_42_n_0
    SLICE_X79Y113        LUT6 (Prop_lut6_I0_O)        0.275    11.458 r  u_axi_ram/ram/U0/inst_blk_mem_gen/gnbram.gaxibmg.axi_wr_fsm/axi_wr_fsm/DEVICE_7SERIES.NO_BMM_INFO.SDP.SIMPLE_PRIM36.ram_i_3__1/O
                         net (fo=16, routed)          1.065    12.523    u_axi_ram/ram/U0/inst_blk_mem_gen/gnbram.gaxibmg.axi_wr_fsm/axi_wr_fsm/DEVICE_7SERIES.NO_BMM_INFO.SDP.SIMPLE_PRIM36.ram_i_3__1_n_0
    SLICE_X56Y107        LUT6 (Prop_lut6_I5_O)        0.105    12.628 r  u_axi_ram/ram/U0/inst_blk_mem_gen/gnbram.gaxibmg.axi_wr_fsm/axi_wr_fsm/DEVICE_7SERIES.NO_BMM_INFO.SDP.SIMPLE_PRIM36.ram_i_1__23/O
                         net (fo=4, routed)           3.361    15.989    u_axi_ram/ram/U0/inst_blk_mem_gen/gnbram.gaxibmg.axi_blk_mem_gen/valid.cstr/ramloop[21].ram.r/prim_init.ram/DEVICE_7SERIES.NO_BMM_INFO.SDP.SIMPLE_PRIM36.ram_1
    RAMB36_X0Y3          RAMB36E1                                     r  u_axi_ram/ram/U0/inst_blk_mem_gen/gnbram.gaxibmg.axi_blk_mem_gen/valid.cstr/ramloop[21].ram.r/prim_init.ram/DEVICE_7SERIES.NO_BMM_INFO.SDP.SIMPLE_PRIM36.ram/ENARDEN
  -------------------------------------------------------------------    -------------------

                         (clock cpu_clk_clk_pll rise edge)
                                                     20.000    20.000 r  
    AC19                                              0.000    20.000 r  clk (IN)
                         net (fo=0)                   0.000    20.000    pll.clk_pll/inst/clk_in1
    AC19                 IBUF (Prop_ibuf_I_O)         1.350    21.350 r  pll.clk_pll/inst/clkin1_ibufg/O
                         net (fo=1, routed)           1.327    22.677    pll.clk_pll/inst/clk_in1_clk_pll
    PLLE2_ADV_X0Y2       PLLE2_ADV (Prop_plle2_adv_CLKIN1_CLKOUT0)
                                                     -6.905    15.771 r  pll.clk_pll/inst/plle2_adv_inst/CLKOUT0
                         net (fo=1, routed)           1.484    17.256    pll.clk_pll/inst/cpu_clk_clk_pll
    BUFGCTRL_X0Y0        BUFG (Prop_bufg_I_O)         0.077    17.333 r  pll.clk_pll/inst/clkout1_buf/O
                         net (fo=3527, routed)        1.707    19.040    u_axi_ram/ram/U0/inst_blk_mem_gen/gnbram.gaxibmg.axi_blk_mem_gen/valid.cstr/ramloop[21].ram.r/prim_init.ram/s_aclk
    RAMB36_X0Y3          RAMB36E1                                     r  u_axi_ram/ram/U0/inst_blk_mem_gen/gnbram.gaxibmg.axi_blk_mem_gen/valid.cstr/ramloop[21].ram.r/prim_init.ram/DEVICE_7SERIES.NO_BMM_INFO.SDP.SIMPLE_PRIM36.ram/CLKARDCLK
                         clock pessimism             -0.515    18.525    
                         clock uncertainty           -0.087    18.438    
    RAMB36_X0Y3          RAMB36E1 (Setup_ramb36e1_CLKARDCLK_ENARDEN)
                                                     -0.387    18.051    u_axi_ram/ram/U0/inst_blk_mem_gen/gnbram.gaxibmg.axi_blk_mem_gen/valid.cstr/ramloop[21].ram.r/prim_init.ram/DEVICE_7SERIES.NO_BMM_INFO.SDP.SIMPLE_PRIM36.ram
  -------------------------------------------------------------------
                         required time                         18.051    
                         arrival time                         -15.989    
  -------------------------------------------------------------------
                         slack                                  2.062    

Slack (MET) :             2.108ns  (required time - arrival time)
  Source:                 u_cpu/u_ls132r_axi/u_execute/rs_op_r_reg[7]/C
                            (rising edge-triggered cell FDRE clocked by cpu_clk_clk_pll  {rise@0.000ns fall@10.000ns period=20.000ns})
  Destination:            u_axi_ram/ram/U0/inst_blk_mem_gen/gnbram.gaxibmg.axi_blk_mem_gen/valid.cstr/ramloop[25].ram.r/prim_init.ram/DEVICE_7SERIES.NO_BMM_INFO.SDP.SIMPLE_PRIM36.ram/ENARDEN
                            (rising edge-triggered cell RAMB36E1 clocked by cpu_clk_clk_pll  {rise@0.000ns fall@10.000ns period=20.000ns})
  Path Group:             cpu_clk_clk_pll
  Path Type:              Setup (Max at Slow Process Corner)
  Requirement:            20.000ns  (cpu_clk_clk_pll rise@20.000ns - cpu_clk_clk_pll rise@0.000ns)
  Data Path Delay:        17.759ns  (logic 4.878ns (27.467%)  route 12.881ns (72.533%))
  Logic Levels:           25  (CARRY4=9 LUT2=2 LUT3=4 LUT4=2 LUT6=8)
  Clock Path Skew:        0.342ns (DCD - SCD + CPR)
    Destination Clock Delay (DCD):    -0.966ns = ( 19.034 - 20.000 ) 
    Source Clock Delay      (SCD):    -1.823ns
    Clock Pessimism Removal (CPR):    -0.515ns
  Clock Uncertainty:      0.087ns  ((TSJ^2 + DJ^2)^1/2) / 2 + PE
    Total System Jitter     (TSJ):    0.071ns
    Discrete Jitter          (DJ):    0.159ns
    Phase Error              (PE):    0.000ns

    Location             Delay type                Incr(ns)  Path(ns)    Netlist Resource(s)
  -------------------------------------------------------------------    -------------------
                         (clock cpu_clk_clk_pll rise edge)
                                                      0.000     0.000 r  
    AC19                                              0.000     0.000 r  clk (IN)
                         net (fo=0)                   0.000     0.000    pll.clk_pll/inst/clk_in1
    AC19                 IBUF (Prop_ibuf_I_O)         1.416     1.416 r  pll.clk_pll/inst/clkin1_ibufg/O
                         net (fo=1, routed)           1.404     2.820    pll.clk_pll/inst/clk_in1_clk_pll
    PLLE2_ADV_X0Y2       PLLE2_ADV (Prop_plle2_adv_CLKIN1_CLKOUT0)
                                                     -7.646    -4.825 r  pll.clk_pll/inst/plle2_adv_inst/CLKOUT0
                         net (fo=1, routed)           1.557    -3.269    pll.clk_pll/inst/cpu_clk_clk_pll
    BUFGCTRL_X0Y0        BUFG (Prop_bufg_I_O)         0.081    -3.188 r  pll.clk_pll/inst/clkout1_buf/O
                         net (fo=3527, routed)        1.365    -1.823    u_cpu/u_ls132r_axi/u_execute/cpu_clk
    SLICE_X82Y122        FDRE                                         r  u_cpu/u_ls132r_axi/u_execute/rs_op_r_reg[7]/C
  -------------------------------------------------------------------    -------------------
    SLICE_X82Y122        FDRE (Prop_fdre_C_Q)         0.379    -1.444 f  u_cpu/u_ls132r_axi/u_execute/rs_op_r_reg[7]/Q
                         net (fo=97, routed)          1.257    -0.187    u_cpu/u_ls132r_axi/u_execute/rs_op[7]
    SLICE_X95Y125        LUT6 (Prop_lut6_I2_O)        0.105    -0.082 f  u_cpu/u_ls132r_axi/u_execute/reg_lo[31]_i_7/O
                         net (fo=188, routed)         0.469     0.387    u_cpu/u_ls132r_axi/u_execute/rs_op_r_reg[5]_0
    SLICE_X96Y122        LUT3 (Prop_lut3_I0_O)        0.105     0.492 f  u_cpu/u_ls132r_axi/u_execute/reg_hi[0]_i_5/O
                         net (fo=35, routed)          0.785     1.278    u_cpu/u_ls132r_axi/u_execute/reg_hi[0]_i_5_n_0
    SLICE_X89Y119        LUT4 (Prop_lut4_I0_O)        0.126     1.404 f  u_cpu/u_ls132r_axi/u_execute/reg_hi[0]_i_3/O
                         net (fo=64, routed)          0.438     1.842    u_cpu/u_ls132r_axi/u_execute/reg_hi[0]_i_3_n_0
    SLICE_X91Y120        LUT2 (Prop_lut2_I1_O)        0.267     2.109 r  u_cpu/u_ls132r_axi/u_execute/reg_hi[4]_i_5/O
                         net (fo=1, routed)           0.255     2.364    u_cpu/u_ls132r_axi/u_execute/reg_hi[4]_i_5_n_0
    SLICE_X90Y120        CARRY4 (Prop_carry4_CYINIT_CO[3])
                                                      0.494     2.858 r  u_cpu/u_ls132r_axi/u_execute/reg_hi_reg[4]_i_3/CO[3]
                         net (fo=1, routed)           0.000     2.858    u_cpu/u_ls132r_axi/u_execute/reg_hi_reg[4]_i_3_n_0
    SLICE_X90Y121        CARRY4 (Prop_carry4_CI_CO[3])
                                                      0.100     2.958 r  u_cpu/u_ls132r_axi/u_execute/reg_hi_reg[8]_i_3/CO[3]
                         net (fo=1, routed)           0.000     2.958    u_cpu/u_ls132r_axi/u_execute/reg_hi_reg[8]_i_3_n_0
    SLICE_X90Y122        CARRY4 (Prop_carry4_CI_CO[3])
                                                      0.100     3.058 r  u_cpu/u_ls132r_axi/u_execute/reg_hi_reg[12]_i_3/CO[3]
                         net (fo=1, routed)           0.000     3.058    u_cpu/u_ls132r_axi/u_execute/reg_hi_reg[12]_i_3_n_0
    SLICE_X90Y123        CARRY4 (Prop_carry4_CI_CO[3])
                                                      0.100     3.158 r  u_cpu/u_ls132r_axi/u_execute/reg_hi_reg[16]_i_3/CO[3]
                         net (fo=1, routed)           0.000     3.158    u_cpu/u_ls132r_axi/u_execute/reg_hi_reg[16]_i_3_n_0
    SLICE_X90Y124        CARRY4 (Prop_carry4_CI_CO[3])
                                                      0.100     3.258 r  u_cpu/u_ls132r_axi/u_execute/reg_hi_reg[20]_i_3/CO[3]
                         net (fo=1, routed)           0.008     3.266    u_cpu/u_ls132r_axi/u_execute/reg_hi_reg[20]_i_3_n_0
    SLICE_X90Y125        CARRY4 (Prop_carry4_CI_O[1])
                                                      0.257     3.523 f  u_cpu/u_ls132r_axi/u_execute/reg_hi_reg[24]_i_3/O[1]
                         net (fo=2, routed)           0.646     4.169    u_cpu/u_ls132r_axi/u_execute/reg_hi_reg[24]_i_3_n_6
    SLICE_X91Y127        LUT3 (Prop_lut3_I0_O)        0.264     4.433 r  u_cpu/u_ls132r_axi/u_execute/reg_lo[22]_i_3/O
                         net (fo=3, routed)           0.559     4.993    u_cpu/u_ls132r_axi/u_execute/reg_lo[22]_i_3_n_0
    SLICE_X87Y126        LUT6 (Prop_lut6_I1_O)        0.267     5.260 r  u_cpu/u_ls132r_axi/u_execute/cr_badvaddr[23]_i_11/O
                         net (fo=3, routed)           0.541     5.801    u_cpu/u_ls132r_axi/u_execute/cr_badvaddr[23]_i_11_n_0
    SLICE_X84Y123        LUT2 (Prop_lut2_I1_O)        0.105     5.906 r  u_cpu/u_ls132r_axi/u_execute/u_axi_crossbar_1x2_i_158/O
                         net (fo=1, routed)           0.000     5.906    u_cpu/u_ls132r_axi/u_execute/u_axi_crossbar_1x2_i_158_n_0
    SLICE_X84Y123        CARRY4 (Prop_carry4_S[2]_CO[3])
                                                      0.316     6.222 r  u_cpu/u_ls132r_axi/u_execute/u_axi_crossbar_1x2_i_6/CO[3]
                         net (fo=1, routed)           0.000     6.222    u_cpu/u_ls132r_axi/u_execute/u_axi_crossbar_1x2_i_6_n_0
    SLICE_X84Y124        CARRY4 (Prop_carry4_CI_CO[3])
                                                      0.100     6.322 r  u_cpu/u_ls132r_axi/u_execute/u_axi_crossbar_1x2_i_5/CO[3]
                         net (fo=1, routed)           0.008     6.330    u_cpu/u_ls132r_axi/u_execute/u_axi_crossbar_1x2_i_5_n_0
    SLICE_X84Y125        CARRY4 (Prop_carry4_CI_O[3])
                                                      0.262     6.592 f  u_cpu/u_ls132r_axi/u_execute/u_axi_crossbar_1x2_i_4/O[3]
                         net (fo=16, routed)          1.026     7.618    u_cpu/u_ls132r_axi/u_execute/u_axi_crossbar_1x2_i_4_n_4
    SLICE_X80Y122        LUT6 (Prop_lut6_I1_O)        0.250     7.868 r  u_cpu/u_ls132r_axi/u_execute/fetching_data_r_i_12/O
                         net (fo=4, routed)           0.326     8.194    u_cpu/u_ls132r_axi/u_execute/fetching_data_r_i_12_n_0
    SLICE_X79Y122        LUT6 (Prop_lut6_I1_O)        0.105     8.299 f  u_cpu/u_ls132r_axi/u_execute/heap_18[14]_i_10/O
                         net (fo=39, routed)          0.434     8.733    u_cpu/u_ls132r_axi/u_execute/heap_18[14]_i_10_n_0
    SLICE_X78Y120        LUT6 (Prop_lut6_I0_O)        0.105     8.838 f  u_cpu/u_ls132r_axi/u_execute/u_axi_crossbar_1x2_i_305/O
                         net (fo=1, routed)           0.465     9.304    u_cpu/u_ls132r_axi/u_execute/u_axi_crossbar_1x2_i_305_n_0
    SLICE_X78Y118        LUT6 (Prop_lut6_I4_O)        0.105     9.409 r  u_cpu/u_ls132r_axi/u_execute/u_axi_crossbar_1x2_i_206/O
                         net (fo=5, routed)           0.467     9.876    u_cpu/u_ls132r_axi/u_interface/axi_wtrans_r_reg[2]_0
    SLICE_X78Y115        LUT3 (Prop_lut3_I0_O)        0.110     9.986 r  u_cpu/u_ls132r_axi/u_interface/u_axi_crossbar_1x2_i_51/O
                         net (fo=4, routed)           0.229    10.215    u_axi_crossbar_1x2/inst/gen_samd.crossbar_samd/gen_slave_slots[0].gen_si_write.wdata_router_w/wrouter_aw_fifo/s_axi_wvalid[0]
    SLICE_X78Y115        LUT4 (Prop_lut4_I2_O)        0.268    10.483 r  u_axi_crossbar_1x2/inst/gen_samd.crossbar_samd/gen_slave_slots[0].gen_si_write.wdata_router_w/wrouter_aw_fifo/m_axi_wvalid[0]_INST_0/O
                         net (fo=10, routed)          0.231    10.714    u_axi_ram/ram/U0/inst_blk_mem_gen/gnbram.gaxibmg.axi_wr_fsm/axi_wr_fsm/s_axi_wvalid
    SLICE_X78Y115        LUT3 (Prop_lut3_I2_O)        0.108    10.822 f  u_axi_ram/ram/U0/inst_blk_mem_gen/gnbram.gaxibmg.axi_wr_fsm/axi_wr_fsm/DEVICE_7SERIES.NO_BMM_INFO.SDP.SIMPLE_PRIM36.ram_i_42/O
                         net (fo=4, routed)           0.360    11.182    u_axi_ram/ram/U0/inst_blk_mem_gen/gnbram.gaxibmg.axi_wr_fsm/axi_wr_fsm/DEVICE_7SERIES.NO_BMM_INFO.SDP.SIMPLE_PRIM36.ram_i_42_n_0
    SLICE_X79Y113        LUT6 (Prop_lut6_I2_O)        0.275    11.457 r  u_axi_ram/ram/U0/inst_blk_mem_gen/gnbram.gaxibmg.axi_wr_fsm/axi_wr_fsm/DEVICE_7SERIES.NO_BMM_INFO.SDP.SIMPLE_PRIM36.ram_i_3__2/O
                         net (fo=16, routed)          1.097    12.554    u_axi_ram/ram/U0/inst_blk_mem_gen/gnbram.gaxibmg.axi_wr_fsm/axi_wr_fsm/DEVICE_7SERIES.NO_BMM_INFO.SDP.SIMPLE_PRIM36.ram_i_3__2_n_0
    SLICE_X58Y111        LUT6 (Prop_lut6_I5_O)        0.105    12.659 r  u_axi_ram/ram/U0/inst_blk_mem_gen/gnbram.gaxibmg.axi_wr_fsm/axi_wr_fsm/DEVICE_7SERIES.NO_BMM_INFO.SDP.SIMPLE_PRIM36.ram_i_1__37/O
                         net (fo=4, routed)           3.278    15.937    u_axi_ram/ram/U0/inst_blk_mem_gen/gnbram.gaxibmg.axi_blk_mem_gen/valid.cstr/ramloop[25].ram.r/prim_init.ram/DEVICE_7SERIES.NO_BMM_INFO.SDP.SIMPLE_PRIM36.ram_1
    RAMB36_X0Y4          RAMB36E1                                     r  u_axi_ram/ram/U0/inst_blk_mem_gen/gnbram.gaxibmg.axi_blk_mem_gen/valid.cstr/ramloop[25].ram.r/prim_init.ram/DEVICE_7SERIES.NO_BMM_INFO.SDP.SIMPLE_PRIM36.ram/ENARDEN
  -------------------------------------------------------------------    -------------------

                         (clock cpu_clk_clk_pll rise edge)
                                                     20.000    20.000 r  
    AC19                                              0.000    20.000 r  clk (IN)
                         net (fo=0)                   0.000    20.000    pll.clk_pll/inst/clk_in1
    AC19                 IBUF (Prop_ibuf_I_O)         1.350    21.350 r  pll.clk_pll/inst/clkin1_ibufg/O
                         net (fo=1, routed)           1.327    22.677    pll.clk_pll/inst/clk_in1_clk_pll
    PLLE2_ADV_X0Y2       PLLE2_ADV (Prop_plle2_adv_CLKIN1_CLKOUT0)
                                                     -6.905    15.771 r  pll.clk_pll/inst/plle2_adv_inst/CLKOUT0
                         net (fo=1, routed)           1.484    17.256    pll.clk_pll/inst/cpu_clk_clk_pll
    BUFGCTRL_X0Y0        BUFG (Prop_bufg_I_O)         0.077    17.333 r  pll.clk_pll/inst/clkout1_buf/O
                         net (fo=3527, routed)        1.701    19.034    u_axi_ram/ram/U0/inst_blk_mem_gen/gnbram.gaxibmg.axi_blk_mem_gen/valid.cstr/ramloop[25].ram.r/prim_init.ram/s_aclk
    RAMB36_X0Y4          RAMB36E1                                     r  u_axi_ram/ram/U0/inst_blk_mem_gen/gnbram.gaxibmg.axi_blk_mem_gen/valid.cstr/ramloop[25].ram.r/prim_init.ram/DEVICE_7SERIES.NO_BMM_INFO.SDP.SIMPLE_PRIM36.ram/CLKARDCLK
                         clock pessimism             -0.515    18.519    
                         clock uncertainty           -0.087    18.432    
    RAMB36_X0Y4          RAMB36E1 (Setup_ramb36e1_CLKARDCLK_ENARDEN)
                                                     -0.387    18.045    u_axi_ram/ram/U0/inst_blk_mem_gen/gnbram.gaxibmg.axi_blk_mem_gen/valid.cstr/ramloop[25].ram.r/prim_init.ram/DEVICE_7SERIES.NO_BMM_INFO.SDP.SIMPLE_PRIM36.ram
  -------------------------------------------------------------------
                         required time                         18.045    
                         arrival time                         -15.937    
  -------------------------------------------------------------------
                         slack                                  2.108    

Slack (MET) :             2.115ns  (required time - arrival time)
  Source:                 u_cpu/u_ls132r_axi/u_execute/rs_op_r_reg[7]/C
                            (rising edge-triggered cell FDRE clocked by cpu_clk_clk_pll  {rise@0.000ns fall@10.000ns period=20.000ns})
  Destination:            u_axi_ram/ram/U0/inst_blk_mem_gen/gnbram.gaxibmg.axi_blk_mem_gen/valid.cstr/ramloop[17].ram.r/prim_init.ram/DEVICE_7SERIES.NO_BMM_INFO.SDP.SIMPLE_PRIM36.ram/ENARDEN
                            (rising edge-triggered cell RAMB36E1 clocked by cpu_clk_clk_pll  {rise@0.000ns fall@10.000ns period=20.000ns})
  Path Group:             cpu_clk_clk_pll
  Path Type:              Setup (Max at Slow Process Corner)
  Requirement:            20.000ns  (cpu_clk_clk_pll rise@20.000ns - cpu_clk_clk_pll rise@0.000ns)
  Data Path Delay:        17.755ns  (logic 4.878ns (27.475%)  route 12.877ns (72.525%))
  Logic Levels:           25  (CARRY4=9 LUT2=2 LUT3=4 LUT4=2 LUT6=8)
  Clock Path Skew:        0.344ns (DCD - SCD + CPR)
    Destination Clock Delay (DCD):    -0.964ns = ( 19.036 - 20.000 ) 
    Source Clock Delay      (SCD):    -1.823ns
    Clock Pessimism Removal (CPR):    -0.515ns
  Clock Uncertainty:      0.087ns  ((TSJ^2 + DJ^2)^1/2) / 2 + PE
    Total System Jitter     (TSJ):    0.071ns
    Discrete Jitter          (DJ):    0.159ns
    Phase Error              (PE):    0.000ns

    Location             Delay type                Incr(ns)  Path(ns)    Netlist Resource(s)
  -------------------------------------------------------------------    -------------------
                         (clock cpu_clk_clk_pll rise edge)
                                                      0.000     0.000 r  
    AC19                                              0.000     0.000 r  clk (IN)
                         net (fo=0)                   0.000     0.000    pll.clk_pll/inst/clk_in1
    AC19                 IBUF (Prop_ibuf_I_O)         1.416     1.416 r  pll.clk_pll/inst/clkin1_ibufg/O
                         net (fo=1, routed)           1.404     2.820    pll.clk_pll/inst/clk_in1_clk_pll
    PLLE2_ADV_X0Y2       PLLE2_ADV (Prop_plle2_adv_CLKIN1_CLKOUT0)
                                                     -7.646    -4.825 r  pll.clk_pll/inst/plle2_adv_inst/CLKOUT0
                         net (fo=1, routed)           1.557    -3.269    pll.clk_pll/inst/cpu_clk_clk_pll
    BUFGCTRL_X0Y0        BUFG (Prop_bufg_I_O)         0.081    -3.188 r  pll.clk_pll/inst/clkout1_buf/O
                         net (fo=3527, routed)        1.365    -1.823    u_cpu/u_ls132r_axi/u_execute/cpu_clk
    SLICE_X82Y122        FDRE                                         r  u_cpu/u_ls132r_axi/u_execute/rs_op_r_reg[7]/C
  -------------------------------------------------------------------    -------------------
    SLICE_X82Y122        FDRE (Prop_fdre_C_Q)         0.379    -1.444 f  u_cpu/u_ls132r_axi/u_execute/rs_op_r_reg[7]/Q
                         net (fo=97, routed)          1.257    -0.187    u_cpu/u_ls132r_axi/u_execute/rs_op[7]
    SLICE_X95Y125        LUT6 (Prop_lut6_I2_O)        0.105    -0.082 f  u_cpu/u_ls132r_axi/u_execute/reg_lo[31]_i_7/O
                         net (fo=188, routed)         0.469     0.387    u_cpu/u_ls132r_axi/u_execute/rs_op_r_reg[5]_0
    SLICE_X96Y122        LUT3 (Prop_lut3_I0_O)        0.105     0.492 f  u_cpu/u_ls132r_axi/u_execute/reg_hi[0]_i_5/O
                         net (fo=35, routed)          0.785     1.278    u_cpu/u_ls132r_axi/u_execute/reg_hi[0]_i_5_n_0
    SLICE_X89Y119        LUT4 (Prop_lut4_I0_O)        0.126     1.404 f  u_cpu/u_ls132r_axi/u_execute/reg_hi[0]_i_3/O
                         net (fo=64, routed)          0.438     1.842    u_cpu/u_ls132r_axi/u_execute/reg_hi[0]_i_3_n_0
    SLICE_X91Y120        LUT2 (Prop_lut2_I1_O)        0.267     2.109 r  u_cpu/u_ls132r_axi/u_execute/reg_hi[4]_i_5/O
                         net (fo=1, routed)           0.255     2.364    u_cpu/u_ls132r_axi/u_execute/reg_hi[4]_i_5_n_0
    SLICE_X90Y120        CARRY4 (Prop_carry4_CYINIT_CO[3])
                                                      0.494     2.858 r  u_cpu/u_ls132r_axi/u_execute/reg_hi_reg[4]_i_3/CO[3]
                         net (fo=1, routed)           0.000     2.858    u_cpu/u_ls132r_axi/u_execute/reg_hi_reg[4]_i_3_n_0
    SLICE_X90Y121        CARRY4 (Prop_carry4_CI_CO[3])
                                                      0.100     2.958 r  u_cpu/u_ls132r_axi/u_execute/reg_hi_reg[8]_i_3/CO[3]
                         net (fo=1, routed)           0.000     2.958    u_cpu/u_ls132r_axi/u_execute/reg_hi_reg[8]_i_3_n_0
    SLICE_X90Y122        CARRY4 (Prop_carry4_CI_CO[3])
                                                      0.100     3.058 r  u_cpu/u_ls132r_axi/u_execute/reg_hi_reg[12]_i_3/CO[3]
                         net (fo=1, routed)           0.000     3.058    u_cpu/u_ls132r_axi/u_execute/reg_hi_reg[12]_i_3_n_0
    SLICE_X90Y123        CARRY4 (Prop_carry4_CI_CO[3])
                                                      0.100     3.158 r  u_cpu/u_ls132r_axi/u_execute/reg_hi_reg[16]_i_3/CO[3]
                         net (fo=1, routed)           0.000     3.158    u_cpu/u_ls132r_axi/u_execute/reg_hi_reg[16]_i_3_n_0
    SLICE_X90Y124        CARRY4 (Prop_carry4_CI_CO[3])
                                                      0.100     3.258 r  u_cpu/u_ls132r_axi/u_execute/reg_hi_reg[20]_i_3/CO[3]
                         net (fo=1, routed)           0.008     3.266    u_cpu/u_ls132r_axi/u_execute/reg_hi_reg[20]_i_3_n_0
    SLICE_X90Y125        CARRY4 (Prop_carry4_CI_O[1])
                                                      0.257     3.523 f  u_cpu/u_ls132r_axi/u_execute/reg_hi_reg[24]_i_3/O[1]
                         net (fo=2, routed)           0.646     4.169    u_cpu/u_ls132r_axi/u_execute/reg_hi_reg[24]_i_3_n_6
    SLICE_X91Y127        LUT3 (Prop_lut3_I0_O)        0.264     4.433 r  u_cpu/u_ls132r_axi/u_execute/reg_lo[22]_i_3/O
                         net (fo=3, routed)           0.559     4.993    u_cpu/u_ls132r_axi/u_execute/reg_lo[22]_i_3_n_0
    SLICE_X87Y126        LUT6 (Prop_lut6_I1_O)        0.267     5.260 r  u_cpu/u_ls132r_axi/u_execute/cr_badvaddr[23]_i_11/O
                         net (fo=3, routed)           0.541     5.801    u_cpu/u_ls132r_axi/u_execute/cr_badvaddr[23]_i_11_n_0
    SLICE_X84Y123        LUT2 (Prop_lut2_I1_O)        0.105     5.906 r  u_cpu/u_ls132r_axi/u_execute/u_axi_crossbar_1x2_i_158/O
                         net (fo=1, routed)           0.000     5.906    u_cpu/u_ls132r_axi/u_execute/u_axi_crossbar_1x2_i_158_n_0
    SLICE_X84Y123        CARRY4 (Prop_carry4_S[2]_CO[3])
                                                      0.316     6.222 r  u_cpu/u_ls132r_axi/u_execute/u_axi_crossbar_1x2_i_6/CO[3]
                         net (fo=1, routed)           0.000     6.222    u_cpu/u_ls132r_axi/u_execute/u_axi_crossbar_1x2_i_6_n_0
    SLICE_X84Y124        CARRY4 (Prop_carry4_CI_CO[3])
                                                      0.100     6.322 r  u_cpu/u_ls132r_axi/u_execute/u_axi_crossbar_1x2_i_5/CO[3]
                         net (fo=1, routed)           0.008     6.330    u_cpu/u_ls132r_axi/u_execute/u_axi_crossbar_1x2_i_5_n_0
    SLICE_X84Y125        CARRY4 (Prop_carry4_CI_O[3])
                                                      0.262     6.592 f  u_cpu/u_ls132r_axi/u_execute/u_axi_crossbar_1x2_i_4/O[3]
                         net (fo=16, routed)          1.026     7.618    u_cpu/u_ls132r_axi/u_execute/u_axi_crossbar_1x2_i_4_n_4
    SLICE_X80Y122        LUT6 (Prop_lut6_I1_O)        0.250     7.868 r  u_cpu/u_ls132r_axi/u_execute/fetching_data_r_i_12/O
                         net (fo=4, routed)           0.326     8.194    u_cpu/u_ls132r_axi/u_execute/fetching_data_r_i_12_n_0
    SLICE_X79Y122        LUT6 (Prop_lut6_I1_O)        0.105     8.299 f  u_cpu/u_ls132r_axi/u_execute/heap_18[14]_i_10/O
                         net (fo=39, routed)          0.434     8.733    u_cpu/u_ls132r_axi/u_execute/heap_18[14]_i_10_n_0
    SLICE_X78Y120        LUT6 (Prop_lut6_I0_O)        0.105     8.838 f  u_cpu/u_ls132r_axi/u_execute/u_axi_crossbar_1x2_i_305/O
                         net (fo=1, routed)           0.465     9.304    u_cpu/u_ls132r_axi/u_execute/u_axi_crossbar_1x2_i_305_n_0
    SLICE_X78Y118        LUT6 (Prop_lut6_I4_O)        0.105     9.409 r  u_cpu/u_ls132r_axi/u_execute/u_axi_crossbar_1x2_i_206/O
                         net (fo=5, routed)           0.467     9.876    u_cpu/u_ls132r_axi/u_interface/axi_wtrans_r_reg[2]_0
    SLICE_X78Y115        LUT3 (Prop_lut3_I0_O)        0.110     9.986 r  u_cpu/u_ls132r_axi/u_interface/u_axi_crossbar_1x2_i_51/O
                         net (fo=4, routed)           0.229    10.215    u_axi_crossbar_1x2/inst/gen_samd.crossbar_samd/gen_slave_slots[0].gen_si_write.wdata_router_w/wrouter_aw_fifo/s_axi_wvalid[0]
    SLICE_X78Y115        LUT4 (Prop_lut4_I2_O)        0.268    10.483 r  u_axi_crossbar_1x2/inst/gen_samd.crossbar_samd/gen_slave_slots[0].gen_si_write.wdata_router_w/wrouter_aw_fifo/m_axi_wvalid[0]_INST_0/O
                         net (fo=10, routed)          0.231    10.714    u_axi_ram/ram/U0/inst_blk_mem_gen/gnbram.gaxibmg.axi_wr_fsm/axi_wr_fsm/s_axi_wvalid
    SLICE_X78Y115        LUT3 (Prop_lut3_I2_O)        0.108    10.822 f  u_axi_ram/ram/U0/inst_blk_mem_gen/gnbram.gaxibmg.axi_wr_fsm/axi_wr_fsm/DEVICE_7SERIES.NO_BMM_INFO.SDP.SIMPLE_PRIM36.ram_i_42/O
                         net (fo=4, routed)           0.462    11.283    u_axi_ram/ram/U0/inst_blk_mem_gen/gnbram.gaxibmg.axi_wr_fsm/axi_wr_fsm/DEVICE_7SERIES.NO_BMM_INFO.SDP.SIMPLE_PRIM36.ram_i_42_n_0
    SLICE_X78Y113        LUT6 (Prop_lut6_I2_O)        0.275    11.558 r  u_axi_ram/ram/U0/inst_blk_mem_gen/gnbram.gaxibmg.axi_wr_fsm/axi_wr_fsm/DEVICE_7SERIES.NO_BMM_INFO.SDP.SIMPLE_PRIM36.ram_i_27/O
                         net (fo=16, routed)          1.171    12.730    u_axi_ram/ram/U0/inst_blk_mem_gen/gnbram.gaxibmg.axi_wr_fsm/axi_wr_fsm/DEVICE_7SERIES.NO_BMM_INFO.SDP.SIMPLE_PRIM36.ram_i_27_n_0
    SLICE_X52Y111        LUT6 (Prop_lut6_I5_O)        0.105    12.835 r  u_axi_ram/ram/U0/inst_blk_mem_gen/gnbram.gaxibmg.axi_wr_fsm/axi_wr_fsm/DEVICE_7SERIES.NO_BMM_INFO.SDP.SIMPLE_PRIM36.ram_i_1__51/O
                         net (fo=4, routed)           3.097    15.932    u_axi_ram/ram/U0/inst_blk_mem_gen/gnbram.gaxibmg.axi_blk_mem_gen/valid.cstr/ramloop[17].ram.r/prim_init.ram/DEVICE_7SERIES.NO_BMM_INFO.SDP.SIMPLE_PRIM36.ram_1
    RAMB36_X0Y5          RAMB36E1                                     r  u_axi_ram/ram/U0/inst_blk_mem_gen/gnbram.gaxibmg.axi_blk_mem_gen/valid.cstr/ramloop[17].ram.r/prim_init.ram/DEVICE_7SERIES.NO_BMM_INFO.SDP.SIMPLE_PRIM36.ram/ENARDEN
  -------------------------------------------------------------------    -------------------

                         (clock cpu_clk_clk_pll rise edge)
                                                     20.000    20.000 r  
    AC19                                              0.000    20.000 r  clk (IN)
                         net (fo=0)                   0.000    20.000    pll.clk_pll/inst/clk_in1
    AC19                 IBUF (Prop_ibuf_I_O)         1.350    21.350 r  pll.clk_pll/inst/clkin1_ibufg/O
                         net (fo=1, routed)           1.327    22.677    pll.clk_pll/inst/clk_in1_clk_pll
    PLLE2_ADV_X0Y2       PLLE2_ADV (Prop_plle2_adv_CLKIN1_CLKOUT0)
                                                     -6.905    15.771 r  pll.clk_pll/inst/plle2_adv_inst/CLKOUT0
                         net (fo=1, routed)           1.484    17.256    pll.clk_pll/inst/cpu_clk_clk_pll
    BUFGCTRL_X0Y0        BUFG (Prop_bufg_I_O)         0.077    17.333 r  pll.clk_pll/inst/clkout1_buf/O
                         net (fo=3527, routed)        1.703    19.036    u_axi_ram/ram/U0/inst_blk_mem_gen/gnbram.gaxibmg.axi_blk_mem_gen/valid.cstr/ramloop[17].ram.r/prim_init.ram/s_aclk
    RAMB36_X0Y5          RAMB36E1                                     r  u_axi_ram/ram/U0/inst_blk_mem_gen/gnbram.gaxibmg.axi_blk_mem_gen/valid.cstr/ramloop[17].ram.r/prim_init.ram/DEVICE_7SERIES.NO_BMM_INFO.SDP.SIMPLE_PRIM36.ram/CLKARDCLK
                         clock pessimism             -0.515    18.521    
                         clock uncertainty           -0.087    18.434    
    RAMB36_X0Y5          RAMB36E1 (Setup_ramb36e1_CLKARDCLK_ENARDEN)
                                                     -0.387    18.047    u_axi_ram/ram/U0/inst_blk_mem_gen/gnbram.gaxibmg.axi_blk_mem_gen/valid.cstr/ramloop[17].ram.r/prim_init.ram/DEVICE_7SERIES.NO_BMM_INFO.SDP.SIMPLE_PRIM36.ram
  -------------------------------------------------------------------
                         required time                         18.047    
                         arrival time                         -15.932    
  -------------------------------------------------------------------
                         slack                                  2.115    

Slack (MET) :             2.190ns  (required time - arrival time)
  Source:                 u_cpu/u_ls132r_axi/u_execute/rs_op_r_reg[7]/C
                            (rising edge-triggered cell FDRE clocked by cpu_clk_clk_pll  {rise@0.000ns fall@10.000ns period=20.000ns})
  Destination:            u_axi_ram/ram/U0/inst_blk_mem_gen/gnbram.gaxibmg.axi_blk_mem_gen/valid.cstr/ramloop[12].ram.r/prim_init.ram/DEVICE_7SERIES.NO_BMM_INFO.SDP.SIMPLE_PRIM36.ram/ENARDEN
                            (rising edge-triggered cell RAMB36E1 clocked by cpu_clk_clk_pll  {rise@0.000ns fall@10.000ns period=20.000ns})
  Path Group:             cpu_clk_clk_pll
  Path Type:              Setup (Max at Slow Process Corner)
  Requirement:            20.000ns  (cpu_clk_clk_pll rise@20.000ns - cpu_clk_clk_pll rise@0.000ns)
  Data Path Delay:        17.672ns  (logic 4.878ns (27.603%)  route 12.794ns (72.397%))
  Logic Levels:           25  (CARRY4=9 LUT2=2 LUT3=4 LUT4=2 LUT6=8)
  Clock Path Skew:        0.336ns (DCD - SCD + CPR)
    Destination Clock Delay (DCD):    -0.972ns = ( 19.028 - 20.000 ) 
    Source Clock Delay      (SCD):    -1.823ns
    Clock Pessimism Removal (CPR):    -0.515ns
  Clock Uncertainty:      0.087ns  ((TSJ^2 + DJ^2)^1/2) / 2 + PE
    Total System Jitter     (TSJ):    0.071ns
    Discrete Jitter          (DJ):    0.159ns
    Phase Error              (PE):    0.000ns

    Location             Delay type                Incr(ns)  Path(ns)    Netlist Resource(s)
  -------------------------------------------------------------------    -------------------
                         (clock cpu_clk_clk_pll rise edge)
                                                      0.000     0.000 r  
    AC19                                              0.000     0.000 r  clk (IN)
                         net (fo=0)                   0.000     0.000    pll.clk_pll/inst/clk_in1
    AC19                 IBUF (Prop_ibuf_I_O)         1.416     1.416 r  pll.clk_pll/inst/clkin1_ibufg/O
                         net (fo=1, routed)           1.404     2.820    pll.clk_pll/inst/clk_in1_clk_pll
    PLLE2_ADV_X0Y2       PLLE2_ADV (Prop_plle2_adv_CLKIN1_CLKOUT0)
                                                     -7.646    -4.825 r  pll.clk_pll/inst/plle2_adv_inst/CLKOUT0
                         net (fo=1, routed)           1.557    -3.269    pll.clk_pll/inst/cpu_clk_clk_pll
    BUFGCTRL_X0Y0        BUFG (Prop_bufg_I_O)         0.081    -3.188 r  pll.clk_pll/inst/clkout1_buf/O
                         net (fo=3527, routed)        1.365    -1.823    u_cpu/u_ls132r_axi/u_execute/cpu_clk
    SLICE_X82Y122        FDRE                                         r  u_cpu/u_ls132r_axi/u_execute/rs_op_r_reg[7]/C
  -------------------------------------------------------------------    -------------------
    SLICE_X82Y122        FDRE (Prop_fdre_C_Q)         0.379    -1.444 f  u_cpu/u_ls132r_axi/u_execute/rs_op_r_reg[7]/Q
                         net (fo=97, routed)          1.257    -0.187    u_cpu/u_ls132r_axi/u_execute/rs_op[7]
    SLICE_X95Y125        LUT6 (Prop_lut6_I2_O)        0.105    -0.082 f  u_cpu/u_ls132r_axi/u_execute/reg_lo[31]_i_7/O
                         net (fo=188, routed)         0.469     0.387    u_cpu/u_ls132r_axi/u_execute/rs_op_r_reg[5]_0
    SLICE_X96Y122        LUT3 (Prop_lut3_I0_O)        0.105     0.492 f  u_cpu/u_ls132r_axi/u_execute/reg_hi[0]_i_5/O
                         net (fo=35, routed)          0.785     1.278    u_cpu/u_ls132r_axi/u_execute/reg_hi[0]_i_5_n_0
    SLICE_X89Y119        LUT4 (Prop_lut4_I0_O)        0.126     1.404 f  u_cpu/u_ls132r_axi/u_execute/reg_hi[0]_i_3/O
                         net (fo=64, routed)          0.438     1.842    u_cpu/u_ls132r_axi/u_execute/reg_hi[0]_i_3_n_0
    SLICE_X91Y120        LUT2 (Prop_lut2_I1_O)        0.267     2.109 r  u_cpu/u_ls132r_axi/u_execute/reg_hi[4]_i_5/O
                         net (fo=1, routed)           0.255     2.364    u_cpu/u_ls132r_axi/u_execute/reg_hi[4]_i_5_n_0
    SLICE_X90Y120        CARRY4 (Prop_carry4_CYINIT_CO[3])
                                                      0.494     2.858 r  u_cpu/u_ls132r_axi/u_execute/reg_hi_reg[4]_i_3/CO[3]
                         net (fo=1, routed)           0.000     2.858    u_cpu/u_ls132r_axi/u_execute/reg_hi_reg[4]_i_3_n_0
    SLICE_X90Y121        CARRY4 (Prop_carry4_CI_CO[3])
                                                      0.100     2.958 r  u_cpu/u_ls132r_axi/u_execute/reg_hi_reg[8]_i_3/CO[3]
                         net (fo=1, routed)           0.000     2.958    u_cpu/u_ls132r_axi/u_execute/reg_hi_reg[8]_i_3_n_0
    SLICE_X90Y122        CARRY4 (Prop_carry4_CI_CO[3])
                                                      0.100     3.058 r  u_cpu/u_ls132r_axi/u_execute/reg_hi_reg[12]_i_3/CO[3]
                         net (fo=1, routed)           0.000     3.058    u_cpu/u_ls132r_axi/u_execute/reg_hi_reg[12]_i_3_n_0
    SLICE_X90Y123        CARRY4 (Prop_carry4_CI_CO[3])
                                                      0.100     3.158 r  u_cpu/u_ls132r_axi/u_execute/reg_hi_reg[16]_i_3/CO[3]
                         net (fo=1, routed)           0.000     3.158    u_cpu/u_ls132r_axi/u_execute/reg_hi_reg[16]_i_3_n_0
    SLICE_X90Y124        CARRY4 (Prop_carry4_CI_CO[3])
                                                      0.100     3.258 r  u_cpu/u_ls132r_axi/u_execute/reg_hi_reg[20]_i_3/CO[3]
                         net (fo=1, routed)           0.008     3.266    u_cpu/u_ls132r_axi/u_execute/reg_hi_reg[20]_i_3_n_0
    SLICE_X90Y125        CARRY4 (Prop_carry4_CI_O[1])
                                                      0.257     3.523 f  u_cpu/u_ls132r_axi/u_execute/reg_hi_reg[24]_i_3/O[1]
                         net (fo=2, routed)           0.646     4.169    u_cpu/u_ls132r_axi/u_execute/reg_hi_reg[24]_i_3_n_6
    SLICE_X91Y127        LUT3 (Prop_lut3_I0_O)        0.264     4.433 r  u_cpu/u_ls132r_axi/u_execute/reg_lo[22]_i_3/O
                         net (fo=3, routed)           0.559     4.993    u_cpu/u_ls132r_axi/u_execute/reg_lo[22]_i_3_n_0
    SLICE_X87Y126        LUT6 (Prop_lut6_I1_O)        0.267     5.260 r  u_cpu/u_ls132r_axi/u_execute/cr_badvaddr[23]_i_11/O
                         net (fo=3, routed)           0.541     5.801    u_cpu/u_ls132r_axi/u_execute/cr_badvaddr[23]_i_11_n_0
    SLICE_X84Y123        LUT2 (Prop_lut2_I1_O)        0.105     5.906 r  u_cpu/u_ls132r_axi/u_execute/u_axi_crossbar_1x2_i_158/O
                         net (fo=1, routed)           0.000     5.906    u_cpu/u_ls132r_axi/u_execute/u_axi_crossbar_1x2_i_158_n_0
    SLICE_X84Y123        CARRY4 (Prop_carry4_S[2]_CO[3])
                                                      0.316     6.222 r  u_cpu/u_ls132r_axi/u_execute/u_axi_crossbar_1x2_i_6/CO[3]
                         net (fo=1, routed)           0.000     6.222    u_cpu/u_ls132r_axi/u_execute/u_axi_crossbar_1x2_i_6_n_0
    SLICE_X84Y124        CARRY4 (Prop_carry4_CI_CO[3])
                                                      0.100     6.322 r  u_cpu/u_ls132r_axi/u_execute/u_axi_crossbar_1x2_i_5/CO[3]
                         net (fo=1, routed)           0.008     6.330    u_cpu/u_ls132r_axi/u_execute/u_axi_crossbar_1x2_i_5_n_0
    SLICE_X84Y125        CARRY4 (Prop_carry4_CI_O[3])
                                                      0.262     6.592 f  u_cpu/u_ls132r_axi/u_execute/u_axi_crossbar_1x2_i_4/O[3]
                         net (fo=16, routed)          1.026     7.618    u_cpu/u_ls132r_axi/u_execute/u_axi_crossbar_1x2_i_4_n_4
    SLICE_X80Y122        LUT6 (Prop_lut6_I1_O)        0.250     7.868 r  u_cpu/u_ls132r_axi/u_execute/fetching_data_r_i_12/O
                         net (fo=4, routed)           0.326     8.194    u_cpu/u_ls132r_axi/u_execute/fetching_data_r_i_12_n_0
    SLICE_X79Y122        LUT6 (Prop_lut6_I1_O)        0.105     8.299 f  u_cpu/u_ls132r_axi/u_execute/heap_18[14]_i_10/O
                         net (fo=39, routed)          0.434     8.733    u_cpu/u_ls132r_axi/u_execute/heap_18[14]_i_10_n_0
    SLICE_X78Y120        LUT6 (Prop_lut6_I0_O)        0.105     8.838 f  u_cpu/u_ls132r_axi/u_execute/u_axi_crossbar_1x2_i_305/O
                         net (fo=1, routed)           0.465     9.304    u_cpu/u_ls132r_axi/u_execute/u_axi_crossbar_1x2_i_305_n_0
    SLICE_X78Y118        LUT6 (Prop_lut6_I4_O)        0.105     9.409 r  u_cpu/u_ls132r_axi/u_execute/u_axi_crossbar_1x2_i_206/O
                         net (fo=5, routed)           0.467     9.876    u_cpu/u_ls132r_axi/u_interface/axi_wtrans_r_reg[2]_0
    SLICE_X78Y115        LUT3 (Prop_lut3_I0_O)        0.110     9.986 r  u_cpu/u_ls132r_axi/u_interface/u_axi_crossbar_1x2_i_51/O
                         net (fo=4, routed)           0.229    10.215    u_axi_crossbar_1x2/inst/gen_samd.crossbar_samd/gen_slave_slots[0].gen_si_write.wdata_router_w/wrouter_aw_fifo/s_axi_wvalid[0]
    SLICE_X78Y115        LUT4 (Prop_lut4_I2_O)        0.268    10.483 r  u_axi_crossbar_1x2/inst/gen_samd.crossbar_samd/gen_slave_slots[0].gen_si_write.wdata_router_w/wrouter_aw_fifo/m_axi_wvalid[0]_INST_0/O
                         net (fo=10, routed)          0.231    10.714    u_axi_ram/ram/U0/inst_blk_mem_gen/gnbram.gaxibmg.axi_wr_fsm/axi_wr_fsm/s_axi_wvalid
    SLICE_X78Y115        LUT3 (Prop_lut3_I2_O)        0.108    10.822 f  u_axi_ram/ram/U0/inst_blk_mem_gen/gnbram.gaxibmg.axi_wr_fsm/axi_wr_fsm/DEVICE_7SERIES.NO_BMM_INFO.SDP.SIMPLE_PRIM36.ram_i_42/O
                         net (fo=4, routed)           0.419    11.241    u_axi_ram/ram/U0/inst_blk_mem_gen/gnbram.gaxibmg.axi_wr_fsm/axi_wr_fsm/DEVICE_7SERIES.NO_BMM_INFO.SDP.SIMPLE_PRIM36.ram_i_42_n_0
    SLICE_X78Y113        LUT6 (Prop_lut6_I2_O)        0.275    11.516 r  u_axi_ram/ram/U0/inst_blk_mem_gen/gnbram.gaxibmg.axi_wr_fsm/axi_wr_fsm/DEVICE_7SERIES.NO_BMM_INFO.SDP.SIMPLE_PRIM36.ram_i_3__0/O
                         net (fo=16, routed)          0.582    12.098    u_axi_ram/ram/U0/inst_blk_mem_gen/gnbram.gaxibmg.axi_wr_fsm/axi_wr_fsm/DEVICE_7SERIES.NO_BMM_INFO.SDP.SIMPLE_PRIM36.ram_i_3__0_n_0
    SLICE_X74Y110        LUT6 (Prop_lut6_I5_O)        0.105    12.203 r  u_axi_ram/ram/U0/inst_blk_mem_gen/gnbram.gaxibmg.axi_wr_fsm/axi_wr_fsm/DEVICE_7SERIES.NO_BMM_INFO.SDP.SIMPLE_PRIM36.ram_i_1__12/O
                         net (fo=4, routed)           3.646    15.849    u_axi_ram/ram/U0/inst_blk_mem_gen/gnbram.gaxibmg.axi_blk_mem_gen/valid.cstr/ramloop[12].ram.r/prim_init.ram/DEVICE_7SERIES.NO_BMM_INFO.SDP.SIMPLE_PRIM36.ram_1
    RAMB36_X7Y3          RAMB36E1                                     r  u_axi_ram/ram/U0/inst_blk_mem_gen/gnbram.gaxibmg.axi_blk_mem_gen/valid.cstr/ramloop[12].ram.r/prim_init.ram/DEVICE_7SERIES.NO_BMM_INFO.SDP.SIMPLE_PRIM36.ram/ENARDEN
  -------------------------------------------------------------------    -------------------

                         (clock cpu_clk_clk_pll rise edge)
                                                     20.000    20.000 r  
    AC19                                              0.000    20.000 r  clk (IN)
                         net (fo=0)                   0.000    20.000    pll.clk_pll/inst/clk_in1
    AC19                 IBUF (Prop_ibuf_I_O)         1.350    21.350 r  pll.clk_pll/inst/clkin1_ibufg/O
                         net (fo=1, routed)           1.327    22.677    pll.clk_pll/inst/clk_in1_clk_pll
    PLLE2_ADV_X0Y2       PLLE2_ADV (Prop_plle2_adv_CLKIN1_CLKOUT0)
                                                     -6.905    15.771 r  pll.clk_pll/inst/plle2_adv_inst/CLKOUT0
                         net (fo=1, routed)           1.484    17.256    pll.clk_pll/inst/cpu_clk_clk_pll
    BUFGCTRL_X0Y0        BUFG (Prop_bufg_I_O)         0.077    17.333 r  pll.clk_pll/inst/clkout1_buf/O
                         net (fo=3527, routed)        1.695    19.028    u_axi_ram/ram/U0/inst_blk_mem_gen/gnbram.gaxibmg.axi_blk_mem_gen/valid.cstr/ramloop[12].ram.r/prim_init.ram/s_aclk
    RAMB36_X7Y3          RAMB36E1                                     r  u_axi_ram/ram/U0/inst_blk_mem_gen/gnbram.gaxibmg.axi_blk_mem_gen/valid.cstr/ramloop[12].ram.r/prim_init.ram/DEVICE_7SERIES.NO_BMM_INFO.SDP.SIMPLE_PRIM36.ram/CLKARDCLK
                         clock pessimism             -0.515    18.513    
                         clock uncertainty           -0.087    18.426    
    RAMB36_X7Y3          RAMB36E1 (Setup_ramb36e1_CLKARDCLK_ENARDEN)
                                                     -0.387    18.039    u_axi_ram/ram/U0/inst_blk_mem_gen/gnbram.gaxibmg.axi_blk_mem_gen/valid.cstr/ramloop[12].ram.r/prim_init.ram/DEVICE_7SERIES.NO_BMM_INFO.SDP.SIMPLE_PRIM36.ram
  -------------------------------------------------------------------
                         required time                         18.039    
                         arrival time                         -15.849    
  -------------------------------------------------------------------
                         slack                                  2.190    





Min Delay Paths
--------------------------------------------------------------------------------------
Slack (MET) :             0.057ns  (arrival time - required time)
  Source:                 u_axi_ram/ram/U0/inst_blk_mem_gen/gnbram.gaxibmg.axi_wr_fsm/gaxi_bid_gen.bvalid_wr_cnt_r_reg[1]/C
                            (rising edge-triggered cell FDRE clocked by cpu_clk_clk_pll  {rise@0.000ns fall@10.000ns period=20.000ns})
  Destination:            u_axi_ram/ram/U0/inst_blk_mem_gen/gnbram.gaxibmg.axi_wr_fsm/gaxi_bid_gen.axi_bid_array_reg_0_3_0_3/RAMA/WADR1
                            (rising edge-triggered cell RAMD32 clocked by cpu_clk_clk_pll  {rise@0.000ns fall@10.000ns period=20.000ns})
  Path Group:             cpu_clk_clk_pll
  Path Type:              Hold (Min at Fast Process Corner)
  Requirement:            0.000ns  (cpu_clk_clk_pll rise@0.000ns - cpu_clk_clk_pll rise@0.000ns)
  Data Path Delay:        0.404ns  (logic 0.141ns (34.902%)  route 0.263ns (65.098%))
  Logic Levels:           0  
  Clock Path Skew:        0.038ns (DCD - SCD - CPR)
    Destination Clock Delay (DCD):    -0.302ns
    Source Clock Delay      (SCD):    -0.543ns
    Clock Pessimism Removal (CPR):    0.203ns

    Location             Delay type                Incr(ns)  Path(ns)    Netlist Resource(s)
  -------------------------------------------------------------------    -------------------
                         (clock cpu_clk_clk_pll rise edge)
                                                      0.000     0.000 r  
    AC19                                              0.000     0.000 r  clk (IN)
                         net (fo=0)                   0.000     0.000    pll.clk_pll/inst/clk_in1
    AC19                 IBUF (Prop_ibuf_I_O)         0.253     0.253 r  pll.clk_pll/inst/clkin1_ibufg/O
                         net (fo=1, routed)           0.565     0.818    pll.clk_pll/inst/clk_in1_clk_pll
    PLLE2_ADV_X0Y2       PLLE2_ADV (Prop_plle2_adv_CLKIN1_CLKOUT0)
                                                     -2.523    -1.705 r  pll.clk_pll/inst/plle2_adv_inst/CLKOUT0
                         net (fo=1, routed)           0.560    -1.146    pll.clk_pll/inst/cpu_clk_clk_pll
    BUFGCTRL_X0Y0        BUFG (Prop_bufg_I_O)         0.026    -1.120 r  pll.clk_pll/inst/clkout1_buf/O
                         net (fo=3527, routed)        0.577    -0.543    u_axi_ram/ram/U0/inst_blk_mem_gen/gnbram.gaxibmg.axi_wr_fsm/s_aclk
    SLICE_X58Y117        FDRE                                         r  u_axi_ram/ram/U0/inst_blk_mem_gen/gnbram.gaxibmg.axi_wr_fsm/gaxi_bid_gen.bvalid_wr_cnt_r_reg[1]/C
  -------------------------------------------------------------------    -------------------
    SLICE_X58Y117        FDRE (Prop_fdre_C_Q)         0.141    -0.402 r  u_axi_ram/ram/U0/inst_blk_mem_gen/gnbram.gaxibmg.axi_wr_fsm/gaxi_bid_gen.bvalid_wr_cnt_r_reg[1]/Q
                         net (fo=9, routed)           0.263    -0.139    u_axi_ram/ram/U0/inst_blk_mem_gen/gnbram.gaxibmg.axi_wr_fsm/gaxi_bid_gen.axi_bid_array_reg_0_3_0_3/ADDRD1
    SLICE_X56Y116        RAMD32                                       r  u_axi_ram/ram/U0/inst_blk_mem_gen/gnbram.gaxibmg.axi_wr_fsm/gaxi_bid_gen.axi_bid_array_reg_0_3_0_3/RAMA/WADR1
  -------------------------------------------------------------------    -------------------

                         (clock cpu_clk_clk_pll rise edge)
                                                      0.000     0.000 r  
    AC19                                              0.000     0.000 r  clk (IN)
                         net (fo=0)                   0.000     0.000    pll.clk_pll/inst/clk_in1
    AC19                 IBUF (Prop_ibuf_I_O)         0.441     0.441 r  pll.clk_pll/inst/clkin1_ibufg/O
                         net (fo=1, routed)           0.620     1.061    pll.clk_pll/inst/clk_in1_clk_pll
    PLLE2_ADV_X0Y2       PLLE2_ADV (Prop_plle2_adv_CLKIN1_CLKOUT0)
                                                     -2.851    -1.790 r  pll.clk_pll/inst/plle2_adv_inst/CLKOUT0
                         net (fo=1, routed)           0.611    -1.180    pll.clk_pll/inst/cpu_clk_clk_pll
    BUFGCTRL_X0Y0        BUFG (Prop_bufg_I_O)         0.029    -1.151 r  pll.clk_pll/inst/clkout1_buf/O
                         net (fo=3527, routed)        0.849    -0.302    u_axi_ram/ram/U0/inst_blk_mem_gen/gnbram.gaxibmg.axi_wr_fsm/gaxi_bid_gen.axi_bid_array_reg_0_3_0_3/WCLK
    SLICE_X56Y116        RAMD32                                       r  u_axi_ram/ram/U0/inst_blk_mem_gen/gnbram.gaxibmg.axi_wr_fsm/gaxi_bid_gen.axi_bid_array_reg_0_3_0_3/RAMA/CLK
                         clock pessimism             -0.203    -0.505    
    SLICE_X56Y116        RAMD32 (Hold_ramd32_CLK_WADR1)
                                                      0.309    -0.196    u_axi_ram/ram/U0/inst_blk_mem_gen/gnbram.gaxibmg.axi_wr_fsm/gaxi_bid_gen.axi_bid_array_reg_0_3_0_3/RAMA
  -------------------------------------------------------------------
                         required time                          0.196    
                         arrival time                          -0.139    
  -------------------------------------------------------------------
                         slack                                  0.057    

Slack (MET) :             0.057ns  (arrival time - required time)
  Source:                 u_axi_ram/ram/U0/inst_blk_mem_gen/gnbram.gaxibmg.axi_wr_fsm/gaxi_bid_gen.bvalid_wr_cnt_r_reg[1]/C
                            (rising edge-triggered cell FDRE clocked by cpu_clk_clk_pll  {rise@0.000ns fall@10.000ns period=20.000ns})
  Destination:            u_axi_ram/ram/U0/inst_blk_mem_gen/gnbram.gaxibmg.axi_wr_fsm/gaxi_bid_gen.axi_bid_array_reg_0_3_0_3/RAMA_D1/WADR1
                            (rising edge-triggered cell RAMD32 clocked by cpu_clk_clk_pll  {rise@0.000ns fall@10.000ns period=20.000ns})
  Path Group:             cpu_clk_clk_pll
  Path Type:              Hold (Min at Fast Process Corner)
  Requirement:            0.000ns  (cpu_clk_clk_pll rise@0.000ns - cpu_clk_clk_pll rise@0.000ns)
  Data Path Delay:        0.404ns  (logic 0.141ns (34.902%)  route 0.263ns (65.098%))
  Logic Levels:           0  
  Clock Path Skew:        0.038ns (DCD - SCD - CPR)
    Destination Clock Delay (DCD):    -0.302ns
    Source Clock Delay      (SCD):    -0.543ns
    Clock Pessimism Removal (CPR):    0.203ns

    Location             Delay type                Incr(ns)  Path(ns)    Netlist Resource(s)
  -------------------------------------------------------------------    -------------------
                         (clock cpu_clk_clk_pll rise edge)
                                                      0.000     0.000 r  
    AC19                                              0.000     0.000 r  clk (IN)
                         net (fo=0)                   0.000     0.000    pll.clk_pll/inst/clk_in1
    AC19                 IBUF (Prop_ibuf_I_O)         0.253     0.253 r  pll.clk_pll/inst/clkin1_ibufg/O
                         net (fo=1, routed)           0.565     0.818    pll.clk_pll/inst/clk_in1_clk_pll
    PLLE2_ADV_X0Y2       PLLE2_ADV (Prop_plle2_adv_CLKIN1_CLKOUT0)
                                                     -2.523    -1.705 r  pll.clk_pll/inst/plle2_adv_inst/CLKOUT0
                         net (fo=1, routed)           0.560    -1.146    pll.clk_pll/inst/cpu_clk_clk_pll
    BUFGCTRL_X0Y0        BUFG (Prop_bufg_I_O)         0.026    -1.120 r  pll.clk_pll/inst/clkout1_buf/O
                         net (fo=3527, routed)        0.577    -0.543    u_axi_ram/ram/U0/inst_blk_mem_gen/gnbram.gaxibmg.axi_wr_fsm/s_aclk
    SLICE_X58Y117        FDRE                                         r  u_axi_ram/ram/U0/inst_blk_mem_gen/gnbram.gaxibmg.axi_wr_fsm/gaxi_bid_gen.bvalid_wr_cnt_r_reg[1]/C
  -------------------------------------------------------------------    -------------------
    SLICE_X58Y117        FDRE (Prop_fdre_C_Q)         0.141    -0.402 r  u_axi_ram/ram/U0/inst_blk_mem_gen/gnbram.gaxibmg.axi_wr_fsm/gaxi_bid_gen.bvalid_wr_cnt_r_reg[1]/Q
                         net (fo=9, routed)           0.263    -0.139    u_axi_ram/ram/U0/inst_blk_mem_gen/gnbram.gaxibmg.axi_wr_fsm/gaxi_bid_gen.axi_bid_array_reg_0_3_0_3/ADDRD1
    SLICE_X56Y116        RAMD32                                       r  u_axi_ram/ram/U0/inst_blk_mem_gen/gnbram.gaxibmg.axi_wr_fsm/gaxi_bid_gen.axi_bid_array_reg_0_3_0_3/RAMA_D1/WADR1
  -------------------------------------------------------------------    -------------------

                         (clock cpu_clk_clk_pll rise edge)
                                                      0.000     0.000 r  
    AC19                                              0.000     0.000 r  clk (IN)
                         net (fo=0)                   0.000     0.000    pll.clk_pll/inst/clk_in1
    AC19                 IBUF (Prop_ibuf_I_O)         0.441     0.441 r  pll.clk_pll/inst/clkin1_ibufg/O
                         net (fo=1, routed)           0.620     1.061    pll.clk_pll/inst/clk_in1_clk_pll
    PLLE2_ADV_X0Y2       PLLE2_ADV (Prop_plle2_adv_CLKIN1_CLKOUT0)
                                                     -2.851    -1.790 r  pll.clk_pll/inst/plle2_adv_inst/CLKOUT0
                         net (fo=1, routed)           0.611    -1.180    pll.clk_pll/inst/cpu_clk_clk_pll
    BUFGCTRL_X0Y0        BUFG (Prop_bufg_I_O)         0.029    -1.151 r  pll.clk_pll/inst/clkout1_buf/O
                         net (fo=3527, routed)        0.849    -0.302    u_axi_ram/ram/U0/inst_blk_mem_gen/gnbram.gaxibmg.axi_wr_fsm/gaxi_bid_gen.axi_bid_array_reg_0_3_0_3/WCLK
    SLICE_X56Y116        RAMD32                                       r  u_axi_ram/ram/U0/inst_blk_mem_gen/gnbram.gaxibmg.axi_wr_fsm/gaxi_bid_gen.axi_bid_array_reg_0_3_0_3/RAMA_D1/CLK
                         clock pessimism             -0.203    -0.505    
    SLICE_X56Y116        RAMD32 (Hold_ramd32_CLK_WADR1)
                                                      0.309    -0.196    u_axi_ram/ram/U0/inst_blk_mem_gen/gnbram.gaxibmg.axi_wr_fsm/gaxi_bid_gen.axi_bid_array_reg_0_3_0_3/RAMA_D1
  -------------------------------------------------------------------
                         required time                          0.196    
                         arrival time                          -0.139    
  -------------------------------------------------------------------
                         slack                                  0.057    

Slack (MET) :             0.057ns  (arrival time - required time)
  Source:                 u_axi_ram/ram/U0/inst_blk_mem_gen/gnbram.gaxibmg.axi_wr_fsm/gaxi_bid_gen.bvalid_wr_cnt_r_reg[1]/C
                            (rising edge-triggered cell FDRE clocked by cpu_clk_clk_pll  {rise@0.000ns fall@10.000ns period=20.000ns})
  Destination:            u_axi_ram/ram/U0/inst_blk_mem_gen/gnbram.gaxibmg.axi_wr_fsm/gaxi_bid_gen.axi_bid_array_reg_0_3_0_3/RAMB/WADR1
                            (rising edge-triggered cell RAMD32 clocked by cpu_clk_clk_pll  {rise@0.000ns fall@10.000ns period=20.000ns})
  Path Group:             cpu_clk_clk_pll
  Path Type:              Hold (Min at Fast Process Corner)
  Requirement:            0.000ns  (cpu_clk_clk_pll rise@0.000ns - cpu_clk_clk_pll rise@0.000ns)
  Data Path Delay:        0.404ns  (logic 0.141ns (34.902%)  route 0.263ns (65.098%))
  Logic Levels:           0  
  Clock Path Skew:        0.038ns (DCD - SCD - CPR)
    Destination Clock Delay (DCD):    -0.302ns
    Source Clock Delay      (SCD):    -0.543ns
    Clock Pessimism Removal (CPR):    0.203ns

    Location             Delay type                Incr(ns)  Path(ns)    Netlist Resource(s)
  -------------------------------------------------------------------    -------------------
                         (clock cpu_clk_clk_pll rise edge)
                                                      0.000     0.000 r  
    AC19                                              0.000     0.000 r  clk (IN)
                         net (fo=0)                   0.000     0.000    pll.clk_pll/inst/clk_in1
    AC19                 IBUF (Prop_ibuf_I_O)         0.253     0.253 r  pll.clk_pll/inst/clkin1_ibufg/O
                         net (fo=1, routed)           0.565     0.818    pll.clk_pll/inst/clk_in1_clk_pll
    PLLE2_ADV_X0Y2       PLLE2_ADV (Prop_plle2_adv_CLKIN1_CLKOUT0)
                                                     -2.523    -1.705 r  pll.clk_pll/inst/plle2_adv_inst/CLKOUT0
                         net (fo=1, routed)           0.560    -1.146    pll.clk_pll/inst/cpu_clk_clk_pll
    BUFGCTRL_X0Y0        BUFG (Prop_bufg_I_O)         0.026    -1.120 r  pll.clk_pll/inst/clkout1_buf/O
                         net (fo=3527, routed)        0.577    -0.543    u_axi_ram/ram/U0/inst_blk_mem_gen/gnbram.gaxibmg.axi_wr_fsm/s_aclk
    SLICE_X58Y117        FDRE                                         r  u_axi_ram/ram/U0/inst_blk_mem_gen/gnbram.gaxibmg.axi_wr_fsm/gaxi_bid_gen.bvalid_wr_cnt_r_reg[1]/C
  -------------------------------------------------------------------    -------------------
    SLICE_X58Y117        FDRE (Prop_fdre_C_Q)         0.141    -0.402 r  u_axi_ram/ram/U0/inst_blk_mem_gen/gnbram.gaxibmg.axi_wr_fsm/gaxi_bid_gen.bvalid_wr_cnt_r_reg[1]/Q
                         net (fo=9, routed)           0.263    -0.139    u_axi_ram/ram/U0/inst_blk_mem_gen/gnbram.gaxibmg.axi_wr_fsm/gaxi_bid_gen.axi_bid_array_reg_0_3_0_3/ADDRD1
    SLICE_X56Y116        RAMD32                                       r  u_axi_ram/ram/U0/inst_blk_mem_gen/gnbram.gaxibmg.axi_wr_fsm/gaxi_bid_gen.axi_bid_array_reg_0_3_0_3/RAMB/WADR1
  -------------------------------------------------------------------    -------------------

                         (clock cpu_clk_clk_pll rise edge)
                                                      0.000     0.000 r  
    AC19                                              0.000     0.000 r  clk (IN)
                         net (fo=0)                   0.000     0.000    pll.clk_pll/inst/clk_in1
    AC19                 IBUF (Prop_ibuf_I_O)         0.441     0.441 r  pll.clk_pll/inst/clkin1_ibufg/O
                         net (fo=1, routed)           0.620     1.061    pll.clk_pll/inst/clk_in1_clk_pll
    PLLE2_ADV_X0Y2       PLLE2_ADV (Prop_plle2_adv_CLKIN1_CLKOUT0)
                                                     -2.851    -1.790 r  pll.clk_pll/inst/plle2_adv_inst/CLKOUT0
                         net (fo=1, routed)           0.611    -1.180    pll.clk_pll/inst/cpu_clk_clk_pll
    BUFGCTRL_X0Y0        BUFG (Prop_bufg_I_O)         0.029    -1.151 r  pll.clk_pll/inst/clkout1_buf/O
                         net (fo=3527, routed)        0.849    -0.302    u_axi_ram/ram/U0/inst_blk_mem_gen/gnbram.gaxibmg.axi_wr_fsm/gaxi_bid_gen.axi_bid_array_reg_0_3_0_3/WCLK
    SLICE_X56Y116        RAMD32                                       r  u_axi_ram/ram/U0/inst_blk_mem_gen/gnbram.gaxibmg.axi_wr_fsm/gaxi_bid_gen.axi_bid_array_reg_0_3_0_3/RAMB/CLK
                         clock pessimism             -0.203    -0.505    
    SLICE_X56Y116        RAMD32 (Hold_ramd32_CLK_WADR1)
                                                      0.309    -0.196    u_axi_ram/ram/U0/inst_blk_mem_gen/gnbram.gaxibmg.axi_wr_fsm/gaxi_bid_gen.axi_bid_array_reg_0_3_0_3/RAMB
  -------------------------------------------------------------------
                         required time                          0.196    
                         arrival time                          -0.139    
  -------------------------------------------------------------------
                         slack                                  0.057    

Slack (MET) :             0.057ns  (arrival time - required time)
  Source:                 u_axi_ram/ram/U0/inst_blk_mem_gen/gnbram.gaxibmg.axi_wr_fsm/gaxi_bid_gen.bvalid_wr_cnt_r_reg[1]/C
                            (rising edge-triggered cell FDRE clocked by cpu_clk_clk_pll  {rise@0.000ns fall@10.000ns period=20.000ns})
  Destination:            u_axi_ram/ram/U0/inst_blk_mem_gen/gnbram.gaxibmg.axi_wr_fsm/gaxi_bid_gen.axi_bid_array_reg_0_3_0_3/RAMB_D1/WADR1
                            (rising edge-triggered cell RAMD32 clocked by cpu_clk_clk_pll  {rise@0.000ns fall@10.000ns period=20.000ns})
  Path Group:             cpu_clk_clk_pll
  Path Type:              Hold (Min at Fast Process Corner)
  Requirement:            0.000ns  (cpu_clk_clk_pll rise@0.000ns - cpu_clk_clk_pll rise@0.000ns)
  Data Path Delay:        0.404ns  (logic 0.141ns (34.902%)  route 0.263ns (65.098%))
  Logic Levels:           0  
  Clock Path Skew:        0.038ns (DCD - SCD - CPR)
    Destination Clock Delay (DCD):    -0.302ns
    Source Clock Delay      (SCD):    -0.543ns
    Clock Pessimism Removal (CPR):    0.203ns

    Location             Delay type                Incr(ns)  Path(ns)    Netlist Resource(s)
  -------------------------------------------------------------------    -------------------
                         (clock cpu_clk_clk_pll rise edge)
                                                      0.000     0.000 r  
    AC19                                              0.000     0.000 r  clk (IN)
                         net (fo=0)                   0.000     0.000    pll.clk_pll/inst/clk_in1
    AC19                 IBUF (Prop_ibuf_I_O)         0.253     0.253 r  pll.clk_pll/inst/clkin1_ibufg/O
                         net (fo=1, routed)           0.565     0.818    pll.clk_pll/inst/clk_in1_clk_pll
    PLLE2_ADV_X0Y2       PLLE2_ADV (Prop_plle2_adv_CLKIN1_CLKOUT0)
                                                     -2.523    -1.705 r  pll.clk_pll/inst/plle2_adv_inst/CLKOUT0
                         net (fo=1, routed)           0.560    -1.146    pll.clk_pll/inst/cpu_clk_clk_pll
    BUFGCTRL_X0Y0        BUFG (Prop_bufg_I_O)         0.026    -1.120 r  pll.clk_pll/inst/clkout1_buf/O
                         net (fo=3527, routed)        0.577    -0.543    u_axi_ram/ram/U0/inst_blk_mem_gen/gnbram.gaxibmg.axi_wr_fsm/s_aclk
    SLICE_X58Y117        FDRE                                         r  u_axi_ram/ram/U0/inst_blk_mem_gen/gnbram.gaxibmg.axi_wr_fsm/gaxi_bid_gen.bvalid_wr_cnt_r_reg[1]/C
  -------------------------------------------------------------------    -------------------
    SLICE_X58Y117        FDRE (Prop_fdre_C_Q)         0.141    -0.402 r  u_axi_ram/ram/U0/inst_blk_mem_gen/gnbram.gaxibmg.axi_wr_fsm/gaxi_bid_gen.bvalid_wr_cnt_r_reg[1]/Q
                         net (fo=9, routed)           0.263    -0.139    u_axi_ram/ram/U0/inst_blk_mem_gen/gnbram.gaxibmg.axi_wr_fsm/gaxi_bid_gen.axi_bid_array_reg_0_3_0_3/ADDRD1
    SLICE_X56Y116        RAMD32                                       r  u_axi_ram/ram/U0/inst_blk_mem_gen/gnbram.gaxibmg.axi_wr_fsm/gaxi_bid_gen.axi_bid_array_reg_0_3_0_3/RAMB_D1/WADR1
  -------------------------------------------------------------------    -------------------

                         (clock cpu_clk_clk_pll rise edge)
                                                      0.000     0.000 r  
    AC19                                              0.000     0.000 r  clk (IN)
                         net (fo=0)                   0.000     0.000    pll.clk_pll/inst/clk_in1
    AC19                 IBUF (Prop_ibuf_I_O)         0.441     0.441 r  pll.clk_pll/inst/clkin1_ibufg/O
                         net (fo=1, routed)           0.620     1.061    pll.clk_pll/inst/clk_in1_clk_pll
    PLLE2_ADV_X0Y2       PLLE2_ADV (Prop_plle2_adv_CLKIN1_CLKOUT0)
                                                     -2.851    -1.790 r  pll.clk_pll/inst/plle2_adv_inst/CLKOUT0
                         net (fo=1, routed)           0.611    -1.180    pll.clk_pll/inst/cpu_clk_clk_pll
    BUFGCTRL_X0Y0        BUFG (Prop_bufg_I_O)         0.029    -1.151 r  pll.clk_pll/inst/clkout1_buf/O
                         net (fo=3527, routed)        0.849    -0.302    u_axi_ram/ram/U0/inst_blk_mem_gen/gnbram.gaxibmg.axi_wr_fsm/gaxi_bid_gen.axi_bid_array_reg_0_3_0_3/WCLK
    SLICE_X56Y116        RAMD32                                       r  u_axi_ram/ram/U0/inst_blk_mem_gen/gnbram.gaxibmg.axi_wr_fsm/gaxi_bid_gen.axi_bid_array_reg_0_3_0_3/RAMB_D1/CLK
                         clock pessimism             -0.203    -0.505    
    SLICE_X56Y116        RAMD32 (Hold_ramd32_CLK_WADR1)
                                                      0.309    -0.196    u_axi_ram/ram/U0/inst_blk_mem_gen/gnbram.gaxibmg.axi_wr_fsm/gaxi_bid_gen.axi_bid_array_reg_0_3_0_3/RAMB_D1
  -------------------------------------------------------------------
                         required time                          0.196    
                         arrival time                          -0.139    
  -------------------------------------------------------------------
                         slack                                  0.057    

Slack (MET) :             0.057ns  (arrival time - required time)
  Source:                 u_axi_ram/ram/U0/inst_blk_mem_gen/gnbram.gaxibmg.axi_wr_fsm/gaxi_bid_gen.bvalid_wr_cnt_r_reg[1]/C
                            (rising edge-triggered cell FDRE clocked by cpu_clk_clk_pll  {rise@0.000ns fall@10.000ns period=20.000ns})
  Destination:            u_axi_ram/ram/U0/inst_blk_mem_gen/gnbram.gaxibmg.axi_wr_fsm/gaxi_bid_gen.axi_bid_array_reg_0_3_0_3/RAMC/WADR1
                            (rising edge-triggered cell RAMD32 clocked by cpu_clk_clk_pll  {rise@0.000ns fall@10.000ns period=20.000ns})
  Path Group:             cpu_clk_clk_pll
  Path Type:              Hold (Min at Fast Process Corner)
  Requirement:            0.000ns  (cpu_clk_clk_pll rise@0.000ns - cpu_clk_clk_pll rise@0.000ns)
  Data Path Delay:        0.404ns  (logic 0.141ns (34.902%)  route 0.263ns (65.098%))
  Logic Levels:           0  
  Clock Path Skew:        0.038ns (DCD - SCD - CPR)
    Destination Clock Delay (DCD):    -0.302ns
    Source Clock Delay      (SCD):    -0.543ns
    Clock Pessimism Removal (CPR):    0.203ns

    Location             Delay type                Incr(ns)  Path(ns)    Netlist Resource(s)
  -------------------------------------------------------------------    -------------------
                         (clock cpu_clk_clk_pll rise edge)
                                                      0.000     0.000 r  
    AC19                                              0.000     0.000 r  clk (IN)
                         net (fo=0)                   0.000     0.000    pll.clk_pll/inst/clk_in1
    AC19                 IBUF (Prop_ibuf_I_O)         0.253     0.253 r  pll.clk_pll/inst/clkin1_ibufg/O
                         net (fo=1, routed)           0.565     0.818    pll.clk_pll/inst/clk_in1_clk_pll
    PLLE2_ADV_X0Y2       PLLE2_ADV (Prop_plle2_adv_CLKIN1_CLKOUT0)
                                                     -2.523    -1.705 r  pll.clk_pll/inst/plle2_adv_inst/CLKOUT0
                         net (fo=1, routed)           0.560    -1.146    pll.clk_pll/inst/cpu_clk_clk_pll
    BUFGCTRL_X0Y0        BUFG (Prop_bufg_I_O)         0.026    -1.120 r  pll.clk_pll/inst/clkout1_buf/O
                         net (fo=3527, routed)        0.577    -0.543    u_axi_ram/ram/U0/inst_blk_mem_gen/gnbram.gaxibmg.axi_wr_fsm/s_aclk
    SLICE_X58Y117        FDRE                                         r  u_axi_ram/ram/U0/inst_blk_mem_gen/gnbram.gaxibmg.axi_wr_fsm/gaxi_bid_gen.bvalid_wr_cnt_r_reg[1]/C
  -------------------------------------------------------------------    -------------------
    SLICE_X58Y117        FDRE (Prop_fdre_C_Q)         0.141    -0.402 r  u_axi_ram/ram/U0/inst_blk_mem_gen/gnbram.gaxibmg.axi_wr_fsm/gaxi_bid_gen.bvalid_wr_cnt_r_reg[1]/Q
                         net (fo=9, routed)           0.263    -0.139    u_axi_ram/ram/U0/inst_blk_mem_gen/gnbram.gaxibmg.axi_wr_fsm/gaxi_bid_gen.axi_bid_array_reg_0_3_0_3/ADDRD1
    SLICE_X56Y116        RAMD32                                       r  u_axi_ram/ram/U0/inst_blk_mem_gen/gnbram.gaxibmg.axi_wr_fsm/gaxi_bid_gen.axi_bid_array_reg_0_3_0_3/RAMC/WADR1
  -------------------------------------------------------------------    -------------------

                         (clock cpu_clk_clk_pll rise edge)
                                                      0.000     0.000 r  
    AC19                                              0.000     0.000 r  clk (IN)
                         net (fo=0)                   0.000     0.000    pll.clk_pll/inst/clk_in1
    AC19                 IBUF (Prop_ibuf_I_O)         0.441     0.441 r  pll.clk_pll/inst/clkin1_ibufg/O
                         net (fo=1, routed)           0.620     1.061    pll.clk_pll/inst/clk_in1_clk_pll
    PLLE2_ADV_X0Y2       PLLE2_ADV (Prop_plle2_adv_CLKIN1_CLKOUT0)
                                                     -2.851    -1.790 r  pll.clk_pll/inst/plle2_adv_inst/CLKOUT0
                         net (fo=1, routed)           0.611    -1.180    pll.clk_pll/inst/cpu_clk_clk_pll
    BUFGCTRL_X0Y0        BUFG (Prop_bufg_I_O)         0.029    -1.151 r  pll.clk_pll/inst/clkout1_buf/O
                         net (fo=3527, routed)        0.849    -0.302    u_axi_ram/ram/U0/inst_blk_mem_gen/gnbram.gaxibmg.axi_wr_fsm/gaxi_bid_gen.axi_bid_array_reg_0_3_0_3/WCLK
    SLICE_X56Y116        RAMD32                                       r  u_axi_ram/ram/U0/inst_blk_mem_gen/gnbram.gaxibmg.axi_wr_fsm/gaxi_bid_gen.axi_bid_array_reg_0_3_0_3/RAMC/CLK
                         clock pessimism             -0.203    -0.505    
    SLICE_X56Y116        RAMD32 (Hold_ramd32_CLK_WADR1)
                                                      0.309    -0.196    u_axi_ram/ram/U0/inst_blk_mem_gen/gnbram.gaxibmg.axi_wr_fsm/gaxi_bid_gen.axi_bid_array_reg_0_3_0_3/RAMC
  -------------------------------------------------------------------
                         required time                          0.196    
                         arrival time                          -0.139    
  -------------------------------------------------------------------
                         slack                                  0.057    

Slack (MET) :             0.057ns  (arrival time - required time)
  Source:                 u_axi_ram/ram/U0/inst_blk_mem_gen/gnbram.gaxibmg.axi_wr_fsm/gaxi_bid_gen.bvalid_wr_cnt_r_reg[1]/C
                            (rising edge-triggered cell FDRE clocked by cpu_clk_clk_pll  {rise@0.000ns fall@10.000ns period=20.000ns})
  Destination:            u_axi_ram/ram/U0/inst_blk_mem_gen/gnbram.gaxibmg.axi_wr_fsm/gaxi_bid_gen.axi_bid_array_reg_0_3_0_3/RAMC_D1/WADR1
                            (rising edge-triggered cell RAMD32 clocked by cpu_clk_clk_pll  {rise@0.000ns fall@10.000ns period=20.000ns})
  Path Group:             cpu_clk_clk_pll
  Path Type:              Hold (Min at Fast Process Corner)
  Requirement:            0.000ns  (cpu_clk_clk_pll rise@0.000ns - cpu_clk_clk_pll rise@0.000ns)
  Data Path Delay:        0.404ns  (logic 0.141ns (34.902%)  route 0.263ns (65.098%))
  Logic Levels:           0  
  Clock Path Skew:        0.038ns (DCD - SCD - CPR)
    Destination Clock Delay (DCD):    -0.302ns
    Source Clock Delay      (SCD):    -0.543ns
    Clock Pessimism Removal (CPR):    0.203ns

    Location             Delay type                Incr(ns)  Path(ns)    Netlist Resource(s)
  -------------------------------------------------------------------    -------------------
                         (clock cpu_clk_clk_pll rise edge)
                                                      0.000     0.000 r  
    AC19                                              0.000     0.000 r  clk (IN)
                         net (fo=0)                   0.000     0.000    pll.clk_pll/inst/clk_in1
    AC19                 IBUF (Prop_ibuf_I_O)         0.253     0.253 r  pll.clk_pll/inst/clkin1_ibufg/O
                         net (fo=1, routed)           0.565     0.818    pll.clk_pll/inst/clk_in1_clk_pll
    PLLE2_ADV_X0Y2       PLLE2_ADV (Prop_plle2_adv_CLKIN1_CLKOUT0)
                                                     -2.523    -1.705 r  pll.clk_pll/inst/plle2_adv_inst/CLKOUT0
                         net (fo=1, routed)           0.560    -1.146    pll.clk_pll/inst/cpu_clk_clk_pll
    BUFGCTRL_X0Y0        BUFG (Prop_bufg_I_O)         0.026    -1.120 r  pll.clk_pll/inst/clkout1_buf/O
                         net (fo=3527, routed)        0.577    -0.543    u_axi_ram/ram/U0/inst_blk_mem_gen/gnbram.gaxibmg.axi_wr_fsm/s_aclk
    SLICE_X58Y117        FDRE                                         r  u_axi_ram/ram/U0/inst_blk_mem_gen/gnbram.gaxibmg.axi_wr_fsm/gaxi_bid_gen.bvalid_wr_cnt_r_reg[1]/C
  -------------------------------------------------------------------    -------------------
    SLICE_X58Y117        FDRE (Prop_fdre_C_Q)         0.141    -0.402 r  u_axi_ram/ram/U0/inst_blk_mem_gen/gnbram.gaxibmg.axi_wr_fsm/gaxi_bid_gen.bvalid_wr_cnt_r_reg[1]/Q
                         net (fo=9, routed)           0.263    -0.139    u_axi_ram/ram/U0/inst_blk_mem_gen/gnbram.gaxibmg.axi_wr_fsm/gaxi_bid_gen.axi_bid_array_reg_0_3_0_3/ADDRD1
    SLICE_X56Y116        RAMD32                                       r  u_axi_ram/ram/U0/inst_blk_mem_gen/gnbram.gaxibmg.axi_wr_fsm/gaxi_bid_gen.axi_bid_array_reg_0_3_0_3/RAMC_D1/WADR1
  -------------------------------------------------------------------    -------------------

                         (clock cpu_clk_clk_pll rise edge)
                                                      0.000     0.000 r  
    AC19                                              0.000     0.000 r  clk (IN)
                         net (fo=0)                   0.000     0.000    pll.clk_pll/inst/clk_in1
    AC19                 IBUF (Prop_ibuf_I_O)         0.441     0.441 r  pll.clk_pll/inst/clkin1_ibufg/O
                         net (fo=1, routed)           0.620     1.061    pll.clk_pll/inst/clk_in1_clk_pll
    PLLE2_ADV_X0Y2       PLLE2_ADV (Prop_plle2_adv_CLKIN1_CLKOUT0)
                                                     -2.851    -1.790 r  pll.clk_pll/inst/plle2_adv_inst/CLKOUT0
                         net (fo=1, routed)           0.611    -1.180    pll.clk_pll/inst/cpu_clk_clk_pll
    BUFGCTRL_X0Y0        BUFG (Prop_bufg_I_O)         0.029    -1.151 r  pll.clk_pll/inst/clkout1_buf/O
                         net (fo=3527, routed)        0.849    -0.302    u_axi_ram/ram/U0/inst_blk_mem_gen/gnbram.gaxibmg.axi_wr_fsm/gaxi_bid_gen.axi_bid_array_reg_0_3_0_3/WCLK
    SLICE_X56Y116        RAMD32                                       r  u_axi_ram/ram/U0/inst_blk_mem_gen/gnbram.gaxibmg.axi_wr_fsm/gaxi_bid_gen.axi_bid_array_reg_0_3_0_3/RAMC_D1/CLK
                         clock pessimism             -0.203    -0.505    
    SLICE_X56Y116        RAMD32 (Hold_ramd32_CLK_WADR1)
                                                      0.309    -0.196    u_axi_ram/ram/U0/inst_blk_mem_gen/gnbram.gaxibmg.axi_wr_fsm/gaxi_bid_gen.axi_bid_array_reg_0_3_0_3/RAMC_D1
  -------------------------------------------------------------------
                         required time                          0.196    
                         arrival time                          -0.139    
  -------------------------------------------------------------------
                         slack                                  0.057    

Slack (MET) :             0.057ns  (arrival time - required time)
  Source:                 u_axi_ram/ram/U0/inst_blk_mem_gen/gnbram.gaxibmg.axi_wr_fsm/gaxi_bid_gen.bvalid_wr_cnt_r_reg[1]/C
                            (rising edge-triggered cell FDRE clocked by cpu_clk_clk_pll  {rise@0.000ns fall@10.000ns period=20.000ns})
  Destination:            u_axi_ram/ram/U0/inst_blk_mem_gen/gnbram.gaxibmg.axi_wr_fsm/gaxi_bid_gen.axi_bid_array_reg_0_3_0_3/RAMD/ADR1
                            (rising edge-triggered cell RAMS32 clocked by cpu_clk_clk_pll  {rise@0.000ns fall@10.000ns period=20.000ns})
  Path Group:             cpu_clk_clk_pll
  Path Type:              Hold (Min at Fast Process Corner)
  Requirement:            0.000ns  (cpu_clk_clk_pll rise@0.000ns - cpu_clk_clk_pll rise@0.000ns)
  Data Path Delay:        0.404ns  (logic 0.141ns (34.902%)  route 0.263ns (65.098%))
  Logic Levels:           0  
  Clock Path Skew:        0.038ns (DCD - SCD - CPR)
    Destination Clock Delay (DCD):    -0.302ns
    Source Clock Delay      (SCD):    -0.543ns
    Clock Pessimism Removal (CPR):    0.203ns

    Location             Delay type                Incr(ns)  Path(ns)    Netlist Resource(s)
  -------------------------------------------------------------------    -------------------
                         (clock cpu_clk_clk_pll rise edge)
                                                      0.000     0.000 r  
    AC19                                              0.000     0.000 r  clk (IN)
                         net (fo=0)                   0.000     0.000    pll.clk_pll/inst/clk_in1
    AC19                 IBUF (Prop_ibuf_I_O)         0.253     0.253 r  pll.clk_pll/inst/clkin1_ibufg/O
                         net (fo=1, routed)           0.565     0.818    pll.clk_pll/inst/clk_in1_clk_pll
    PLLE2_ADV_X0Y2       PLLE2_ADV (Prop_plle2_adv_CLKIN1_CLKOUT0)
                                                     -2.523    -1.705 r  pll.clk_pll/inst/plle2_adv_inst/CLKOUT0
                         net (fo=1, routed)           0.560    -1.146    pll.clk_pll/inst/cpu_clk_clk_pll
    BUFGCTRL_X0Y0        BUFG (Prop_bufg_I_O)         0.026    -1.120 r  pll.clk_pll/inst/clkout1_buf/O
                         net (fo=3527, routed)        0.577    -0.543    u_axi_ram/ram/U0/inst_blk_mem_gen/gnbram.gaxibmg.axi_wr_fsm/s_aclk
    SLICE_X58Y117        FDRE                                         r  u_axi_ram/ram/U0/inst_blk_mem_gen/gnbram.gaxibmg.axi_wr_fsm/gaxi_bid_gen.bvalid_wr_cnt_r_reg[1]/C
  -------------------------------------------------------------------    -------------------
    SLICE_X58Y117        FDRE (Prop_fdre_C_Q)         0.141    -0.402 r  u_axi_ram/ram/U0/inst_blk_mem_gen/gnbram.gaxibmg.axi_wr_fsm/gaxi_bid_gen.bvalid_wr_cnt_r_reg[1]/Q
                         net (fo=9, routed)           0.263    -0.139    u_axi_ram/ram/U0/inst_blk_mem_gen/gnbram.gaxibmg.axi_wr_fsm/gaxi_bid_gen.axi_bid_array_reg_0_3_0_3/ADDRD1
    SLICE_X56Y116        RAMS32                                       r  u_axi_ram/ram/U0/inst_blk_mem_gen/gnbram.gaxibmg.axi_wr_fsm/gaxi_bid_gen.axi_bid_array_reg_0_3_0_3/RAMD/ADR1
  -------------------------------------------------------------------    -------------------

                         (clock cpu_clk_clk_pll rise edge)
                                                      0.000     0.000 r  
    AC19                                              0.000     0.000 r  clk (IN)
                         net (fo=0)                   0.000     0.000    pll.clk_pll/inst/clk_in1
    AC19                 IBUF (Prop_ibuf_I_O)         0.441     0.441 r  pll.clk_pll/inst/clkin1_ibufg/O
                         net (fo=1, routed)           0.620     1.061    pll.clk_pll/inst/clk_in1_clk_pll
    PLLE2_ADV_X0Y2       PLLE2_ADV (Prop_plle2_adv_CLKIN1_CLKOUT0)
                                                     -2.851    -1.790 r  pll.clk_pll/inst/plle2_adv_inst/CLKOUT0
                         net (fo=1, routed)           0.611    -1.180    pll.clk_pll/inst/cpu_clk_clk_pll
    BUFGCTRL_X0Y0        BUFG (Prop_bufg_I_O)         0.029    -1.151 r  pll.clk_pll/inst/clkout1_buf/O
                         net (fo=3527, routed)        0.849    -0.302    u_axi_ram/ram/U0/inst_blk_mem_gen/gnbram.gaxibmg.axi_wr_fsm/gaxi_bid_gen.axi_bid_array_reg_0_3_0_3/WCLK
    SLICE_X56Y116        RAMS32                                       r  u_axi_ram/ram/U0/inst_blk_mem_gen/gnbram.gaxibmg.axi_wr_fsm/gaxi_bid_gen.axi_bid_array_reg_0_3_0_3/RAMD/CLK
                         clock pessimism             -0.203    -0.505    
    SLICE_X56Y116        RAMS32 (Hold_rams32_CLK_ADR1)
                                                      0.309    -0.196    u_axi_ram/ram/U0/inst_blk_mem_gen/gnbram.gaxibmg.axi_wr_fsm/gaxi_bid_gen.axi_bid_array_reg_0_3_0_3/RAMD
  -------------------------------------------------------------------
                         required time                          0.196    
                         arrival time                          -0.139    
  -------------------------------------------------------------------
                         slack                                  0.057    

Slack (MET) :             0.057ns  (arrival time - required time)
  Source:                 u_axi_ram/ram/U0/inst_blk_mem_gen/gnbram.gaxibmg.axi_wr_fsm/gaxi_bid_gen.bvalid_wr_cnt_r_reg[1]/C
                            (rising edge-triggered cell FDRE clocked by cpu_clk_clk_pll  {rise@0.000ns fall@10.000ns period=20.000ns})
  Destination:            u_axi_ram/ram/U0/inst_blk_mem_gen/gnbram.gaxibmg.axi_wr_fsm/gaxi_bid_gen.axi_bid_array_reg_0_3_0_3/RAMD_D1/ADR1
                            (rising edge-triggered cell RAMS32 clocked by cpu_clk_clk_pll  {rise@0.000ns fall@10.000ns period=20.000ns})
  Path Group:             cpu_clk_clk_pll
  Path Type:              Hold (Min at Fast Process Corner)
  Requirement:            0.000ns  (cpu_clk_clk_pll rise@0.000ns - cpu_clk_clk_pll rise@0.000ns)
  Data Path Delay:        0.404ns  (logic 0.141ns (34.902%)  route 0.263ns (65.098%))
  Logic Levels:           0  
  Clock Path Skew:        0.038ns (DCD - SCD - CPR)
    Destination Clock Delay (DCD):    -0.302ns
    Source Clock Delay      (SCD):    -0.543ns
    Clock Pessimism Removal (CPR):    0.203ns

    Location             Delay type                Incr(ns)  Path(ns)    Netlist Resource(s)
  -------------------------------------------------------------------    -------------------
                         (clock cpu_clk_clk_pll rise edge)
                                                      0.000     0.000 r  
    AC19                                              0.000     0.000 r  clk (IN)
                         net (fo=0)                   0.000     0.000    pll.clk_pll/inst/clk_in1
    AC19                 IBUF (Prop_ibuf_I_O)         0.253     0.253 r  pll.clk_pll/inst/clkin1_ibufg/O
                         net (fo=1, routed)           0.565     0.818    pll.clk_pll/inst/clk_in1_clk_pll
    PLLE2_ADV_X0Y2       PLLE2_ADV (Prop_plle2_adv_CLKIN1_CLKOUT0)
                                                     -2.523    -1.705 r  pll.clk_pll/inst/plle2_adv_inst/CLKOUT0
                         net (fo=1, routed)           0.560    -1.146    pll.clk_pll/inst/cpu_clk_clk_pll
    BUFGCTRL_X0Y0        BUFG (Prop_bufg_I_O)         0.026    -1.120 r  pll.clk_pll/inst/clkout1_buf/O
                         net (fo=3527, routed)        0.577    -0.543    u_axi_ram/ram/U0/inst_blk_mem_gen/gnbram.gaxibmg.axi_wr_fsm/s_aclk
    SLICE_X58Y117        FDRE                                         r  u_axi_ram/ram/U0/inst_blk_mem_gen/gnbram.gaxibmg.axi_wr_fsm/gaxi_bid_gen.bvalid_wr_cnt_r_reg[1]/C
  -------------------------------------------------------------------    -------------------
    SLICE_X58Y117        FDRE (Prop_fdre_C_Q)         0.141    -0.402 r  u_axi_ram/ram/U0/inst_blk_mem_gen/gnbram.gaxibmg.axi_wr_fsm/gaxi_bid_gen.bvalid_wr_cnt_r_reg[1]/Q
                         net (fo=9, routed)           0.263    -0.139    u_axi_ram/ram/U0/inst_blk_mem_gen/gnbram.gaxibmg.axi_wr_fsm/gaxi_bid_gen.axi_bid_array_reg_0_3_0_3/ADDRD1
    SLICE_X56Y116        RAMS32                                       r  u_axi_ram/ram/U0/inst_blk_mem_gen/gnbram.gaxibmg.axi_wr_fsm/gaxi_bid_gen.axi_bid_array_reg_0_3_0_3/RAMD_D1/ADR1
  -------------------------------------------------------------------    -------------------

                         (clock cpu_clk_clk_pll rise edge)
                                                      0.000     0.000 r  
    AC19                                              0.000     0.000 r  clk (IN)
                         net (fo=0)                   0.000     0.000    pll.clk_pll/inst/clk_in1
    AC19                 IBUF (Prop_ibuf_I_O)         0.441     0.441 r  pll.clk_pll/inst/clkin1_ibufg/O
                         net (fo=1, routed)           0.620     1.061    pll.clk_pll/inst/clk_in1_clk_pll
    PLLE2_ADV_X0Y2       PLLE2_ADV (Prop_plle2_adv_CLKIN1_CLKOUT0)
                                                     -2.851    -1.790 r  pll.clk_pll/inst/plle2_adv_inst/CLKOUT0
                         net (fo=1, routed)           0.611    -1.180    pll.clk_pll/inst/cpu_clk_clk_pll
    BUFGCTRL_X0Y0        BUFG (Prop_bufg_I_O)         0.029    -1.151 r  pll.clk_pll/inst/clkout1_buf/O
                         net (fo=3527, routed)        0.849    -0.302    u_axi_ram/ram/U0/inst_blk_mem_gen/gnbram.gaxibmg.axi_wr_fsm/gaxi_bid_gen.axi_bid_array_reg_0_3_0_3/WCLK
    SLICE_X56Y116        RAMS32                                       r  u_axi_ram/ram/U0/inst_blk_mem_gen/gnbram.gaxibmg.axi_wr_fsm/gaxi_bid_gen.axi_bid_array_reg_0_3_0_3/RAMD_D1/CLK
                         clock pessimism             -0.203    -0.505    
    SLICE_X56Y116        RAMS32 (Hold_rams32_CLK_ADR1)
                                                      0.309    -0.196    u_axi_ram/ram/U0/inst_blk_mem_gen/gnbram.gaxibmg.axi_wr_fsm/gaxi_bid_gen.axi_bid_array_reg_0_3_0_3/RAMD_D1
  -------------------------------------------------------------------
                         required time                          0.196    
                         arrival time                          -0.139    
  -------------------------------------------------------------------
                         slack                                  0.057    

Slack (MET) :             0.105ns  (arrival time - required time)
  Source:                 u_confreg/io_simu_reg[13]/C
                            (rising edge-triggered cell FDRE clocked by cpu_clk_clk_pll  {rise@0.000ns fall@10.000ns period=20.000ns})
  Destination:            u_confreg/conf_rdata_reg_reg[13]/D
                            (rising edge-triggered cell FDRE clocked by cpu_clk_clk_pll  {rise@0.000ns fall@10.000ns period=20.000ns})
  Path Group:             cpu_clk_clk_pll
  Path Type:              Hold (Min at Fast Process Corner)
  Requirement:            0.000ns  (cpu_clk_clk_pll rise@0.000ns - cpu_clk_clk_pll rise@0.000ns)
  Data Path Delay:        0.239ns  (logic 0.186ns (77.679%)  route 0.053ns (22.321%))
  Logic Levels:           1  (LUT6=1)
  Clock Path Skew:        0.013ns (DCD - SCD - CPR)
    Destination Clock Delay (DCD):    -0.306ns
    Source Clock Delay      (SCD):    -0.545ns
    Clock Pessimism Removal (CPR):    0.226ns

    Location             Delay type                Incr(ns)  Path(ns)    Netlist Resource(s)
  -------------------------------------------------------------------    -------------------
                         (clock cpu_clk_clk_pll rise edge)
                                                      0.000     0.000 r  
    AC19                                              0.000     0.000 r  clk (IN)
                         net (fo=0)                   0.000     0.000    pll.clk_pll/inst/clk_in1
    AC19                 IBUF (Prop_ibuf_I_O)         0.253     0.253 r  pll.clk_pll/inst/clkin1_ibufg/O
                         net (fo=1, routed)           0.565     0.818    pll.clk_pll/inst/clk_in1_clk_pll
    PLLE2_ADV_X0Y2       PLLE2_ADV (Prop_plle2_adv_CLKIN1_CLKOUT0)
                                                     -2.523    -1.705 r  pll.clk_pll/inst/plle2_adv_inst/CLKOUT0
                         net (fo=1, routed)           0.560    -1.146    pll.clk_pll/inst/cpu_clk_clk_pll
    BUFGCTRL_X0Y0        BUFG (Prop_bufg_I_O)         0.026    -1.120 r  pll.clk_pll/inst/clkout1_buf/O
                         net (fo=3527, routed)        0.575    -0.545    u_confreg/cpu_clk
    SLICE_X75Y104        FDRE                                         r  u_confreg/io_simu_reg[13]/C
  -------------------------------------------------------------------    -------------------
    SLICE_X75Y104        FDRE (Prop_fdre_C_Q)         0.141    -0.404 r  u_confreg/io_simu_reg[13]/Q
                         net (fo=1, routed)           0.053    -0.350    u_confreg/io_simu[13]
    SLICE_X74Y104        LUT6 (Prop_lut6_I5_O)        0.045    -0.305 r  u_confreg/conf_rdata_reg[13]_i_1/O
                         net (fo=1, routed)           0.000    -0.305    u_confreg/conf_rdata_reg[13]_i_1_n_0
    SLICE_X74Y104        FDRE                                         r  u_confreg/conf_rdata_reg_reg[13]/D
  -------------------------------------------------------------------    -------------------

                         (clock cpu_clk_clk_pll rise edge)
                                                      0.000     0.000 r  
    AC19                                              0.000     0.000 r  clk (IN)
                         net (fo=0)                   0.000     0.000    pll.clk_pll/inst/clk_in1
    AC19                 IBUF (Prop_ibuf_I_O)         0.441     0.441 r  pll.clk_pll/inst/clkin1_ibufg/O
                         net (fo=1, routed)           0.620     1.061    pll.clk_pll/inst/clk_in1_clk_pll
    PLLE2_ADV_X0Y2       PLLE2_ADV (Prop_plle2_adv_CLKIN1_CLKOUT0)
                                                     -2.851    -1.790 r  pll.clk_pll/inst/plle2_adv_inst/CLKOUT0
                         net (fo=1, routed)           0.611    -1.180    pll.clk_pll/inst/cpu_clk_clk_pll
    BUFGCTRL_X0Y0        BUFG (Prop_bufg_I_O)         0.029    -1.151 r  pll.clk_pll/inst/clkout1_buf/O
                         net (fo=3527, routed)        0.845    -0.306    u_confreg/cpu_clk
    SLICE_X74Y104        FDRE                                         r  u_confreg/conf_rdata_reg_reg[13]/C
                         clock pessimism             -0.226    -0.532    
    SLICE_X74Y104        FDRE (Hold_fdre_C_D)         0.121    -0.411    u_confreg/conf_rdata_reg_reg[13]
  -------------------------------------------------------------------
                         required time                          0.411    
                         arrival time                          -0.305    
  -------------------------------------------------------------------
                         slack                                  0.105    

Slack (MET) :             0.105ns  (arrival time - required time)
  Source:                 u_cpu/u_ls132r_axi/u_fetch/inst_code_r_reg[15]/C
                            (rising edge-triggered cell FDRE clocked by cpu_clk_clk_pll  {rise@0.000ns fall@10.000ns period=20.000ns})
  Destination:            u_cpu/u_ls132r_axi/u_fetch/ir_inst_r_reg[15]/D
                            (rising edge-triggered cell FDRE clocked by cpu_clk_clk_pll  {rise@0.000ns fall@10.000ns period=20.000ns})
  Path Group:             cpu_clk_clk_pll
  Path Type:              Hold (Min at Fast Process Corner)
  Requirement:            0.000ns  (cpu_clk_clk_pll rise@0.000ns - cpu_clk_clk_pll rise@0.000ns)
  Data Path Delay:        0.239ns  (logic 0.186ns (77.679%)  route 0.053ns (22.321%))
  Logic Levels:           1  (LUT6=1)
  Clock Path Skew:        0.013ns (DCD - SCD - CPR)
    Destination Clock Delay (DCD):    -0.316ns
    Source Clock Delay      (SCD):    -0.553ns
    Clock Pessimism Removal (CPR):    0.224ns

    Location             Delay type                Incr(ns)  Path(ns)    Netlist Resource(s)
  -------------------------------------------------------------------    -------------------
                         (clock cpu_clk_clk_pll rise edge)
                                                      0.000     0.000 r  
    AC19                                              0.000     0.000 r  clk (IN)
                         net (fo=0)                   0.000     0.000    pll.clk_pll/inst/clk_in1
    AC19                 IBUF (Prop_ibuf_I_O)         0.253     0.253 r  pll.clk_pll/inst/clkin1_ibufg/O
                         net (fo=1, routed)           0.565     0.818    pll.clk_pll/inst/clk_in1_clk_pll
    PLLE2_ADV_X0Y2       PLLE2_ADV (Prop_plle2_adv_CLKIN1_CLKOUT0)
                                                     -2.523    -1.705 r  pll.clk_pll/inst/plle2_adv_inst/CLKOUT0
                         net (fo=1, routed)           0.560    -1.146    pll.clk_pll/inst/cpu_clk_clk_pll
    BUFGCTRL_X0Y0        BUFG (Prop_bufg_I_O)         0.026    -1.120 r  pll.clk_pll/inst/clkout1_buf/O
                         net (fo=3527, routed)        0.567    -0.553    u_cpu/u_ls132r_axi/u_fetch/cpu_clk
    SLICE_X65Y125        FDRE                                         r  u_cpu/u_ls132r_axi/u_fetch/inst_code_r_reg[15]/C
  -------------------------------------------------------------------    -------------------
    SLICE_X65Y125        FDRE (Prop_fdre_C_Q)         0.141    -0.412 r  u_cpu/u_ls132r_axi/u_fetch/inst_code_r_reg[15]/Q
                         net (fo=1, routed)           0.053    -0.358    u_cpu/u_ls132r_axi/u_fetch/inst_code_r[15]
    SLICE_X64Y125        LUT6 (Prop_lut6_I0_O)        0.045    -0.313 r  u_cpu/u_ls132r_axi/u_fetch/ir_inst_r[15]_i_1/O
                         net (fo=1, routed)           0.000    -0.313    u_cpu/u_ls132r_axi/u_fetch/new_inst_code[15]
    SLICE_X64Y125        FDRE                                         r  u_cpu/u_ls132r_axi/u_fetch/ir_inst_r_reg[15]/D
  -------------------------------------------------------------------    -------------------

                         (clock cpu_clk_clk_pll rise edge)
                                                      0.000     0.000 r  
    AC19                                              0.000     0.000 r  clk (IN)
                         net (fo=0)                   0.000     0.000    pll.clk_pll/inst/clk_in1
    AC19                 IBUF (Prop_ibuf_I_O)         0.441     0.441 r  pll.clk_pll/inst/clkin1_ibufg/O
                         net (fo=1, routed)           0.620     1.061    pll.clk_pll/inst/clk_in1_clk_pll
    PLLE2_ADV_X0Y2       PLLE2_ADV (Prop_plle2_adv_CLKIN1_CLKOUT0)
                                                     -2.851    -1.790 r  pll.clk_pll/inst/plle2_adv_inst/CLKOUT0
                         net (fo=1, routed)           0.611    -1.180    pll.clk_pll/inst/cpu_clk_clk_pll
    BUFGCTRL_X0Y0        BUFG (Prop_bufg_I_O)         0.029    -1.151 r  pll.clk_pll/inst/clkout1_buf/O
                         net (fo=3527, routed)        0.835    -0.316    u_cpu/u_ls132r_axi/u_fetch/cpu_clk
    SLICE_X64Y125        FDRE                                         r  u_cpu/u_ls132r_axi/u_fetch/ir_inst_r_reg[15]/C
                         clock pessimism             -0.224    -0.540    
    SLICE_X64Y125        FDRE (Hold_fdre_C_D)         0.121    -0.419    u_cpu/u_ls132r_axi/u_fetch/ir_inst_r_reg[15]
  -------------------------------------------------------------------
                         required time                          0.419    
                         arrival time                          -0.313    
  -------------------------------------------------------------------
                         slack                                  0.105    





Pulse Width Checks
--------------------------------------------------------------------------------------
Clock Name:         cpu_clk_clk_pll
Waveform(ns):       { 0.000 10.000 }
Period(ns):         20.000
Sources:            { pll.clk_pll/inst/plle2_adv_inst/CLKOUT0 }

Check Type        Corner  Lib Pin             Reference Pin  Required(ns)  Actual(ns)  Slack(ns)  Location        Pin
Min Period        n/a     RAMB36E1/CLKARDCLK  n/a            2.472         20.000      17.528     RAMB36_X6Y29    u_axi_ram/ram/U0/inst_blk_mem_gen/gnbram.gaxibmg.axi_blk_mem_gen/valid.cstr/ramloop[113].ram.r/prim_init.ram/DEVICE_7SERIES.NO_BMM_INFO.SDP.SIMPLE_PRIM36.ram/CLKARDCLK
Min Period        n/a     RAMB36E1/CLKBWRCLK  n/a            2.472         20.000      17.528     RAMB36_X6Y29    u_axi_ram/ram/U0/inst_blk_mem_gen/gnbram.gaxibmg.axi_blk_mem_gen/valid.cstr/ramloop[113].ram.r/prim_init.ram/DEVICE_7SERIES.NO_BMM_INFO.SDP.SIMPLE_PRIM36.ram/CLKBWRCLK
Min Period        n/a     RAMB36E1/CLKARDCLK  n/a            2.472         20.000      17.528     RAMB36_X7Y3     u_axi_ram/ram/U0/inst_blk_mem_gen/gnbram.gaxibmg.axi_blk_mem_gen/valid.cstr/ramloop[12].ram.r/prim_init.ram/DEVICE_7SERIES.NO_BMM_INFO.SDP.SIMPLE_PRIM36.ram/CLKARDCLK
Min Period        n/a     RAMB36E1/CLKBWRCLK  n/a            2.472         20.000      17.528     RAMB36_X7Y3     u_axi_ram/ram/U0/inst_blk_mem_gen/gnbram.gaxibmg.axi_blk_mem_gen/valid.cstr/ramloop[12].ram.r/prim_init.ram/DEVICE_7SERIES.NO_BMM_INFO.SDP.SIMPLE_PRIM36.ram/CLKBWRCLK
Min Period        n/a     RAMB36E1/CLKARDCLK  n/a            2.472         20.000      17.528     RAMB36_X3Y27    u_axi_ram/ram/U0/inst_blk_mem_gen/gnbram.gaxibmg.axi_blk_mem_gen/valid.cstr/ramloop[146].ram.r/prim_init.ram/DEVICE_7SERIES.NO_BMM_INFO.SDP.SIMPLE_PRIM36.ram/CLKARDCLK
Min Period        n/a     RAMB36E1/CLKBWRCLK  n/a            2.472         20.000      17.528     RAMB36_X3Y27    u_axi_ram/ram/U0/inst_blk_mem_gen/gnbram.gaxibmg.axi_blk_mem_gen/valid.cstr/ramloop[146].ram.r/prim_init.ram/DEVICE_7SERIES.NO_BMM_INFO.SDP.SIMPLE_PRIM36.ram/CLKBWRCLK
Min Period        n/a     RAMB36E1/CLKARDCLK  n/a            2.472         20.000      17.528     RAMB36_X3Y35    u_axi_ram/ram/U0/inst_blk_mem_gen/gnbram.gaxibmg.axi_blk_mem_gen/valid.cstr/ramloop[162].ram.r/prim_init.ram/DEVICE_7SERIES.NO_BMM_INFO.SDP.SIMPLE_PRIM36.ram/CLKARDCLK
Min Period        n/a     RAMB36E1/CLKBWRCLK  n/a            2.472         20.000      17.528     RAMB36_X3Y35    u_axi_ram/ram/U0/inst_blk_mem_gen/gnbram.gaxibmg.axi_blk_mem_gen/valid.cstr/ramloop[162].ram.r/prim_init.ram/DEVICE_7SERIES.NO_BMM_INFO.SDP.SIMPLE_PRIM36.ram/CLKBWRCLK
Min Period        n/a     RAMB36E1/CLKARDCLK  n/a            2.472         20.000      17.528     RAMB36_X4Y26    u_axi_ram/ram/U0/inst_blk_mem_gen/gnbram.gaxibmg.axi_blk_mem_gen/valid.cstr/ramloop[179].ram.r/prim_init.ram/DEVICE_7SERIES.NO_BMM_INFO.SDP.SIMPLE_PRIM36.ram/CLKARDCLK
Min Period        n/a     RAMB36E1/CLKBWRCLK  n/a            2.472         20.000      17.528     RAMB36_X4Y26    u_axi_ram/ram/U0/inst_blk_mem_gen/gnbram.gaxibmg.axi_blk_mem_gen/valid.cstr/ramloop[179].ram.r/prim_init.ram/DEVICE_7SERIES.NO_BMM_INFO.SDP.SIMPLE_PRIM36.ram/CLKBWRCLK
Max Period        n/a     PLLE2_ADV/CLKOUT0   n/a            160.000       20.000      140.000    PLLE2_ADV_X0Y2  pll.clk_pll/inst/plle2_adv_inst/CLKOUT0
Low Pulse Width   Fast    RAMD32/CLK          n/a            1.130         10.000      8.870      SLICE_X56Y116   u_axi_ram/ram/U0/inst_blk_mem_gen/gnbram.gaxibmg.axi_wr_fsm/gaxi_bid_gen.axi_bid_array_reg_0_3_0_3/RAMA/CLK
Low Pulse Width   Fast    RAMD32/CLK          n/a            1.130         10.000      8.870      SLICE_X56Y116   u_axi_ram/ram/U0/inst_blk_mem_gen/gnbram.gaxibmg.axi_wr_fsm/gaxi_bid_gen.axi_bid_array_reg_0_3_0_3/RAMA_D1/CLK
Low Pulse Width   Fast    RAMD32/CLK          n/a            1.130         10.000      8.870      SLICE_X56Y116   u_axi_ram/ram/U0/inst_blk_mem_gen/gnbram.gaxibmg.axi_wr_fsm/gaxi_bid_gen.axi_bid_array_reg_0_3_0_3/RAMB/CLK
Low Pulse Width   Fast    RAMD32/CLK          n/a            1.130         10.000      8.870      SLICE_X56Y116   u_axi_ram/ram/U0/inst_blk_mem_gen/gnbram.gaxibmg.axi_wr_fsm/gaxi_bid_gen.axi_bid_array_reg_0_3_0_3/RAMB_D1/CLK
Low Pulse Width   Fast    RAMD32/CLK          n/a            1.130         10.000      8.870      SLICE_X56Y116   u_axi_ram/ram/U0/inst_blk_mem_gen/gnbram.gaxibmg.axi_wr_fsm/gaxi_bid_gen.axi_bid_array_reg_0_3_0_3/RAMC/CLK
Low Pulse Width   Fast    RAMD32/CLK          n/a            1.130         10.000      8.870      SLICE_X56Y116   u_axi_ram/ram/U0/inst_blk_mem_gen/gnbram.gaxibmg.axi_wr_fsm/gaxi_bid_gen.axi_bid_array_reg_0_3_0_3/RAMC_D1/CLK
Low Pulse Width   Fast    RAMS32/CLK          n/a            1.130         10.000      8.870      SLICE_X56Y116   u_axi_ram/ram/U0/inst_blk_mem_gen/gnbram.gaxibmg.axi_wr_fsm/gaxi_bid_gen.axi_bid_array_reg_0_3_0_3/RAMD/CLK
Low Pulse Width   Fast    RAMS32/CLK          n/a            1.130         10.000      8.870      SLICE_X56Y116   u_axi_ram/ram/U0/inst_blk_mem_gen/gnbram.gaxibmg.axi_wr_fsm/gaxi_bid_gen.axi_bid_array_reg_0_3_0_3/RAMD_D1/CLK
Low Pulse Width   Slow    RAMD32/CLK          n/a            1.130         10.000      8.870      SLICE_X56Y116   u_axi_ram/ram/U0/inst_blk_mem_gen/gnbram.gaxibmg.axi_wr_fsm/gaxi_bid_gen.axi_bid_array_reg_0_3_0_3/RAMA/CLK
Low Pulse Width   Slow    RAMD32/CLK          n/a            1.130         10.000      8.870      SLICE_X56Y116   u_axi_ram/ram/U0/inst_blk_mem_gen/gnbram.gaxibmg.axi_wr_fsm/gaxi_bid_gen.axi_bid_array_reg_0_3_0_3/RAMA_D1/CLK
High Pulse Width  Slow    RAMD32/CLK          n/a            1.130         10.000      8.870      SLICE_X56Y116   u_axi_ram/ram/U0/inst_blk_mem_gen/gnbram.gaxibmg.axi_wr_fsm/gaxi_bid_gen.axi_bid_array_reg_0_3_0_3/RAMA/CLK
High Pulse Width  Fast    RAMD32/CLK          n/a            1.130         10.000      8.870      SLICE_X56Y116   u_axi_ram/ram/U0/inst_blk_mem_gen/gnbram.gaxibmg.axi_wr_fsm/gaxi_bid_gen.axi_bid_array_reg_0_3_0_3/RAMA/CLK
High Pulse Width  Slow    RAMD32/CLK          n/a            1.130         10.000      8.870      SLICE_X56Y116   u_axi_ram/ram/U0/inst_blk_mem_gen/gnbram.gaxibmg.axi_wr_fsm/gaxi_bid_gen.axi_bid_array_reg_0_3_0_3/RAMA_D1/CLK
High Pulse Width  Fast    RAMD32/CLK          n/a            1.130         10.000      8.870      SLICE_X56Y116   u_axi_ram/ram/U0/inst_blk_mem_gen/gnbram.gaxibmg.axi_wr_fsm/gaxi_bid_gen.axi_bid_array_reg_0_3_0_3/RAMA_D1/CLK
High Pulse Width  Slow    RAMD32/CLK          n/a            1.130         10.000      8.870      SLICE_X56Y116   u_axi_ram/ram/U0/inst_blk_mem_gen/gnbram.gaxibmg.axi_wr_fsm/gaxi_bid_gen.axi_bid_array_reg_0_3_0_3/RAMB/CLK
High Pulse Width  Fast    RAMD32/CLK          n/a            1.130         10.000      8.870      SLICE_X56Y116   u_axi_ram/ram/U0/inst_blk_mem_gen/gnbram.gaxibmg.axi_wr_fsm/gaxi_bid_gen.axi_bid_array_reg_0_3_0_3/RAMB/CLK
High Pulse Width  Slow    RAMD32/CLK          n/a            1.130         10.000      8.870      SLICE_X56Y116   u_axi_ram/ram/U0/inst_blk_mem_gen/gnbram.gaxibmg.axi_wr_fsm/gaxi_bid_gen.axi_bid_array_reg_0_3_0_3/RAMB_D1/CLK
High Pulse Width  Fast    RAMD32/CLK          n/a            1.130         10.000      8.870      SLICE_X56Y116   u_axi_ram/ram/U0/inst_blk_mem_gen/gnbram.gaxibmg.axi_wr_fsm/gaxi_bid_gen.axi_bid_array_reg_0_3_0_3/RAMB_D1/CLK
High Pulse Width  Slow    RAMD32/CLK          n/a            1.130         10.000      8.870      SLICE_X56Y116   u_axi_ram/ram/U0/inst_blk_mem_gen/gnbram.gaxibmg.axi_wr_fsm/gaxi_bid_gen.axi_bid_array_reg_0_3_0_3/RAMC/CLK
High Pulse Width  Fast    RAMD32/CLK          n/a            1.130         10.000      8.870      SLICE_X56Y116   u_axi_ram/ram/U0/inst_blk_mem_gen/gnbram.gaxibmg.axi_wr_fsm/gaxi_bid_gen.axi_bid_array_reg_0_3_0_3/RAMC/CLK



---------------------------------------------------------------------------------------------------
From Clock:  timer_clk_clk_pll
  To Clock:  timer_clk_clk_pll

Setup :            0  Failing Endpoints,  Worst Slack        6.621ns,  Total Violation        0.000ns
Hold  :            0  Failing Endpoints,  Worst Slack        0.118ns,  Total Violation        0.000ns
PW    :            0  Failing Endpoints,  Worst Slack        4.500ns,  Total Violation        0.000ns
---------------------------------------------------------------------------------------------------


Max Delay Paths
--------------------------------------------------------------------------------------
Slack (MET) :             6.621ns  (required time - arrival time)
  Source:                 u_confreg/write_timer_begin_r3_reg/C
                            (rising edge-triggered cell FDRE clocked by timer_clk_clk_pll  {rise@0.000ns fall@5.000ns period=10.000ns})
  Destination:            u_confreg/timer_reg[31]/D
                            (rising edge-triggered cell FDRE clocked by timer_clk_clk_pll  {rise@0.000ns fall@5.000ns period=10.000ns})
  Path Group:             timer_clk_clk_pll
  Path Type:              Setup (Max at Slow Process Corner)
  Requirement:            10.000ns  (timer_clk_clk_pll rise@10.000ns - timer_clk_clk_pll rise@0.000ns)
  Data Path Delay:        3.376ns  (logic 1.894ns (56.106%)  route 1.482ns (43.894%))
  Logic Levels:           9  (CARRY4=8 LUT4=1)
  Clock Path Skew:        -0.027ns (DCD - SCD + CPR)
    Destination Clock Delay (DCD):    -1.376ns = ( 8.624 - 10.000 ) 
    Source Clock Delay      (SCD):    -1.788ns
    Clock Pessimism Removal (CPR):    -0.439ns
  Clock Uncertainty:      0.077ns  ((TSJ^2 + DJ^2)^1/2) / 2 + PE
    Total System Jitter     (TSJ):    0.071ns
    Discrete Jitter          (DJ):    0.138ns
    Phase Error              (PE):    0.000ns

    Location             Delay type                Incr(ns)  Path(ns)    Netlist Resource(s)
  -------------------------------------------------------------------    -------------------
                         (clock timer_clk_clk_pll rise edge)
                                                      0.000     0.000 r  
    AC19                                              0.000     0.000 r  clk (IN)
                         net (fo=0)                   0.000     0.000    pll.clk_pll/inst/clk_in1
    AC19                 IBUF (Prop_ibuf_I_O)         1.416     1.416 r  pll.clk_pll/inst/clkin1_ibufg/O
                         net (fo=1, routed)           1.404     2.820    pll.clk_pll/inst/clk_in1_clk_pll
    PLLE2_ADV_X0Y2       PLLE2_ADV (Prop_plle2_adv_CLKIN1_CLKOUT1)
                                                     -7.646    -4.825 r  pll.clk_pll/inst/plle2_adv_inst/CLKOUT1
                         net (fo=1, routed)           1.557    -3.269    pll.clk_pll/inst/timer_clk_clk_pll
    BUFGCTRL_X0Y1        BUFG (Prop_bufg_I_O)         0.081    -3.188 r  pll.clk_pll/inst/clkout2_buf/O
                         net (fo=99, routed)          1.400    -1.788    u_confreg/timer_clk
    SLICE_X67Y109        FDRE                                         r  u_confreg/write_timer_begin_r3_reg/C
  -------------------------------------------------------------------    -------------------
    SLICE_X67Y109        FDRE (Prop_fdre_C_Q)         0.348    -1.440 r  u_confreg/write_timer_begin_r3_reg/Q
                         net (fo=33, routed)          1.482     0.042    u_confreg/write_timer_begin_r3
    SLICE_X66Y101        LUT4 (Prop_lut4_I1_O)        0.240     0.282 r  u_confreg/timer[0]_i_5/O
                         net (fo=1, routed)           0.000     0.282    u_confreg/timer[0]_i_5_n_0
    SLICE_X66Y101        CARRY4 (Prop_carry4_S[1]_CO[3])
                                                      0.444     0.726 r  u_confreg/timer_reg[0]_i_1/CO[3]
                         net (fo=1, routed)           0.000     0.726    u_confreg/timer_reg[0]_i_1_n_0
    SLICE_X66Y102        CARRY4 (Prop_carry4_CI_CO[3])
                                                      0.100     0.826 r  u_confreg/timer_reg[4]_i_1/CO[3]
                         net (fo=1, routed)           0.000     0.826    u_confreg/timer_reg[4]_i_1_n_0
    SLICE_X66Y103        CARRY4 (Prop_carry4_CI_CO[3])
                                                      0.100     0.926 r  u_confreg/timer_reg[8]_i_1/CO[3]
                         net (fo=1, routed)           0.000     0.926    u_confreg/timer_reg[8]_i_1_n_0
    SLICE_X66Y104        CARRY4 (Prop_carry4_CI_CO[3])
                                                      0.100     1.026 r  u_confreg/timer_reg[12]_i_1/CO[3]
                         net (fo=1, routed)           0.000     1.026    u_confreg/timer_reg[12]_i_1_n_0
    SLICE_X66Y105        CARRY4 (Prop_carry4_CI_CO[3])
                                                      0.100     1.126 r  u_confreg/timer_reg[16]_i_1/CO[3]
                         net (fo=1, routed)           0.000     1.126    u_confreg/timer_reg[16]_i_1_n_0
    SLICE_X66Y106        CARRY4 (Prop_carry4_CI_CO[3])
                                                      0.100     1.226 r  u_confreg/timer_reg[20]_i_1/CO[3]
                         net (fo=1, routed)           0.000     1.226    u_confreg/timer_reg[20]_i_1_n_0
    SLICE_X66Y107        CARRY4 (Prop_carry4_CI_CO[3])
                                                      0.100     1.326 r  u_confreg/timer_reg[24]_i_1/CO[3]
                         net (fo=1, routed)           0.000     1.326    u_confreg/timer_reg[24]_i_1_n_0
    SLICE_X66Y108        CARRY4 (Prop_carry4_CI_O[3])
                                                      0.262     1.588 r  u_confreg/timer_reg[28]_i_1/O[3]
                         net (fo=1, routed)           0.000     1.588    u_confreg/timer_reg[28]_i_1_n_4
    SLICE_X66Y108        FDRE                                         r  u_confreg/timer_reg[31]/D
  -------------------------------------------------------------------    -------------------

                         (clock timer_clk_clk_pll rise edge)
                                                     10.000    10.000 r  
    AC19                                              0.000    10.000 r  clk (IN)
                         net (fo=0)                   0.000    10.000    pll.clk_pll/inst/clk_in1
    AC19                 IBUF (Prop_ibuf_I_O)         1.350    11.350 r  pll.clk_pll/inst/clkin1_ibufg/O
                         net (fo=1, routed)           1.327    12.677    pll.clk_pll/inst/clk_in1_clk_pll
    PLLE2_ADV_X0Y2       PLLE2_ADV (Prop_plle2_adv_CLKIN1_CLKOUT1)
                                                     -6.905     5.771 r  pll.clk_pll/inst/plle2_adv_inst/CLKOUT1
                         net (fo=1, routed)           1.484     7.256    pll.clk_pll/inst/timer_clk_clk_pll
    BUFGCTRL_X0Y1        BUFG (Prop_bufg_I_O)         0.077     7.333 r  pll.clk_pll/inst/clkout2_buf/O
                         net (fo=99, routed)          1.291     8.624    u_confreg/timer_clk
    SLICE_X66Y108        FDRE                                         r  u_confreg/timer_reg[31]/C
                         clock pessimism             -0.439     8.185    
                         clock uncertainty           -0.077     8.108    
    SLICE_X66Y108        FDRE (Setup_fdre_C_D)        0.101     8.209    u_confreg/timer_reg[31]
  -------------------------------------------------------------------
                         required time                          8.209    
                         arrival time                          -1.588    
  -------------------------------------------------------------------
                         slack                                  6.621    

Slack (MET) :             6.626ns  (required time - arrival time)
  Source:                 u_confreg/write_timer_begin_r3_reg/C
                            (rising edge-triggered cell FDRE clocked by timer_clk_clk_pll  {rise@0.000ns fall@5.000ns period=10.000ns})
  Destination:            u_confreg/timer_reg[29]/D
                            (rising edge-triggered cell FDRE clocked by timer_clk_clk_pll  {rise@0.000ns fall@5.000ns period=10.000ns})
  Path Group:             timer_clk_clk_pll
  Path Type:              Setup (Max at Slow Process Corner)
  Requirement:            10.000ns  (timer_clk_clk_pll rise@10.000ns - timer_clk_clk_pll rise@0.000ns)
  Data Path Delay:        3.371ns  (logic 1.889ns (56.041%)  route 1.482ns (43.959%))
  Logic Levels:           9  (CARRY4=8 LUT4=1)
  Clock Path Skew:        -0.027ns (DCD - SCD + CPR)
    Destination Clock Delay (DCD):    -1.376ns = ( 8.624 - 10.000 ) 
    Source Clock Delay      (SCD):    -1.788ns
    Clock Pessimism Removal (CPR):    -0.439ns
  Clock Uncertainty:      0.077ns  ((TSJ^2 + DJ^2)^1/2) / 2 + PE
    Total System Jitter     (TSJ):    0.071ns
    Discrete Jitter          (DJ):    0.138ns
    Phase Error              (PE):    0.000ns

    Location             Delay type                Incr(ns)  Path(ns)    Netlist Resource(s)
  -------------------------------------------------------------------    -------------------
                         (clock timer_clk_clk_pll rise edge)
                                                      0.000     0.000 r  
    AC19                                              0.000     0.000 r  clk (IN)
                         net (fo=0)                   0.000     0.000    pll.clk_pll/inst/clk_in1
    AC19                 IBUF (Prop_ibuf_I_O)         1.416     1.416 r  pll.clk_pll/inst/clkin1_ibufg/O
                         net (fo=1, routed)           1.404     2.820    pll.clk_pll/inst/clk_in1_clk_pll
    PLLE2_ADV_X0Y2       PLLE2_ADV (Prop_plle2_adv_CLKIN1_CLKOUT1)
                                                     -7.646    -4.825 r  pll.clk_pll/inst/plle2_adv_inst/CLKOUT1
                         net (fo=1, routed)           1.557    -3.269    pll.clk_pll/inst/timer_clk_clk_pll
    BUFGCTRL_X0Y1        BUFG (Prop_bufg_I_O)         0.081    -3.188 r  pll.clk_pll/inst/clkout2_buf/O
                         net (fo=99, routed)          1.400    -1.788    u_confreg/timer_clk
    SLICE_X67Y109        FDRE                                         r  u_confreg/write_timer_begin_r3_reg/C
  -------------------------------------------------------------------    -------------------
    SLICE_X67Y109        FDRE (Prop_fdre_C_Q)         0.348    -1.440 r  u_confreg/write_timer_begin_r3_reg/Q
                         net (fo=33, routed)          1.482     0.042    u_confreg/write_timer_begin_r3
    SLICE_X66Y101        LUT4 (Prop_lut4_I1_O)        0.240     0.282 r  u_confreg/timer[0]_i_5/O
                         net (fo=1, routed)           0.000     0.282    u_confreg/timer[0]_i_5_n_0
    SLICE_X66Y101        CARRY4 (Prop_carry4_S[1]_CO[3])
                                                      0.444     0.726 r  u_confreg/timer_reg[0]_i_1/CO[3]
                         net (fo=1, routed)           0.000     0.726    u_confreg/timer_reg[0]_i_1_n_0
    SLICE_X66Y102        CARRY4 (Prop_carry4_CI_CO[3])
                                                      0.100     0.826 r  u_confreg/timer_reg[4]_i_1/CO[3]
                         net (fo=1, routed)           0.000     0.826    u_confreg/timer_reg[4]_i_1_n_0
    SLICE_X66Y103        CARRY4 (Prop_carry4_CI_CO[3])
                                                      0.100     0.926 r  u_confreg/timer_reg[8]_i_1/CO[3]
                         net (fo=1, routed)           0.000     0.926    u_confreg/timer_reg[8]_i_1_n_0
    SLICE_X66Y104        CARRY4 (Prop_carry4_CI_CO[3])
                                                      0.100     1.026 r  u_confreg/timer_reg[12]_i_1/CO[3]
                         net (fo=1, routed)           0.000     1.026    u_confreg/timer_reg[12]_i_1_n_0
    SLICE_X66Y105        CARRY4 (Prop_carry4_CI_CO[3])
                                                      0.100     1.126 r  u_confreg/timer_reg[16]_i_1/CO[3]
                         net (fo=1, routed)           0.000     1.126    u_confreg/timer_reg[16]_i_1_n_0
    SLICE_X66Y106        CARRY4 (Prop_carry4_CI_CO[3])
                                                      0.100     1.226 r  u_confreg/timer_reg[20]_i_1/CO[3]
                         net (fo=1, routed)           0.000     1.226    u_confreg/timer_reg[20]_i_1_n_0
    SLICE_X66Y107        CARRY4 (Prop_carry4_CI_CO[3])
                                                      0.100     1.326 r  u_confreg/timer_reg[24]_i_1/CO[3]
                         net (fo=1, routed)           0.000     1.326    u_confreg/timer_reg[24]_i_1_n_0
    SLICE_X66Y108        CARRY4 (Prop_carry4_CI_O[1])
                                                      0.257     1.583 r  u_confreg/timer_reg[28]_i_1/O[1]
                         net (fo=1, routed)           0.000     1.583    u_confreg/timer_reg[28]_i_1_n_6
    SLICE_X66Y108        FDRE                                         r  u_confreg/timer_reg[29]/D
  -------------------------------------------------------------------    -------------------

                         (clock timer_clk_clk_pll rise edge)
                                                     10.000    10.000 r  
    AC19                                              0.000    10.000 r  clk (IN)
                         net (fo=0)                   0.000    10.000    pll.clk_pll/inst/clk_in1
    AC19                 IBUF (Prop_ibuf_I_O)         1.350    11.350 r  pll.clk_pll/inst/clkin1_ibufg/O
                         net (fo=1, routed)           1.327    12.677    pll.clk_pll/inst/clk_in1_clk_pll
    PLLE2_ADV_X0Y2       PLLE2_ADV (Prop_plle2_adv_CLKIN1_CLKOUT1)
                                                     -6.905     5.771 r  pll.clk_pll/inst/plle2_adv_inst/CLKOUT1
                         net (fo=1, routed)           1.484     7.256    pll.clk_pll/inst/timer_clk_clk_pll
    BUFGCTRL_X0Y1        BUFG (Prop_bufg_I_O)         0.077     7.333 r  pll.clk_pll/inst/clkout2_buf/O
                         net (fo=99, routed)          1.291     8.624    u_confreg/timer_clk
    SLICE_X66Y108        FDRE                                         r  u_confreg/timer_reg[29]/C
                         clock pessimism             -0.439     8.185    
                         clock uncertainty           -0.077     8.108    
    SLICE_X66Y108        FDRE (Setup_fdre_C_D)        0.101     8.209    u_confreg/timer_reg[29]
  -------------------------------------------------------------------
                         required time                          8.209    
                         arrival time                          -1.583    
  -------------------------------------------------------------------
                         slack                                  6.626    

Slack (MET) :             6.684ns  (required time - arrival time)
  Source:                 u_confreg/write_timer_begin_r3_reg/C
                            (rising edge-triggered cell FDRE clocked by timer_clk_clk_pll  {rise@0.000ns fall@5.000ns period=10.000ns})
  Destination:            u_confreg/timer_reg[30]/D
                            (rising edge-triggered cell FDRE clocked by timer_clk_clk_pll  {rise@0.000ns fall@5.000ns period=10.000ns})
  Path Group:             timer_clk_clk_pll
  Path Type:              Setup (Max at Slow Process Corner)
  Requirement:            10.000ns  (timer_clk_clk_pll rise@10.000ns - timer_clk_clk_pll rise@0.000ns)
  Data Path Delay:        3.313ns  (logic 1.831ns (55.271%)  route 1.482ns (44.729%))
  Logic Levels:           9  (CARRY4=8 LUT4=1)
  Clock Path Skew:        -0.027ns (DCD - SCD + CPR)
    Destination Clock Delay (DCD):    -1.376ns = ( 8.624 - 10.000 ) 
    Source Clock Delay      (SCD):    -1.788ns
    Clock Pessimism Removal (CPR):    -0.439ns
  Clock Uncertainty:      0.077ns  ((TSJ^2 + DJ^2)^1/2) / 2 + PE
    Total System Jitter     (TSJ):    0.071ns
    Discrete Jitter          (DJ):    0.138ns
    Phase Error              (PE):    0.000ns

    Location             Delay type                Incr(ns)  Path(ns)    Netlist Resource(s)
  -------------------------------------------------------------------    -------------------
                         (clock timer_clk_clk_pll rise edge)
                                                      0.000     0.000 r  
    AC19                                              0.000     0.000 r  clk (IN)
                         net (fo=0)                   0.000     0.000    pll.clk_pll/inst/clk_in1
    AC19                 IBUF (Prop_ibuf_I_O)         1.416     1.416 r  pll.clk_pll/inst/clkin1_ibufg/O
                         net (fo=1, routed)           1.404     2.820    pll.clk_pll/inst/clk_in1_clk_pll
    PLLE2_ADV_X0Y2       PLLE2_ADV (Prop_plle2_adv_CLKIN1_CLKOUT1)
                                                     -7.646    -4.825 r  pll.clk_pll/inst/plle2_adv_inst/CLKOUT1
                         net (fo=1, routed)           1.557    -3.269    pll.clk_pll/inst/timer_clk_clk_pll
    BUFGCTRL_X0Y1        BUFG (Prop_bufg_I_O)         0.081    -3.188 r  pll.clk_pll/inst/clkout2_buf/O
                         net (fo=99, routed)          1.400    -1.788    u_confreg/timer_clk
    SLICE_X67Y109        FDRE                                         r  u_confreg/write_timer_begin_r3_reg/C
  -------------------------------------------------------------------    -------------------
    SLICE_X67Y109        FDRE (Prop_fdre_C_Q)         0.348    -1.440 r  u_confreg/write_timer_begin_r3_reg/Q
                         net (fo=33, routed)          1.482     0.042    u_confreg/write_timer_begin_r3
    SLICE_X66Y101        LUT4 (Prop_lut4_I1_O)        0.240     0.282 r  u_confreg/timer[0]_i_5/O
                         net (fo=1, routed)           0.000     0.282    u_confreg/timer[0]_i_5_n_0
    SLICE_X66Y101        CARRY4 (Prop_carry4_S[1]_CO[3])
                                                      0.444     0.726 r  u_confreg/timer_reg[0]_i_1/CO[3]
                         net (fo=1, routed)           0.000     0.726    u_confreg/timer_reg[0]_i_1_n_0
    SLICE_X66Y102        CARRY4 (Prop_carry4_CI_CO[3])
                                                      0.100     0.826 r  u_confreg/timer_reg[4]_i_1/CO[3]
                         net (fo=1, routed)           0.000     0.826    u_confreg/timer_reg[4]_i_1_n_0
    SLICE_X66Y103        CARRY4 (Prop_carry4_CI_CO[3])
                                                      0.100     0.926 r  u_confreg/timer_reg[8]_i_1/CO[3]
                         net (fo=1, routed)           0.000     0.926    u_confreg/timer_reg[8]_i_1_n_0
    SLICE_X66Y104        CARRY4 (Prop_carry4_CI_CO[3])
                                                      0.100     1.026 r  u_confreg/timer_reg[12]_i_1/CO[3]
                         net (fo=1, routed)           0.000     1.026    u_confreg/timer_reg[12]_i_1_n_0
    SLICE_X66Y105        CARRY4 (Prop_carry4_CI_CO[3])
                                                      0.100     1.126 r  u_confreg/timer_reg[16]_i_1/CO[3]
                         net (fo=1, routed)           0.000     1.126    u_confreg/timer_reg[16]_i_1_n_0
    SLICE_X66Y106        CARRY4 (Prop_carry4_CI_CO[3])
                                                      0.100     1.226 r  u_confreg/timer_reg[20]_i_1/CO[3]
                         net (fo=1, routed)           0.000     1.226    u_confreg/timer_reg[20]_i_1_n_0
    SLICE_X66Y107        CARRY4 (Prop_carry4_CI_CO[3])
                                                      0.100     1.326 r  u_confreg/timer_reg[24]_i_1/CO[3]
                         net (fo=1, routed)           0.000     1.326    u_confreg/timer_reg[24]_i_1_n_0
    SLICE_X66Y108        CARRY4 (Prop_carry4_CI_O[2])
                                                      0.199     1.525 r  u_confreg/timer_reg[28]_i_1/O[2]
                         net (fo=1, routed)           0.000     1.525    u_confreg/timer_reg[28]_i_1_n_5
    SLICE_X66Y108        FDRE                                         r  u_confreg/timer_reg[30]/D
  -------------------------------------------------------------------    -------------------

                         (clock timer_clk_clk_pll rise edge)
                                                     10.000    10.000 r  
    AC19                                              0.000    10.000 r  clk (IN)
                         net (fo=0)                   0.000    10.000    pll.clk_pll/inst/clk_in1
    AC19                 IBUF (Prop_ibuf_I_O)         1.350    11.350 r  pll.clk_pll/inst/clkin1_ibufg/O
                         net (fo=1, routed)           1.327    12.677    pll.clk_pll/inst/clk_in1_clk_pll
    PLLE2_ADV_X0Y2       PLLE2_ADV (Prop_plle2_adv_CLKIN1_CLKOUT1)
                                                     -6.905     5.771 r  pll.clk_pll/inst/plle2_adv_inst/CLKOUT1
                         net (fo=1, routed)           1.484     7.256    pll.clk_pll/inst/timer_clk_clk_pll
    BUFGCTRL_X0Y1        BUFG (Prop_bufg_I_O)         0.077     7.333 r  pll.clk_pll/inst/clkout2_buf/O
                         net (fo=99, routed)          1.291     8.624    u_confreg/timer_clk
    SLICE_X66Y108        FDRE                                         r  u_confreg/timer_reg[30]/C
                         clock pessimism             -0.439     8.185    
                         clock uncertainty           -0.077     8.108    
    SLICE_X66Y108        FDRE (Setup_fdre_C_D)        0.101     8.209    u_confreg/timer_reg[30]
  -------------------------------------------------------------------
                         required time                          8.209    
                         arrival time                          -1.525    
  -------------------------------------------------------------------
                         slack                                  6.684    

Slack (MET) :             6.705ns  (required time - arrival time)
  Source:                 u_confreg/write_timer_begin_r3_reg/C
                            (rising edge-triggered cell FDRE clocked by timer_clk_clk_pll  {rise@0.000ns fall@5.000ns period=10.000ns})
  Destination:            u_confreg/timer_reg[28]/D
                            (rising edge-triggered cell FDRE clocked by timer_clk_clk_pll  {rise@0.000ns fall@5.000ns period=10.000ns})
  Path Group:             timer_clk_clk_pll
  Path Type:              Setup (Max at Slow Process Corner)
  Requirement:            10.000ns  (timer_clk_clk_pll rise@10.000ns - timer_clk_clk_pll rise@0.000ns)
  Data Path Delay:        3.292ns  (logic 1.810ns (54.986%)  route 1.482ns (45.014%))
  Logic Levels:           9  (CARRY4=8 LUT4=1)
  Clock Path Skew:        -0.027ns (DCD - SCD + CPR)
    Destination Clock Delay (DCD):    -1.376ns = ( 8.624 - 10.000 ) 
    Source Clock Delay      (SCD):    -1.788ns
    Clock Pessimism Removal (CPR):    -0.439ns
  Clock Uncertainty:      0.077ns  ((TSJ^2 + DJ^2)^1/2) / 2 + PE
    Total System Jitter     (TSJ):    0.071ns
    Discrete Jitter          (DJ):    0.138ns
    Phase Error              (PE):    0.000ns

    Location             Delay type                Incr(ns)  Path(ns)    Netlist Resource(s)
  -------------------------------------------------------------------    -------------------
                         (clock timer_clk_clk_pll rise edge)
                                                      0.000     0.000 r  
    AC19                                              0.000     0.000 r  clk (IN)
                         net (fo=0)                   0.000     0.000    pll.clk_pll/inst/clk_in1
    AC19                 IBUF (Prop_ibuf_I_O)         1.416     1.416 r  pll.clk_pll/inst/clkin1_ibufg/O
                         net (fo=1, routed)           1.404     2.820    pll.clk_pll/inst/clk_in1_clk_pll
    PLLE2_ADV_X0Y2       PLLE2_ADV (Prop_plle2_adv_CLKIN1_CLKOUT1)
                                                     -7.646    -4.825 r  pll.clk_pll/inst/plle2_adv_inst/CLKOUT1
                         net (fo=1, routed)           1.557    -3.269    pll.clk_pll/inst/timer_clk_clk_pll
    BUFGCTRL_X0Y1        BUFG (Prop_bufg_I_O)         0.081    -3.188 r  pll.clk_pll/inst/clkout2_buf/O
                         net (fo=99, routed)          1.400    -1.788    u_confreg/timer_clk
    SLICE_X67Y109        FDRE                                         r  u_confreg/write_timer_begin_r3_reg/C
  -------------------------------------------------------------------    -------------------
    SLICE_X67Y109        FDRE (Prop_fdre_C_Q)         0.348    -1.440 r  u_confreg/write_timer_begin_r3_reg/Q
                         net (fo=33, routed)          1.482     0.042    u_confreg/write_timer_begin_r3
    SLICE_X66Y101        LUT4 (Prop_lut4_I1_O)        0.240     0.282 r  u_confreg/timer[0]_i_5/O
                         net (fo=1, routed)           0.000     0.282    u_confreg/timer[0]_i_5_n_0
    SLICE_X66Y101        CARRY4 (Prop_carry4_S[1]_CO[3])
                                                      0.444     0.726 r  u_confreg/timer_reg[0]_i_1/CO[3]
                         net (fo=1, routed)           0.000     0.726    u_confreg/timer_reg[0]_i_1_n_0
    SLICE_X66Y102        CARRY4 (Prop_carry4_CI_CO[3])
                                                      0.100     0.826 r  u_confreg/timer_reg[4]_i_1/CO[3]
                         net (fo=1, routed)           0.000     0.826    u_confreg/timer_reg[4]_i_1_n_0
    SLICE_X66Y103        CARRY4 (Prop_carry4_CI_CO[3])
                                                      0.100     0.926 r  u_confreg/timer_reg[8]_i_1/CO[3]
                         net (fo=1, routed)           0.000     0.926    u_confreg/timer_reg[8]_i_1_n_0
    SLICE_X66Y104        CARRY4 (Prop_carry4_CI_CO[3])
                                                      0.100     1.026 r  u_confreg/timer_reg[12]_i_1/CO[3]
                         net (fo=1, routed)           0.000     1.026    u_confreg/timer_reg[12]_i_1_n_0
    SLICE_X66Y105        CARRY4 (Prop_carry4_CI_CO[3])
                                                      0.100     1.126 r  u_confreg/timer_reg[16]_i_1/CO[3]
                         net (fo=1, routed)           0.000     1.126    u_confreg/timer_reg[16]_i_1_n_0
    SLICE_X66Y106        CARRY4 (Prop_carry4_CI_CO[3])
                                                      0.100     1.226 r  u_confreg/timer_reg[20]_i_1/CO[3]
                         net (fo=1, routed)           0.000     1.226    u_confreg/timer_reg[20]_i_1_n_0
    SLICE_X66Y107        CARRY4 (Prop_carry4_CI_CO[3])
                                                      0.100     1.326 r  u_confreg/timer_reg[24]_i_1/CO[3]
                         net (fo=1, routed)           0.000     1.326    u_confreg/timer_reg[24]_i_1_n_0
    SLICE_X66Y108        CARRY4 (Prop_carry4_CI_O[0])
                                                      0.178     1.504 r  u_confreg/timer_reg[28]_i_1/O[0]
                         net (fo=1, routed)           0.000     1.504    u_confreg/timer_reg[28]_i_1_n_7
    SLICE_X66Y108        FDRE                                         r  u_confreg/timer_reg[28]/D
  -------------------------------------------------------------------    -------------------

                         (clock timer_clk_clk_pll rise edge)
                                                     10.000    10.000 r  
    AC19                                              0.000    10.000 r  clk (IN)
                         net (fo=0)                   0.000    10.000    pll.clk_pll/inst/clk_in1
    AC19                 IBUF (Prop_ibuf_I_O)         1.350    11.350 r  pll.clk_pll/inst/clkin1_ibufg/O
                         net (fo=1, routed)           1.327    12.677    pll.clk_pll/inst/clk_in1_clk_pll
    PLLE2_ADV_X0Y2       PLLE2_ADV (Prop_plle2_adv_CLKIN1_CLKOUT1)
                                                     -6.905     5.771 r  pll.clk_pll/inst/plle2_adv_inst/CLKOUT1
                         net (fo=1, routed)           1.484     7.256    pll.clk_pll/inst/timer_clk_clk_pll
    BUFGCTRL_X0Y1        BUFG (Prop_bufg_I_O)         0.077     7.333 r  pll.clk_pll/inst/clkout2_buf/O
                         net (fo=99, routed)          1.291     8.624    u_confreg/timer_clk
    SLICE_X66Y108        FDRE                                         r  u_confreg/timer_reg[28]/C
                         clock pessimism             -0.439     8.185    
                         clock uncertainty           -0.077     8.108    
    SLICE_X66Y108        FDRE (Setup_fdre_C_D)        0.101     8.209    u_confreg/timer_reg[28]
  -------------------------------------------------------------------
                         required time                          8.209    
                         arrival time                          -1.504    
  -------------------------------------------------------------------
                         slack                                  6.705    

Slack (MET) :             6.722ns  (required time - arrival time)
  Source:                 u_confreg/write_timer_begin_r3_reg/C
                            (rising edge-triggered cell FDRE clocked by timer_clk_clk_pll  {rise@0.000ns fall@5.000ns period=10.000ns})
  Destination:            u_confreg/timer_reg[27]/D
                            (rising edge-triggered cell FDRE clocked by timer_clk_clk_pll  {rise@0.000ns fall@5.000ns period=10.000ns})
  Path Group:             timer_clk_clk_pll
  Path Type:              Setup (Max at Slow Process Corner)
  Requirement:            10.000ns  (timer_clk_clk_pll rise@10.000ns - timer_clk_clk_pll rise@0.000ns)
  Data Path Delay:        3.276ns  (logic 1.794ns (54.766%)  route 1.482ns (45.234%))
  Logic Levels:           8  (CARRY4=7 LUT4=1)
  Clock Path Skew:        -0.026ns (DCD - SCD + CPR)
    Destination Clock Delay (DCD):    -1.375ns = ( 8.625 - 10.000 ) 
    Source Clock Delay      (SCD):    -1.788ns
    Clock Pessimism Removal (CPR):    -0.439ns
  Clock Uncertainty:      0.077ns  ((TSJ^2 + DJ^2)^1/2) / 2 + PE
    Total System Jitter     (TSJ):    0.071ns
    Discrete Jitter          (DJ):    0.138ns
    Phase Error              (PE):    0.000ns

    Location             Delay type                Incr(ns)  Path(ns)    Netlist Resource(s)
  -------------------------------------------------------------------    -------------------
                         (clock timer_clk_clk_pll rise edge)
                                                      0.000     0.000 r  
    AC19                                              0.000     0.000 r  clk (IN)
                         net (fo=0)                   0.000     0.000    pll.clk_pll/inst/clk_in1
    AC19                 IBUF (Prop_ibuf_I_O)         1.416     1.416 r  pll.clk_pll/inst/clkin1_ibufg/O
                         net (fo=1, routed)           1.404     2.820    pll.clk_pll/inst/clk_in1_clk_pll
    PLLE2_ADV_X0Y2       PLLE2_ADV (Prop_plle2_adv_CLKIN1_CLKOUT1)
                                                     -7.646    -4.825 r  pll.clk_pll/inst/plle2_adv_inst/CLKOUT1
                         net (fo=1, routed)           1.557    -3.269    pll.clk_pll/inst/timer_clk_clk_pll
    BUFGCTRL_X0Y1        BUFG (Prop_bufg_I_O)         0.081    -3.188 r  pll.clk_pll/inst/clkout2_buf/O
                         net (fo=99, routed)          1.400    -1.788    u_confreg/timer_clk
    SLICE_X67Y109        FDRE                                         r  u_confreg/write_timer_begin_r3_reg/C
  -------------------------------------------------------------------    -------------------
    SLICE_X67Y109        FDRE (Prop_fdre_C_Q)         0.348    -1.440 r  u_confreg/write_timer_begin_r3_reg/Q
                         net (fo=33, routed)          1.482     0.042    u_confreg/write_timer_begin_r3
    SLICE_X66Y101        LUT4 (Prop_lut4_I1_O)        0.240     0.282 r  u_confreg/timer[0]_i_5/O
                         net (fo=1, routed)           0.000     0.282    u_confreg/timer[0]_i_5_n_0
    SLICE_X66Y101        CARRY4 (Prop_carry4_S[1]_CO[3])
                                                      0.444     0.726 r  u_confreg/timer_reg[0]_i_1/CO[3]
                         net (fo=1, routed)           0.000     0.726    u_confreg/timer_reg[0]_i_1_n_0
    SLICE_X66Y102        CARRY4 (Prop_carry4_CI_CO[3])
                                                      0.100     0.826 r  u_confreg/timer_reg[4]_i_1/CO[3]
                         net (fo=1, routed)           0.000     0.826    u_confreg/timer_reg[4]_i_1_n_0
    SLICE_X66Y103        CARRY4 (Prop_carry4_CI_CO[3])
                                                      0.100     0.926 r  u_confreg/timer_reg[8]_i_1/CO[3]
                         net (fo=1, routed)           0.000     0.926    u_confreg/timer_reg[8]_i_1_n_0
    SLICE_X66Y104        CARRY4 (Prop_carry4_CI_CO[3])
                                                      0.100     1.026 r  u_confreg/timer_reg[12]_i_1/CO[3]
                         net (fo=1, routed)           0.000     1.026    u_confreg/timer_reg[12]_i_1_n_0
    SLICE_X66Y105        CARRY4 (Prop_carry4_CI_CO[3])
                                                      0.100     1.126 r  u_confreg/timer_reg[16]_i_1/CO[3]
                         net (fo=1, routed)           0.000     1.126    u_confreg/timer_reg[16]_i_1_n_0
    SLICE_X66Y106        CARRY4 (Prop_carry4_CI_CO[3])
                                                      0.100     1.226 r  u_confreg/timer_reg[20]_i_1/CO[3]
                         net (fo=1, routed)           0.000     1.226    u_confreg/timer_reg[20]_i_1_n_0
    SLICE_X66Y107        CARRY4 (Prop_carry4_CI_O[3])
                                                      0.262     1.488 r  u_confreg/timer_reg[24]_i_1/O[3]
                         net (fo=1, routed)           0.000     1.488    u_confreg/timer_reg[24]_i_1_n_4
    SLICE_X66Y107        FDRE                                         r  u_confreg/timer_reg[27]/D
  -------------------------------------------------------------------    -------------------

                         (clock timer_clk_clk_pll rise edge)
                                                     10.000    10.000 r  
    AC19                                              0.000    10.000 r  clk (IN)
                         net (fo=0)                   0.000    10.000    pll.clk_pll/inst/clk_in1
    AC19                 IBUF (Prop_ibuf_I_O)         1.350    11.350 r  pll.clk_pll/inst/clkin1_ibufg/O
                         net (fo=1, routed)           1.327    12.677    pll.clk_pll/inst/clk_in1_clk_pll
    PLLE2_ADV_X0Y2       PLLE2_ADV (Prop_plle2_adv_CLKIN1_CLKOUT1)
                                                     -6.905     5.771 r  pll.clk_pll/inst/plle2_adv_inst/CLKOUT1
                         net (fo=1, routed)           1.484     7.256    pll.clk_pll/inst/timer_clk_clk_pll
    BUFGCTRL_X0Y1        BUFG (Prop_bufg_I_O)         0.077     7.333 r  pll.clk_pll/inst/clkout2_buf/O
                         net (fo=99, routed)          1.292     8.625    u_confreg/timer_clk
    SLICE_X66Y107        FDRE                                         r  u_confreg/timer_reg[27]/C
                         clock pessimism             -0.439     8.186    
                         clock uncertainty           -0.077     8.109    
    SLICE_X66Y107        FDRE (Setup_fdre_C_D)        0.101     8.210    u_confreg/timer_reg[27]
  -------------------------------------------------------------------
                         required time                          8.210    
                         arrival time                          -1.488    
  -------------------------------------------------------------------
                         slack                                  6.722    

Slack (MET) :             6.727ns  (required time - arrival time)
  Source:                 u_confreg/write_timer_begin_r3_reg/C
                            (rising edge-triggered cell FDRE clocked by timer_clk_clk_pll  {rise@0.000ns fall@5.000ns period=10.000ns})
  Destination:            u_confreg/timer_reg[25]/D
                            (rising edge-triggered cell FDRE clocked by timer_clk_clk_pll  {rise@0.000ns fall@5.000ns period=10.000ns})
  Path Group:             timer_clk_clk_pll
  Path Type:              Setup (Max at Slow Process Corner)
  Requirement:            10.000ns  (timer_clk_clk_pll rise@10.000ns - timer_clk_clk_pll rise@0.000ns)
  Data Path Delay:        3.271ns  (logic 1.789ns (54.697%)  route 1.482ns (45.303%))
  Logic Levels:           8  (CARRY4=7 LUT4=1)
  Clock Path Skew:        -0.026ns (DCD - SCD + CPR)
    Destination Clock Delay (DCD):    -1.375ns = ( 8.625 - 10.000 ) 
    Source Clock Delay      (SCD):    -1.788ns
    Clock Pessimism Removal (CPR):    -0.439ns
  Clock Uncertainty:      0.077ns  ((TSJ^2 + DJ^2)^1/2) / 2 + PE
    Total System Jitter     (TSJ):    0.071ns
    Discrete Jitter          (DJ):    0.138ns
    Phase Error              (PE):    0.000ns

    Location             Delay type                Incr(ns)  Path(ns)    Netlist Resource(s)
  -------------------------------------------------------------------    -------------------
                         (clock timer_clk_clk_pll rise edge)
                                                      0.000     0.000 r  
    AC19                                              0.000     0.000 r  clk (IN)
                         net (fo=0)                   0.000     0.000    pll.clk_pll/inst/clk_in1
    AC19                 IBUF (Prop_ibuf_I_O)         1.416     1.416 r  pll.clk_pll/inst/clkin1_ibufg/O
                         net (fo=1, routed)           1.404     2.820    pll.clk_pll/inst/clk_in1_clk_pll
    PLLE2_ADV_X0Y2       PLLE2_ADV (Prop_plle2_adv_CLKIN1_CLKOUT1)
                                                     -7.646    -4.825 r  pll.clk_pll/inst/plle2_adv_inst/CLKOUT1
                         net (fo=1, routed)           1.557    -3.269    pll.clk_pll/inst/timer_clk_clk_pll
    BUFGCTRL_X0Y1        BUFG (Prop_bufg_I_O)         0.081    -3.188 r  pll.clk_pll/inst/clkout2_buf/O
                         net (fo=99, routed)          1.400    -1.788    u_confreg/timer_clk
    SLICE_X67Y109        FDRE                                         r  u_confreg/write_timer_begin_r3_reg/C
  -------------------------------------------------------------------    -------------------
    SLICE_X67Y109        FDRE (Prop_fdre_C_Q)         0.348    -1.440 r  u_confreg/write_timer_begin_r3_reg/Q
                         net (fo=33, routed)          1.482     0.042    u_confreg/write_timer_begin_r3
    SLICE_X66Y101        LUT4 (Prop_lut4_I1_O)        0.240     0.282 r  u_confreg/timer[0]_i_5/O
                         net (fo=1, routed)           0.000     0.282    u_confreg/timer[0]_i_5_n_0
    SLICE_X66Y101        CARRY4 (Prop_carry4_S[1]_CO[3])
                                                      0.444     0.726 r  u_confreg/timer_reg[0]_i_1/CO[3]
                         net (fo=1, routed)           0.000     0.726    u_confreg/timer_reg[0]_i_1_n_0
    SLICE_X66Y102        CARRY4 (Prop_carry4_CI_CO[3])
                                                      0.100     0.826 r  u_confreg/timer_reg[4]_i_1/CO[3]
                         net (fo=1, routed)           0.000     0.826    u_confreg/timer_reg[4]_i_1_n_0
    SLICE_X66Y103        CARRY4 (Prop_carry4_CI_CO[3])
                                                      0.100     0.926 r  u_confreg/timer_reg[8]_i_1/CO[3]
                         net (fo=1, routed)           0.000     0.926    u_confreg/timer_reg[8]_i_1_n_0
    SLICE_X66Y104        CARRY4 (Prop_carry4_CI_CO[3])
                                                      0.100     1.026 r  u_confreg/timer_reg[12]_i_1/CO[3]
                         net (fo=1, routed)           0.000     1.026    u_confreg/timer_reg[12]_i_1_n_0
    SLICE_X66Y105        CARRY4 (Prop_carry4_CI_CO[3])
                                                      0.100     1.126 r  u_confreg/timer_reg[16]_i_1/CO[3]
                         net (fo=1, routed)           0.000     1.126    u_confreg/timer_reg[16]_i_1_n_0
    SLICE_X66Y106        CARRY4 (Prop_carry4_CI_CO[3])
                                                      0.100     1.226 r  u_confreg/timer_reg[20]_i_1/CO[3]
                         net (fo=1, routed)           0.000     1.226    u_confreg/timer_reg[20]_i_1_n_0
    SLICE_X66Y107        CARRY4 (Prop_carry4_CI_O[1])
                                                      0.257     1.483 r  u_confreg/timer_reg[24]_i_1/O[1]
                         net (fo=1, routed)           0.000     1.483    u_confreg/timer_reg[24]_i_1_n_6
    SLICE_X66Y107        FDRE                                         r  u_confreg/timer_reg[25]/D
  -------------------------------------------------------------------    -------------------

                         (clock timer_clk_clk_pll rise edge)
                                                     10.000    10.000 r  
    AC19                                              0.000    10.000 r  clk (IN)
                         net (fo=0)                   0.000    10.000    pll.clk_pll/inst/clk_in1
    AC19                 IBUF (Prop_ibuf_I_O)         1.350    11.350 r  pll.clk_pll/inst/clkin1_ibufg/O
                         net (fo=1, routed)           1.327    12.677    pll.clk_pll/inst/clk_in1_clk_pll
    PLLE2_ADV_X0Y2       PLLE2_ADV (Prop_plle2_adv_CLKIN1_CLKOUT1)
                                                     -6.905     5.771 r  pll.clk_pll/inst/plle2_adv_inst/CLKOUT1
                         net (fo=1, routed)           1.484     7.256    pll.clk_pll/inst/timer_clk_clk_pll
    BUFGCTRL_X0Y1        BUFG (Prop_bufg_I_O)         0.077     7.333 r  pll.clk_pll/inst/clkout2_buf/O
                         net (fo=99, routed)          1.292     8.625    u_confreg/timer_clk
    SLICE_X66Y107        FDRE                                         r  u_confreg/timer_reg[25]/C
                         clock pessimism             -0.439     8.186    
                         clock uncertainty           -0.077     8.109    
    SLICE_X66Y107        FDRE (Setup_fdre_C_D)        0.101     8.210    u_confreg/timer_reg[25]
  -------------------------------------------------------------------
                         required time                          8.210    
                         arrival time                          -1.483    
  -------------------------------------------------------------------
                         slack                                  6.727    

Slack (MET) :             6.785ns  (required time - arrival time)
  Source:                 u_confreg/write_timer_begin_r3_reg/C
                            (rising edge-triggered cell FDRE clocked by timer_clk_clk_pll  {rise@0.000ns fall@5.000ns period=10.000ns})
  Destination:            u_confreg/timer_reg[26]/D
                            (rising edge-triggered cell FDRE clocked by timer_clk_clk_pll  {rise@0.000ns fall@5.000ns period=10.000ns})
  Path Group:             timer_clk_clk_pll
  Path Type:              Setup (Max at Slow Process Corner)
  Requirement:            10.000ns  (timer_clk_clk_pll rise@10.000ns - timer_clk_clk_pll rise@0.000ns)
  Data Path Delay:        3.213ns  (logic 1.731ns (53.879%)  route 1.482ns (46.121%))
  Logic Levels:           8  (CARRY4=7 LUT4=1)
  Clock Path Skew:        -0.026ns (DCD - SCD + CPR)
    Destination Clock Delay (DCD):    -1.375ns = ( 8.625 - 10.000 ) 
    Source Clock Delay      (SCD):    -1.788ns
    Clock Pessimism Removal (CPR):    -0.439ns
  Clock Uncertainty:      0.077ns  ((TSJ^2 + DJ^2)^1/2) / 2 + PE
    Total System Jitter     (TSJ):    0.071ns
    Discrete Jitter          (DJ):    0.138ns
    Phase Error              (PE):    0.000ns

    Location             Delay type                Incr(ns)  Path(ns)    Netlist Resource(s)
  -------------------------------------------------------------------    -------------------
                         (clock timer_clk_clk_pll rise edge)
                                                      0.000     0.000 r  
    AC19                                              0.000     0.000 r  clk (IN)
                         net (fo=0)                   0.000     0.000    pll.clk_pll/inst/clk_in1
    AC19                 IBUF (Prop_ibuf_I_O)         1.416     1.416 r  pll.clk_pll/inst/clkin1_ibufg/O
                         net (fo=1, routed)           1.404     2.820    pll.clk_pll/inst/clk_in1_clk_pll
    PLLE2_ADV_X0Y2       PLLE2_ADV (Prop_plle2_adv_CLKIN1_CLKOUT1)
                                                     -7.646    -4.825 r  pll.clk_pll/inst/plle2_adv_inst/CLKOUT1
                         net (fo=1, routed)           1.557    -3.269    pll.clk_pll/inst/timer_clk_clk_pll
    BUFGCTRL_X0Y1        BUFG (Prop_bufg_I_O)         0.081    -3.188 r  pll.clk_pll/inst/clkout2_buf/O
                         net (fo=99, routed)          1.400    -1.788    u_confreg/timer_clk
    SLICE_X67Y109        FDRE                                         r  u_confreg/write_timer_begin_r3_reg/C
  -------------------------------------------------------------------    -------------------
    SLICE_X67Y109        FDRE (Prop_fdre_C_Q)         0.348    -1.440 r  u_confreg/write_timer_begin_r3_reg/Q
                         net (fo=33, routed)          1.482     0.042    u_confreg/write_timer_begin_r3
    SLICE_X66Y101        LUT4 (Prop_lut4_I1_O)        0.240     0.282 r  u_confreg/timer[0]_i_5/O
                         net (fo=1, routed)           0.000     0.282    u_confreg/timer[0]_i_5_n_0
    SLICE_X66Y101        CARRY4 (Prop_carry4_S[1]_CO[3])
                                                      0.444     0.726 r  u_confreg/timer_reg[0]_i_1/CO[3]
                         net (fo=1, routed)           0.000     0.726    u_confreg/timer_reg[0]_i_1_n_0
    SLICE_X66Y102        CARRY4 (Prop_carry4_CI_CO[3])
                                                      0.100     0.826 r  u_confreg/timer_reg[4]_i_1/CO[3]
                         net (fo=1, routed)           0.000     0.826    u_confreg/timer_reg[4]_i_1_n_0
    SLICE_X66Y103        CARRY4 (Prop_carry4_CI_CO[3])
                                                      0.100     0.926 r  u_confreg/timer_reg[8]_i_1/CO[3]
                         net (fo=1, routed)           0.000     0.926    u_confreg/timer_reg[8]_i_1_n_0
    SLICE_X66Y104        CARRY4 (Prop_carry4_CI_CO[3])
                                                      0.100     1.026 r  u_confreg/timer_reg[12]_i_1/CO[3]
                         net (fo=1, routed)           0.000     1.026    u_confreg/timer_reg[12]_i_1_n_0
    SLICE_X66Y105        CARRY4 (Prop_carry4_CI_CO[3])
                                                      0.100     1.126 r  u_confreg/timer_reg[16]_i_1/CO[3]
                         net (fo=1, routed)           0.000     1.126    u_confreg/timer_reg[16]_i_1_n_0
    SLICE_X66Y106        CARRY4 (Prop_carry4_CI_CO[3])
                                                      0.100     1.226 r  u_confreg/timer_reg[20]_i_1/CO[3]
                         net (fo=1, routed)           0.000     1.226    u_confreg/timer_reg[20]_i_1_n_0
    SLICE_X66Y107        CARRY4 (Prop_carry4_CI_O[2])
                                                      0.199     1.425 r  u_confreg/timer_reg[24]_i_1/O[2]
                         net (fo=1, routed)           0.000     1.425    u_confreg/timer_reg[24]_i_1_n_5
    SLICE_X66Y107        FDRE                                         r  u_confreg/timer_reg[26]/D
  -------------------------------------------------------------------    -------------------

                         (clock timer_clk_clk_pll rise edge)
                                                     10.000    10.000 r  
    AC19                                              0.000    10.000 r  clk (IN)
                         net (fo=0)                   0.000    10.000    pll.clk_pll/inst/clk_in1
    AC19                 IBUF (Prop_ibuf_I_O)         1.350    11.350 r  pll.clk_pll/inst/clkin1_ibufg/O
                         net (fo=1, routed)           1.327    12.677    pll.clk_pll/inst/clk_in1_clk_pll
    PLLE2_ADV_X0Y2       PLLE2_ADV (Prop_plle2_adv_CLKIN1_CLKOUT1)
                                                     -6.905     5.771 r  pll.clk_pll/inst/plle2_adv_inst/CLKOUT1
                         net (fo=1, routed)           1.484     7.256    pll.clk_pll/inst/timer_clk_clk_pll
    BUFGCTRL_X0Y1        BUFG (Prop_bufg_I_O)         0.077     7.333 r  pll.clk_pll/inst/clkout2_buf/O
                         net (fo=99, routed)          1.292     8.625    u_confreg/timer_clk
    SLICE_X66Y107        FDRE                                         r  u_confreg/timer_reg[26]/C
                         clock pessimism             -0.439     8.186    
                         clock uncertainty           -0.077     8.109    
    SLICE_X66Y107        FDRE (Setup_fdre_C_D)        0.101     8.210    u_confreg/timer_reg[26]
  -------------------------------------------------------------------
                         required time                          8.210    
                         arrival time                          -1.425    
  -------------------------------------------------------------------
                         slack                                  6.785    

Slack (MET) :             6.806ns  (required time - arrival time)
  Source:                 u_confreg/write_timer_begin_r3_reg/C
                            (rising edge-triggered cell FDRE clocked by timer_clk_clk_pll  {rise@0.000ns fall@5.000ns period=10.000ns})
  Destination:            u_confreg/timer_reg[24]/D
                            (rising edge-triggered cell FDRE clocked by timer_clk_clk_pll  {rise@0.000ns fall@5.000ns period=10.000ns})
  Path Group:             timer_clk_clk_pll
  Path Type:              Setup (Max at Slow Process Corner)
  Requirement:            10.000ns  (timer_clk_clk_pll rise@10.000ns - timer_clk_clk_pll rise@0.000ns)
  Data Path Delay:        3.192ns  (logic 1.710ns (53.576%)  route 1.482ns (46.424%))
  Logic Levels:           8  (CARRY4=7 LUT4=1)
  Clock Path Skew:        -0.026ns (DCD - SCD + CPR)
    Destination Clock Delay (DCD):    -1.375ns = ( 8.625 - 10.000 ) 
    Source Clock Delay      (SCD):    -1.788ns
    Clock Pessimism Removal (CPR):    -0.439ns
  Clock Uncertainty:      0.077ns  ((TSJ^2 + DJ^2)^1/2) / 2 + PE
    Total System Jitter     (TSJ):    0.071ns
    Discrete Jitter          (DJ):    0.138ns
    Phase Error              (PE):    0.000ns

    Location             Delay type                Incr(ns)  Path(ns)    Netlist Resource(s)
  -------------------------------------------------------------------    -------------------
                         (clock timer_clk_clk_pll rise edge)
                                                      0.000     0.000 r  
    AC19                                              0.000     0.000 r  clk (IN)
                         net (fo=0)                   0.000     0.000    pll.clk_pll/inst/clk_in1
    AC19                 IBUF (Prop_ibuf_I_O)         1.416     1.416 r  pll.clk_pll/inst/clkin1_ibufg/O
                         net (fo=1, routed)           1.404     2.820    pll.clk_pll/inst/clk_in1_clk_pll
    PLLE2_ADV_X0Y2       PLLE2_ADV (Prop_plle2_adv_CLKIN1_CLKOUT1)
                                                     -7.646    -4.825 r  pll.clk_pll/inst/plle2_adv_inst/CLKOUT1
                         net (fo=1, routed)           1.557    -3.269    pll.clk_pll/inst/timer_clk_clk_pll
    BUFGCTRL_X0Y1        BUFG (Prop_bufg_I_O)         0.081    -3.188 r  pll.clk_pll/inst/clkout2_buf/O
                         net (fo=99, routed)          1.400    -1.788    u_confreg/timer_clk
    SLICE_X67Y109        FDRE                                         r  u_confreg/write_timer_begin_r3_reg/C
  -------------------------------------------------------------------    -------------------
    SLICE_X67Y109        FDRE (Prop_fdre_C_Q)         0.348    -1.440 r  u_confreg/write_timer_begin_r3_reg/Q
                         net (fo=33, routed)          1.482     0.042    u_confreg/write_timer_begin_r3
    SLICE_X66Y101        LUT4 (Prop_lut4_I1_O)        0.240     0.282 r  u_confreg/timer[0]_i_5/O
                         net (fo=1, routed)           0.000     0.282    u_confreg/timer[0]_i_5_n_0
    SLICE_X66Y101        CARRY4 (Prop_carry4_S[1]_CO[3])
                                                      0.444     0.726 r  u_confreg/timer_reg[0]_i_1/CO[3]
                         net (fo=1, routed)           0.000     0.726    u_confreg/timer_reg[0]_i_1_n_0
    SLICE_X66Y102        CARRY4 (Prop_carry4_CI_CO[3])
                                                      0.100     0.826 r  u_confreg/timer_reg[4]_i_1/CO[3]
                         net (fo=1, routed)           0.000     0.826    u_confreg/timer_reg[4]_i_1_n_0
    SLICE_X66Y103        CARRY4 (Prop_carry4_CI_CO[3])
                                                      0.100     0.926 r  u_confreg/timer_reg[8]_i_1/CO[3]
                         net (fo=1, routed)           0.000     0.926    u_confreg/timer_reg[8]_i_1_n_0
    SLICE_X66Y104        CARRY4 (Prop_carry4_CI_CO[3])
                                                      0.100     1.026 r  u_confreg/timer_reg[12]_i_1/CO[3]
                         net (fo=1, routed)           0.000     1.026    u_confreg/timer_reg[12]_i_1_n_0
    SLICE_X66Y105        CARRY4 (Prop_carry4_CI_CO[3])
                                                      0.100     1.126 r  u_confreg/timer_reg[16]_i_1/CO[3]
                         net (fo=1, routed)           0.000     1.126    u_confreg/timer_reg[16]_i_1_n_0
    SLICE_X66Y106        CARRY4 (Prop_carry4_CI_CO[3])
                                                      0.100     1.226 r  u_confreg/timer_reg[20]_i_1/CO[3]
                         net (fo=1, routed)           0.000     1.226    u_confreg/timer_reg[20]_i_1_n_0
    SLICE_X66Y107        CARRY4 (Prop_carry4_CI_O[0])
                                                      0.178     1.404 r  u_confreg/timer_reg[24]_i_1/O[0]
                         net (fo=1, routed)           0.000     1.404    u_confreg/timer_reg[24]_i_1_n_7
    SLICE_X66Y107        FDRE                                         r  u_confreg/timer_reg[24]/D
  -------------------------------------------------------------------    -------------------

                         (clock timer_clk_clk_pll rise edge)
                                                     10.000    10.000 r  
    AC19                                              0.000    10.000 r  clk (IN)
                         net (fo=0)                   0.000    10.000    pll.clk_pll/inst/clk_in1
    AC19                 IBUF (Prop_ibuf_I_O)         1.350    11.350 r  pll.clk_pll/inst/clkin1_ibufg/O
                         net (fo=1, routed)           1.327    12.677    pll.clk_pll/inst/clk_in1_clk_pll
    PLLE2_ADV_X0Y2       PLLE2_ADV (Prop_plle2_adv_CLKIN1_CLKOUT1)
                                                     -6.905     5.771 r  pll.clk_pll/inst/plle2_adv_inst/CLKOUT1
                         net (fo=1, routed)           1.484     7.256    pll.clk_pll/inst/timer_clk_clk_pll
    BUFGCTRL_X0Y1        BUFG (Prop_bufg_I_O)         0.077     7.333 r  pll.clk_pll/inst/clkout2_buf/O
                         net (fo=99, routed)          1.292     8.625    u_confreg/timer_clk
    SLICE_X66Y107        FDRE                                         r  u_confreg/timer_reg[24]/C
                         clock pessimism             -0.439     8.186    
                         clock uncertainty           -0.077     8.109    
    SLICE_X66Y107        FDRE (Setup_fdre_C_D)        0.101     8.210    u_confreg/timer_reg[24]
  -------------------------------------------------------------------
                         required time                          8.210    
                         arrival time                          -1.404    
  -------------------------------------------------------------------
                         slack                                  6.806    

Slack (MET) :             6.822ns  (required time - arrival time)
  Source:                 u_confreg/write_timer_begin_r3_reg/C
                            (rising edge-triggered cell FDRE clocked by timer_clk_clk_pll  {rise@0.000ns fall@5.000ns period=10.000ns})
  Destination:            u_confreg/timer_reg[23]/D
                            (rising edge-triggered cell FDRE clocked by timer_clk_clk_pll  {rise@0.000ns fall@5.000ns period=10.000ns})
  Path Group:             timer_clk_clk_pll
  Path Type:              Setup (Max at Slow Process Corner)
  Requirement:            10.000ns  (timer_clk_clk_pll rise@10.000ns - timer_clk_clk_pll rise@0.000ns)
  Data Path Delay:        3.176ns  (logic 1.694ns (53.342%)  route 1.482ns (46.658%))
  Logic Levels:           7  (CARRY4=6 LUT4=1)
  Clock Path Skew:        -0.026ns (DCD - SCD + CPR)
    Destination Clock Delay (DCD):    -1.375ns = ( 8.625 - 10.000 ) 
    Source Clock Delay      (SCD):    -1.788ns
    Clock Pessimism Removal (CPR):    -0.439ns
  Clock Uncertainty:      0.077ns  ((TSJ^2 + DJ^2)^1/2) / 2 + PE
    Total System Jitter     (TSJ):    0.071ns
    Discrete Jitter          (DJ):    0.138ns
    Phase Error              (PE):    0.000ns

    Location             Delay type                Incr(ns)  Path(ns)    Netlist Resource(s)
  -------------------------------------------------------------------    -------------------
                         (clock timer_clk_clk_pll rise edge)
                                                      0.000     0.000 r  
    AC19                                              0.000     0.000 r  clk (IN)
                         net (fo=0)                   0.000     0.000    pll.clk_pll/inst/clk_in1
    AC19                 IBUF (Prop_ibuf_I_O)         1.416     1.416 r  pll.clk_pll/inst/clkin1_ibufg/O
                         net (fo=1, routed)           1.404     2.820    pll.clk_pll/inst/clk_in1_clk_pll
    PLLE2_ADV_X0Y2       PLLE2_ADV (Prop_plle2_adv_CLKIN1_CLKOUT1)
                                                     -7.646    -4.825 r  pll.clk_pll/inst/plle2_adv_inst/CLKOUT1
                         net (fo=1, routed)           1.557    -3.269    pll.clk_pll/inst/timer_clk_clk_pll
    BUFGCTRL_X0Y1        BUFG (Prop_bufg_I_O)         0.081    -3.188 r  pll.clk_pll/inst/clkout2_buf/O
                         net (fo=99, routed)          1.400    -1.788    u_confreg/timer_clk
    SLICE_X67Y109        FDRE                                         r  u_confreg/write_timer_begin_r3_reg/C
  -------------------------------------------------------------------    -------------------
    SLICE_X67Y109        FDRE (Prop_fdre_C_Q)         0.348    -1.440 r  u_confreg/write_timer_begin_r3_reg/Q
                         net (fo=33, routed)          1.482     0.042    u_confreg/write_timer_begin_r3
    SLICE_X66Y101        LUT4 (Prop_lut4_I1_O)        0.240     0.282 r  u_confreg/timer[0]_i_5/O
                         net (fo=1, routed)           0.000     0.282    u_confreg/timer[0]_i_5_n_0
    SLICE_X66Y101        CARRY4 (Prop_carry4_S[1]_CO[3])
                                                      0.444     0.726 r  u_confreg/timer_reg[0]_i_1/CO[3]
                         net (fo=1, routed)           0.000     0.726    u_confreg/timer_reg[0]_i_1_n_0
    SLICE_X66Y102        CARRY4 (Prop_carry4_CI_CO[3])
                                                      0.100     0.826 r  u_confreg/timer_reg[4]_i_1/CO[3]
                         net (fo=1, routed)           0.000     0.826    u_confreg/timer_reg[4]_i_1_n_0
    SLICE_X66Y103        CARRY4 (Prop_carry4_CI_CO[3])
                                                      0.100     0.926 r  u_confreg/timer_reg[8]_i_1/CO[3]
                         net (fo=1, routed)           0.000     0.926    u_confreg/timer_reg[8]_i_1_n_0
    SLICE_X66Y104        CARRY4 (Prop_carry4_CI_CO[3])
                                                      0.100     1.026 r  u_confreg/timer_reg[12]_i_1/CO[3]
                         net (fo=1, routed)           0.000     1.026    u_confreg/timer_reg[12]_i_1_n_0
    SLICE_X66Y105        CARRY4 (Prop_carry4_CI_CO[3])
                                                      0.100     1.126 r  u_confreg/timer_reg[16]_i_1/CO[3]
                         net (fo=1, routed)           0.000     1.126    u_confreg/timer_reg[16]_i_1_n_0
    SLICE_X66Y106        CARRY4 (Prop_carry4_CI_O[3])
                                                      0.262     1.388 r  u_confreg/timer_reg[20]_i_1/O[3]
                         net (fo=1, routed)           0.000     1.388    u_confreg/timer_reg[20]_i_1_n_4
    SLICE_X66Y106        FDRE                                         r  u_confreg/timer_reg[23]/D
  -------------------------------------------------------------------    -------------------

                         (clock timer_clk_clk_pll rise edge)
                                                     10.000    10.000 r  
    AC19                                              0.000    10.000 r  clk (IN)
                         net (fo=0)                   0.000    10.000    pll.clk_pll/inst/clk_in1
    AC19                 IBUF (Prop_ibuf_I_O)         1.350    11.350 r  pll.clk_pll/inst/clkin1_ibufg/O
                         net (fo=1, routed)           1.327    12.677    pll.clk_pll/inst/clk_in1_clk_pll
    PLLE2_ADV_X0Y2       PLLE2_ADV (Prop_plle2_adv_CLKIN1_CLKOUT1)
                                                     -6.905     5.771 r  pll.clk_pll/inst/plle2_adv_inst/CLKOUT1
                         net (fo=1, routed)           1.484     7.256    pll.clk_pll/inst/timer_clk_clk_pll
    BUFGCTRL_X0Y1        BUFG (Prop_bufg_I_O)         0.077     7.333 r  pll.clk_pll/inst/clkout2_buf/O
                         net (fo=99, routed)          1.292     8.625    u_confreg/timer_clk
    SLICE_X66Y106        FDRE                                         r  u_confreg/timer_reg[23]/C
                         clock pessimism             -0.439     8.186    
                         clock uncertainty           -0.077     8.109    
    SLICE_X66Y106        FDRE (Setup_fdre_C_D)        0.101     8.210    u_confreg/timer_reg[23]
  -------------------------------------------------------------------
                         required time                          8.210    
                         arrival time                          -1.388    
  -------------------------------------------------------------------
                         slack                                  6.822    

Slack (MET) :             6.827ns  (required time - arrival time)
  Source:                 u_confreg/write_timer_begin_r3_reg/C
                            (rising edge-triggered cell FDRE clocked by timer_clk_clk_pll  {rise@0.000ns fall@5.000ns period=10.000ns})
  Destination:            u_confreg/timer_reg[21]/D
                            (rising edge-triggered cell FDRE clocked by timer_clk_clk_pll  {rise@0.000ns fall@5.000ns period=10.000ns})
  Path Group:             timer_clk_clk_pll
  Path Type:              Setup (Max at Slow Process Corner)
  Requirement:            10.000ns  (timer_clk_clk_pll rise@10.000ns - timer_clk_clk_pll rise@0.000ns)
  Data Path Delay:        3.171ns  (logic 1.689ns (53.268%)  route 1.482ns (46.732%))
  Logic Levels:           7  (CARRY4=6 LUT4=1)
  Clock Path Skew:        -0.026ns (DCD - SCD + CPR)
    Destination Clock Delay (DCD):    -1.375ns = ( 8.625 - 10.000 ) 
    Source Clock Delay      (SCD):    -1.788ns
    Clock Pessimism Removal (CPR):    -0.439ns
  Clock Uncertainty:      0.077ns  ((TSJ^2 + DJ^2)^1/2) / 2 + PE
    Total System Jitter     (TSJ):    0.071ns
    Discrete Jitter          (DJ):    0.138ns
    Phase Error              (PE):    0.000ns

    Location             Delay type                Incr(ns)  Path(ns)    Netlist Resource(s)
  -------------------------------------------------------------------    -------------------
                         (clock timer_clk_clk_pll rise edge)
                                                      0.000     0.000 r  
    AC19                                              0.000     0.000 r  clk (IN)
                         net (fo=0)                   0.000     0.000    pll.clk_pll/inst/clk_in1
    AC19                 IBUF (Prop_ibuf_I_O)         1.416     1.416 r  pll.clk_pll/inst/clkin1_ibufg/O
                         net (fo=1, routed)           1.404     2.820    pll.clk_pll/inst/clk_in1_clk_pll
    PLLE2_ADV_X0Y2       PLLE2_ADV (Prop_plle2_adv_CLKIN1_CLKOUT1)
                                                     -7.646    -4.825 r  pll.clk_pll/inst/plle2_adv_inst/CLKOUT1
                         net (fo=1, routed)           1.557    -3.269    pll.clk_pll/inst/timer_clk_clk_pll
    BUFGCTRL_X0Y1        BUFG (Prop_bufg_I_O)         0.081    -3.188 r  pll.clk_pll/inst/clkout2_buf/O
                         net (fo=99, routed)          1.400    -1.788    u_confreg/timer_clk
    SLICE_X67Y109        FDRE                                         r  u_confreg/write_timer_begin_r3_reg/C
  -------------------------------------------------------------------    -------------------
    SLICE_X67Y109        FDRE (Prop_fdre_C_Q)         0.348    -1.440 r  u_confreg/write_timer_begin_r3_reg/Q
                         net (fo=33, routed)          1.482     0.042    u_confreg/write_timer_begin_r3
    SLICE_X66Y101        LUT4 (Prop_lut4_I1_O)        0.240     0.282 r  u_confreg/timer[0]_i_5/O
                         net (fo=1, routed)           0.000     0.282    u_confreg/timer[0]_i_5_n_0
    SLICE_X66Y101        CARRY4 (Prop_carry4_S[1]_CO[3])
                                                      0.444     0.726 r  u_confreg/timer_reg[0]_i_1/CO[3]
                         net (fo=1, routed)           0.000     0.726    u_confreg/timer_reg[0]_i_1_n_0
    SLICE_X66Y102        CARRY4 (Prop_carry4_CI_CO[3])
                                                      0.100     0.826 r  u_confreg/timer_reg[4]_i_1/CO[3]
                         net (fo=1, routed)           0.000     0.826    u_confreg/timer_reg[4]_i_1_n_0
    SLICE_X66Y103        CARRY4 (Prop_carry4_CI_CO[3])
                                                      0.100     0.926 r  u_confreg/timer_reg[8]_i_1/CO[3]
                         net (fo=1, routed)           0.000     0.926    u_confreg/timer_reg[8]_i_1_n_0
    SLICE_X66Y104        CARRY4 (Prop_carry4_CI_CO[3])
                                                      0.100     1.026 r  u_confreg/timer_reg[12]_i_1/CO[3]
                         net (fo=1, routed)           0.000     1.026    u_confreg/timer_reg[12]_i_1_n_0
    SLICE_X66Y105        CARRY4 (Prop_carry4_CI_CO[3])
                                                      0.100     1.126 r  u_confreg/timer_reg[16]_i_1/CO[3]
                         net (fo=1, routed)           0.000     1.126    u_confreg/timer_reg[16]_i_1_n_0
    SLICE_X66Y106        CARRY4 (Prop_carry4_CI_O[1])
                                                      0.257     1.383 r  u_confreg/timer_reg[20]_i_1/O[1]
                         net (fo=1, routed)           0.000     1.383    u_confreg/timer_reg[20]_i_1_n_6
    SLICE_X66Y106        FDRE                                         r  u_confreg/timer_reg[21]/D
  -------------------------------------------------------------------    -------------------

                         (clock timer_clk_clk_pll rise edge)
                                                     10.000    10.000 r  
    AC19                                              0.000    10.000 r  clk (IN)
                         net (fo=0)                   0.000    10.000    pll.clk_pll/inst/clk_in1
    AC19                 IBUF (Prop_ibuf_I_O)         1.350    11.350 r  pll.clk_pll/inst/clkin1_ibufg/O
                         net (fo=1, routed)           1.327    12.677    pll.clk_pll/inst/clk_in1_clk_pll
    PLLE2_ADV_X0Y2       PLLE2_ADV (Prop_plle2_adv_CLKIN1_CLKOUT1)
                                                     -6.905     5.771 r  pll.clk_pll/inst/plle2_adv_inst/CLKOUT1
                         net (fo=1, routed)           1.484     7.256    pll.clk_pll/inst/timer_clk_clk_pll
    BUFGCTRL_X0Y1        BUFG (Prop_bufg_I_O)         0.077     7.333 r  pll.clk_pll/inst/clkout2_buf/O
                         net (fo=99, routed)          1.292     8.625    u_confreg/timer_clk
    SLICE_X66Y106        FDRE                                         r  u_confreg/timer_reg[21]/C
                         clock pessimism             -0.439     8.186    
                         clock uncertainty           -0.077     8.109    
    SLICE_X66Y106        FDRE (Setup_fdre_C_D)        0.101     8.210    u_confreg/timer_reg[21]
  -------------------------------------------------------------------
                         required time                          8.210    
                         arrival time                          -1.383    
  -------------------------------------------------------------------
                         slack                                  6.827    





Min Delay Paths
--------------------------------------------------------------------------------------
Slack (MET) :             0.118ns  (arrival time - required time)
  Source:                 u_confreg/conf_wdata_r1_reg[22]/C
                            (rising edge-triggered cell FDRE clocked by timer_clk_clk_pll  {rise@0.000ns fall@5.000ns period=10.000ns})
  Destination:            u_confreg/conf_wdata_r2_reg[22]/D
                            (rising edge-triggered cell FDRE clocked by timer_clk_clk_pll  {rise@0.000ns fall@5.000ns period=10.000ns})
  Path Group:             timer_clk_clk_pll
  Path Type:              Hold (Min at Fast Process Corner)
  Requirement:            0.000ns  (timer_clk_clk_pll rise@0.000ns - timer_clk_clk_pll rise@0.000ns)
  Data Path Delay:        0.196ns  (logic 0.141ns (71.838%)  route 0.055ns (28.162%))
  Logic Levels:           0  
  Clock Path Skew:        0.000ns (DCD - SCD - CPR)
    Destination Clock Delay (DCD):    -0.299ns
    Source Clock Delay      (SCD):    -0.539ns
    Clock Pessimism Removal (CPR):    0.240ns

    Location             Delay type                Incr(ns)  Path(ns)    Netlist Resource(s)
  -------------------------------------------------------------------    -------------------
                         (clock timer_clk_clk_pll rise edge)
                                                      0.000     0.000 r  
    AC19                                              0.000     0.000 r  clk (IN)
                         net (fo=0)                   0.000     0.000    pll.clk_pll/inst/clk_in1
    AC19                 IBUF (Prop_ibuf_I_O)         0.253     0.253 r  pll.clk_pll/inst/clkin1_ibufg/O
                         net (fo=1, routed)           0.565     0.818    pll.clk_pll/inst/clk_in1_clk_pll
    PLLE2_ADV_X0Y2       PLLE2_ADV (Prop_plle2_adv_CLKIN1_CLKOUT1)
                                                     -2.523    -1.705 r  pll.clk_pll/inst/plle2_adv_inst/CLKOUT1
                         net (fo=1, routed)           0.560    -1.146    pll.clk_pll/inst/timer_clk_clk_pll
    BUFGCTRL_X0Y1        BUFG (Prop_bufg_I_O)         0.026    -1.120 r  pll.clk_pll/inst/clkout2_buf/O
                         net (fo=99, routed)          0.581    -0.539    u_confreg/timer_clk
    SLICE_X63Y104        FDRE                                         r  u_confreg/conf_wdata_r1_reg[22]/C
  -------------------------------------------------------------------    -------------------
    SLICE_X63Y104        FDRE (Prop_fdre_C_Q)         0.141    -0.398 r  u_confreg/conf_wdata_r1_reg[22]/Q
                         net (fo=1, routed)           0.055    -0.343    u_confreg/conf_wdata_r1[22]
    SLICE_X63Y104        FDRE                                         r  u_confreg/conf_wdata_r2_reg[22]/D
  -------------------------------------------------------------------    -------------------

                         (clock timer_clk_clk_pll rise edge)
                                                      0.000     0.000 r  
    AC19                                              0.000     0.000 r  clk (IN)
                         net (fo=0)                   0.000     0.000    pll.clk_pll/inst/clk_in1
    AC19                 IBUF (Prop_ibuf_I_O)         0.441     0.441 r  pll.clk_pll/inst/clkin1_ibufg/O
                         net (fo=1, routed)           0.620     1.061    pll.clk_pll/inst/clk_in1_clk_pll
    PLLE2_ADV_X0Y2       PLLE2_ADV (Prop_plle2_adv_CLKIN1_CLKOUT1)
                                                     -2.851    -1.790 r  pll.clk_pll/inst/plle2_adv_inst/CLKOUT1
                         net (fo=1, routed)           0.611    -1.180    pll.clk_pll/inst/timer_clk_clk_pll
    BUFGCTRL_X0Y1        BUFG (Prop_bufg_I_O)         0.029    -1.151 r  pll.clk_pll/inst/clkout2_buf/O
                         net (fo=99, routed)          0.852    -0.299    u_confreg/timer_clk
    SLICE_X63Y104        FDRE                                         r  u_confreg/conf_wdata_r2_reg[22]/C
                         clock pessimism             -0.240    -0.539    
    SLICE_X63Y104        FDRE (Hold_fdre_C_D)         0.078    -0.461    u_confreg/conf_wdata_r2_reg[22]
  -------------------------------------------------------------------
                         required time                          0.461    
                         arrival time                          -0.343    
  -------------------------------------------------------------------
                         slack                                  0.118    

Slack (MET) :             0.118ns  (arrival time - required time)
  Source:                 u_confreg/conf_wdata_r1_reg[27]/C
                            (rising edge-triggered cell FDRE clocked by timer_clk_clk_pll  {rise@0.000ns fall@5.000ns period=10.000ns})
  Destination:            u_confreg/conf_wdata_r2_reg[27]/D
                            (rising edge-triggered cell FDRE clocked by timer_clk_clk_pll  {rise@0.000ns fall@5.000ns period=10.000ns})
  Path Group:             timer_clk_clk_pll
  Path Type:              Hold (Min at Fast Process Corner)
  Requirement:            0.000ns  (timer_clk_clk_pll rise@0.000ns - timer_clk_clk_pll rise@0.000ns)
  Data Path Delay:        0.196ns  (logic 0.141ns (71.838%)  route 0.055ns (28.162%))
  Logic Levels:           0  
  Clock Path Skew:        0.000ns (DCD - SCD - CPR)
    Destination Clock Delay (DCD):    -0.302ns
    Source Clock Delay      (SCD):    -0.542ns
    Clock Pessimism Removal (CPR):    0.240ns

    Location             Delay type                Incr(ns)  Path(ns)    Netlist Resource(s)
  -------------------------------------------------------------------    -------------------
                         (clock timer_clk_clk_pll rise edge)
                                                      0.000     0.000 r  
    AC19                                              0.000     0.000 r  clk (IN)
                         net (fo=0)                   0.000     0.000    pll.clk_pll/inst/clk_in1
    AC19                 IBUF (Prop_ibuf_I_O)         0.253     0.253 r  pll.clk_pll/inst/clkin1_ibufg/O
                         net (fo=1, routed)           0.565     0.818    pll.clk_pll/inst/clk_in1_clk_pll
    PLLE2_ADV_X0Y2       PLLE2_ADV (Prop_plle2_adv_CLKIN1_CLKOUT1)
                                                     -2.523    -1.705 r  pll.clk_pll/inst/plle2_adv_inst/CLKOUT1
                         net (fo=1, routed)           0.560    -1.146    pll.clk_pll/inst/timer_clk_clk_pll
    BUFGCTRL_X0Y1        BUFG (Prop_bufg_I_O)         0.026    -1.120 r  pll.clk_pll/inst/clkout2_buf/O
                         net (fo=99, routed)          0.578    -0.542    u_confreg/timer_clk
    SLICE_X67Y105        FDRE                                         r  u_confreg/conf_wdata_r1_reg[27]/C
  -------------------------------------------------------------------    -------------------
    SLICE_X67Y105        FDRE (Prop_fdre_C_Q)         0.141    -0.401 r  u_confreg/conf_wdata_r1_reg[27]/Q
                         net (fo=1, routed)           0.055    -0.346    u_confreg/conf_wdata_r1[27]
    SLICE_X67Y105        FDRE                                         r  u_confreg/conf_wdata_r2_reg[27]/D
  -------------------------------------------------------------------    -------------------

                         (clock timer_clk_clk_pll rise edge)
                                                      0.000     0.000 r  
    AC19                                              0.000     0.000 r  clk (IN)
                         net (fo=0)                   0.000     0.000    pll.clk_pll/inst/clk_in1
    AC19                 IBUF (Prop_ibuf_I_O)         0.441     0.441 r  pll.clk_pll/inst/clkin1_ibufg/O
                         net (fo=1, routed)           0.620     1.061    pll.clk_pll/inst/clk_in1_clk_pll
    PLLE2_ADV_X0Y2       PLLE2_ADV (Prop_plle2_adv_CLKIN1_CLKOUT1)
                                                     -2.851    -1.790 r  pll.clk_pll/inst/plle2_adv_inst/CLKOUT1
                         net (fo=1, routed)           0.611    -1.180    pll.clk_pll/inst/timer_clk_clk_pll
    BUFGCTRL_X0Y1        BUFG (Prop_bufg_I_O)         0.029    -1.151 r  pll.clk_pll/inst/clkout2_buf/O
                         net (fo=99, routed)          0.849    -0.302    u_confreg/timer_clk
    SLICE_X67Y105        FDRE                                         r  u_confreg/conf_wdata_r2_reg[27]/C
                         clock pessimism             -0.240    -0.542    
    SLICE_X67Y105        FDRE (Hold_fdre_C_D)         0.078    -0.464    u_confreg/conf_wdata_r2_reg[27]
  -------------------------------------------------------------------
                         required time                          0.464    
                         arrival time                          -0.346    
  -------------------------------------------------------------------
                         slack                                  0.118    

Slack (MET) :             0.118ns  (arrival time - required time)
  Source:                 u_confreg/conf_wdata_r1_reg[9]/C
                            (rising edge-triggered cell FDRE clocked by timer_clk_clk_pll  {rise@0.000ns fall@5.000ns period=10.000ns})
  Destination:            u_confreg/conf_wdata_r2_reg[9]/D
                            (rising edge-triggered cell FDRE clocked by timer_clk_clk_pll  {rise@0.000ns fall@5.000ns period=10.000ns})
  Path Group:             timer_clk_clk_pll
  Path Type:              Hold (Min at Fast Process Corner)
  Requirement:            0.000ns  (timer_clk_clk_pll rise@0.000ns - timer_clk_clk_pll rise@0.000ns)
  Data Path Delay:        0.196ns  (logic 0.141ns (71.838%)  route 0.055ns (28.162%))
  Logic Levels:           0  
  Clock Path Skew:        0.000ns (DCD - SCD - CPR)
    Destination Clock Delay (DCD):    -0.302ns
    Source Clock Delay      (SCD):    -0.542ns
    Clock Pessimism Removal (CPR):    0.240ns

    Location             Delay type                Incr(ns)  Path(ns)    Netlist Resource(s)
  -------------------------------------------------------------------    -------------------
                         (clock timer_clk_clk_pll rise edge)
                                                      0.000     0.000 r  
    AC19                                              0.000     0.000 r  clk (IN)
                         net (fo=0)                   0.000     0.000    pll.clk_pll/inst/clk_in1
    AC19                 IBUF (Prop_ibuf_I_O)         0.253     0.253 r  pll.clk_pll/inst/clkin1_ibufg/O
                         net (fo=1, routed)           0.565     0.818    pll.clk_pll/inst/clk_in1_clk_pll
    PLLE2_ADV_X0Y2       PLLE2_ADV (Prop_plle2_adv_CLKIN1_CLKOUT1)
                                                     -2.523    -1.705 r  pll.clk_pll/inst/plle2_adv_inst/CLKOUT1
                         net (fo=1, routed)           0.560    -1.146    pll.clk_pll/inst/timer_clk_clk_pll
    BUFGCTRL_X0Y1        BUFG (Prop_bufg_I_O)         0.026    -1.120 r  pll.clk_pll/inst/clkout2_buf/O
                         net (fo=99, routed)          0.578    -0.542    u_confreg/timer_clk
    SLICE_X69Y103        FDRE                                         r  u_confreg/conf_wdata_r1_reg[9]/C
  -------------------------------------------------------------------    -------------------
    SLICE_X69Y103        FDRE (Prop_fdre_C_Q)         0.141    -0.401 r  u_confreg/conf_wdata_r1_reg[9]/Q
                         net (fo=1, routed)           0.055    -0.346    u_confreg/conf_wdata_r1[9]
    SLICE_X69Y103        FDRE                                         r  u_confreg/conf_wdata_r2_reg[9]/D
  -------------------------------------------------------------------    -------------------

                         (clock timer_clk_clk_pll rise edge)
                                                      0.000     0.000 r  
    AC19                                              0.000     0.000 r  clk (IN)
                         net (fo=0)                   0.000     0.000    pll.clk_pll/inst/clk_in1
    AC19                 IBUF (Prop_ibuf_I_O)         0.441     0.441 r  pll.clk_pll/inst/clkin1_ibufg/O
                         net (fo=1, routed)           0.620     1.061    pll.clk_pll/inst/clk_in1_clk_pll
    PLLE2_ADV_X0Y2       PLLE2_ADV (Prop_plle2_adv_CLKIN1_CLKOUT1)
                                                     -2.851    -1.790 r  pll.clk_pll/inst/plle2_adv_inst/CLKOUT1
                         net (fo=1, routed)           0.611    -1.180    pll.clk_pll/inst/timer_clk_clk_pll
    BUFGCTRL_X0Y1        BUFG (Prop_bufg_I_O)         0.029    -1.151 r  pll.clk_pll/inst/clkout2_buf/O
                         net (fo=99, routed)          0.849    -0.302    u_confreg/timer_clk
    SLICE_X69Y103        FDRE                                         r  u_confreg/conf_wdata_r2_reg[9]/C
                         clock pessimism             -0.240    -0.542    
    SLICE_X69Y103        FDRE (Hold_fdre_C_D)         0.078    -0.464    u_confreg/conf_wdata_r2_reg[9]
  -------------------------------------------------------------------
                         required time                          0.464    
                         arrival time                          -0.346    
  -------------------------------------------------------------------
                         slack                                  0.118    

Slack (MET) :             0.120ns  (arrival time - required time)
  Source:                 u_confreg/conf_wdata_r1_reg[18]/C
                            (rising edge-triggered cell FDRE clocked by timer_clk_clk_pll  {rise@0.000ns fall@5.000ns period=10.000ns})
  Destination:            u_confreg/conf_wdata_r2_reg[18]/D
                            (rising edge-triggered cell FDRE clocked by timer_clk_clk_pll  {rise@0.000ns fall@5.000ns period=10.000ns})
  Path Group:             timer_clk_clk_pll
  Path Type:              Hold (Min at Fast Process Corner)
  Requirement:            0.000ns  (timer_clk_clk_pll rise@0.000ns - timer_clk_clk_pll rise@0.000ns)
  Data Path Delay:        0.196ns  (logic 0.141ns (71.838%)  route 0.055ns (28.162%))
  Logic Levels:           0  
  Clock Path Skew:        0.000ns (DCD - SCD - CPR)
    Destination Clock Delay (DCD):    -0.299ns
    Source Clock Delay      (SCD):    -0.539ns
    Clock Pessimism Removal (CPR):    0.240ns

    Location             Delay type                Incr(ns)  Path(ns)    Netlist Resource(s)
  -------------------------------------------------------------------    -------------------
                         (clock timer_clk_clk_pll rise edge)
                                                      0.000     0.000 r  
    AC19                                              0.000     0.000 r  clk (IN)
                         net (fo=0)                   0.000     0.000    pll.clk_pll/inst/clk_in1
    AC19                 IBUF (Prop_ibuf_I_O)         0.253     0.253 r  pll.clk_pll/inst/clkin1_ibufg/O
                         net (fo=1, routed)           0.565     0.818    pll.clk_pll/inst/clk_in1_clk_pll
    PLLE2_ADV_X0Y2       PLLE2_ADV (Prop_plle2_adv_CLKIN1_CLKOUT1)
                                                     -2.523    -1.705 r  pll.clk_pll/inst/plle2_adv_inst/CLKOUT1
                         net (fo=1, routed)           0.560    -1.146    pll.clk_pll/inst/timer_clk_clk_pll
    BUFGCTRL_X0Y1        BUFG (Prop_bufg_I_O)         0.026    -1.120 r  pll.clk_pll/inst/clkout2_buf/O
                         net (fo=99, routed)          0.581    -0.539    u_confreg/timer_clk
    SLICE_X63Y104        FDRE                                         r  u_confreg/conf_wdata_r1_reg[18]/C
  -------------------------------------------------------------------    -------------------
    SLICE_X63Y104        FDRE (Prop_fdre_C_Q)         0.141    -0.398 r  u_confreg/conf_wdata_r1_reg[18]/Q
                         net (fo=1, routed)           0.055    -0.343    u_confreg/conf_wdata_r1[18]
    SLICE_X63Y104        FDRE                                         r  u_confreg/conf_wdata_r2_reg[18]/D
  -------------------------------------------------------------------    -------------------

                         (clock timer_clk_clk_pll rise edge)
                                                      0.000     0.000 r  
    AC19                                              0.000     0.000 r  clk (IN)
                         net (fo=0)                   0.000     0.000    pll.clk_pll/inst/clk_in1
    AC19                 IBUF (Prop_ibuf_I_O)         0.441     0.441 r  pll.clk_pll/inst/clkin1_ibufg/O
                         net (fo=1, routed)           0.620     1.061    pll.clk_pll/inst/clk_in1_clk_pll
    PLLE2_ADV_X0Y2       PLLE2_ADV (Prop_plle2_adv_CLKIN1_CLKOUT1)
                                                     -2.851    -1.790 r  pll.clk_pll/inst/plle2_adv_inst/CLKOUT1
                         net (fo=1, routed)           0.611    -1.180    pll.clk_pll/inst/timer_clk_clk_pll
    BUFGCTRL_X0Y1        BUFG (Prop_bufg_I_O)         0.029    -1.151 r  pll.clk_pll/inst/clkout2_buf/O
                         net (fo=99, routed)          0.852    -0.299    u_confreg/timer_clk
    SLICE_X63Y104        FDRE                                         r  u_confreg/conf_wdata_r2_reg[18]/C
                         clock pessimism             -0.240    -0.539    
    SLICE_X63Y104        FDRE (Hold_fdre_C_D)         0.076    -0.463    u_confreg/conf_wdata_r2_reg[18]
  -------------------------------------------------------------------
                         required time                          0.463    
                         arrival time                          -0.343    
  -------------------------------------------------------------------
                         slack                                  0.120    

Slack (MET) :             0.120ns  (arrival time - required time)
  Source:                 u_confreg/conf_wdata_r1_reg[23]/C
                            (rising edge-triggered cell FDRE clocked by timer_clk_clk_pll  {rise@0.000ns fall@5.000ns period=10.000ns})
  Destination:            u_confreg/conf_wdata_r2_reg[23]/D
                            (rising edge-triggered cell FDRE clocked by timer_clk_clk_pll  {rise@0.000ns fall@5.000ns period=10.000ns})
  Path Group:             timer_clk_clk_pll
  Path Type:              Hold (Min at Fast Process Corner)
  Requirement:            0.000ns  (timer_clk_clk_pll rise@0.000ns - timer_clk_clk_pll rise@0.000ns)
  Data Path Delay:        0.196ns  (logic 0.141ns (71.838%)  route 0.055ns (28.162%))
  Logic Levels:           0  
  Clock Path Skew:        0.000ns (DCD - SCD - CPR)
    Destination Clock Delay (DCD):    -0.302ns
    Source Clock Delay      (SCD):    -0.542ns
    Clock Pessimism Removal (CPR):    0.240ns

    Location             Delay type                Incr(ns)  Path(ns)    Netlist Resource(s)
  -------------------------------------------------------------------    -------------------
                         (clock timer_clk_clk_pll rise edge)
                                                      0.000     0.000 r  
    AC19                                              0.000     0.000 r  clk (IN)
                         net (fo=0)                   0.000     0.000    pll.clk_pll/inst/clk_in1
    AC19                 IBUF (Prop_ibuf_I_O)         0.253     0.253 r  pll.clk_pll/inst/clkin1_ibufg/O
                         net (fo=1, routed)           0.565     0.818    pll.clk_pll/inst/clk_in1_clk_pll
    PLLE2_ADV_X0Y2       PLLE2_ADV (Prop_plle2_adv_CLKIN1_CLKOUT1)
                                                     -2.523    -1.705 r  pll.clk_pll/inst/plle2_adv_inst/CLKOUT1
                         net (fo=1, routed)           0.560    -1.146    pll.clk_pll/inst/timer_clk_clk_pll
    BUFGCTRL_X0Y1        BUFG (Prop_bufg_I_O)         0.026    -1.120 r  pll.clk_pll/inst/clkout2_buf/O
                         net (fo=99, routed)          0.578    -0.542    u_confreg/timer_clk
    SLICE_X67Y105        FDRE                                         r  u_confreg/conf_wdata_r1_reg[23]/C
  -------------------------------------------------------------------    -------------------
    SLICE_X67Y105        FDRE (Prop_fdre_C_Q)         0.141    -0.401 r  u_confreg/conf_wdata_r1_reg[23]/Q
                         net (fo=1, routed)           0.055    -0.346    u_confreg/conf_wdata_r1[23]
    SLICE_X67Y105        FDRE                                         r  u_confreg/conf_wdata_r2_reg[23]/D
  -------------------------------------------------------------------    -------------------

                         (clock timer_clk_clk_pll rise edge)
                                                      0.000     0.000 r  
    AC19                                              0.000     0.000 r  clk (IN)
                         net (fo=0)                   0.000     0.000    pll.clk_pll/inst/clk_in1
    AC19                 IBUF (Prop_ibuf_I_O)         0.441     0.441 r  pll.clk_pll/inst/clkin1_ibufg/O
                         net (fo=1, routed)           0.620     1.061    pll.clk_pll/inst/clk_in1_clk_pll
    PLLE2_ADV_X0Y2       PLLE2_ADV (Prop_plle2_adv_CLKIN1_CLKOUT1)
                                                     -2.851    -1.790 r  pll.clk_pll/inst/plle2_adv_inst/CLKOUT1
                         net (fo=1, routed)           0.611    -1.180    pll.clk_pll/inst/timer_clk_clk_pll
    BUFGCTRL_X0Y1        BUFG (Prop_bufg_I_O)         0.029    -1.151 r  pll.clk_pll/inst/clkout2_buf/O
                         net (fo=99, routed)          0.849    -0.302    u_confreg/timer_clk
    SLICE_X67Y105        FDRE                                         r  u_confreg/conf_wdata_r2_reg[23]/C
                         clock pessimism             -0.240    -0.542    
    SLICE_X67Y105        FDRE (Hold_fdre_C_D)         0.076    -0.466    u_confreg/conf_wdata_r2_reg[23]
  -------------------------------------------------------------------
                         required time                          0.466    
                         arrival time                          -0.346    
  -------------------------------------------------------------------
                         slack                                  0.120    

Slack (MET) :             0.120ns  (arrival time - required time)
  Source:                 u_confreg/conf_wdata_r1_reg[8]/C
                            (rising edge-triggered cell FDRE clocked by timer_clk_clk_pll  {rise@0.000ns fall@5.000ns period=10.000ns})
  Destination:            u_confreg/conf_wdata_r2_reg[8]/D
                            (rising edge-triggered cell FDRE clocked by timer_clk_clk_pll  {rise@0.000ns fall@5.000ns period=10.000ns})
  Path Group:             timer_clk_clk_pll
  Path Type:              Hold (Min at Fast Process Corner)
  Requirement:            0.000ns  (timer_clk_clk_pll rise@0.000ns - timer_clk_clk_pll rise@0.000ns)
  Data Path Delay:        0.196ns  (logic 0.141ns (71.838%)  route 0.055ns (28.162%))
  Logic Levels:           0  
  Clock Path Skew:        0.000ns (DCD - SCD - CPR)
    Destination Clock Delay (DCD):    -0.302ns
    Source Clock Delay      (SCD):    -0.542ns
    Clock Pessimism Removal (CPR):    0.240ns

    Location             Delay type                Incr(ns)  Path(ns)    Netlist Resource(s)
  -------------------------------------------------------------------    -------------------
                         (clock timer_clk_clk_pll rise edge)
                                                      0.000     0.000 r  
    AC19                                              0.000     0.000 r  clk (IN)
                         net (fo=0)                   0.000     0.000    pll.clk_pll/inst/clk_in1
    AC19                 IBUF (Prop_ibuf_I_O)         0.253     0.253 r  pll.clk_pll/inst/clkin1_ibufg/O
                         net (fo=1, routed)           0.565     0.818    pll.clk_pll/inst/clk_in1_clk_pll
    PLLE2_ADV_X0Y2       PLLE2_ADV (Prop_plle2_adv_CLKIN1_CLKOUT1)
                                                     -2.523    -1.705 r  pll.clk_pll/inst/plle2_adv_inst/CLKOUT1
                         net (fo=1, routed)           0.560    -1.146    pll.clk_pll/inst/timer_clk_clk_pll
    BUFGCTRL_X0Y1        BUFG (Prop_bufg_I_O)         0.026    -1.120 r  pll.clk_pll/inst/clkout2_buf/O
                         net (fo=99, routed)          0.578    -0.542    u_confreg/timer_clk
    SLICE_X69Y103        FDRE                                         r  u_confreg/conf_wdata_r1_reg[8]/C
  -------------------------------------------------------------------    -------------------
    SLICE_X69Y103        FDRE (Prop_fdre_C_Q)         0.141    -0.401 r  u_confreg/conf_wdata_r1_reg[8]/Q
                         net (fo=1, routed)           0.055    -0.346    u_confreg/conf_wdata_r1[8]
    SLICE_X69Y103        FDRE                                         r  u_confreg/conf_wdata_r2_reg[8]/D
  -------------------------------------------------------------------    -------------------

                         (clock timer_clk_clk_pll rise edge)
                                                      0.000     0.000 r  
    AC19                                              0.000     0.000 r  clk (IN)
                         net (fo=0)                   0.000     0.000    pll.clk_pll/inst/clk_in1
    AC19                 IBUF (Prop_ibuf_I_O)         0.441     0.441 r  pll.clk_pll/inst/clkin1_ibufg/O
                         net (fo=1, routed)           0.620     1.061    pll.clk_pll/inst/clk_in1_clk_pll
    PLLE2_ADV_X0Y2       PLLE2_ADV (Prop_plle2_adv_CLKIN1_CLKOUT1)
                                                     -2.851    -1.790 r  pll.clk_pll/inst/plle2_adv_inst/CLKOUT1
                         net (fo=1, routed)           0.611    -1.180    pll.clk_pll/inst/timer_clk_clk_pll
    BUFGCTRL_X0Y1        BUFG (Prop_bufg_I_O)         0.029    -1.151 r  pll.clk_pll/inst/clkout2_buf/O
                         net (fo=99, routed)          0.849    -0.302    u_confreg/timer_clk
    SLICE_X69Y103        FDRE                                         r  u_confreg/conf_wdata_r2_reg[8]/C
                         clock pessimism             -0.240    -0.542    
    SLICE_X69Y103        FDRE (Hold_fdre_C_D)         0.076    -0.466    u_confreg/conf_wdata_r2_reg[8]
  -------------------------------------------------------------------
                         required time                          0.466    
                         arrival time                          -0.346    
  -------------------------------------------------------------------
                         slack                                  0.120    

Slack (MET) :             0.121ns  (arrival time - required time)
  Source:                 u_confreg/conf_wdata_r1_reg[10]/C
                            (rising edge-triggered cell FDRE clocked by timer_clk_clk_pll  {rise@0.000ns fall@5.000ns period=10.000ns})
  Destination:            u_confreg/conf_wdata_r2_reg[10]/D
                            (rising edge-triggered cell FDRE clocked by timer_clk_clk_pll  {rise@0.000ns fall@5.000ns period=10.000ns})
  Path Group:             timer_clk_clk_pll
  Path Type:              Hold (Min at Fast Process Corner)
  Requirement:            0.000ns  (timer_clk_clk_pll rise@0.000ns - timer_clk_clk_pll rise@0.000ns)
  Data Path Delay:        0.196ns  (logic 0.141ns (71.838%)  route 0.055ns (28.162%))
  Logic Levels:           0  
  Clock Path Skew:        0.000ns (DCD - SCD - CPR)
    Destination Clock Delay (DCD):    -0.302ns
    Source Clock Delay      (SCD):    -0.542ns
    Clock Pessimism Removal (CPR):    0.240ns

    Location             Delay type                Incr(ns)  Path(ns)    Netlist Resource(s)
  -------------------------------------------------------------------    -------------------
                         (clock timer_clk_clk_pll rise edge)
                                                      0.000     0.000 r  
    AC19                                              0.000     0.000 r  clk (IN)
                         net (fo=0)                   0.000     0.000    pll.clk_pll/inst/clk_in1
    AC19                 IBUF (Prop_ibuf_I_O)         0.253     0.253 r  pll.clk_pll/inst/clkin1_ibufg/O
                         net (fo=1, routed)           0.565     0.818    pll.clk_pll/inst/clk_in1_clk_pll
    PLLE2_ADV_X0Y2       PLLE2_ADV (Prop_plle2_adv_CLKIN1_CLKOUT1)
                                                     -2.523    -1.705 r  pll.clk_pll/inst/plle2_adv_inst/CLKOUT1
                         net (fo=1, routed)           0.560    -1.146    pll.clk_pll/inst/timer_clk_clk_pll
    BUFGCTRL_X0Y1        BUFG (Prop_bufg_I_O)         0.026    -1.120 r  pll.clk_pll/inst/clkout2_buf/O
                         net (fo=99, routed)          0.578    -0.542    u_confreg/timer_clk
    SLICE_X69Y103        FDRE                                         r  u_confreg/conf_wdata_r1_reg[10]/C
  -------------------------------------------------------------------    -------------------
    SLICE_X69Y103        FDRE (Prop_fdre_C_Q)         0.141    -0.401 r  u_confreg/conf_wdata_r1_reg[10]/Q
                         net (fo=1, routed)           0.055    -0.346    u_confreg/conf_wdata_r1[10]
    SLICE_X69Y103        FDRE                                         r  u_confreg/conf_wdata_r2_reg[10]/D
  -------------------------------------------------------------------    -------------------

                         (clock timer_clk_clk_pll rise edge)
                                                      0.000     0.000 r  
    AC19                                              0.000     0.000 r  clk (IN)
                         net (fo=0)                   0.000     0.000    pll.clk_pll/inst/clk_in1
    AC19                 IBUF (Prop_ibuf_I_O)         0.441     0.441 r  pll.clk_pll/inst/clkin1_ibufg/O
                         net (fo=1, routed)           0.620     1.061    pll.clk_pll/inst/clk_in1_clk_pll
    PLLE2_ADV_X0Y2       PLLE2_ADV (Prop_plle2_adv_CLKIN1_CLKOUT1)
                                                     -2.851    -1.790 r  pll.clk_pll/inst/plle2_adv_inst/CLKOUT1
                         net (fo=1, routed)           0.611    -1.180    pll.clk_pll/inst/timer_clk_clk_pll
    BUFGCTRL_X0Y1        BUFG (Prop_bufg_I_O)         0.029    -1.151 r  pll.clk_pll/inst/clkout2_buf/O
                         net (fo=99, routed)          0.849    -0.302    u_confreg/timer_clk
    SLICE_X69Y103        FDRE                                         r  u_confreg/conf_wdata_r2_reg[10]/C
                         clock pessimism             -0.240    -0.542    
    SLICE_X69Y103        FDRE (Hold_fdre_C_D)         0.075    -0.467    u_confreg/conf_wdata_r2_reg[10]
  -------------------------------------------------------------------
                         required time                          0.467    
                         arrival time                          -0.346    
  -------------------------------------------------------------------
                         slack                                  0.121    

Slack (MET) :             0.121ns  (arrival time - required time)
  Source:                 u_confreg/conf_wdata_r1_reg[12]/C
                            (rising edge-triggered cell FDRE clocked by timer_clk_clk_pll  {rise@0.000ns fall@5.000ns period=10.000ns})
  Destination:            u_confreg/conf_wdata_r2_reg[12]/D
                            (rising edge-triggered cell FDRE clocked by timer_clk_clk_pll  {rise@0.000ns fall@5.000ns period=10.000ns})
  Path Group:             timer_clk_clk_pll
  Path Type:              Hold (Min at Fast Process Corner)
  Requirement:            0.000ns  (timer_clk_clk_pll rise@0.000ns - timer_clk_clk_pll rise@0.000ns)
  Data Path Delay:        0.196ns  (logic 0.141ns (71.838%)  route 0.055ns (28.162%))
  Logic Levels:           0  
  Clock Path Skew:        0.000ns (DCD - SCD - CPR)
    Destination Clock Delay (DCD):    -0.299ns
    Source Clock Delay      (SCD):    -0.539ns
    Clock Pessimism Removal (CPR):    0.240ns

    Location             Delay type                Incr(ns)  Path(ns)    Netlist Resource(s)
  -------------------------------------------------------------------    -------------------
                         (clock timer_clk_clk_pll rise edge)
                                                      0.000     0.000 r  
    AC19                                              0.000     0.000 r  clk (IN)
                         net (fo=0)                   0.000     0.000    pll.clk_pll/inst/clk_in1
    AC19                 IBUF (Prop_ibuf_I_O)         0.253     0.253 r  pll.clk_pll/inst/clkin1_ibufg/O
                         net (fo=1, routed)           0.565     0.818    pll.clk_pll/inst/clk_in1_clk_pll
    PLLE2_ADV_X0Y2       PLLE2_ADV (Prop_plle2_adv_CLKIN1_CLKOUT1)
                                                     -2.523    -1.705 r  pll.clk_pll/inst/plle2_adv_inst/CLKOUT1
                         net (fo=1, routed)           0.560    -1.146    pll.clk_pll/inst/timer_clk_clk_pll
    BUFGCTRL_X0Y1        BUFG (Prop_bufg_I_O)         0.026    -1.120 r  pll.clk_pll/inst/clkout2_buf/O
                         net (fo=99, routed)          0.581    -0.539    u_confreg/timer_clk
    SLICE_X63Y104        FDRE                                         r  u_confreg/conf_wdata_r1_reg[12]/C
  -------------------------------------------------------------------    -------------------
    SLICE_X63Y104        FDRE (Prop_fdre_C_Q)         0.141    -0.398 r  u_confreg/conf_wdata_r1_reg[12]/Q
                         net (fo=1, routed)           0.055    -0.343    u_confreg/conf_wdata_r1[12]
    SLICE_X63Y104        FDRE                                         r  u_confreg/conf_wdata_r2_reg[12]/D
  -------------------------------------------------------------------    -------------------

                         (clock timer_clk_clk_pll rise edge)
                                                      0.000     0.000 r  
    AC19                                              0.000     0.000 r  clk (IN)
                         net (fo=0)                   0.000     0.000    pll.clk_pll/inst/clk_in1
    AC19                 IBUF (Prop_ibuf_I_O)         0.441     0.441 r  pll.clk_pll/inst/clkin1_ibufg/O
                         net (fo=1, routed)           0.620     1.061    pll.clk_pll/inst/clk_in1_clk_pll
    PLLE2_ADV_X0Y2       PLLE2_ADV (Prop_plle2_adv_CLKIN1_CLKOUT1)
                                                     -2.851    -1.790 r  pll.clk_pll/inst/plle2_adv_inst/CLKOUT1
                         net (fo=1, routed)           0.611    -1.180    pll.clk_pll/inst/timer_clk_clk_pll
    BUFGCTRL_X0Y1        BUFG (Prop_bufg_I_O)         0.029    -1.151 r  pll.clk_pll/inst/clkout2_buf/O
                         net (fo=99, routed)          0.852    -0.299    u_confreg/timer_clk
    SLICE_X63Y104        FDRE                                         r  u_confreg/conf_wdata_r2_reg[12]/C
                         clock pessimism             -0.240    -0.539    
    SLICE_X63Y104        FDRE (Hold_fdre_C_D)         0.075    -0.464    u_confreg/conf_wdata_r2_reg[12]
  -------------------------------------------------------------------
                         required time                          0.464    
                         arrival time                          -0.343    
  -------------------------------------------------------------------
                         slack                                  0.121    

Slack (MET) :             0.121ns  (arrival time - required time)
  Source:                 u_confreg/conf_wdata_r1_reg[19]/C
                            (rising edge-triggered cell FDRE clocked by timer_clk_clk_pll  {rise@0.000ns fall@5.000ns period=10.000ns})
  Destination:            u_confreg/conf_wdata_r2_reg[19]/D
                            (rising edge-triggered cell FDRE clocked by timer_clk_clk_pll  {rise@0.000ns fall@5.000ns period=10.000ns})
  Path Group:             timer_clk_clk_pll
  Path Type:              Hold (Min at Fast Process Corner)
  Requirement:            0.000ns  (timer_clk_clk_pll rise@0.000ns - timer_clk_clk_pll rise@0.000ns)
  Data Path Delay:        0.196ns  (logic 0.141ns (71.838%)  route 0.055ns (28.162%))
  Logic Levels:           0  
  Clock Path Skew:        0.000ns (DCD - SCD - CPR)
    Destination Clock Delay (DCD):    -0.302ns
    Source Clock Delay      (SCD):    -0.542ns
    Clock Pessimism Removal (CPR):    0.240ns

    Location             Delay type                Incr(ns)  Path(ns)    Netlist Resource(s)
  -------------------------------------------------------------------    -------------------
                         (clock timer_clk_clk_pll rise edge)
                                                      0.000     0.000 r  
    AC19                                              0.000     0.000 r  clk (IN)
                         net (fo=0)                   0.000     0.000    pll.clk_pll/inst/clk_in1
    AC19                 IBUF (Prop_ibuf_I_O)         0.253     0.253 r  pll.clk_pll/inst/clkin1_ibufg/O
                         net (fo=1, routed)           0.565     0.818    pll.clk_pll/inst/clk_in1_clk_pll
    PLLE2_ADV_X0Y2       PLLE2_ADV (Prop_plle2_adv_CLKIN1_CLKOUT1)
                                                     -2.523    -1.705 r  pll.clk_pll/inst/plle2_adv_inst/CLKOUT1
                         net (fo=1, routed)           0.560    -1.146    pll.clk_pll/inst/timer_clk_clk_pll
    BUFGCTRL_X0Y1        BUFG (Prop_bufg_I_O)         0.026    -1.120 r  pll.clk_pll/inst/clkout2_buf/O
                         net (fo=99, routed)          0.578    -0.542    u_confreg/timer_clk
    SLICE_X67Y105        FDRE                                         r  u_confreg/conf_wdata_r1_reg[19]/C
  -------------------------------------------------------------------    -------------------
    SLICE_X67Y105        FDRE (Prop_fdre_C_Q)         0.141    -0.401 r  u_confreg/conf_wdata_r1_reg[19]/Q
                         net (fo=1, routed)           0.055    -0.346    u_confreg/conf_wdata_r1[19]
    SLICE_X67Y105        FDRE                                         r  u_confreg/conf_wdata_r2_reg[19]/D
  -------------------------------------------------------------------    -------------------

                         (clock timer_clk_clk_pll rise edge)
                                                      0.000     0.000 r  
    AC19                                              0.000     0.000 r  clk (IN)
                         net (fo=0)                   0.000     0.000    pll.clk_pll/inst/clk_in1
    AC19                 IBUF (Prop_ibuf_I_O)         0.441     0.441 r  pll.clk_pll/inst/clkin1_ibufg/O
                         net (fo=1, routed)           0.620     1.061    pll.clk_pll/inst/clk_in1_clk_pll
    PLLE2_ADV_X0Y2       PLLE2_ADV (Prop_plle2_adv_CLKIN1_CLKOUT1)
                                                     -2.851    -1.790 r  pll.clk_pll/inst/plle2_adv_inst/CLKOUT1
                         net (fo=1, routed)           0.611    -1.180    pll.clk_pll/inst/timer_clk_clk_pll
    BUFGCTRL_X0Y1        BUFG (Prop_bufg_I_O)         0.029    -1.151 r  pll.clk_pll/inst/clkout2_buf/O
                         net (fo=99, routed)          0.849    -0.302    u_confreg/timer_clk
    SLICE_X67Y105        FDRE                                         r  u_confreg/conf_wdata_r2_reg[19]/C
                         clock pessimism             -0.240    -0.542    
    SLICE_X67Y105        FDRE (Hold_fdre_C_D)         0.075    -0.467    u_confreg/conf_wdata_r2_reg[19]
  -------------------------------------------------------------------
                         required time                          0.467    
                         arrival time                          -0.346    
  -------------------------------------------------------------------
                         slack                                  0.121    

Slack (MET) :             0.125ns  (arrival time - required time)
  Source:                 u_confreg/conf_wdata_r1_reg[11]/C
                            (rising edge-triggered cell FDRE clocked by timer_clk_clk_pll  {rise@0.000ns fall@5.000ns period=10.000ns})
  Destination:            u_confreg/conf_wdata_r2_reg[11]/D
                            (rising edge-triggered cell FDRE clocked by timer_clk_clk_pll  {rise@0.000ns fall@5.000ns period=10.000ns})
  Path Group:             timer_clk_clk_pll
  Path Type:              Hold (Min at Fast Process Corner)
  Requirement:            0.000ns  (timer_clk_clk_pll rise@0.000ns - timer_clk_clk_pll rise@0.000ns)
  Data Path Delay:        0.196ns  (logic 0.141ns (71.838%)  route 0.055ns (28.162%))
  Logic Levels:           0  
  Clock Path Skew:        0.000ns (DCD - SCD - CPR)
    Destination Clock Delay (DCD):    -0.302ns
    Source Clock Delay      (SCD):    -0.542ns
    Clock Pessimism Removal (CPR):    0.240ns

    Location             Delay type                Incr(ns)  Path(ns)    Netlist Resource(s)
  -------------------------------------------------------------------    -------------------
                         (clock timer_clk_clk_pll rise edge)
                                                      0.000     0.000 r  
    AC19                                              0.000     0.000 r  clk (IN)
                         net (fo=0)                   0.000     0.000    pll.clk_pll/inst/clk_in1
    AC19                 IBUF (Prop_ibuf_I_O)         0.253     0.253 r  pll.clk_pll/inst/clkin1_ibufg/O
                         net (fo=1, routed)           0.565     0.818    pll.clk_pll/inst/clk_in1_clk_pll
    PLLE2_ADV_X0Y2       PLLE2_ADV (Prop_plle2_adv_CLKIN1_CLKOUT1)
                                                     -2.523    -1.705 r  pll.clk_pll/inst/plle2_adv_inst/CLKOUT1
                         net (fo=1, routed)           0.560    -1.146    pll.clk_pll/inst/timer_clk_clk_pll
    BUFGCTRL_X0Y1        BUFG (Prop_bufg_I_O)         0.026    -1.120 r  pll.clk_pll/inst/clkout2_buf/O
                         net (fo=99, routed)          0.578    -0.542    u_confreg/timer_clk
    SLICE_X69Y103        FDRE                                         r  u_confreg/conf_wdata_r1_reg[11]/C
  -------------------------------------------------------------------    -------------------
    SLICE_X69Y103        FDRE (Prop_fdre_C_Q)         0.141    -0.401 r  u_confreg/conf_wdata_r1_reg[11]/Q
                         net (fo=1, routed)           0.055    -0.346    u_confreg/conf_wdata_r1[11]
    SLICE_X69Y103        FDRE                                         r  u_confreg/conf_wdata_r2_reg[11]/D
  -------------------------------------------------------------------    -------------------

                         (clock timer_clk_clk_pll rise edge)
                                                      0.000     0.000 r  
    AC19                                              0.000     0.000 r  clk (IN)
                         net (fo=0)                   0.000     0.000    pll.clk_pll/inst/clk_in1
    AC19                 IBUF (Prop_ibuf_I_O)         0.441     0.441 r  pll.clk_pll/inst/clkin1_ibufg/O
                         net (fo=1, routed)           0.620     1.061    pll.clk_pll/inst/clk_in1_clk_pll
    PLLE2_ADV_X0Y2       PLLE2_ADV (Prop_plle2_adv_CLKIN1_CLKOUT1)
                                                     -2.851    -1.790 r  pll.clk_pll/inst/plle2_adv_inst/CLKOUT1
                         net (fo=1, routed)           0.611    -1.180    pll.clk_pll/inst/timer_clk_clk_pll
    BUFGCTRL_X0Y1        BUFG (Prop_bufg_I_O)         0.029    -1.151 r  pll.clk_pll/inst/clkout2_buf/O
                         net (fo=99, routed)          0.849    -0.302    u_confreg/timer_clk
    SLICE_X69Y103        FDRE                                         r  u_confreg/conf_wdata_r2_reg[11]/C
                         clock pessimism             -0.240    -0.542    
    SLICE_X69Y103        FDRE (Hold_fdre_C_D)         0.071    -0.471    u_confreg/conf_wdata_r2_reg[11]
  -------------------------------------------------------------------
                         required time                          0.471    
                         arrival time                          -0.346    
  -------------------------------------------------------------------
                         slack                                  0.125    





Pulse Width Checks
--------------------------------------------------------------------------------------
Clock Name:         timer_clk_clk_pll
Waveform(ns):       { 0.000 5.000 }
Period(ns):         10.000
Sources:            { pll.clk_pll/inst/plle2_adv_inst/CLKOUT1 }

Check Type        Corner  Lib Pin            Reference Pin  Required(ns)  Actual(ns)  Slack(ns)  Location        Pin
Min Period        n/a     BUFG/I             n/a            1.592         10.000      8.408      BUFGCTRL_X0Y1   pll.clk_pll/inst/clkout2_buf/I
Min Period        n/a     PLLE2_ADV/CLKOUT1  n/a            1.249         10.000      8.751      PLLE2_ADV_X0Y2  pll.clk_pll/inst/plle2_adv_inst/CLKOUT1
Min Period        n/a     FDRE/C             n/a            1.000         10.000      9.000      SLICE_X65Y101   u_confreg/conf_wdata_r1_reg[0]/C
Min Period        n/a     FDRE/C             n/a            1.000         10.000      9.000      SLICE_X69Y103   u_confreg/conf_wdata_r1_reg[10]/C
Min Period        n/a     FDRE/C             n/a            1.000         10.000      9.000      SLICE_X69Y103   u_confreg/conf_wdata_r1_reg[11]/C
Min Period        n/a     FDRE/C             n/a            1.000         10.000      9.000      SLICE_X63Y104   u_confreg/conf_wdata_r1_reg[12]/C
Min Period        n/a     FDRE/C             n/a            1.000         10.000      9.000      SLICE_X63Y104   u_confreg/conf_wdata_r1_reg[13]/C
Min Period        n/a     FDRE/C             n/a            1.000         10.000      9.000      SLICE_X60Y98    u_confreg/conf_wdata_r1_reg[14]/C
Min Period        n/a     FDRE/C             n/a            1.000         10.000      9.000      SLICE_X67Y102   u_confreg/conf_wdata_r1_reg[15]/C
Min Period        n/a     FDRE/C             n/a            1.000         10.000      9.000      SLICE_X58Y107   u_confreg/conf_wdata_r1_reg[16]/C
Max Period        n/a     PLLE2_ADV/CLKOUT1  n/a            160.000       10.000      150.000    PLLE2_ADV_X0Y2  pll.clk_pll/inst/plle2_adv_inst/CLKOUT1
Low Pulse Width   Slow    FDRE/C             n/a            0.500         5.000       4.500      SLICE_X65Y101   u_confreg/conf_wdata_r1_reg[0]/C
Low Pulse Width   Fast    FDRE/C             n/a            0.500         5.000       4.500      SLICE_X65Y101   u_confreg/conf_wdata_r1_reg[0]/C
Low Pulse Width   Fast    FDRE/C             n/a            0.500         5.000       4.500      SLICE_X63Y104   u_confreg/conf_wdata_r1_reg[12]/C
Low Pulse Width   Fast    FDRE/C             n/a            0.500         5.000       4.500      SLICE_X63Y104   u_confreg/conf_wdata_r1_reg[13]/C
Low Pulse Width   Slow    FDRE/C             n/a            0.500         5.000       4.500      SLICE_X65Y101   u_confreg/conf_wdata_r1_reg[17]/C
Low Pulse Width   Fast    FDRE/C             n/a            0.500         5.000       4.500      SLICE_X65Y101   u_confreg/conf_wdata_r1_reg[17]/C
Low Pulse Width   Fast    FDRE/C             n/a            0.500         5.000       4.500      SLICE_X63Y104   u_confreg/conf_wdata_r1_reg[18]/C
Low Pulse Width   Fast    FDRE/C             n/a            0.500         5.000       4.500      SLICE_X63Y104   u_confreg/conf_wdata_r1_reg[22]/C
Low Pulse Width   Slow    FDRE/C             n/a            0.500         5.000       4.500      SLICE_X65Y107   u_confreg/conf_wdata_r1_reg[26]/C
Low Pulse Width   Slow    FDRE/C             n/a            0.500         5.000       4.500      SLICE_X65Y107   u_confreg/conf_wdata_r1_reg[28]/C
High Pulse Width  Fast    FDRE/C             n/a            0.500         5.000       4.500      SLICE_X69Y103   u_confreg/conf_wdata_r1_reg[10]/C
High Pulse Width  Fast    FDRE/C             n/a            0.500         5.000       4.500      SLICE_X69Y103   u_confreg/conf_wdata_r1_reg[11]/C
High Pulse Width  Slow    FDRE/C             n/a            0.500         5.000       4.500      SLICE_X60Y98    u_confreg/conf_wdata_r1_reg[14]/C
High Pulse Width  Fast    FDRE/C             n/a            0.500         5.000       4.500      SLICE_X58Y107   u_confreg/conf_wdata_r1_reg[16]/C
High Pulse Width  Fast    FDRE/C             n/a            0.500         5.000       4.500      SLICE_X67Y105   u_confreg/conf_wdata_r1_reg[19]/C
High Pulse Width  Slow    FDRE/C             n/a            0.500         5.000       4.500      SLICE_X60Y98    u_confreg/conf_wdata_r1_reg[1]/C
High Pulse Width  Fast    FDRE/C             n/a            0.500         5.000       4.500      SLICE_X67Y105   u_confreg/conf_wdata_r1_reg[20]/C
High Pulse Width  Slow    FDRE/C             n/a            0.500         5.000       4.500      SLICE_X68Y112   u_confreg/conf_wdata_r1_reg[21]/C
High Pulse Width  Fast    FDRE/C             n/a            0.500         5.000       4.500      SLICE_X67Y105   u_confreg/conf_wdata_r1_reg[23]/C
High Pulse Width  Fast    FDRE/C             n/a            0.500         5.000       4.500      SLICE_X58Y107   u_confreg/conf_wdata_r1_reg[24]/C



