Emoji,Context,Platform,UserAge,UserGender
😎,angry,Snapchat,47,Male
👍,love,Instagram,36,Male
😳,angry,Snapchat,51,Male
😂,confusion,Facebook,64,Male
🤣,celebration,Snapchat,56,Female
💔,confusion,Snapchat,45,Female
🤣,funny,Instagram,20,Female
😭,support,Facebook,29,Male
😘,angry,Twitter,53,Male
😏,angry,Instagram,38,Male
😳,love,Instagram,59,Female
😜,surprise,TikTok,62,Female
😊,funny,TikTok,61,Female
🙌,love,Facebook,27,Male
💕,happy,WhatsApp,17,Female
😇,cool,Snapchat,17,Male
😇,surprise,Instagram,40,Male
😎,confusion,Facebook,57,Female
🤩,cool,TikTok,17,Male
❤️,funny,Instagram,19,Female
💕,funny,Facebook,55,Female
😭,funny,Facebook,37,Male
🙌,happy,Twitter,60,Male
😢,support,Facebook,61,Female
😇,cool,TikTok,44,Female
🎉,sad,Facebook,37,Female
🙏,surprise,WhatsApp,33,Female
🤗,sad,Snapchat,60,Male
😔,sad,Twitter,58,Male
🥰,celebration,Snapchat,51,Female
😘,celebration,Instagram,17,Female
🙄,angry,Twitter,51,Female
😏,cool,Twitter,53,Female
🤔,confusion,Facebook,42,Male
😏,happy,WhatsApp,49,Female
🙏,cool,Facebook,16,Female
👍,celebration,TikTok,15,Female
👍,surprise,WhatsApp,14,Female
😂,celebration,TikTok,63,Male
😜,angry,Twitter,27,Male
🤣,angry,Twitter,51,Male
😇,surprise,WhatsApp,42,Male
🎉,cool,Facebook,50,Female
😏,cool,Facebook,50,Male
🤪,celebration,Twitter,37,Male
😏,support,Facebook,36,Female
😏,support,Twitter,37,Female
😢,sad,Twitter,53,Female
😭,support,TikTok,17,Male
😂,funny,Instagram,27,Male
❤️,celebration,WhatsApp,13,Female
😘,support,WhatsApp,40,Male
🤗,confusion,Instagram,15,Female
😂,celebration,Instagram,55,Female
😅,angry,Snapchat,40,Male
🙄,sad,Twitter,28,Female
🙌,funny,TikTok,36,Male
🤣,celebration,Snapchat,32,Male
👏,love,Twitter,16,Male
😜,celebration,WhatsApp,54,Female
🙌,love,Snapchat,37,Male
😡,love,Twitter,54,Male
😍,cool,TikTok,31,Female
😂,surprise,WhatsApp,51,Female
😂,confusion,WhatsApp,57,Female
😊,sad,Instagram,24,Female
😳,celebration,Instagram,13,Male
🙏,happy,Snapchat,62,Female
💕,support,Facebook,58,Female
🥰,sad,Facebook,62,Female
🙄,cool,WhatsApp,45,Female
🎉,angry,Twitter,43,Female
👍,cool,Snapchat,18,Male
😊,funny,Snapchat,63,Male
😘,cool,Snapchat,13,Female
😅,angry,Twitter,40,Male
🤩,funny,WhatsApp,64,Female
😇,celebration,Twitter,55,Male
❤️,celebration,Snapchat,59,Male
❤️,happy,Twitter,56,Male
😭,angry,WhatsApp,43,Male
😘,cool,Facebook,25,Female
🤗,cool,Snapchat,51,Male
🤣,angry,Facebook,59,Male
💕,love,Instagram,44,Female
🙌,cool,Facebook,63,Male
👏,cool,TikTok,50,Female
😢,cool,Instagram,52,Male
😜,sad,TikTok,57,Female
💔,sad,Twitter,64,Male
😂,happy,Instagram,43,Male
😢,confusion,Facebook,62,Male
🤣,celebration,WhatsApp,13,Male
😳,surprise,WhatsApp,62,Male
😎,celebration,Facebook,13,Male
🤗,cool,Facebook,50,Male
😅,surprise,TikTok,62,Male
🙄,confusion,Instagram,56,Female
👏,funny,Facebook,39,Female
😊,happy,Facebook,49,Male
💕,surprise,TikTok,54,Female
😊,sad,TikTok,13,Female
👍,celebration,Facebook,60,Female
🙄,love,TikTok,49,Female
🤣,celebration,Facebook,36,Male
😎,love,Snapchat,54,Female
😊,love,Snapchat,48,Female
🙄,happy,TikTok,39,Female
🥰,angry,WhatsApp,31,Female
😢,sad,Instagram,34,Male
👍,love,WhatsApp,59,Female
🙄,confusion,WhatsApp,18,Male
🤣,love,Instagram,48,Male
🤩,happy,TikTok,33,Male
🙌,cool,Instagram,34,Male
👍,love,WhatsApp,33,Male
😔,surprise,Facebook,57,Female
😳,cool,Facebook,64,Female
😳,happy,TikTok,53,Male
🤔,confusion,TikTok,27,Male
🎉,support,Twitter,18,Male
🙏,celebration,Twitter,53,Female
😘,love,Twitter,31,Male
🤣,confusion,TikTok,47,Male
😂,support,WhatsApp,37,Female
🙏,confusion,Instagram,23,Male
😂,happy,Snapchat,27,Male
🎉,celebration,Instagram,23,Female
😜,support,Snapchat,28,Female
😊,love,TikTok,36,Male
😍,celebration,Instagram,54,Female
🤔,cool,TikTok,14,Male
🤪,angry,Instagram,44,Female
🤣,support,Snapchat,13,Female
😍,celebration,Facebook,57,Female
😅,support,Twitter,16,Male
😔,funny,WhatsApp,14,Female
🤔,happy,WhatsApp,53,Female
😭,celebration,TikTok,53,Female
😳,support,Facebook,37,Female
😘,happy,Facebook,44,Male
😂,confusion,WhatsApp,40,Male
😅,love,Snapchat,51,Female
😜,angry,WhatsApp,62,Male
👏,cool,TikTok,32,Male
🤩,cool,Instagram,39,Female
🙌,sad,Snapchat,25,Male
💔,surprise,Facebook,34,Male
😍,happy,WhatsApp,36,Male
🤗,confusion,Facebook,54,Male
😍,love,TikTok,46,Male
🤣,love,Snapchat,41,Male
💔,love,Instagram,57,Male
🤣,support,TikTok,35,Female
😜,sad,TikTok,24,Female
😢,support,Instagram,16,Female
🤣,celebration,Facebook,59,Female
🙄,angry,Snapchat,15,Female
🎉,happy,Instagram,64,Male
😜,surprise,TikTok,40,Female
💔,cool,Instagram,51,Female
😢,cool,Instagram,55,Female
😘,funny,Snapchat,48,Female
🤩,surprise,Instagram,36,Male
❤️,cool,Snapchat,15,Male
😊,cool,Facebook,14,Female
😅,surprise,Snapchat,13,Female
😉,angry,Facebook,57,Female
👏,support,Facebook,49,Male
🥰,confusion,Instagram,38,Male
👏,support,Facebook,42,Female
😍,cool,Facebook,46,Female
😏,sad,Twitter,39,Female
🤔,surprise,TikTok,23,Male
😂,cool,TikTok,35,Female
😉,angry,Twitter,16,Male
😂,happy,Twitter,49,Male
💕,sad,WhatsApp,64,Female
😏,funny,Snapchat,53,Male
😢,angry,Snapchat,53,Male
😅,cool,Twitter,60,Female
😏,funny,Instagram,39,Female
😇,angry,Twitter,30,Male
😡,happy,Snapchat,54,Male
🥰,support,Twitter,52,Male
😔,happy,TikTok,54,Male
😇,happy,Instagram,26,Female
🤪,happy,Snapchat,22,Male
😍,surprise,Facebook,18,Male
🤣,confusion,Instagram,40,Female
😍,support,TikTok,43,Female
👏,confusion,WhatsApp,38,Male
😔,support,Twitter,48,Male
🤔,funny,Snapchat,61,Male
🥰,happy,Instagram,47,Female
🥰,love,WhatsApp,20,Female
😏,angry,Snapchat,60,Female
🥰,support,Snapchat,42,Male
🤩,sad,Twitter,60,Male
😍,cool,Instagram,57,Male
😇,surprise,Facebook,55,Male
🙄,celebration,Snapchat,41,Male
🤣,confusion,Instagram,14,Male
😎,funny,WhatsApp,13,Male
🤪,happy,Facebook,62,Female
😢,love,Snapchat,21,Male
😂,funny,Twitter,22,Female
😊,celebration,Twitter,56,Male
🤣,confusion,TikTok,49,Female
😔,surprise,Facebook,41,Male
👏,sad,Snapchat,42,Male
😡,angry,Snapchat,45,Male
😉,angry,WhatsApp,61,Male
😔,surprise,WhatsApp,13,Male
🤗,love,Twitter,22,Female
😔,surprise,Twitter,55,Male
👏,surprise,Snapchat,13,Female
😇,cool,Instagram,59,Female
🤔,confusion,TikTok,45,Male
😇,celebration,WhatsApp,40,Female
🤪,support,Facebook,50,Male
😳,love,Facebook,55,Female
😢,funny,Facebook,50,Female
🤗,funny,Twitter,36,Female
🤔,funny,Instagram,53,Male
😡,happy,Facebook,33,Female
🤗,sad,Twitter,21,Female
😉,love,WhatsApp,54,Female
😳,support,WhatsApp,27,Male
🤪,angry,Instagram,13,Female
😏,funny,TikTok,29,Male
❤️,cool,Twitter,29,Female
🥰,cool,TikTok,64,Female
😂,support,Snapchat,28,Female
😊,angry,WhatsApp,24,Male
💔,celebration,Twitter,61,Female
💔,celebration,Instagram,24,Female
🤗,surprise,WhatsApp,16,Male
💕,surprise,Twitter,47,Male
😳,confusion,TikTok,16,Female
😔,sad,Snapchat,25,Female
😭,celebration,Snapchat,33,Male
😇,celebration,Instagram,47,Male
😇,angry,WhatsApp,58,Male
👍,confusion,Instagram,28,Male
😘,funny,Snapchat,30,Female
😜,confusion,Instagram,25,Male
🥰,celebration,WhatsApp,36,Male
😉,support,WhatsApp,26,Female
👍,surprise,Twitter,48,Female
👏,funny,Twitter,28,Male
💕,cool,TikTok,46,Female
👍,funny,Facebook,22,Female
🤪,surprise,Twitter,20,Male
🤗,cool,TikTok,46,Male
❤️,cool,Facebook,45,Male
😉,confusion,Twitter,28,Male
😎,angry,WhatsApp,16,Male
😇,funny,WhatsApp,40,Female
🤪,sad,Instagram,50,Female
😇,support,WhatsApp,59,Female
🤣,cool,WhatsApp,38,Female
😜,sad,Facebook,62,Female
👍,angry,Instagram,60,Male
🤣,angry,WhatsApp,59,Male
😅,angry,WhatsApp,40,Female
😎,love,Snapchat,62,Male
💕,sad,WhatsApp,38,Male
🤣,cool,Snapchat,56,Male
😉,cool,Twitter,15,Female
🤪,sad,Twitter,24,Male
🙏,happy,WhatsApp,63,Female
🙌,love,Instagram,57,Female
👏,angry,WhatsApp,25,Male
😂,surprise,Twitter,23,Female
👏,support,Snapchat,56,Male
🥰,cool,Snapchat,59,Male
🙄,funny,TikTok,28,Male
😅,love,Twitter,13,Female
😉,love,WhatsApp,24,Female
👏,sad,Twitter,24,Female
🙏,surprise,Twitter,28,Female
🤪,cool,Snapchat,52,Female
😡,angry,Snapchat,31,Male
👍,support,Twitter,61,Male
🥰,happy,Snapchat,57,Male
😍,support,WhatsApp,60,Male
💔,confusion,WhatsApp,61,Female
😏,funny,Facebook,63,Male
🤗,funny,Twitter,44,Male
🙌,happy,Instagram,13,Male
😳,confusion,TikTok,48,Male
😏,confusion,WhatsApp,23,Female
😢,funny,TikTok,30,Female
🙄,celebration,Snapchat,43,Male
😳,funny,Twitter,48,Female
🤪,angry,Instagram,59,Female
🤣,surprise,Instagram,39,Male
🤣,surprise,Instagram,52,Female
😭,love,Instagram,39,Male
😘,cool,WhatsApp,25,Female
😘,support,Facebook,50,Male
😘,celebration,Snapchat,32,Female
🙌,love,WhatsApp,19,Male
🤣,celebration,Facebook,39,Male
😢,angry,WhatsApp,16,Female
🤩,happy,Snapchat,39,Female
😜,support,WhatsApp,15,Female
😎,love,Snapchat,54,Male
🤣,love,Twitter,17,Female
😘,surprise,WhatsApp,56,Male
😅,confusion,Twitter,23,Female
💔,celebration,WhatsApp,64,Male
😔,angry,Twitter,48,Male
😭,love,TikTok,44,Female
😭,celebration,Twitter,21,Female
🤪,surprise,Twitter,51,Female
😳,cool,Instagram,32,Female
❤️,happy,Facebook,29,Male
😎,angry,Facebook,32,Male
😍,confusion,TikTok,48,Male
😍,surprise,Twitter,28,Male
😇,happy,TikTok,13,Male
❤️,cool,Instagram,60,Female
🙏,happy,Instagram,19,Male
🥰,love,Snapchat,27,Female
😊,cool,Instagram,51,Male
😂,surprise,Twitter,31,Female
👏,love,Snapchat,43,Male
😍,sad,Facebook,38,Female
🙏,celebration,Facebook,40,Female
😳,cool,WhatsApp,54,Female
🤔,love,Twitter,57,Female
🥰,sad,TikTok,51,Male
🤪,confusion,WhatsApp,61,Male
❤️,love,Facebook,36,Female
🎉,happy,Instagram,54,Female
🤔,surprise,Snapchat,53,Male
🤣,celebration,TikTok,33,Male
😇,cool,WhatsApp,24,Male
💔,celebration,Twitter,40,Female
🥰,sad,Facebook,34,Male
🙄,happy,Facebook,14,Male
😊,celebration,TikTok,22,Female
🤔,angry,Snapchat,35,Male
🤗,cool,Facebook,63,Female
🤣,love,TikTok,25,Female
😭,funny,WhatsApp,46,Male
😡,cool,TikTok,61,Male
🤣,cool,Facebook,59,Male
😜,angry,Facebook,18,Male
🤪,funny,Snapchat,41,Male
🎉,angry,Instagram,42,Female
❤️,happy,TikTok,15,Male
😜,surprise,Twitter,43,Male
🎉,angry,TikTok,47,Male
🤪,angry,Twitter,62,Female
🙄,celebration,WhatsApp,25,Female
🤪,support,TikTok,34,Male
😍,sad,Twitter,25,Male
🙏,surprise,Snapchat,29,Male
🙏,funny,Snapchat,36,Male
😎,confusion,Facebook,23,Female
😎,angry,TikTok,29,Female
😳,angry,Facebook,34,Female
🤪,celebration,WhatsApp,38,Female
😍,cool,TikTok,32,Female
👍,celebration,Instagram,47,Female
💔,support,Facebook,36,Male
😳,love,Snapchat,29,Male
😭,angry,Facebook,57,Female
😭,celebration,WhatsApp,45,Female
👏,sad,WhatsApp,14,Male
😉,confusion,Facebook,39,Male
🎉,support,Instagram,26,Male
💕,cool,Twitter,43,Female
😭,surprise,TikTok,48,Female
😜,angry,Snapchat,54,Female
😡,surprise,Instagram,57,Male
👏,cool,WhatsApp,44,Female
😏,love,Snapchat,54,Male
🎉,angry,TikTok,35,Female
😘,celebration,Snapchat,14,Male
🤪,celebration,Twitter,28,Female
😢,sad,WhatsApp,44,Male
😳,cool,Twitter,15,Female
😘,sad,Twitter,26,Female
🤗,celebration,Instagram,13,Female
😜,sad,TikTok,13,Male
😂,angry,WhatsApp,23,Female
💔,support,WhatsApp,29,Female
😘,love,Instagram,24,Female
😡,confusion,WhatsApp,38,Female
👏,confusion,Instagram,35,Male
🎉,surprise,WhatsApp,18,Female
😘,support,TikTok,16,Female
🤩,celebration,Facebook,59,Female
😂,happy,WhatsApp,32,Male
😉,confusion,Facebook,19,Male
🤔,sad,TikTok,64,Female
😅,celebration,Twitter,30,Male
😊,cool,Twitter,29,Female
😇,sad,Twitter,38,Female
🙄,love,Snapchat,47,Male
🤣,confusion,Twitter,54,Male
😏,support,Facebook,30,Female
🥰,surprise,TikTok,57,Male
😇,cool,Instagram,37,Female
💔,love,Instagram,23,Male
🤪,confusion,Snapchat,63,Female
💔,surprise,WhatsApp,55,Female
😢,sad,Twitter,39,Female
🙌,surprise,WhatsApp,49,Female
😂,confusion,Instagram,43,Male
😏,angry,Facebook,61,Female
🥰,love,Snapchat,31,Female
😭,love,Snapchat,13,Female
🙌,cool,Snapchat,16,Male
😔,happy,Twitter,47,Female
🤩,funny,Snapchat,41,Male
🎉,cool,Facebook,23,Female
😇,celebration,Facebook,30,Female
🙄,celebration,Snapchat,21,Male
🙌,sad,Instagram,34,Male
😂,funny,TikTok,60,Female
👏,love,TikTok,40,Male
😡,surprise,Instagram,27,Male
😊,angry,Snapchat,37,Male
🤗,angry,Twitter,31,Female
😂,angry,Instagram,47,Male
😅,angry,Snapchat,60,Male
😢,celebration,Facebook,32,Female
😉,support,WhatsApp,60,Female
😡,cool,Instagram,41,Female
🙄,angry,Twitter,24,Male
😜,angry,TikTok,31,Female
😊,surprise,WhatsApp,13,Female
😉,surprise,WhatsApp,51,Male
🤣,angry,Twitter,55,Female
🤩,celebration,Twitter,60,Male
😏,surprise,Snapchat,58,Female
😭,angry,Facebook,49,Female
🥰,confusion,Twitter,14,Female
🤪,celebration,Twitter,53,Male
😔,confusion,WhatsApp,57,Female
🙏,love,Instagram,44,Female
😂,angry,TikTok,56,Female
🥰,funny,Instagram,62,Male
👍,love,TikTok,45,Female
👍,sad,Twitter,37,Female
😳,confusion,Facebook,13,Female
👏,happy,Twitter,42,Female
😊,funny,Facebook,57,Female
😭,surprise,WhatsApp,47,Male
😡,happy,Snapchat,60,Male
😔,confusion,WhatsApp,63,Male
🤩,funny,Snapchat,57,Female
😅,love,TikTok,57,Male
🙄,cool,WhatsApp,15,Female
😢,love,Twitter,31,Female
🎉,love,TikTok,26,Male
💔,celebration,Twitter,21,Female
😏,confusion,Facebook,17,Female
🤣,support,Twitter,32,Female
😘,support,TikTok,22,Male
😜,cool,Instagram,42,Female
😳,love,Twitter,13,Female
😍,celebration,Instagram,51,Male
😏,confusion,TikTok,62,Female
😳,celebration,WhatsApp,35,Male
🤩,support,WhatsApp,38,Male
👏,confusion,Snapchat,40,Female
🙌,funny,TikTok,30,Male
😡,sad,Snapchat,38,Male
😡,surprise,Twitter,56,Female
😜,happy,Twitter,24,Female
😔,confusion,TikTok,19,Male
🙌,funny,Snapchat,17,Male
❤️,confusion,Twitter,43,Male
💕,confusion,Instagram,21,Female
😅,confusion,WhatsApp,28,Male
😳,surprise,Facebook,32,Female
🤔,surprise,Facebook,29,Male
💔,support,WhatsApp,45,Male
🤔,surprise,Facebook,41,Female
🤩,funny,Facebook,23,Male
😡,support,Instagram,42,Female
🤣,funny,WhatsApp,26,Male
🤩,happy,TikTok,52,Female
🎉,support,Snapchat,48,Male
😅,cool,WhatsApp,62,Female
😘,cool,Twitter,64,Female
😎,support,Twitter,56,Female
😔,sad,WhatsApp,56,Female
🤗,happy,Facebook,19,Female
💕,sad,Instagram,55,Female
💕,love,Twitter,19,Female
😭,angry,Snapchat,64,Female
🥰,funny,Instagram,41,Female
😔,cool,Snapchat,54,Female
😇,happy,Facebook,26,Male
😭,support,Snapchat,49,Female
🤔,surprise,Snapchat,51,Female
😇,surprise,Twitter,62,Male
😉,cool,Facebook,33,Male
😇,funny,Snapchat,62,Male
👍,happy,Instagram,40,Female
🤗,love,WhatsApp,34,Female
🥰,support,TikTok,48,Male
🤣,sad,WhatsApp,27,Female
💕,support,Twitter,47,Female
🎉,surprise,Snapchat,63,Male
😭,confusion,Instagram,63,Male
🙄,angry,Instagram,53,Male
🤗,funny,TikTok,29,Female
😍,cool,Snapchat,27,Female
😡,happy,TikTok,46,Female
🤔,sad,Snapchat,33,Male
😇,happy,Facebook,59,Male
😜,cool,WhatsApp,29,Female
😔,funny,Snapchat,43,Female
🙌,support,Snapchat,55,Male
😇,support,Instagram,27,Female
😊,confusion,TikTok,63,Female
😊,celebration,TikTok,34,Female
😎,confusion,Twitter,20,Female
🎉,surprise,TikTok,63,Male
🙌,sad,WhatsApp,46,Male
😉,support,WhatsApp,22,Male
🤗,cool,WhatsApp,14,Female
🙄,celebration,Facebook,21,Female
❤️,happy,WhatsApp,18,Female
🙏,cool,Instagram,59,Male
🤗,confusion,Snapchat,57,Male
🙌,love,Instagram,40,Male
💔,angry,Facebook,35,Male
🤪,funny,Facebook,16,Male
❤️,confusion,Instagram,32,Female
😏,angry,Twitter,60,Female
😳,surprise,Twitter,24,Female
🙌,funny,TikTok,64,Male
😏,confusion,TikTok,56,Male
😉,love,Facebook,17,Female
😉,angry,TikTok,63,Female
😭,funny,Twitter,21,Male
😘,funny,TikTok,49,Male
🎉,confusion,TikTok,48,Female
😘,funny,TikTok,28,Female
😉,sad,Instagram,30,Male
😂,cool,Facebook,34,Male
😏,support,WhatsApp,15,Female
😇,happy,Twitter,40,Female
😊,funny,TikTok,20,Male
🎉,confusion,TikTok,39,Female
🙄,support,Twitter,13,Female
😳,celebration,TikTok,45,Female
🤔,support,Instagram,21,Female
🤣,confusion,TikTok,20,Female
😅,love,Instagram,41,Male
❤️,angry,Instagram,60,Male
🙄,angry,Twitter,40,Male
😊,happy,Twitter,26,Male
😊,confusion,Facebook,33,Male
🤔,happy,Twitter,50,Female
🤔,angry,Facebook,30,Female
👍,confusion,Instagram,61,Male
😅,sad,TikTok,37,Female
😔,sad,WhatsApp,33,Female
🥰,support,Twitter,17,Female
💔,funny,Instagram,25,Male
👏,cool,WhatsApp,24,Female
🙄,confusion,TikTok,23,Male
💕,celebration,Instagram,26,Male
😘,celebration,TikTok,24,Male
😡,happy,WhatsApp,45,Female
💔,funny,Twitter,41,Female
👍,angry,Instagram,24,Male
🤣,funny,Twitter,52,Female
😏,celebration,Facebook,18,Male
😎,happy,Instagram,62,Female
😜,sad,WhatsApp,64,Female
🎉,happy,Instagram,46,Male
😅,confusion,Snapchat,49,Female
😍,cool,Snapchat,46,Male
❤️,confusion,Facebook,46,Male
👏,funny,Instagram,19,Male
🤣,support,Instagram,43,Female
😎,funny,TikTok,51,Female
😊,confusion,WhatsApp,40,Female
🤩,love,TikTok,27,Male
❤️,sad,WhatsApp,46,Female
🎉,celebration,WhatsApp,39,Male
😂,love,Instagram,48,Female
😭,happy,Instagram,36,Female
😇,funny,Snapchat,33,Male
🤩,celebration,Twitter,16,Male
😊,support,WhatsApp,35,Female
🤣,confusion,Twitter,18,Female
🙏,love,TikTok,26,Female
💕,happy,TikTok,44,Female
🤣,support,Twitter,64,Male
😍,support,Facebook,28,Female
🤗,surprise,Instagram,18,Male
🥰,funny,TikTok,30,Male
😡,celebration,Instagram,51,Female
❤️,angry,Snapchat,44,Female
😡,surprise,Instagram,64,Female
😊,angry,Facebook,37,Male
🤩,support,TikTok,35,Male
😂,support,Instagram,30,Male
😇,cool,WhatsApp,17,Male
😔,support,WhatsApp,56,Female
😏,funny,Snapchat,30,Female
😘,happy,TikTok,58,Male
😳,funny,WhatsApp,54,Male
🙏,funny,Facebook,19,Female
❤️,cool,Instagram,57,Male
😭,angry,Twitter,34,Female
🤪,funny,Instagram,19,Female
🥰,love,Facebook,57,Male
😉,funny,Instagram,43,Male
🙄,cool,Instagram,35,Male
😭,celebration,WhatsApp,61,Male
🤣,happy,Facebook,35,Female
😳,cool,WhatsApp,55,Female
💔,funny,Snapchat,62,Female
😎,celebration,TikTok,39,Male
🤣,funny,TikTok,53,Male
💕,cool,Snapchat,26,Female
🙄,celebration,Facebook,21,Female
😭,support,Facebook,60,Male
😏,confusion,Snapchat,25,Female
😂,angry,TikTok,37,Male
🙏,angry,TikTok,60,Male
💔,happy,Twitter,36,Female
👏,angry,TikTok,63,Female
😘,funny,TikTok,50,Female
😏,cool,Snapchat,22,Male
😭,love,Instagram,46,Male
😳,surprise,Snapchat,41,Female
🙏,angry,TikTok,46,Male
😡,love,Snapchat,23,Male
🥰,funny,WhatsApp,15,Female
👏,confusion,Facebook,40,Male
😢,celebration,WhatsApp,27,Female
😂,love,WhatsApp,39,Female
🥰,cool,WhatsApp,16,Female
😏,love,Instagram,32,Male
💕,support,Facebook,25,Female
🤗,funny,Snapchat,39,Male
😅,funny,Instagram,23,Male
😏,happy,WhatsApp,63,Female
😍,funny,Instagram,37,Female
💔,surprise,Instagram,49,Female
🙌,happy,TikTok,64,Female
😂,surprise,WhatsApp,55,Male
😏,celebration,WhatsApp,50,Male
🤩,angry,Instagram,17,Male
😢,funny,Instagram,16,Male
😂,surprise,Facebook,17,Female
😏,confusion,Facebook,22,Female
💕,cool,WhatsApp,54,Male
❤️,love,WhatsApp,28,Female
😎,sad,Instagram,48,Male
💔,happy,TikTok,55,Female
🤗,happy,Twitter,16,Male
😜,celebration,Facebook,19,Male
😔,surprise,Twitter,27,Male
😘,love,Instagram,37,Female
😊,celebration,Snapchat,18,Female
🤗,sad,Snapchat,53,Male
🤪,confusion,Snapchat,21,Female
💔,celebration,Snapchat,53,Male
🎉,support,Instagram,27,Female
🤣,sad,Facebook,21,Female
😍,support,Facebook,53,Male
🙄,surprise,Twitter,61,Male
😔,celebration,WhatsApp,48,Male
🤗,support,Snapchat,34,Male
👍,confusion,Facebook,16,Male
🙌,confusion,Instagram,51,Female
😊,celebration,WhatsApp,35,Male
😘,surprise,Twitter,18,Female
😊,celebration,Twitter,13,Male
🎉,sad,Facebook,61,Female
😜,sad,Instagram,34,Female
😔,angry,Instagram,60,Male
😔,funny,TikTok,45,Male
🙌,love,Facebook,61,Male
😍,sad,Facebook,20,Male
🤣,confusion,Facebook,36,Female
😘,sad,Facebook,17,Male
🤩,sad,Instagram,43,Male
🙌,cool,Instagram,62,Male
🤩,cool,Facebook,26,Female
😉,sad,Instagram,63,Male
😉,cool,Twitter,62,Male
😎,confusion,TikTok,16,Male
👍,angry,Instagram,17,Female
😍,funny,Instagram,55,Female
🤩,support,TikTok,38,Female
😏,cool,WhatsApp,31,Male
💕,support,Instagram,41,Female
😢,sad,Facebook,29,Male
🤔,cool,TikTok,62,Female
🤪,happy,Facebook,62,Female
😡,cool,Facebook,27,Female
👍,cool,Snapchat,56,Female
🤩,cool,Instagram,49,Female
🥰,happy,TikTok,23,Female
😂,celebration,WhatsApp,52,Male
😅,support,Facebook,46,Female
👏,celebration,Facebook,38,Female
😔,cool,TikTok,40,Male
😭,celebration,Snapchat,28,Male
💕,cool,Twitter,56,Female
😔,happy,Snapchat,62,Female
😳,funny,Facebook,63,Male
👍,happy,TikTok,56,Female
😘,funny,Facebook,54,Female
💕,happy,Instagram,43,Male
😳,confusion,Twitter,34,Female
👏,funny,Facebook,18,Male
😜,cool,WhatsApp,33,Male
😭,confusion,TikTok,42,Male
😡,funny,Facebook,46,Male
❤️,angry,TikTok,63,Female
😘,angry,Snapchat,25,Male
😍,sad,TikTok,25,Female
😜,celebration,Snapchat,51,Male
😡,happy,TikTok,38,Male
😢,angry,Instagram,19,Female
🙏,funny,Facebook,47,Female
💔,celebration,Facebook,50,Male
😉,confusion,Instagram,55,Male
😊,celebration,TikTok,62,Male
🤪,surprise,TikTok,51,Female
😜,surprise,Facebook,61,Female
😡,love,Twitter,63,Male
😢,happy,Instagram,44,Female
🤪,cool,Instagram,19,Female
😜,surprise,TikTok,58,Male
❤️,cool,Twitter,21,Female
😎,love,WhatsApp,43,Female
😂,sad,Facebook,51,Female
😘,happy,Facebook,43,Male
🤔,cool,WhatsApp,42,Male
😍,surprise,TikTok,43,Female
🥰,love,Snapchat,15,Female
😏,confusion,Instagram,33,Male
🤪,support,Instagram,31,Female
😅,funny,TikTok,37,Female
🤔,cool,Snapchat,40,Male
🤩,angry,Twitter,45,Female
💔,support,Snapchat,33,Male
😇,support,Twitter,50,Female
😇,love,Instagram,14,Male
❤️,sad,Facebook,51,Male
😂,funny,TikTok,26,Male
🙏,surprise,Twitter,26,Male
😇,love,TikTok,35,Male
😍,surprise,Instagram,18,Male
👍,love,Instagram,46,Male
🤣,celebration,Twitter,16,Male
😡,celebration,WhatsApp,54,Male
😢,support,Twitter,18,Male
🙏,surprise,Instagram,43,Male
👏,confusion,Facebook,17,Female
😏,surprise,Snapchat,57,Male
😇,cool,WhatsApp,61,Female
💕,confusion,Instagram,49,Female
🙄,angry,Facebook,64,Female
💕,celebration,WhatsApp,51,Male
😡,cool,Facebook,14,Female
😏,support,TikTok,24,Male
💕,cool,Instagram,63,Female
😍,celebration,Facebook,32,Female
😡,cool,TikTok,33,Male
😡,cool,Instagram,28,Male
💕,angry,Facebook,13,Female
🙏,celebration,Facebook,58,Male
💔,happy,WhatsApp,51,Male
🙏,love,Snapchat,37,Male
😔,love,TikTok,38,Male
😘,surprise,WhatsApp,55,Male
😊,confusion,Twitter,64,Male
😉,surprise,Twitter,27,Female
😔,funny,Instagram,29,Female
😳,support,Facebook,47,Male
💔,sad,WhatsApp,42,Male
🎉,happy,Facebook,62,Male
🤣,love,TikTok,37,Female
😔,love,Snapchat,38,Female
😏,funny,TikTok,27,Male
🤩,surprise,Facebook,41,Male
🥰,confusion,Instagram,32,Male
🤗,surprise,WhatsApp,21,Female
😳,confusion,Twitter,32,Female
😔,funny,Snapchat,45,Male
🙏,sad,Facebook,35,Female
😉,confusion,TikTok,29,Male
🤔,support,Snapchat,54,Female
🤗,angry,Snapchat,44,Male
😢,cool,Snapchat,17,Male
🙌,love,TikTok,33,Male
🙏,angry,Snapchat,59,Male
❤️,celebration,WhatsApp,26,Female
🙏,angry,Snapchat,29,Male
💕,happy,Snapchat,26,Female
😎,support,WhatsApp,39,Female
🤩,sad,Instagram,45,Male
😅,confusion,Twitter,19,Female
💔,happy,Twitter,50,Female
😉,happy,Snapchat,37,Female
😢,sad,Snapchat,22,Male
🥰,funny,Twitter,34,Male
😭,funny,Facebook,33,Male
😔,support,Facebook,41,Female
🙏,angry,Snapchat,28,Male
👍,sad,Twitter,28,Female
💔,funny,Facebook,57,Female
😅,funny,Facebook,25,Female
🤣,cool,Twitter,44,Male
😅,cool,Facebook,57,Male
😜,confusion,TikTok,59,Male
🤗,happy,Twitter,26,Female
💔,angry,WhatsApp,31,Female
🤗,angry,Snapchat,38,Female
🤣,confusion,Twitter,17,Male
🤪,cool,Instagram,18,Male
😢,celebration,TikTok,43,Female
😜,cool,Twitter,21,Female
🙏,happy,WhatsApp,51,Male
🤩,support,TikTok,15,Female
😊,support,Instagram,46,Female
🎉,funny,Facebook,47,Female
🙏,love,Instagram,28,Female
😇,celebration,Instagram,47,Female
🤣,sad,TikTok,45,Female
🙏,sad,Facebook,16,Male
🥰,angry,Instagram,55,Male
😊,love,Facebook,16,Female
🤩,happy,Instagram,34,Female
🎉,angry,Facebook,49,Male
🙌,cool,Twitter,19,Female
😇,love,WhatsApp,34,Female
❤️,sad,WhatsApp,27,Male
😜,funny,Instagram,27,Female
❤️,surprise,WhatsApp,30,Female
😢,cool,WhatsApp,43,Male
🎉,happy,Instagram,32,Male
😭,love,Facebook,57,Male
😳,support,Snapchat,58,Female
👏,cool,Twitter,47,Female
😢,happy,WhatsApp,45,Female
🤔,cool,Instagram,45,Female
🙄,love,Facebook,42,Female
❤️,surprise,TikTok,36,Male
🎉,confusion,Instagram,19,Male
🤪,angry,Snapchat,55,Male
😎,confusion,WhatsApp,44,Male
😉,angry,TikTok,61,Female
😢,happy,Snapchat,35,Female
😉,angry,Facebook,35,Female
😂,surprise,Twitter,56,Male
😍,sad,WhatsApp,45,Male
😏,angry,Facebook,14,Male
🙌,surprise,Instagram,33,Female
😡,funny,Instagram,33,Male
🤗,angry,Twitter,26,Male
😢,angry,Twitter,19,Female
😜,cool,WhatsApp,50,Male
👏,surprise,Facebook,61,Male
🙄,cool,Facebook,47,Female
😘,celebration,TikTok,50,Female
😢,support,Twitter,51,Female
😂,happy,TikTok,33,Female
😎,cool,Snapchat,58,Male
😉,cool,TikTok,47,Male
😘,cool,Twitter,64,Female
😜,funny,Twitter,23,Male
😊,funny,TikTok,34,Male
😭,love,TikTok,43,Male
🤣,funny,Instagram,55,Female
🤔,celebration,Twitter,14,Male
😎,cool,Snapchat,19,Female
🙏,sad,Instagram,41,Male
🙄,funny,Instagram,25,Male
😔,angry,Snapchat,61,Male
🤔,happy,Snapchat,63,Male
😔,love,Instagram,24,Female
😜,confusion,Instagram,55,Female
😏,cool,Instagram,25,Male
🎉,confusion,Snapchat,60,Female
😭,angry,Facebook,61,Male
🤩,love,WhatsApp,18,Male
🎉,support,WhatsApp,59,Male
😢,love,TikTok,33,Female
🤪,happy,TikTok,28,Female
🤣,sad,Twitter,29,Male
😅,funny,Snapchat,64,Male
🙄,angry,Instagram,57,Female
😅,celebration,Facebook,13,Male
❤️,sad,Twitter,38,Male
🙌,cool,TikTok,52,Male
🙄,surprise,Twitter,49,Male
🤔,cool,Instagram,53,Male
😅,confusion,Snapchat,50,Male
😜,cool,WhatsApp,60,Male
😡,happy,Facebook,42,Female
🤩,celebration,Instagram,54,Male
🙌,sad,Facebook,24,Female
🙄,surprise,Snapchat,54,Male
🤔,support,Snapchat,39,Female
😍,sad,Twitter,19,Female
💕,celebration,Instagram,35,Male
😘,celebration,Twitter,53,Female
😍,angry,Twitter,46,Male
🙄,sad,Facebook,57,Female
😎,happy,TikTok,42,Male
😘,love,Instagram,31,Female
🤗,confusion,Instagram,39,Female
😡,support,Snapchat,24,Female
😳,funny,WhatsApp,62,Female
😊,funny,Instagram,34,Male
🤩,support,Twitter,21,Female
😊,sad,Instagram,55,Male
😘,confusion,WhatsApp,58,Male
😅,cool,Facebook,54,Male
😎,sad,TikTok,61,Female
🥰,sad,Snapchat,45,Male
❤️,surprise,Snapchat,39,Male
🙏,confusion,TikTok,28,Male
😭,angry,Instagram,63,Female
😂,cool,Facebook,29,Female
🤩,support,Instagram,13,Male
❤️,support,Snapchat,22,Male
🤩,surprise,Facebook,53,Female
🤣,happy,Instagram,20,Male
🤗,celebration,Snapchat,42,Female
😜,angry,Instagram,48,Male
😇,funny,TikTok,13,Male
😜,celebration,TikTok,61,Female
🙄,confusion,Twitter,45,Female
😡,support,WhatsApp,45,Male
🥰,support,Twitter,27,Male
😜,cool,Facebook,63,Male
🤗,celebration,Twitter,20,Female
😇,happy,Snapchat,47,Female
😭,sad,TikTok,37,Female
😅,surprise,Snapchat,47,Female
💔,confusion,TikTok,29,Female
😡,sad,TikTok,23,Male
😇,celebration,TikTok,63,Female
😜,love,TikTok,22,Female
🤣,love,TikTok,24,Male
😎,funny,Instagram,57,Male
😏,angry,Twitter,33,Female
😔,confusion,Facebook,32,Male
😉,sad,WhatsApp,58,Male
😂,sad,Twitter,33,Male
😅,angry,Facebook,45,Male
🤣,sad,Twitter,63,Female
💕,confusion,Twitter,35,Male
💔,celebration,Instagram,36,Male
🤣,cool,TikTok,62,Female
🤗,love,Snapchat,42,Male
💕,confusion,TikTok,36,Female
😏,sad,WhatsApp,61,Male
😍,funny,WhatsApp,19,Male
😜,support,Twitter,63,Male
😜,angry,Instagram,18,Male
💕,surprise,Twitter,27,Female
🙄,support,Twitter,24,Female
👏,celebration,Facebook,39,Female
😉,support,Instagram,25,Male
😂,funny,Facebook,51,Male
😊,surprise,Twitter,48,Male
😔,surprise,WhatsApp,58,Female
😘,love,Twitter,50,Male
😍,funny,WhatsApp,46,Male
❤️,happy,Facebook,40,Female
😎,support,Twitter,56,Male
👍,support,Twitter,37,Female
😉,surprise,Facebook,56,Male
❤️,angry,WhatsApp,49,Male
🙌,sad,TikTok,53,Male
😎,sad,Facebook,58,Male
🙏,celebration,Twitter,45,Male
💕,love,Instagram,15,Female
❤️,funny,Twitter,15,Male
😅,love,Facebook,25,Female
💕,happy,Twitter,36,Male
🤪,celebration,WhatsApp,34,Female
💕,angry,TikTok,61,Male
💕,confusion,WhatsApp,20,Female
💕,happy,Twitter,47,Male
👏,confusion,TikTok,44,Male
😜,support,Instagram,16,Female
😳,angry,Facebook,19,Female
😜,love,Facebook,41,Female
😜,funny,Instagram,53,Male
😏,surprise,Facebook,31,Female
😍,cool,Snapchat,61,Male
😎,happy,TikTok,25,Male
🤪,cool,TikTok,14,Male
😘,celebration,TikTok,26,Male
😏,sad,Facebook,21,Male
🥰,happy,Instagram,43,Female
🙏,happy,Snapchat,28,Female
🙄,support,Instagram,62,Female
😳,cool,Facebook,50,Female
👏,love,Facebook,41,Female
❤️,angry,Snapchat,50,Male
👏,love,WhatsApp,45,Male
👍,sad,Instagram,40,Male
😎,surprise,Twitter,42,Female
👍,sad,TikTok,38,Female
😎,funny,Instagram,49,Male
😳,surprise,Snapchat,24,Male
😇,sad,Instagram,31,Female
😜,funny,WhatsApp,25,Female
🤗,cool,Instagram,34,Male
😔,sad,Instagram,19,Male
😡,surprise,Instagram,22,Female
😎,angry,Twitter,50,Male
😘,love,TikTok,50,Female
😳,support,WhatsApp,56,Male
💕,angry,Snapchat,13,Male
😊,sad,TikTok,54,Male
🤔,support,WhatsApp,18,Female
🥰,support,Instagram,39,Male
🤩,angry,Snapchat,49,Female
🙏,happy,WhatsApp,26,Male
👍,surprise,WhatsApp,27,Female
🙏,sad,Twitter,64,Male
🙏,love,Twitter,52,Female
💔,funny,WhatsApp,31,Male
🎉,support,TikTok,53,Female
😂,love,Snapchat,18,Male
🤔,celebration,Instagram,35,Female
🤔,angry,Instagram,21,Female
😂,support,Twitter,48,Male
😅,sad,Instagram,27,Male
😎,love,Snapchat,56,Male
🤪,surprise,Facebook,64,Male
😂,surprise,Twitter,22,Male
🤪,cool,Instagram,58,Male
🤩,funny,WhatsApp,54,Male
😭,funny,Facebook,29,Male
😉,happy,Snapchat,55,Female
😏,support,Snapchat,31,Female
🙏,love,TikTok,59,Female
😊,confusion,Twitter,49,Female
😏,confusion,Facebook,42,Male
😊,celebration,TikTok,63,Male
🙏,love,TikTok,14,Female
😡,surprise,TikTok,52,Female
😎,sad,Instagram,34,Male
🤩,confusion,Twitter,62,Male
🎉,sad,Facebook,48,Male
😏,happy,Snapchat,36,Male
😎,angry,WhatsApp,17,Female
💕,celebration,Snapchat,14,Female
😭,angry,WhatsApp,34,Female
🙄,support,Twitter,64,Male
🤔,cool,TikTok,44,Female
🤪,funny,Facebook,48,Male
😂,confusion,Twitter,19,Male
🙌,support,Twitter,15,Male
👍,surprise,Instagram,28,Female
😅,confusion,Snapchat,52,Male
😡,support,Snapchat,33,Female
🤣,celebration,WhatsApp,45,Male
🤪,angry,TikTok,37,Female
🤣,surprise,Facebook,47,Female
🤔,sad,Twitter,19,Male
🤔,support,WhatsApp,53,Male
😘,sad,Instagram,22,Male
🙄,surprise,Instagram,56,Female
🙄,cool,Instagram,26,Female
🙏,angry,Snapchat,22,Male
😇,cool,Instagram,33,Male
😇,happy,TikTok,26,Female
🤔,support,Facebook,26,Female
🎉,support,Twitter,25,Male
😳,celebration,Instagram,34,Female
🤗,surprise,Twitter,50,Female
😘,cool,WhatsApp,25,Female
😎,happy,Snapchat,27,Male
👍,happy,TikTok,22,Female
💕,funny,Instagram,52,Female
😢,cool,Facebook,40,Female
❤️,love,Instagram,50,Female
😊,confusion,TikTok,43,Female
🤔,surprise,Instagram,32,Male
😊,celebration,WhatsApp,49,Female
😭,surprise,Facebook,34,Female
🙌,celebration,Instagram,19,Female
💔,support,Facebook,48,Male
😢,happy,TikTok,15,Female
😭,surprise,Snapchat,51,Female
🤪,surprise,Facebook,32,Female
😉,angry,WhatsApp,17,Male
😍,sad,Facebook,29,Male
😉,sad,Facebook,30,Male
🤔,celebration,TikTok,51,Female
💔,celebration,Snapchat,26,Male
👍,support,TikTok,56,Female
👍,love,TikTok,59,Male
😜,happy,Snapchat,50,Female
👏,funny,Twitter,38,Male
🙌,happy,Facebook,26,Male
😢,celebration,Instagram,34,Male
😭,happy,Snapchat,50,Female
🤩,funny,Snapchat,55,Female
😍,sad,WhatsApp,54,Male
😉,cool,TikTok,53,Male
🎉,sad,Facebook,17,Male
🤣,confusion,Facebook,39,Female
😭,love,Facebook,35,Male
😔,funny,WhatsApp,27,Male
💔,support,Instagram,62,Female
🤔,angry,Instagram,27,Male
🙏,support,Instagram,55,Female
😊,angry,Twitter,32,Female
😳,love,WhatsApp,38,Male
😔,sad,WhatsApp,43,Male
🙏,confusion,TikTok,61,Female
😏,support,Twitter,49,Female
👏,happy,TikTok,24,Male
🥰,cool,Facebook,43,Female
😂,cool,TikTok,35,Female
🎉,happy,Instagram,14,Female
🙏,confusion,Snapchat,56,Male
😡,sad,Instagram,39,Male
😊,happy,TikTok,29,Male
❤️,love,WhatsApp,29,Female
🤪,love,Twitter,45,Female
🤪,celebration,TikTok,29,Male
🙏,support,Twitter,18,Female
🤔,love,WhatsApp,23,Male
💕,surprise,TikTok,24,Male
😇,confusion,TikTok,34,Female
🥰,confusion,WhatsApp,49,Male
😉,support,Twitter,48,Female
😏,happy,WhatsApp,61,Male
😊,happy,Instagram,35,Female
🙄,support,Twitter,45,Female
😅,cool,TikTok,45,Male
😅,celebration,Twitter,30,Female
💔,support,Snapchat,26,Female
🤣,confusion,Instagram,32,Male
😉,celebration,TikTok,34,Male
😡,happy,Instagram,55,Female
🙏,confusion,Facebook,17,Male
🤩,cool,Snapchat,37,Female
🤪,celebration,WhatsApp,36,Male
😘,cool,Twitter,14,Male
🥰,cool,Snapchat,20,Male
😡,funny,Facebook,55,Female
🎉,funny,Facebook,23,Male
😏,angry,Instagram,14,Male
🥰,angry,Twitter,35,Female
💔,confusion,Facebook,63,Female
😅,celebration,WhatsApp,20,Male
🤪,happy,Instagram,22,Female
❤️,surprise,Snapchat,41,Male
😢,support,TikTok,57,Female
🙏,love,Twitter,54,Female
😇,surprise,Instagram,59,Male
🤔,confusion,Snapchat,32,Male
🤣,happy,TikTok,52,Male
😭,funny,Facebook,18,Female
🤪,confusion,Facebook,39,Female
😡,support,TikTok,21,Female
❤️,surprise,Instagram,57,Male
🙌,sad,Facebook,34,Male
🥰,sad,Instagram,30,Female
😂,support,WhatsApp,18,Male
🙌,love,Facebook,27,Male
🙏,love,Twitter,45,Male
👍,celebration,Facebook,50,Female
🤩,love,Twitter,40,Female
🤗,love,TikTok,43,Female
🤗,sad,Instagram,19,Female
💕,support,Twitter,25,Male
😇,celebration,Facebook,24,Male
🙌,happy,Snapchat,40,Female
👍,love,Instagram,30,Male
🙏,sad,Twitter,31,Male
😘,happy,Facebook,28,Female
🎉,love,Facebook,17,Male
🤔,confusion,WhatsApp,29,Female
🤔,confusion,WhatsApp,52,Male
👏,confusion,Snapchat,21,Female
😢,funny,TikTok,24,Male
🙏,confusion,Instagram,54,Female
😉,confusion,WhatsApp,55,Female
😏,funny,Snapchat,25,Female
👍,celebration,Twitter,49,Female
😉,angry,Instagram,35,Male
😔,sad,Instagram,34,Female
👏,cool,TikTok,56,Female
👏,confusion,TikTok,22,Male
❤️,happy,TikTok,25,Male
😭,funny,WhatsApp,30,Female
🙌,angry,Instagram,36,Male
🤩,cool,TikTok,28,Male
🤔,sad,Snapchat,16,Female
😭,confusion,Instagram,44,Female
👍,surprise,Facebook,60,Female
😉,celebration,Snapchat,24,Male
😂,love,TikTok,45,Female
😊,sad,Snapchat,55,Female
😜,funny,Instagram,28,Female
🙌,angry,Instagram,38,Female
😳,love,TikTok,28,Male
😍,sad,WhatsApp,14,Male
🥰,angry,TikTok,42,Female
😅,cool,Facebook,29,Female
🙏,cool,WhatsApp,42,Female
💕,confusion,Instagram,49,Male
💕,confusion,Facebook,42,Male
😊,celebration,Twitter,13,Female
❤️,funny,WhatsApp,52,Female
😳,sad,Instagram,35,Male
💔,celebration,Snapchat,15,Female
😊,cool,TikTok,50,Male
🙏,funny,Snapchat,61,Female
🙏,celebration,Instagram,32,Male
💕,celebration,Twitter,20,Female
🤣,cool,Twitter,27,Female
😇,happy,Facebook,47,Female
🎉,funny,Snapchat,43,Male
👍,surprise,Twitter,16,Male
🙄,confusion,WhatsApp,23,Male
😜,surprise,TikTok,57,Female
😘,funny,Twitter,35,Female
🙌,sad,WhatsApp,60,Female
😊,love,Snapchat,55,Male
🎉,funny,WhatsApp,59,Female
😇,cool,Instagram,36,Male
😍,funny,TikTok,61,Female
😏,support,WhatsApp,22,Female
🤣,happy,TikTok,46,Male
😔,love,Instagram,62,Male
👏,sad,Twitter,39,Male
😔,angry,Instagram,21,Female
😊,celebration,Snapchat,42,Female
🎉,love,TikTok,41,Male
🤩,support,Snapchat,46,Female
💕,confusion,WhatsApp,62,Female
👍,love,Snapchat,53,Female
😍,sad,Facebook,57,Male
😳,cool,WhatsApp,31,Female
🙄,happy,Facebook,27,Male
😅,support,TikTok,15,Male
🤩,funny,Snapchat,53,Female
🤗,angry,TikTok,23,Female
🎉,angry,Twitter,38,Female
🙏,funny,Twitter,19,Male
🤗,sad,TikTok,41,Female
🙄,sad,TikTok,41,Male
😳,support,Snapchat,29,Male
🙌,surprise,Twitter,52,Female
😊,support,Twitter,34,Male
😊,surprise,TikTok,35,Male
👍,love,Snapchat,31,Female
😍,support,Snapchat,13,Female
👏,cool,Facebook,21,Male
😍,happy,Instagram,62,Female
❤️,celebration,Facebook,15,Male
😢,funny,WhatsApp,22,Female
😏,happy,TikTok,48,Male
🤔,celebration,WhatsApp,26,Male
👏,confusion,Twitter,55,Male
❤️,confusion,TikTok,41,Female
🤗,confusion,WhatsApp,57,Female
❤️,sad,TikTok,34,Female
😔,funny,Twitter,13,Female
💕,celebration,TikTok,32,Male
🤗,happy,Snapchat,21,Male
😇,sad,TikTok,47,Male
😔,sad,TikTok,37,Male
💕,confusion,Instagram,64,Female
😏,funny,Snapchat,23,Male
🤔,support,Snapchat,58,Male
🙌,support,Snapchat,25,Male
🤩,love,Twitter,18,Male
🤣,support,Twitter,49,Female
🤩,celebration,Instagram,54,Female
😢,support,Snapchat,21,Male
🤩,happy,Instagram,15,Male
🤪,funny,TikTok,63,Male
😍,love,Twitter,37,Female
🙏,cool,Snapchat,54,Male
🤗,funny,Instagram,55,Female
😭,angry,TikTok,39,Female
👍,cool,WhatsApp,31,Male
😢,happy,Snapchat,50,Female
🤣,surprise,WhatsApp,55,Male
🙄,cool,WhatsApp,28,Female
😭,funny,Facebook,30,Male
😉,support,Snapchat,53,Female
😭,angry,TikTok,28,Female
😏,funny,Instagram,62,Male
💕,celebration,Instagram,61,Female
🤗,surprise,Instagram,13,Female
😏,love,WhatsApp,54,Female
🤪,happy,Snapchat,45,Female
🙌,funny,Facebook,59,Female
🎉,cool,Twitter,35,Male
👏,confusion,Facebook,48,Female
🤣,celebration,TikTok,27,Female
😔,support,TikTok,45,Female
🤩,support,Instagram,45,Female
🙌,sad,Facebook,26,Female
😇,happy,TikTok,34,Male
💔,angry,WhatsApp,35,Male
😡,love,Instagram,23,Female
😇,cool,TikTok,34,Female
😊,support,Facebook,32,Male
😳,happy,TikTok,14,Female
😏,confusion,TikTok,54,Male
😉,celebration,Facebook,48,Female
🤗,love,Twitter,29,Male
🤪,support,TikTok,21,Female
💕,confusion,TikTok,16,Female
👏,support,Instagram,34,Female
😢,funny,Twitter,28,Male
😜,sad,Instagram,37,Female
🤗,confusion,Twitter,42,Female
😎,surprise,Facebook,36,Male
🤣,confusion,WhatsApp,13,Female
🙏,funny,Twitter,57,Female
😭,support,Instagram,13,Female
🤪,cool,Snapchat,46,Female
😢,happy,Snapchat,20,Male
👏,confusion,Twitter,40,Female
😘,cool,Facebook,35,Female
👏,love,TikTok,39,Male
🤔,sad,TikTok,34,Female
😡,angry,Twitter,49,Male
💔,angry,WhatsApp,64,Male
😭,love,Instagram,38,Female
💔,love,Snapchat,40,Female
❤️,celebration,Instagram,22,Female
😜,confusion,Instagram,61,Male
😳,support,Twitter,42,Male
😡,cool,Facebook,39,Male
😂,love,Instagram,22,Female
😳,confusion,Facebook,61,Female
😇,funny,WhatsApp,42,Male
😘,funny,TikTok,56,Male
🥰,funny,WhatsApp,23,Female
😜,happy,TikTok,51,Male
👏,cool,TikTok,54,Female
😡,love,Facebook,35,Female
😳,funny,Twitter,29,Male
😏,cool,Twitter,33,Male
🎉,love,Twitter,50,Male
🙌,support,Snapchat,57,Male
👍,funny,WhatsApp,40,Male
🤣,cool,WhatsApp,23,Male
😅,cool,TikTok,58,Male
😇,funny,Instagram,52,Female
😳,cool,Facebook,58,Male
😡,confusion,Snapchat,57,Male
🤩,sad,TikTok,54,Male
😳,sad,Snapchat,42,Female
😢,funny,Instagram,18,Female
👍,surprise,Facebook,15,Female
❤️,angry,Twitter,61,Male
😎,happy,Instagram,31,Male
👏,love,Twitter,49,Female
🤗,support,Twitter,51,Female
😭,confusion,TikTok,44,Male
👏,happy,TikTok,61,Male
🤩,sad,Twitter,21,Male
😔,angry,Twitter,35,Female
😍,confusion,TikTok,51,Female
❤️,confusion,WhatsApp,32,Female
🤔,surprise,TikTok,36,Female
❤️,happy,TikTok,18,Male
🤔,funny,Instagram,41,Male
❤️,love,TikTok,46,Female
❤️,support,Snapchat,14,Female
😎,cool,Facebook,16,Female
💕,surprise,WhatsApp,62,Male
🥰,confusion,Instagram,33,Male
🥰,surprise,Twitter,27,Male
😔,love,WhatsApp,19,Male
😅,sad,Facebook,56,Female
😏,happy,Twitter,56,Female
😜,surprise,Instagram,40,Male
😂,happy,WhatsApp,31,Female
🙌,cool,Twitter,42,Male
😊,surprise,WhatsApp,62,Female
😉,support,Twitter,14,Male
😂,sad,Twitter,24,Female
🙏,celebration,Twitter,42,Female
👍,funny,WhatsApp,58,Male
😏,angry,Snapchat,24,Female
👍,celebration,Facebook,41,Male
😏,confusion,TikTok,40,Female
🤗,support,TikTok,35,Male
😎,celebration,TikTok,39,Female
😔,love,WhatsApp,48,Male
😅,support,Instagram,59,Female
🙄,celebration,TikTok,35,Male
😘,funny,Facebook,37,Male
🤔,cool,Facebook,37,Male
💕,cool,Twitter,26,Female
😳,sad,TikTok,51,Male
🤣,surprise,Instagram,20,Male
🤔,celebration,WhatsApp,26,Male
😂,happy,Twitter,27,Female
❤️,confusion,TikTok,40,Female
😜,celebration,Instagram,20,Male
😂,funny,Instagram,34,Female
👏,angry,Facebook,20,Female
💔,confusion,Instagram,37,Male
😜,support,Snapchat,60,Male
😜,happy,Instagram,34,Male
🤗,support,Snapchat,38,Female
😉,love,Twitter,64,Female
👍,angry,WhatsApp,50,Male
👍,surprise,WhatsApp,61,Male
😡,sad,Snapchat,22,Male
😭,surprise,Facebook,20,Male
💔,funny,WhatsApp,14,Male
😇,celebration,Instagram,56,Female
🤗,happy,WhatsApp,16,Male
🤩,cool,Twitter,52,Male
😇,confusion,Instagram,44,Female
😎,celebration,Twitter,33,Female
😔,funny,TikTok,34,Female
😜,support,WhatsApp,29,Male
😢,funny,Facebook,25,Male
😢,love,Instagram,34,Female
🙄,sad,TikTok,19,Female
😭,angry,Twitter,22,Male
🙌,support,Snapchat,51,Male
😎,funny,Twitter,23,Male
👏,surprise,Snapchat,61,Male
😳,angry,Snapchat,43,Female
💔,sad,Facebook,37,Male
😎,sad,Snapchat,54,Male
👍,sad,Instagram,63,Male
🤪,happy,WhatsApp,21,Male
🙌,love,Twitter,60,Female
👏,sad,TikTok,52,Male
😔,cool,Instagram,14,Male
🤪,love,Snapchat,24,Female
😢,confusion,Instagram,64,Male
😜,cool,Instagram,40,Male
😊,cool,Facebook,53,Female
😡,angry,Snapchat,50,Male
❤️,support,Instagram,46,Male
🎉,sad,TikTok,45,Female
🎉,support,Twitter,26,Female
🙌,confusion,Facebook,17,Male
🤗,celebration,Instagram,48,Female
🤔,cool,Twitter,62,Male
😘,confusion,Twitter,42,Male
🤩,funny,Snapchat,14,Female
🤔,surprise,Instagram,23,Male
😍,support,Snapchat,19,Male
👍,angry,Twitter,39,Female
🎉,cool,Instagram,54,Male
🙄,angry,TikTok,43,Male
💕,celebration,Snapchat,25,Female
😂,celebration,Snapchat,18,Male
💕,support,WhatsApp,36,Male
😎,surprise,TikTok,45,Male
😉,sad,TikTok,45,Male
👍,cool,Facebook,18,Female
😅,confusion,Twitter,47,Male
😍,love,Twitter,37,Female
🥰,love,Snapchat,38,Male
💕,cool,Twitter,20,Male
😉,love,Twitter,30,Female
😳,confusion,Instagram,37,Male
😍,angry,WhatsApp,27,Female
😳,cool,Instagram,30,Female
😂,confusion,Instagram,18,Female
😅,sad,Twitter,56,Male
😎,love,Twitter,46,Female
🤣,support,Twitter,57,Male
😘,angry,Instagram,50,Male
🤗,confusion,TikTok,33,Female
😭,confusion,TikTok,50,Female
💔,celebration,Instagram,14,Female
💔,funny,WhatsApp,25,Female
🤔,surprise,Snapchat,50,Male
😅,support,TikTok,56,Male
😊,support,TikTok,29,Female
🎉,surprise,Instagram,59,Female
🤣,happy,Twitter,55,Female
🙏,love,Instagram,49,Male
🙌,love,Facebook,47,Female
🤪,celebration,Instagram,13,Male
💕,confusion,Instagram,48,Male
💔,happy,Facebook,63,Male
👏,love,WhatsApp,27,Male
😍,confusion,Instagram,38,Male
🤪,love,Facebook,57,Female
😡,angry,TikTok,59,Male
😭,funny,Facebook,18,Female
😏,sad,TikTok,41,Female
🙄,confusion,Facebook,25,Male
😘,support,WhatsApp,61,Female
🙌,celebration,Facebook,51,Female
😂,celebration,Snapchat,20,Male
🤔,angry,Twitter,32,Female
🎉,surprise,Snapchat,54,Female
🥰,celebration,Instagram,34,Female
😏,love,WhatsApp,53,Female
😳,happy,TikTok,38,Female
🤩,happy,TikTok,13,Male
👍,love,WhatsApp,35,Male
🤔,love,WhatsApp,56,Female
🎉,love,Instagram,51,Female
😅,confusion,Facebook,38,Female
🎉,angry,Instagram,57,Female
🤣,cool,Facebook,41,Male
😭,confusion,Facebook,14,Female
😘,happy,Snapchat,15,Male
🤪,celebration,Facebook,23,Male
🤣,surprise,Instagram,58,Female
😭,love,Facebook,58,Male
🤔,love,TikTok,56,Female
😍,surprise,TikTok,26,Male
😊,funny,Instagram,41,Male
🤪,love,WhatsApp,58,Female
🤩,support,Snapchat,14,Male
😊,cool,Facebook,50,Male
💕,support,WhatsApp,49,Female
😂,surprise,WhatsApp,51,Female
🎉,surprise,Instagram,63,Female
🙌,happy,WhatsApp,47,Male
😉,celebration,WhatsApp,53,Male
😳,angry,Facebook,53,Female
🙏,happy,TikTok,47,Male
🙌,love,Twitter,60,Male
💔,confusion,Facebook,39,Female
😏,support,Twitter,56,Male
😢,sad,WhatsApp,38,Female
💔,angry,Twitter,38,Male
😉,celebration,WhatsApp,19,Male
🥰,support,Facebook,28,Female
😇,sad,Instagram,59,Female
🤪,surprise,Twitter,43,Female
😡,cool,Snapchat,20,Female
😍,angry,Instagram,26,Male
🤩,love,Twitter,36,Male
🎉,confusion,TikTok,57,Male
😡,angry,WhatsApp,40,Male
👍,surprise,WhatsApp,23,Male
🤔,sad,WhatsApp,49,Male
🥰,happy,WhatsApp,38,Female
💔,surprise,TikTok,27,Female
🙌,angry,TikTok,46,Female
😎,angry,WhatsApp,54,Male
😭,cool,Facebook,52,Male
😎,funny,Twitter,51,Female
😂,surprise,Instagram,44,Female
🙄,surprise,Twitter,32,Male
👏,cool,Twitter,23,Female
👏,celebration,TikTok,38,Male
🤪,funny,Facebook,51,Female
🥰,funny,Facebook,21,Male
😂,confusion,TikTok,51,Female
🙄,cool,WhatsApp,21,Male
😔,surprise,WhatsApp,41,Male
😡,cool,Twitter,16,Male
😔,happy,Facebook,21,Male
🙏,angry,Instagram,41,Male
👍,support,Twitter,55,Male
🤪,funny,Facebook,54,Female
😭,surprise,Twitter,27,Male
😜,cool,Facebook,30,Female
😊,celebration,Twitter,54,Male
😢,angry,Instagram,30,Female
😎,sad,Facebook,23,Male
🤗,confusion,Snapchat,17,Male
🙌,celebration,WhatsApp,42,Male
🙏,cool,Facebook,45,Male
🤔,sad,Twitter,51,Female
😊,surprise,WhatsApp,48,Female
😘,support,Twitter,26,Female
😊,sad,Facebook,42,Male
🤔,confusion,Twitter,32,Male
😜,love,Facebook,57,Female
🙏,celebration,Facebook,24,Male
😳,happy,WhatsApp,50,Male
😢,support,Facebook,48,Male
🤣,cool,Instagram,16,Male
🤔,love,Snapchat,15,Female
😂,confusion,TikTok,30,Female
🎉,confusion,Instagram,14,Female
🤗,confusion,Facebook,14,Male
😘,celebration,Snapchat,64,Male
😜,surprise,Twitter,24,Female
❤️,support,Twitter,42,Male
🤔,angry,Instagram,15,Female
🎉,sad,TikTok,37,Male
😎,cool,WhatsApp,41,Female
💕,surprise,TikTok,42,Female
😡,confusion,Snapchat,57,Female
😏,confusion,TikTok,17,Male
😊,angry,Snapchat,43,Female
🤣,surprise,WhatsApp,37,Female
💕,surprise,Twitter,52,Female
😊,angry,TikTok,42,Male
😜,support,Facebook,33,Female
😏,happy,TikTok,35,Male
💕,surprise,Twitter,36,Female
😎,confusion,Facebook,24,Male
🤣,sad,Twitter,42,Female
😢,funny,Snapchat,25,Female
🤪,surprise,Snapchat,59,Female
😏,celebration,Facebook,46,Male
😡,surprise,Twitter,16,Male
😇,funny,Facebook,20,Male
🎉,sad,Facebook,56,Male
🤣,love,TikTok,50,Male
🤪,funny,Twitter,25,Male
💔,cool,Facebook,37,Male
🤣,happy,Facebook,62,Male
❤️,angry,Twitter,39,Female
😳,sad,Instagram,28,Female
😏,celebration,Instagram,35,Male
😉,confusion,WhatsApp,48,Male
💔,sad,Instagram,46,Female
😊,angry,TikTok,29,Female
😇,sad,Twitter,57,Male
😳,sad,Facebook,13,Male
😭,surprise,TikTok,17,Female
😅,support,Twitter,19,Male
😅,angry,Snapchat,63,Male
🤪,cool,Twitter,43,Female
🎉,cool,Instagram,32,Female
🤪,love,WhatsApp,29,Male
🤪,love,Facebook,30,Male
🤩,celebration,TikTok,42,Female
😇,funny,Facebook,58,Female
😜,confusion,TikTok,25,Male
🤔,angry,Instagram,23,Female
😂,support,TikTok,30,Male
😊,sad,WhatsApp,47,Female
😍,happy,Snapchat,53,Female
💔,sad,WhatsApp,37,Female
😔,funny,WhatsApp,40,Female
❤️,celebration,Instagram,47,Female
💔,funny,WhatsApp,27,Male
😍,happy,Facebook,21,Male
😍,happy,WhatsApp,57,Male
😏,cool,Instagram,31,Male
🙄,cool,WhatsApp,40,Female
🤩,funny,WhatsApp,39,Male
😎,cool,Facebook,63,Female
😭,surprise,Facebook,36,Female
😳,love,Instagram,20,Female
😔,support,Twitter,23,Female
🎉,support,Facebook,15,Female
🤩,happy,Instagram,34,Male
😏,happy,TikTok,25,Male
😎,love,WhatsApp,51,Male
🎉,sad,Facebook,24,Female
😂,confusion,Snapchat,35,Male
❤️,celebration,Instagram,52,Female
😊,celebration,Snapchat,26,Male
😅,happy,Facebook,46,Female
😅,love,Snapchat,54,Female
😂,support,Twitter,37,Male
😡,happy,Facebook,36,Female
🤩,confusion,WhatsApp,36,Male
😍,celebration,Instagram,41,Male
😡,love,Snapchat,27,Female
❤️,angry,Twitter,42,Male
😔,sad,Snapchat,56,Female
😏,sad,Facebook,52,Female
👍,love,Snapchat,14,Female
🎉,celebration,TikTok,41,Male
😊,angry,Instagram,61,Female
😭,sad,Snapchat,63,Male
😳,confusion,Snapchat,43,Female
💕,sad,WhatsApp,28,Male
😘,surprise,Twitter,44,Male
👍,cool,Snapchat,41,Female
😜,angry,WhatsApp,21,Male
🤪,sad,Snapchat,49,Male
😳,happy,Snapchat,57,Male
😡,confusion,Twitter,32,Female
😅,confusion,TikTok,28,Female
😜,angry,Snapchat,31,Male
😍,confusion,TikTok,54,Male
🤪,celebration,Twitter,13,Male
🎉,sad,Snapchat,13,Female
🤣,angry,Twitter,62,Female
😇,angry,Snapchat,14,Male
😏,confusion,Twitter,23,Male
🤔,love,Facebook,43,Male
🙌,sad,Snapchat,23,Female
😎,love,WhatsApp,48,Female
🤣,cool,Snapchat,15,Male
😔,happy,Snapchat,14,Male
😇,cool,WhatsApp,22,Male
😍,love,Snapchat,55,Male
🙄,support,Facebook,61,Female
🤣,confusion,WhatsApp,16,Male
🎉,love,WhatsApp,59,Male
😎,love,Twitter,56,Male
💕,love,Twitter,49,Male
😅,angry,WhatsApp,26,Female
😅,confusion,WhatsApp,48,Male
🙏,angry,Snapchat,28,Male
😅,surprise,Facebook,63,Female
🥰,funny,Twitter,59,Female
👍,love,Instagram,22,Male
💔,surprise,Snapchat,52,Female
😊,surprise,TikTok,31,Male
😏,support,Snapchat,15,Male
😉,happy,TikTok,58,Male
🙏,confusion,Facebook,54,Male
🤣,happy,Twitter,17,Female
😭,happy,Instagram,57,Female
😇,surprise,Twitter,27,Female
😇,love,Twitter,28,Female
👍,support,Facebook,57,Male
👍,surprise,Snapchat,33,Male
😅,support,Facebook,38,Female
😏,happy,Twitter,55,Male
😔,love,Instagram,31,Male
😭,cool,Snapchat,35,Female
😇,sad,Facebook,33,Female
🙏,funny,TikTok,56,Male
😭,cool,WhatsApp,59,Male
😜,confusion,Instagram,55,Female
😭,surprise,WhatsApp,63,Male
😡,confusion,Twitter,15,Female
😇,happy,Instagram,20,Female
😂,sad,TikTok,61,Female
😎,love,Instagram,31,Male
😭,confusion,TikTok,26,Male
🙄,sad,TikTok,14,Female
🥰,celebration,Snapchat,64,Female
👍,angry,Twitter,45,Female
🙄,sad,TikTok,16,Female
😊,happy,Facebook,49,Male
😅,support,Instagram,61,Male
🤔,funny,Facebook,61,Male
🙄,confusion,Twitter,42,Male
🤩,cool,Twitter,16,Female
🥰,funny,WhatsApp,18,Male
🤔,cool,Facebook,40,Male
😢,angry,Facebook,23,Male
😂,sad,Snapchat,59,Female
🙄,support,Twitter,19,Female
🙌,cool,Twitter,25,Male
👍,angry,Twitter,14,Female
😎,happy,TikTok,16,Female
😏,angry,Twitter,21,Female
🙌,celebration,Snapchat,49,Female
🙌,surprise,WhatsApp,24,Male
😍,happy,Twitter,30,Female
💔,sad,Instagram,53,Male
😔,love,WhatsApp,47,Female
😍,confusion,Snapchat,16,Male
🎉,support,WhatsApp,46,Male
🙌,love,WhatsApp,32,Female
💔,support,Snapchat,16,Female
😔,celebration,Instagram,58,Female
🤔,funny,TikTok,42,Female
🙌,surprise,TikTok,39,Female
🙏,surprise,Twitter,40,Female
🤗,celebration,TikTok,52,Male
😭,confusion,TikTok,64,Female
❤️,love,Instagram,61,Female
🎉,funny,Twitter,18,Male
😍,sad,Snapchat,35,Female
😡,confusion,Facebook,33,Male
🙄,cool,Snapchat,26,Male
❤️,sad,WhatsApp,39,Male
😊,happy,Twitter,44,Male
😳,love,Snapchat,63,Male
🥰,love,Instagram,51,Female
😡,cool,TikTok,18,Female
😜,support,Facebook,62,Male
❤️,love,Instagram,51,Male
😉,funny,TikTok,22,Male
🤣,funny,Instagram,52,Male
🤔,sad,WhatsApp,42,Male
🤣,cool,Twitter,57,Female
🤗,support,Twitter,21,Female
🙏,happy,Snapchat,45,Male
❤️,cool,TikTok,63,Male
🤣,love,WhatsApp,29,Male
😭,cool,Snapchat,34,Male
❤️,happy,Twitter,44,Male
❤️,confusion,WhatsApp,56,Female
😭,surprise,Twitter,55,Female
🤗,cool,WhatsApp,18,Male
😊,confusion,Facebook,63,Female
😔,funny,Facebook,16,Female
😎,love,Twitter,37,Female
😜,love,TikTok,43,Female
💔,love,WhatsApp,24,Male
😂,happy,Snapchat,57,Female
👏,cool,Facebook,54,Male
😏,surprise,Snapchat,48,Male
😍,support,Facebook,39,Male
😔,love,Twitter,64,Male
😊,cool,Snapchat,61,Male
🤔,love,TikTok,15,Female
🤔,surprise,TikTok,19,Female
😅,angry,WhatsApp,62,Male
🤗,cool,Facebook,60,Male
👏,cool,WhatsApp,24,Male
🤣,angry,Instagram,55,Male
🥰,funny,Snapchat,34,Female
😏,surprise,Facebook,34,Male
😢,confusion,TikTok,29,Female
😂,happy,WhatsApp,21,Female
🙄,funny,Twitter,36,Male
🙄,support,Instagram,52,Male
😂,cool,Instagram,61,Male
😍,celebration,WhatsApp,34,Male
👏,surprise,Snapchat,13,Female
🙏,confusion,Twitter,50,Male
😳,sad,WhatsApp,60,Male
😇,celebration,WhatsApp,24,Male
😍,funny,WhatsApp,48,Female
🤪,sad,WhatsApp,47,Male
🤪,funny,WhatsApp,39,Female
😭,cool,TikTok,45,Female
😎,angry,WhatsApp,46,Male
👏,cool,Twitter,56,Male
😏,sad,Twitter,35,Female
😡,funny,WhatsApp,32,Female
😉,confusion,Twitter,53,Male
❤️,support,Facebook,51,Female
🤔,sad,Facebook,53,Male
😜,sad,Instagram,15,Male
😜,funny,Facebook,41,Female
😢,support,TikTok,45,Male
😳,celebration,Instagram,20,Female
👍,happy,TikTok,28,Male
👍,celebration,Twitter,56,Male
🙏,love,WhatsApp,44,Male
❤️,love,TikTok,62,Female
😅,cool,WhatsApp,43,Male
😍,confusion,Facebook,57,Male
💔,angry,Twitter,34,Male
🥰,funny,Snapchat,30,Female
🙌,confusion,WhatsApp,26,Female
😏,cool,Twitter,47,Female
👍,angry,WhatsApp,61,Male
😭,surprise,Facebook,40,Male
😎,celebration,Snapchat,21,Female
🤪,surprise,WhatsApp,49,Female
🤣,angry,Twitter,33,Female
❤️,sad,Instagram,49,Female
🤔,love,TikTok,39,Female
🎉,confusion,WhatsApp,50,Female
🤔,love,Instagram,63,Male
😇,cool,Twitter,57,Male
😇,funny,WhatsApp,47,Male
🤩,support,Snapchat,23,Male
🙏,celebration,Facebook,44,Male
😏,support,Facebook,33,Female
🤩,funny,Twitter,28,Female
🤪,angry,TikTok,56,Male
😅,support,Snapchat,58,Male
😏,angry,Snapchat,55,Female
🎉,love,Facebook,36,Female
😔,funny,Instagram,59,Male
😂,confusion,Twitter,24,Female
😉,angry,Snapchat,34,Female
❤️,sad,TikTok,23,Female
💕,confusion,WhatsApp,14,Male
😘,cool,Twitter,16,Male
🙏,sad,Facebook,64,Male
😎,surprise,WhatsApp,49,Female
🤪,surprise,Twitter,62,Female
😅,sad,Twitter,46,Female
🙌,happy,Instagram,17,Male
🤔,angry,WhatsApp,21,Female
💔,surprise,TikTok,16,Female
🎉,surprise,Facebook,48,Male
😊,confusion,Twitter,28,Male
😡,support,Instagram,43,Female
🤗,confusion,Facebook,53,Female
😢,surprise,WhatsApp,30,Female
😔,confusion,Facebook,46,Female
🤪,love,TikTok,31,Male
😳,funny,WhatsApp,16,Male
🎉,love,Facebook,34,Female
🤪,confusion,WhatsApp,64,Male
💕,cool,Twitter,58,Female
😡,confusion,WhatsApp,35,Male
😅,cool,Facebook,29,Male
🙏,love,Snapchat,27,Male
😊,surprise,Facebook,38,Male
😊,angry,TikTok,26,Female
🙄,love,Facebook,16,Male
🙌,cool,Facebook,38,Male
😜,funny,Snapchat,30,Male
😜,happy,Facebook,25,Female
😉,support,Facebook,42,Female
😳,angry,Twitter,59,Female
😅,celebration,TikTok,58,Male
👏,support,Instagram,38,Male
💔,funny,Snapchat,18,Female
💔,support,Snapchat,57,Male
😢,confusion,Facebook,21,Male
😏,angry,Snapchat,59,Male
🤔,surprise,Snapchat,61,Female
😇,love,WhatsApp,13,Female
🤪,cool,TikTok,15,Female
😇,celebration,Instagram,22,Male
❤️,cool,Snapchat,24,Female
🥰,celebration,TikTok,44,Female
😭,celebration,TikTok,35,Male
🙏,funny,Instagram,46,Female
👍,surprise,Snapchat,60,Female
🙌,cool,Twitter,33,Female
😘,celebration,Instagram,22,Male
🙄,funny,WhatsApp,35,Male
😂,surprise,Snapchat,40,Male
🙌,cool,Facebook,22,Male
😢,support,Snapchat,32,Female
😍,funny,Snapchat,36,Male
🤪,funny,TikTok,37,Male
😏,confusion,Snapchat,38,Male
🤗,angry,Instagram,63,Male
😳,celebration,Snapchat,19,Female
😊,angry,Instagram,64,Female
😂,love,TikTok,48,Female
💔,sad,WhatsApp,29,Male
🤩,angry,TikTok,44,Female
🙄,support,Twitter,46,Female
🙏,confusion,Twitter,18,Male
🤩,confusion,Twitter,26,Female
😇,funny,Snapchat,24,Male
🎉,angry,TikTok,56,Female
😊,love,Instagram,56,Female
😇,love,Twitter,18,Male
😂,love,WhatsApp,23,Female
🎉,confusion,Twitter,31,Female
🎉,support,Snapchat,15,Female
🥰,support,Facebook,29,Female
😘,love,Twitter,13,Male
😊,sad,Snapchat,26,Female
😘,sad,Snapchat,61,Female
😎,support,Facebook,35,Male
🤔,angry,Twitter,46,Male
🤣,angry,TikTok,13,Female
😂,love,Twitter,55,Female
😢,angry,WhatsApp,22,Male
🤪,sad,TikTok,38,Female
🙌,celebration,Snapchat,53,Female
😂,angry,Twitter,15,Female
😇,funny,Twitter,27,Male
😡,love,Instagram,41,Female
👏,love,Facebook,34,Male
❤️,love,WhatsApp,15,Male
😜,surprise,Facebook,35,Female
😢,cool,Instagram,21,Male
😎,happy,TikTok,60,Female
🥰,celebration,TikTok,29,Male
🙏,happy,TikTok,48,Female
😇,sad,Instagram,58,Female
😍,funny,Instagram,40,Female
🎉,surprise,TikTok,47,Female
👍,sad,Twitter,20,Male
🤣,confusion,Facebook,42,Male
😳,angry,Facebook,23,Male
🤔,love,Snapchat,42,Female
😜,support,Twitter,20,Female
🤪,angry,WhatsApp,61,Female
🙏,support,WhatsApp,20,Female
😇,love,Snapchat,14,Female
😉,cool,Instagram,38,Female
😜,love,Twitter,26,Female
😭,funny,Facebook,26,Male
🙌,happy,Snapchat,13,Female
🎉,love,TikTok,54,Female
🤩,cool,Facebook,57,Male
😇,celebration,TikTok,32,Male
😊,confusion,Facebook,16,Female
😔,celebration,Facebook,52,Male
🤗,cool,TikTok,14,Male
🤩,cool,Instagram,30,Female
😡,love,TikTok,47,Male
😏,celebration,WhatsApp,55,Female
👍,funny,Instagram,18,Female
😏,celebration,Instagram,15,Male
😢,funny,WhatsApp,24,Male
😜,sad,WhatsApp,56,Male
🤗,support,Snapchat,18,Male
😂,celebration,Instagram,23,Female
💔,funny,Twitter,17,Male
😊,celebration,Facebook,58,Male
💕,angry,Twitter,45,Female
🙄,happy,Twitter,61,Male
😎,cool,Twitter,32,Male
🤣,celebration,WhatsApp,35,Male
😜,sad,Snapchat,17,Male
😔,confusion,TikTok,34,Female
😏,surprise,TikTok,48,Female
🎉,funny,Instagram,25,Male
❤️,funny,WhatsApp,44,Male
😜,happy,Snapchat,45,Female
😎,celebration,Snapchat,40,Male
👍,sad,Snapchat,26,Female
💔,sad,Snapchat,43,Female
😭,happy,TikTok,31,Female
😍,love,Facebook,24,Female
😭,happy,Facebook,45,Female
😔,happy,WhatsApp,63,Male
🤔,sad,Instagram,24,Female
❤️,happy,Instagram,31,Male
😇,angry,TikTok,62,Male
🤔,celebration,WhatsApp,61,Male
😔,sad,Instagram,41,Female
💔,love,WhatsApp,56,Female
🙏,happy,Instagram,31,Male
😜,sad,TikTok,34,Female
😇,cool,Twitter,16,Female
🤔,confusion,Facebook,42,Male
😎,sad,WhatsApp,46,Male
😊,love,Snapchat,58,Female
🤔,surprise,TikTok,55,Female
😏,love,Instagram,42,Female
😢,funny,WhatsApp,24,Male
🥰,love,Twitter,32,Male
😢,cool,Twitter,64,Male
🎉,happy,Facebook,31,Female
😅,funny,TikTok,48,Female
💔,support,WhatsApp,58,Female
😢,angry,WhatsApp,51,Male
💕,confusion,Instagram,60,Male
😔,love,Snapchat,15,Male
😊,surprise,Twitter,16,Male
😉,sad,Snapchat,16,Male
👍,love,Twitter,33,Male
🤪,sad,Instagram,51,Female
😢,confusion,Facebook,29,Female
😅,sad,WhatsApp,44,Female
🤗,happy,Twitter,26,Female
👏,surprise,Twitter,60,Female
💔,sad,WhatsApp,24,Male
😉,love,Facebook,46,Male
😢,sad,Twitter,42,Male
👏,cool,Snapchat,31,Male
🙄,sad,Instagram,23,Male
🙌,support,Facebook,58,Female
🤪,angry,Snapchat,37,Male
😍,surprise,Twitter,61,Male
🤗,celebration,Facebook,33,Female
🤪,surprise,WhatsApp,15,Male
😇,happy,TikTok,30,Female
😂,happy,Facebook,23,Female
😇,love,TikTok,41,Female
😢,sad,Twitter,41,Female
💕,confusion,Instagram,64,Male
😜,happy,Snapchat,50,Female
😉,celebration,WhatsApp,22,Male
😢,surprise,Facebook,17,Female
💔,funny,Instagram,28,Female
🤗,support,Instagram,41,Male
😔,support,Snapchat,57,Male
😎,love,Facebook,25,Female
🙏,funny,Facebook,15,Male
😏,confusion,Snapchat,44,Female
🙌,support,Instagram,53,Female
😡,celebration,Facebook,47,Female
💔,surprise,WhatsApp,30,Female
😇,support,TikTok,21,Male
😏,support,Twitter,47,Male
🥰,surprise,Facebook,43,Male
🥰,love,WhatsApp,21,Female
🤗,surprise,Instagram,27,Female
🤗,surprise,Snapchat,38,Male
👍,sad,WhatsApp,26,Male
🤪,confusion,WhatsApp,54,Male
😡,cool,Facebook,35,Female
🙄,surprise,Snapchat,49,Male
😅,confusion,Snapchat,49,Female
😅,surprise,WhatsApp,30,Male
🙄,love,WhatsApp,17,Male
🎉,support,Instagram,13,Male
😂,cool,TikTok,35,Female
😭,funny,TikTok,49,Female
💕,angry,Facebook,46,Male
😍,sad,Snapchat,24,Male
❤️,cool,Twitter,17,Female
🤔,support,WhatsApp,63,Female
😉,confusion,TikTok,57,Male
😔,confusion,Twitter,20,Male
🤩,confusion,TikTok,15,Male
🎉,support,WhatsApp,25,Female
😉,angry,TikTok,28,Female
😭,angry,TikTok,37,Male
😡,surprise,Snapchat,15,Male
❤️,funny,Facebook,46,Male
😳,happy,Twitter,30,Male
😍,surprise,Instagram,61,Male
😂,angry,Snapchat,48,Female
😜,sad,Twitter,27,Female
💕,funny,WhatsApp,23,Female
💕,sad,TikTok,62,Male
🤣,funny,Facebook,55,Female
😳,celebration,WhatsApp,60,Male
😊,confusion,Facebook,61,Female
🙌,love,WhatsApp,53,Female
😏,happy,Twitter,20,Male
🤩,love,Instagram,23,Male
😜,sad,WhatsApp,44,Female
💕,angry,Twitter,28,Female
🤗,happy,TikTok,37,Male
😢,confusion,Twitter,30,Male
👍,sad,WhatsApp,29,Male
🎉,confusion,Instagram,37,Male
💔,love,TikTok,35,Female
😳,love,Facebook,57,Male
❤️,support,Twitter,23,Male
😘,angry,Twitter,51,Male
😏,cool,Twitter,34,Male
🎉,sad,Twitter,13,Female
👏,love,WhatsApp,19,Male
😂,funny,Facebook,60,Female
🙌,love,WhatsApp,61,Male
🤣,surprise,Instagram,64,Male
🤗,funny,TikTok,41,Male
🤪,cool,Facebook,29,Male
😉,angry,TikTok,64,Male
😊,confusion,TikTok,20,Male
🙄,surprise,Snapchat,59,Male
😏,confusion,Instagram,18,Male
👍,love,TikTok,14,Female
🙏,confusion,TikTok,13,Male
🙄,cool,WhatsApp,48,Male
🤪,cool,TikTok,18,Male
😊,love,Twitter,24,Female
😘,angry,TikTok,20,Female
🤔,love,WhatsApp,61,Female
🤔,love,WhatsApp,15,Male
🤗,celebration,WhatsApp,64,Male
🙏,funny,Instagram,30,Male
😂,angry,Snapchat,46,Male
😉,cool,Twitter,60,Female
🤣,surprise,TikTok,24,Male
🥰,angry,Twitter,57,Male
😡,confusion,WhatsApp,64,Female
😘,celebration,WhatsApp,28,Male
😅,funny,WhatsApp,46,Female
💕,happy,WhatsApp,41,Male
😡,happy,Instagram,56,Male
😎,love,Instagram,35,Male
👏,confusion,TikTok,27,Female
😍,love,TikTok,17,Female
💔,cool,Facebook,44,Male
🎉,sad,Facebook,51,Male
😭,confusion,TikTok,58,Male
😭,sad,Instagram,46,Female
💕,support,WhatsApp,20,Male
🙌,confusion,Twitter,49,Male
🤩,cool,Instagram,17,Female
🙏,angry,Instagram,51,Female
😘,angry,Facebook,55,Female
😇,celebration,Snapchat,42,Female
😎,cool,Twitter,22,Male
🥰,angry,Twitter,44,Male
❤️,surprise,TikTok,54,Male
💔,cool,Snapchat,19,Male
😢,happy,Facebook,53,Male
😔,angry,Twitter,52,Female
👍,love,Facebook,35,Female
😊,celebration,TikTok,63,Male
😉,celebration,Facebook,29,Male
🙄,love,WhatsApp,41,Male
😍,cool,TikTok,28,Male
😭,cool,Snapchat,51,Female
😔,cool,Snapchat,22,Female
🥰,funny,WhatsApp,41,Female
🙏,funny,Facebook,26,Female
😭,celebration,Facebook,20,Male
👍,sad,Twitter,56,Female
👍,confusion,Snapchat,36,Female
😘,celebration,TikTok,56,Male
🤗,angry,Twitter,55,Male
😉,love,Twitter,62,Male
🤗,love,TikTok,31,Male
🤗,happy,Snapchat,14,Male
😏,confusion,Twitter,44,Female
🤪,sad,Snapchat,50,Female
😘,celebration,Facebook,63,Female
👏,happy,TikTok,39,Male
🤪,sad,Facebook,61,Male
🤣,love,Instagram,55,Male
🤩,confusion,Twitter,49,Male
😭,surprise,Twitter,57,Male
😜,confusion,Snapchat,42,Female
🥰,sad,Twitter,56,Male
❤️,angry,Instagram,47,Male
🤣,funny,WhatsApp,46,Male
😜,love,WhatsApp,58,Female
🎉,cool,Facebook,29,Female
😢,love,Instagram,50,Male
🙌,surprise,Facebook,42,Female
😅,celebration,TikTok,13,Female
😅,happy,Snapchat,16,Male
😇,angry,WhatsApp,64,Female
👏,confusion,TikTok,31,Female
💔,love,TikTok,24,Female
😔,cool,Snapchat,50,Male
😢,sad,Instagram,18,Male
🙌,love,Facebook,45,Female
🙏,love,Facebook,53,Female
🙌,funny,TikTok,57,Female
😅,happy,Twitter,48,Female
😭,love,Instagram,50,Male
🎉,funny,Instagram,18,Female
🙏,confusion,Facebook,53,Male
💕,support,Snapchat,63,Male
👏,celebration,Twitter,37,Male
😳,support,Facebook,23,Female
😇,confusion,TikTok,55,Female
👏,support,WhatsApp,24,Male
😇,celebration,Twitter,64,Male
🎉,cool,Twitter,47,Male
😳,love,TikTok,38,Male
😜,surprise,Facebook,54,Male
🤗,support,WhatsApp,50,Male
🤪,sad,Twitter,48,Female
🙏,support,Snapchat,40,Female
🎉,angry,Facebook,18,Female
🥰,support,Snapchat,59,Male
🎉,support,Snapchat,48,Female
😅,surprise,TikTok,24,Female
😭,funny,Facebook,51,Female
👏,sad,Snapchat,31,Male
😇,happy,Instagram,28,Male
😳,sad,WhatsApp,39,Male
😢,surprise,WhatsApp,23,Male
😂,sad,Snapchat,25,Male
❤️,sad,WhatsApp,29,Female
🤗,sad,Twitter,48,Female
😳,surprise,Twitter,43,Female
❤️,sad,TikTok,58,Female
😊,cool,WhatsApp,13,Male
🤩,support,Instagram,23,Male
🤗,support,Instagram,17,Female
😎,happy,Facebook,13,Female
🥰,sad,TikTok,25,Male
😜,angry,Facebook,63,Female
😎,support,Twitter,60,Male
😇,celebration,TikTok,24,Female
😏,celebration,WhatsApp,21,Male
🤣,happy,Snapchat,24,Male
😅,love,Facebook,45,Female
😭,cool,WhatsApp,44,Female
🙄,celebration,Instagram,28,Male
😡,happy,WhatsApp,52,Female
😢,angry,Instagram,34,Male
🥰,angry,Facebook,59,Male
😢,confusion,Twitter,63,Male
🤣,love,TikTok,26,Male
🤣,confusion,TikTok,29,Male
🎉,angry,Instagram,40,Male
🙌,support,WhatsApp,27,Female
🤪,happy,Facebook,20,Male
😳,sad,Snapchat,32,Female
😳,sad,Facebook,51,Male
😎,confusion,Facebook,64,Male
😔,angry,Twitter,64,Male
😭,confusion,Twitter,18,Male
🤩,surprise,Instagram,38,Male
👍,celebration,Instagram,35,Male
😢,happy,Instagram,17,Male
😭,funny,Snapchat,43,Male
😏,funny,Twitter,44,Male
😅,sad,TikTok,37,Female
😔,surprise,WhatsApp,19,Male
😜,confusion,Twitter,17,Male
❤️,sad,WhatsApp,14,Male
👏,love,Snapchat,22,Female
😜,sad,Snapchat,57,Male
😢,support,WhatsApp,29,Female
💔,surprise,WhatsApp,17,Female
🤗,angry,Instagram,17,Male
🙏,happy,Snapchat,13,Male
😇,funny,TikTok,35,Male
😇,happy,Twitter,25,Male
🥰,love,WhatsApp,31,Male
😜,funny,Instagram,48,Female
😍,confusion,Instagram,27,Female
🤩,support,Snapchat,58,Male
👏,sad,Instagram,58,Male
😎,sad,Instagram,34,Male
👏,support,Facebook,51,Female
🥰,support,WhatsApp,22,Male
😊,celebration,Facebook,64,Male
🎉,sad,Twitter,54,Female
😎,confusion,Facebook,61,Female
🎉,angry,Twitter,16,Female
😅,funny,Twitter,26,Male
🤔,confusion,Snapchat,27,Female
😅,cool,Facebook,20,Male
👏,funny,Snapchat,38,Female
🤪,love,TikTok,51,Male
😍,angry,Instagram,28,Male
😅,confusion,Snapchat,51,Male
😎,funny,Facebook,13,Male
🎉,confusion,Snapchat,49,Female
😭,angry,WhatsApp,16,Male
🤔,angry,WhatsApp,53,Male
😅,happy,TikTok,48,Male
😍,cool,WhatsApp,23,Male
🤗,happy,Instagram,18,Female
👍,love,Facebook,25,Male
👏,celebration,Facebook,43,Male
😢,surprise,WhatsApp,54,Female
😏,celebration,WhatsApp,16,Male
🙄,angry,Snapchat,56,Male
😘,support,Instagram,63,Female
🤩,celebration,Instagram,28,Female
💔,sad,Snapchat,27,Female
🤣,cool,WhatsApp,62,Female
🤔,confusion,Facebook,56,Male
😂,surprise,TikTok,13,Male
😔,funny,TikTok,58,Female
💕,celebration,Snapchat,32,Male
😊,cool,Instagram,40,Male
🤣,support,WhatsApp,37,Male
😏,support,Twitter,64,Male
🎉,confusion,Snapchat,61,Female
🤔,celebration,WhatsApp,53,Male
😭,surprise,TikTok,53,Male
😇,confusion,Facebook,26,Male
👏,love,Twitter,33,Female
😉,funny,Twitter,36,Female
😡,funny,Facebook,30,Female
💔,happy,TikTok,46,Female
😍,celebration,Facebook,31,Female
🥰,cool,Facebook,49,Female
🥰,funny,TikTok,52,Male
🤗,support,Snapchat,54,Male
💕,sad,Snapchat,43,Female
🙄,surprise,WhatsApp,15,Female
❤️,celebration,Twitter,48,Male
😇,funny,Twitter,49,Female
😳,sad,TikTok,32,Male
😊,surprise,Twitter,21,Female
😏,angry,TikTok,63,Female
👏,support,Instagram,36,Male
🙏,cool,Instagram,56,Male
😭,happy,Facebook,15,Male
😉,love,Twitter,20,Female
😡,happy,WhatsApp,33,Male
😅,cool,WhatsApp,63,Female
💔,sad,WhatsApp,20,Female
😉,support,Instagram,64,Female
😘,love,Instagram,61,Female
😏,surprise,Snapchat,23,Male
😏,confusion,Twitter,29,Female
😜,sad,Twitter,13,Male
🙌,funny,Twitter,16,Male
😏,celebration,Snapchat,52,Female
🤗,confusion,WhatsApp,28,Male
🤗,cool,WhatsApp,44,Male
🙏,surprise,Snapchat,13,Female
🤗,celebration,Snapchat,55,Male
😔,support,Twitter,53,Male
👍,cool,Snapchat,56,Male
😇,sad,TikTok,54,Female
😏,confusion,TikTok,60,Female
💔,support,Twitter,50,Female
😎,funny,Facebook,25,Female
🤩,confusion,Twitter,33,Female
😇,celebration,Facebook,55,Female
😳,love,Instagram,45,Female
👏,confusion,Instagram,43,Female
🤗,sad,Twitter,54,Female
😂,funny,Instagram,33,Female
😢,sad,Twitter,25,Female
😭,happy,Snapchat,23,Female
😂,love,Snapchat,20,Female
🤪,love,Instagram,24,Male
❤️,love,Instagram,18,Male
😉,surprise,Twitter,19,Female
👍,cool,TikTok,54,Female
😡,angry,Facebook,55,Female
😔,happy,Facebook,40,Male
😉,sad,TikTok,57,Male
👏,cool,TikTok,38,Female
🤩,surprise,TikTok,49,Male
👍,love,WhatsApp,17,Male
😊,confusion,Instagram,56,Female
😅,cool,Instagram,61,Male
😳,support,Twitter,17,Female
😭,confusion,Instagram,56,Male
😅,cool,TikTok,50,Female
👏,funny,Twitter,18,Female
😉,sad,Instagram,21,Female
😂,love,Twitter,27,Male
🎉,love,Facebook,35,Female
🤩,love,Snapchat,37,Male
😎,happy,Snapchat,24,Male
💔,happy,TikTok,24,Female
👏,angry,TikTok,49,Female
😉,happy,Instagram,22,Male
🤪,confusion,TikTok,60,Male
👍,confusion,TikTok,52,Female
😉,confusion,Facebook,13,Female
🙄,surprise,Snapchat,18,Male
😍,angry,Snapchat,28,Female
😍,funny,Twitter,36,Male
😅,surprise,Snapchat,31,Male
😊,surprise,Instagram,22,Female
🤩,angry,Facebook,35,Female
😊,love,Twitter,54,Male
😏,support,TikTok,30,Female
😎,cool,WhatsApp,29,Male
🎉,funny,Instagram,34,Female
🤔,angry,Twitter,56,Male
👍,celebration,Twitter,63,Male
💕,cool,TikTok,46,Male
💕,support,TikTok,34,Male
🤔,funny,WhatsApp,23,Male
😘,funny,Facebook,62,Female
😡,surprise,WhatsApp,28,Male
😔,love,WhatsApp,61,Male
😇,confusion,Instagram,37,Female
😘,funny,Instagram,44,Female
😳,celebration,Snapchat,49,Male
😍,cool,Twitter,33,Male
😘,love,Instagram,48,Male
😢,angry,Twitter,19,Female
😇,love,WhatsApp,56,Male
😊,cool,TikTok,32,Male
😡,funny,Instagram,25,Male
🙄,happy,Instagram,44,Female
😂,cool,WhatsApp,15,Male
😅,angry,Twitter,37,Male
😡,funny,Twitter,56,Female
😔,confusion,TikTok,14,Male
👏,confusion,TikTok,42,Female
😍,surprise,Facebook,43,Male
🙏,surprise,Facebook,39,Female
😭,sad,Facebook,18,Female
🙌,support,Twitter,47,Male
🎉,love,WhatsApp,22,Male
🤣,cool,TikTok,21,Male
👍,angry,TikTok,55,Female
😍,celebration,Snapchat,26,Female
🤔,sad,Snapchat,55,Female
😏,love,Snapchat,44,Male
😜,cool,TikTok,61,Male
😜,confusion,Instagram,36,Male
🤪,celebration,Snapchat,53,Male
😅,surprise,Snapchat,26,Female
😜,angry,TikTok,15,Female
😡,sad,WhatsApp,63,Male
🤣,surprise,TikTok,35,Female
😳,angry,Facebook,57,Female
🤩,angry,WhatsApp,30,Female
🎉,funny,Instagram,18,Male
😭,surprise,Facebook,28,Male
😅,celebration,Twitter,59,Male
😢,sad,Twitter,37,Female
🙏,love,Instagram,32,Female
😡,happy,WhatsApp,17,Male
👏,surprise,WhatsApp,52,Female
😏,funny,Twitter,13,Male
😅,angry,WhatsApp,13,Female
😅,celebration,Twitter,52,Male
😘,angry,WhatsApp,56,Female
💔,happy,Instagram,23,Male
🤣,happy,WhatsApp,42,Male
👏,happy,WhatsApp,37,Male
😂,love,TikTok,22,Female
💕,surprise,WhatsApp,24,Male
😏,love,Snapchat,33,Male
😉,confusion,Snapchat,14,Female
💔,surprise,TikTok,24,Male
🤗,surprise,Twitter,18,Female
😳,sad,Instagram,39,Male
❤️,love,Instagram,26,Female
🤪,surprise,Snapchat,16,Female
😎,confusion,Twitter,45,Male
😘,surprise,TikTok,45,Male
😏,confusion,TikTok,17,Male
👏,surprise,Instagram,57,Female
🤣,cool,TikTok,49,Male
😘,sad,Instagram,49,Male
🤩,confusion,TikTok,14,Female
🙌,funny,WhatsApp,46,Male
🤪,confusion,Snapchat,40,Male
🥰,surprise,Instagram,56,Male
🙄,celebration,Snapchat,56,Female
🙌,celebration,WhatsApp,39,Male
🤩,celebration,Snapchat,34,Female
🥰,confusion,TikTok,53,Male
😘,celebration,WhatsApp,35,Female
😔,happy,TikTok,48,Female
😡,funny,Instagram,27,Female
👍,angry,Facebook,24,Female
👍,cool,Instagram,33,Male
😊,support,Instagram,28,Female
❤️,love,WhatsApp,15,Female
🙏,celebration,Instagram,31,Female
😅,support,Snapchat,22,Male
😂,surprise,Instagram,43,Male
😏,angry,Snapchat,36,Female
💕,surprise,Facebook,62,Male
🤪,support,TikTok,38,Male
🤣,cool,Snapchat,20,Male
🤪,funny,Snapchat,23,Male
🤔,sad,WhatsApp,36,Male
🤣,support,WhatsApp,51,Female
🤩,cool,WhatsApp,17,Male
🤪,celebration,Snapchat,29,Female
💕,angry,Instagram,26,Male
😘,cool,WhatsApp,62,Female
🙏,confusion,Instagram,45,Male
👏,confusion,Instagram,20,Female
🎉,confusion,Instagram,59,Male
🙌,celebration,TikTok,46,Female
🤪,funny,TikTok,44,Female
👏,love,WhatsApp,47,Female
🤣,happy,Instagram,41,Male
🙄,confusion,Facebook,58,Female
💔,surprise,Snapchat,58,Male
🙌,surprise,WhatsApp,29,Female
😡,angry,TikTok,20,Female
😢,celebration,Twitter,39,Female
😢,happy,Instagram,64,Female
🤔,happy,Snapchat,38,Male
🤣,angry,Twitter,36,Male
😳,funny,Twitter,19,Female
💕,celebration,Snapchat,43,Female
👏,cool,TikTok,24,Male
💔,celebration,Facebook,62,Female
💕,love,TikTok,36,Male
🙌,cool,Snapchat,33,Male
🙄,cool,Instagram,20,Male
💔,angry,Instagram,13,Female
🙌,funny,Instagram,59,Female
😍,celebration,Twitter,27,Female
😂,surprise,WhatsApp,23,Male
❤️,love,Facebook,19,Male
😉,support,Snapchat,32,Male
😳,cool,Twitter,16,Female
🤗,cool,Instagram,41,Female
😊,surprise,Snapchat,44,Male
😔,celebration,TikTok,16,Female
🥰,cool,Facebook,50,Male
😭,love,WhatsApp,50,Female
😇,support,Instagram,20,Female
😉,funny,WhatsApp,21,Female
🎉,celebration,Twitter,62,Male
🙄,celebration,TikTok,57,Male
🤩,sad,WhatsApp,61,Female
🥰,angry,Instagram,17,Male
🙏,support,Instagram,18,Female
❤️,celebration,Facebook,24,Male
😉,sad,Twitter,32,Female
🤩,cool,Facebook,45,Male
😜,surprise,WhatsApp,29,Male
😅,surprise,Snapchat,54,Male
🤪,cool,Instagram,61,Male
👏,cool,Facebook,58,Female
😭,support,TikTok,19,Female
🤩,surprise,Instagram,35,Male
😅,cool,TikTok,47,Female
😳,happy,Snapchat,14,Male
😭,sad,Instagram,43,Female
🤗,angry,WhatsApp,60,Female
😎,angry,Snapchat,46,Male
😉,angry,Twitter,14,Male
😉,angry,Facebook,46,Male
😏,love,Instagram,55,Female
🤗,happy,WhatsApp,14,Male
😔,celebration,Facebook,59,Male
🤗,support,Instagram,31,Female
😅,support,WhatsApp,26,Male
🤣,confusion,Snapchat,36,Male
🙄,happy,Twitter,29,Female
🙄,celebration,Instagram,20,Female
🎉,funny,TikTok,47,Male
😏,confusion,Instagram,55,Male
🤗,love,Instagram,55,Male
🙏,love,Twitter,47,Female
❤️,love,Instagram,47,Male
😡,cool,Twitter,17,Male
😎,sad,TikTok,41,Female
🤗,sad,Twitter,56,Male
😭,happy,Snapchat,53,Male
😡,sad,TikTok,60,Male
🙏,sad,Facebook,29,Female
🙄,funny,WhatsApp,33,Female
🤩,cool,TikTok,22,Male
😍,confusion,Twitter,50,Female
🤔,angry,TikTok,48,Male
😔,cool,Facebook,43,Female
🥰,funny,Twitter,50,Male
😭,sad,Snapchat,63,Female
❤️,funny,Snapchat,50,Female
❤️,cool,Snapchat,30,Male
❤️,sad,TikTok,60,Male
😘,funny,Snapchat,63,Male
🙌,cool,Facebook,51,Male
😊,love,Instagram,61,Female
😇,support,TikTok,48,Male
💕,funny,WhatsApp,62,Female
❤️,support,Twitter,27,Male
😜,celebration,Instagram,53,Female
😡,happy,Facebook,18,Female
😇,sad,Facebook,51,Male
🤪,celebration,WhatsApp,41,Female
🙄,sad,TikTok,39,Female
💔,surprise,WhatsApp,14,Male
🙌,support,Snapchat,51,Female
🤗,funny,Instagram,38,Female
😅,angry,Facebook,33,Female
🤪,cool,Instagram,23,Female
👍,angry,TikTok,18,Female
😇,confusion,Twitter,51,Male
😡,happy,Snapchat,14,Female
😇,happy,Instagram,61,Male
🤣,cool,Twitter,55,Female
😜,sad,WhatsApp,58,Male
😳,angry,Snapchat,17,Male
💕,sad,Snapchat,47,Female
🙄,angry,TikTok,48,Female
😳,happy,Twitter,61,Female
🙌,confusion,Snapchat,28,Female
💔,cool,Facebook,54,Male
🤩,love,Snapchat,53,Male
🤗,funny,Instagram,61,Male
😂,sad,TikTok,16,Female
😢,cool,WhatsApp,64,Female
🤣,sad,Instagram,25,Female
😳,confusion,Twitter,19,Male
🙏,angry,Snapchat,32,Female
😭,cool,TikTok,15,Female
😇,confusion,TikTok,13,Male
🤔,confusion,WhatsApp,22,Male
👏,confusion,WhatsApp,30,Female
👏,confusion,TikTok,34,Male
😎,angry,Snapchat,20,Male
😍,love,Instagram,62,Female
😉,celebration,Facebook,24,Male
🙏,angry,Twitter,33,Female
🎉,celebration,Snapchat,63,Female
🤩,cool,Facebook,24,Female
🤪,surprise,Snapchat,28,Female
😢,funny,TikTok,36,Male
🙏,support,Twitter,28,Female
😢,love,Instagram,32,Male
🎉,love,Instagram,51,Male
😘,confusion,Twitter,32,Female
😢,angry,Twitter,46,Male
😎,celebration,Instagram,60,Male
😍,love,TikTok,33,Male
🤣,celebration,Instagram,34,Female
😂,confusion,Snapchat,28,Female
🤪,celebration,Facebook,58,Female
😎,sad,Snapchat,55,Female
😎,surprise,WhatsApp,20,Male
😎,love,Facebook,47,Female
😏,surprise,Facebook,26,Male
🤪,funny,Twitter,60,Female
😂,support,Snapchat,60,Female
🎉,support,Facebook,36,Male
🤪,celebration,Facebook,51,Male
💔,sad,Twitter,40,Female
😍,funny,Instagram,48,Male
😜,support,WhatsApp,62,Male
😏,angry,Instagram,19,Male
😊,surprise,Facebook,63,Male
💔,celebration,TikTok,37,Male
😳,angry,TikTok,28,Male
😇,cool,WhatsApp,17,Female
🙏,sad,Instagram,19,Female
🎉,surprise,Instagram,20,Female
💕,surprise,TikTok,14,Male
👍,cool,TikTok,34,Female
❤️,sad,TikTok,17,Male
👍,love,TikTok,49,Male
😘,cool,Snapchat,25,Male
😉,celebration,TikTok,56,Male
😔,angry,TikTok,60,Male
🎉,angry,Snapchat,43,Male
😎,love,WhatsApp,24,Female
😳,love,WhatsApp,35,Female
😉,cool,Facebook,16,Female
😔,cool,Snapchat,42,Male
😜,sad,TikTok,57,Female
👍,happy,Twitter,16,Male
😍,support,Facebook,62,Female
👏,sad,Twitter,35,Male
😘,funny,Snapchat,15,Female
😜,funny,Instagram,50,Male
🥰,celebration,Instagram,31,Female
😉,cool,Facebook,34,Female
😏,surprise,WhatsApp,16,Male
👍,celebration,Snapchat,52,Male
😊,cool,Twitter,17,Male
😅,funny,Twitter,25,Female
🎉,love,Facebook,62,Female
💕,happy,Facebook,45,Male
😉,funny,Snapchat,31,Male
😎,cool,Instagram,48,Female
🥰,happy,Facebook,19,Male
🥰,cool,Snapchat,41,Male
🥰,funny,Instagram,36,Male
😎,support,WhatsApp,37,Female
🙏,support,TikTok,40,Female
😜,support,WhatsApp,31,Female
😍,sad,WhatsApp,29,Male
🙏,angry,Twitter,49,Male
🤪,sad,WhatsApp,61,Male
🤗,funny,Snapchat,54,Male
🙏,sad,Facebook,61,Female
😊,support,Instagram,14,Male
😅,support,Snapchat,27,Male
🤪,support,Instagram,40,Female
💔,celebration,Facebook,26,Male
🎉,confusion,Twitter,63,Female
🤩,funny,Facebook,26,Male
👏,love,Facebook,57,Female
🎉,angry,Facebook,39,Female
🥰,surprise,TikTok,33,Male
😇,happy,Instagram,27,Female
🤣,support,TikTok,32,Female
🤔,funny,Facebook,52,Female
👏,love,Snapchat,39,Female
🤗,love,WhatsApp,30,Male
😜,funny,WhatsApp,34,Female
👍,love,TikTok,45,Female
🤗,celebration,Snapchat,37,Female
🤣,funny,Twitter,51,Female
😉,support,WhatsApp,20,Female
😊,love,Instagram,40,Male
😡,funny,Twitter,21,Male
😭,celebration,Facebook,59,Female
😳,support,Twitter,35,Female
🤪,cool,TikTok,26,Male
😳,support,Facebook,58,Female
🤣,funny,WhatsApp,60,Male
😇,confusion,Facebook,43,Female
👏,love,Twitter,15,Male
🙌,surprise,Facebook,60,Male
👍,celebration,Snapchat,38,Male
😔,celebration,Facebook,53,Male
🤩,funny,Snapchat,52,Female
👍,funny,Instagram,58,Female
❤️,love,Snapchat,26,Male
👏,celebration,Twitter,43,Male
🙌,support,Instagram,52,Female
🙏,angry,Twitter,43,Male
🤩,cool,Instagram,58,Female
😊,confusion,Instagram,13,Male
💔,celebration,Snapchat,48,Female
😂,celebration,TikTok,59,Male
🙏,cool,TikTok,16,Female
👏,confusion,TikTok,58,Female
🤪,love,Instagram,26,Female
😡,happy,Twitter,22,Male
😔,cool,TikTok,36,Male
🤪,celebration,Twitter,21,Female
🤩,support,Instagram,58,Female
💔,surprise,Instagram,60,Male
😭,happy,Facebook,29,Male
💔,angry,Facebook,50,Female
🤪,support,Instagram,51,Female
🥰,funny,Instagram,58,Male
👏,sad,TikTok,47,Female
❤️,sad,WhatsApp,57,Female
😢,support,TikTok,20,Male
💕,sad,Facebook,44,Female
👏,confusion,TikTok,19,Female
😅,love,Snapchat,56,Male
😉,surprise,Twitter,22,Male
🤗,sad,Snapchat,40,Male
😂,sad,TikTok,23,Female
😜,sad,Facebook,20,Male
🥰,confusion,Facebook,56,Male
💕,love,TikTok,37,Male
😉,love,WhatsApp,28,Female
💔,funny,WhatsApp,44,Male
👏,support,Snapchat,48,Female
🤣,confusion,WhatsApp,48,Male
🙄,confusion,WhatsApp,51,Male
😊,cool,Instagram,38,Male
😊,cool,TikTok,22,Male
🎉,love,Instagram,59,Male
🙄,cool,TikTok,52,Male
🤪,angry,TikTok,43,Female
🤪,sad,WhatsApp,42,Male
💔,confusion,Twitter,32,Female
👍,angry,Twitter,46,Male
😏,cool,Instagram,27,Female
🥰,confusion,Twitter,20,Female
🤩,sad,TikTok,50,Male
🤩,confusion,Twitter,29,Female
😘,confusion,Instagram,54,Male
😜,funny,Twitter,24,Male
🎉,surprise,Snapchat,39,Female
😭,love,Snapchat,41,Male
😇,funny,Facebook,19,Female
😏,cool,TikTok,36,Female
🤣,love,Twitter,30,Female
😘,celebration,Snapchat,41,Female
😡,sad,Snapchat,59,Female
👍,confusion,Snapchat,53,Male
🤔,confusion,WhatsApp,48,Male
🙌,funny,Instagram,41,Male
😭,sad,Twitter,64,Female
😳,celebration,TikTok,30,Male
🤣,celebration,Snapchat,63,Female
💔,love,Facebook,63,Female
😭,sad,WhatsApp,42,Female
🥰,celebration,WhatsApp,25,Male
🙏,love,TikTok,34,Female
🙏,funny,Instagram,59,Female
❤️,sad,TikTok,18,Male
🙌,angry,Twitter,55,Female
😡,celebration,Facebook,17,Female
😢,confusion,TikTok,55,Male
💕,confusion,Twitter,37,Male
🎉,confusion,TikTok,20,Male
🥰,support,Snapchat,38,Male
🤩,celebration,TikTok,52,Female
❤️,sad,Facebook,27,Male
😍,confusion,TikTok,57,Male
🤔,love,Facebook,30,Female
🤪,confusion,Twitter,16,Female
😍,happy,Twitter,42,Female
👏,angry,WhatsApp,58,Female
😅,funny,TikTok,48,Female
🙄,love,Snapchat,46,Female
😊,confusion,TikTok,33,Female
😢,celebration,Snapchat,35,Male
😇,happy,Instagram,63,Female
🙄,love,Twitter,59,Male
😭,cool,Snapchat,39,Male
🤪,sad,TikTok,15,Male
🙏,sad,TikTok,56,Female
😢,surprise,Instagram,56,Male
😜,angry,Twitter,57,Male
😢,celebration,Instagram,59,Female
👍,support,TikTok,31,Male
😏,happy,Snapchat,15,Female
😂,surprise,WhatsApp,61,Male
🙌,happy,Facebook,14,Female
🤗,support,TikTok,31,Female
💔,confusion,WhatsApp,13,Female
💕,happy,Facebook,62,Female
😘,funny,Instagram,28,Male
😇,confusion,Twitter,27,Male
❤️,angry,Twitter,30,Male
👏,surprise,TikTok,55,Male
🙌,love,Twitter,63,Male
😡,support,WhatsApp,58,Female
💕,sad,Twitter,23,Female
🥰,support,TikTok,29,Female
😡,funny,Facebook,57,Male
😊,love,Facebook,55,Female
😎,celebration,Facebook,17,Male
🤣,surprise,Twitter,53,Male
🙏,angry,Snapchat,23,Female
🤩,love,Facebook,49,Female
😎,cool,Facebook,39,Male
😜,happy,Snapchat,59,Female
😂,angry,TikTok,24,Female
❤️,love,Twitter,61,Male
🙄,cool,Twitter,45,Female
😔,funny,WhatsApp,24,Female
🤩,sad,Twitter,57,Female
🤔,happy,Facebook,14,Male
👏,happy,WhatsApp,21,Female
😳,love,Snapchat,19,Male
😢,angry,Snapchat,48,Female
😔,surprise,Instagram,26,Female
🥰,confusion,WhatsApp,41,Female
🤣,surprise,Snapchat,55,Female
😘,support,Instagram,38,Female
🎉,support,Facebook,40,Female
🙏,sad,Snapchat,31,Male
🤩,cool,Instagram,35,Male
💔,funny,Instagram,55,Male
👏,angry,WhatsApp,23,Male
😔,angry,Twitter,36,Male
😘,funny,Facebook,56,Female
😔,angry,Twitter,43,Female
😔,happy,Instagram,59,Female
🤔,happy,Snapchat,16,Female
😇,sad,Twitter,19,Male
🤩,confusion,TikTok,16,Female
🎉,cool,TikTok,49,Female
😉,support,Twitter,29,Female
🤗,happy,Snapchat,29,Male
😡,surprise,Twitter,48,Female
😔,love,TikTok,31,Female
😭,celebration,Snapchat,55,Male
🤩,angry,Facebook,52,Male
🎉,cool,TikTok,54,Male
😊,confusion,WhatsApp,60,Female
👏,cool,Snapchat,55,Male
👍,sad,Snapchat,39,Female
🤪,support,Snapchat,35,Male
😡,celebration,WhatsApp,44,Female
🤗,sad,Instagram,49,Male
🥰,support,TikTok,57,Female
🤩,sad,Facebook,27,Female
💔,love,TikTok,50,Male
💕,confusion,Snapchat,26,Female
😭,cool,Twitter,40,Female
😳,happy,Facebook,40,Female
🙌,sad,Snapchat,61,Male
😇,celebration,Instagram,60,Female
🤩,surprise,Twitter,34,Male
💔,happy,Snapchat,62,Male
👏,sad,WhatsApp,42,Female
🙏,sad,Twitter,58,Female
🤪,confusion,WhatsApp,63,Female
🎉,celebration,Facebook,23,Female
🙄,surprise,Twitter,62,Female
🤪,funny,TikTok,55,Male
🙌,love,Twitter,62,Female
😇,surprise,WhatsApp,55,Male
🤪,cool,Facebook,46,Male
🙌,support,Facebook,49,Male
😡,sad,WhatsApp,46,Male
🙌,support,Snapchat,36,Female
🤗,love,Instagram,23,Male
😘,funny,WhatsApp,35,Male
😂,confusion,WhatsApp,42,Male
💕,sad,Snapchat,15,Female
😏,funny,Snapchat,48,Female
😭,angry,TikTok,37,Male
😜,confusion,TikTok,22,Female
💕,sad,Twitter,47,Male
🤣,sad,Twitter,45,Female
😡,support,Facebook,54,Male
🙏,love,Snapchat,62,Female
😇,support,Facebook,36,Female
😘,love,WhatsApp,44,Female
🙏,support,Facebook,13,Female
💔,funny,WhatsApp,18,Female
🤔,confusion,WhatsApp,30,Male
🤩,support,Snapchat,48,Male
🤪,angry,Facebook,59,Female
💕,cool,Snapchat,15,Female
🤗,celebration,TikTok,41,Female
👏,sad,WhatsApp,63,Male
🎉,angry,TikTok,56,Female
🙄,angry,Twitter,27,Female
🤩,angry,Instagram,29,Female
😭,celebration,Instagram,41,Female
😳,surprise,Snapchat,21,Male
😜,cool,WhatsApp,60,Male
😅,celebration,Snapchat,20,Male
💕,confusion,Snapchat,62,Male
😊,sad,TikTok,63,Female
💔,happy,Twitter,41,Female
😭,love,Snapchat,36,Female
👍,funny,Facebook,21,Female
😔,surprise,TikTok,25,Male
🤣,love,TikTok,33,Female
💕,angry,Twitter,38,Female
💔,angry,Instagram,43,Female
👏,funny,Snapchat,44,Male
😭,surprise,Snapchat,34,Female
👏,happy,Instagram,43,Female
🤔,celebration,Twitter,16,Male
😉,support,TikTok,35,Female
😊,angry,Twitter,26,Female
😜,sad,WhatsApp,61,Male
👏,love,Facebook,56,Female
😏,funny,Twitter,15,Male
😍,confusion,TikTok,41,Male
🤩,confusion,Snapchat,42,Male
🤔,happy,Facebook,47,Female
😡,support,Twitter,38,Male
😘,surprise,WhatsApp,34,Female
🙏,funny,Facebook,20,Male
🥰,love,Instagram,15,Female
🎉,cool,Snapchat,60,Female
🤔,surprise,Facebook,29,Male
😎,cool,Facebook,29,Female
😡,angry,Facebook,58,Female
🤗,surprise,Facebook,43,Female
💔,confusion,Instagram,48,Female
🙏,support,Facebook,14,Male
💔,cool,TikTok,54,Female
💔,cool,TikTok,39,Female
🤗,love,TikTok,61,Male
💔,confusion,Instagram,55,Male
🤩,confusion,Facebook,55,Male
😜,love,Facebook,27,Female
😎,angry,Instagram,13,Female
❤️,funny,Facebook,58,Male
💔,confusion,Twitter,52,Female
😅,support,Instagram,57,Male
🤣,happy,TikTok,40,Female
🤪,celebration,Snapchat,26,Male
🤔,surprise,Twitter,46,Male
💔,happy,Facebook,36,Female
😡,happy,Facebook,44,Female
💕,cool,Snapchat,50,Male
😂,support,Twitter,31,Female
😭,funny,TikTok,28,Female
🤗,happy,Instagram,39,Female
🤣,sad,Twitter,16,Male
💔,love,Snapchat,20,Female
😇,celebration,Instagram,24,Female
🙄,celebration,Instagram,46,Male
😊,happy,WhatsApp,21,Female
😎,love,Facebook,17,Female
😳,cool,Instagram,57,Male
🎉,celebration,Instagram,37,Female
😉,happy,WhatsApp,23,Male
🥰,happy,WhatsApp,41,Female
👍,love,Instagram,45,Female
💕,funny,Snapchat,27,Male
😅,confusion,TikTok,56,Female
❤️,support,TikTok,21,Female
😊,surprise,WhatsApp,22,Male
😊,sad,Twitter,63,Male
💔,love,Snapchat,59,Female
😔,cool,Twitter,48,Male
😔,cool,Twitter,15,Female
😘,celebration,Snapchat,55,Female
🥰,funny,Instagram,42,Male
💕,love,Facebook,53,Female
😎,confusion,TikTok,42,Female
😍,angry,Twitter,22,Female
🤣,love,Snapchat,45,Male
🥰,love,Twitter,18,Female
🤔,angry,Facebook,49,Female
🙏,funny,WhatsApp,38,Male
🥰,sad,WhatsApp,55,Male
🙌,confusion,TikTok,47,Female
🤪,surprise,TikTok,14,Male
😳,support,WhatsApp,54,Male
😉,sad,TikTok,27,Female
🙏,angry,Twitter,13,Female
🙌,love,Twitter,28,Male
💔,sad,Snapchat,22,Female
🤩,cool,Instagram,45,Female
😊,love,Facebook,26,Female
👏,love,WhatsApp,29,Female
💔,surprise,Instagram,16,Female
😍,support,Facebook,51,Male
💕,confusion,WhatsApp,24,Male
💕,cool,WhatsApp,58,Male
😇,sad,TikTok,29,Male
😎,cool,TikTok,27,Female
🎉,angry,Instagram,62,Male
🤔,cool,TikTok,49,Female
🙏,happy,Facebook,50,Female
😂,funny,Snapchat,40,Male
😅,confusion,TikTok,14,Male
🎉,celebration,WhatsApp,15,Female
😎,surprise,Instagram,14,Male
😊,support,Instagram,14,Male
😡,love,TikTok,49,Male
😅,support,Snapchat,49,Male
🤪,support,Snapchat,47,Male
❤️,love,Instagram,18,Male
😘,angry,Instagram,50,Female
🤔,angry,TikTok,48,Female
😔,cool,Twitter,27,Male
😏,celebration,Facebook,23,Female
😘,sad,Snapchat,21,Male
😎,sad,Snapchat,32,Male
😎,happy,Snapchat,35,Male
😏,angry,Instagram,23,Female
👏,cool,TikTok,29,Male
🤔,sad,WhatsApp,42,Male
😇,love,Facebook,60,Male
😜,support,TikTok,20,Male
🙏,funny,Instagram,42,Male
😢,sad,Facebook,21,Female
😊,angry,TikTok,39,Female
😜,celebration,Instagram,43,Male
😊,support,Snapchat,13,Female
😜,support,WhatsApp,25,Female
👍,confusion,Twitter,18,Female
😂,support,Instagram,61,Female
🎉,sad,Instagram,35,Male
🙏,sad,Snapchat,55,Female
👏,celebration,Twitter,54,Male
😎,confusion,Snapchat,47,Male
🙏,confusion,Instagram,52,Female
🥰,confusion,Snapchat,38,Male
😢,love,TikTok,25,Female
🤔,celebration,Facebook,56,Female
🤔,surprise,Facebook,31,Male
😅,sad,Facebook,56,Male
🙏,funny,Twitter,57,Male
🙌,happy,TikTok,32,Female
👍,celebration,Facebook,39,Male
🤣,angry,WhatsApp,35,Male
💕,cool,Twitter,24,Male
🤔,funny,Snapchat,37,Female
😜,love,Snapchat,20,Female
🤔,surprise,TikTok,35,Male
😅,funny,WhatsApp,55,Male
👍,love,Facebook,25,Male
😳,surprise,Snapchat,49,Male
❤️,surprise,Snapchat,46,Male
🙌,support,Snapchat,55,Male
😅,celebration,Twitter,56,Male
😎,funny,Snapchat,15,Male
😏,support,WhatsApp,21,Male
😍,happy,TikTok,47,Male
😏,confusion,Twitter,44,Female
😜,happy,Twitter,57,Female
😏,confusion,Snapchat,46,Male
😭,happy,TikTok,24,Male
😭,angry,Instagram,17,Male
🤪,confusion,WhatsApp,34,Female
❤️,celebration,WhatsApp,19,Male
😎,support,WhatsApp,52,Female
🙄,celebration,Twitter,38,Male
😎,happy,Twitter,48,Female
😉,celebration,Twitter,33,Female
🤩,celebration,Twitter,64,Male
😭,support,Twitter,23,Male
😎,support,Instagram,34,Male
🤔,love,WhatsApp,42,Female
🤔,cool,WhatsApp,45,Female
💕,love,Snapchat,47,Male
😊,celebration,WhatsApp,17,Female
😔,sad,TikTok,63,Female
🙄,happy,TikTok,33,Female
🤩,funny,TikTok,43,Male
😎,funny,Instagram,59,Female
💔,confusion,Twitter,27,Male
😳,confusion,Instagram,40,Male
❤️,sad,TikTok,50,Male
🤩,funny,Twitter,64,Male
😜,love,Snapchat,26,Female
💕,celebration,Twitter,31,Male
😇,support,Facebook,43,Female
😍,love,Facebook,46,Male
🤩,angry,Twitter,28,Female
😢,support,Facebook,50,Male
🤗,angry,TikTok,55,Female
😔,love,WhatsApp,61,Female
💔,funny,WhatsApp,17,Male
🤗,love,Instagram,35,Female
🙏,funny,WhatsApp,26,Male
😔,happy,Snapchat,20,Female
😳,surprise,Snapchat,23,Female
👏,happy,TikTok,56,Male
😇,happy,Instagram,61,Female
🙏,sad,Facebook,13,Female
🤗,love,Snapchat,16,Female
🎉,support,WhatsApp,36,Female
🤗,angry,WhatsApp,25,Female
😎,sad,Twitter,62,Female
🙄,sad,Instagram,45,Male
💕,angry,Facebook,31,Male
👍,happy,TikTok,26,Male
🤪,celebration,Twitter,30,Female
😘,support,TikTok,38,Female
😅,love,TikTok,44,Male
🥰,angry,WhatsApp,43,Female
🤩,funny,Instagram,37,Male
🤔,support,Instagram,60,Male
🙏,funny,Snapchat,61,Female
💕,celebration,WhatsApp,21,Male
🤔,cool,TikTok,33,Female
😡,cool,WhatsApp,60,Male
💕,happy,Twitter,14,Female
🤔,cool,WhatsApp,24,Male
💕,angry,WhatsApp,46,Male
🙌,confusion,Facebook,23,Female
❤️,happy,Instagram,48,Female
👍,celebration,Facebook,56,Male
❤️,cool,TikTok,55,Female
🤪,cool,WhatsApp,20,Female
😳,angry,TikTok,18,Male
😢,support,Twitter,27,Female
😂,love,Snapchat,37,Female
😉,angry,Facebook,33,Male
😊,angry,TikTok,55,Male
🤩,support,Facebook,18,Male
🙄,sad,Twitter,60,Male
🙄,happy,WhatsApp,48,Female
😭,celebration,Snapchat,28,Female
😍,support,Facebook,13,Female
🎉,happy,Twitter,28,Male
😢,sad,Facebook,19,Female
🤪,surprise,WhatsApp,43,Male
💔,cool,WhatsApp,26,Female
😊,love,TikTok,48,Female
😘,support,Facebook,21,Male
🥰,cool,Snapchat,44,Male
🙄,celebration,TikTok,49,Male
🙄,angry,WhatsApp,50,Female
🙌,happy,Instagram,41,Female
🤔,love,Snapchat,26,Female
😭,angry,WhatsApp,62,Female
💔,cool,Snapchat,62,Male
👏,surprise,Instagram,26,Male
😅,happy,TikTok,42,Male
😔,celebration,Facebook,28,Female
😇,happy,Instagram,59,Female
👍,love,Snapchat,56,Female
🤗,angry,TikTok,41,Male
😘,happy,TikTok,30,Male
💔,love,Twitter,49,Female
🤩,sad,TikTok,29,Male
🙏,surprise,TikTok,63,Female
😍,funny,Twitter,17,Female
💕,celebration,Snapchat,56,Male
😘,support,TikTok,25,Male
😔,sad,Twitter,28,Male
🙏,love,WhatsApp,23,Female
💕,celebration,Snapchat,44,Male
🤩,angry,WhatsApp,59,Female
😳,celebration,Snapchat,24,Male
🤣,cool,Instagram,41,Female
👏,love,Snapchat,39,Male
😅,funny,Snapchat,32,Female
👏,surprise,Facebook,16,Female
🤪,angry,Twitter,50,Female
😢,sad,Twitter,16,Female
😏,happy,Instagram,53,Male
🤩,funny,Instagram,27,Female
👏,sad,Instagram,34,Male
🤔,happy,Facebook,27,Male
🤣,sad,Instagram,53,Female
🙄,confusion,Snapchat,37,Male
🎉,love,TikTok,17,Female
🤔,happy,Twitter,22,Female
😅,support,WhatsApp,33,Female
🤗,confusion,Snapchat,36,Male
😡,support,Snapchat,63,Male
😘,celebration,Facebook,61,Male
🤣,love,Facebook,58,Female
🤗,surprise,Facebook,63,Male
🤩,celebration,Twitter,20,Male
😏,confusion,TikTok,37,Female
👍,confusion,TikTok,42,Male
💔,happy,Instagram,15,Male
😊,support,TikTok,63,Female
💕,surprise,Twitter,54,Female
😳,angry,Twitter,20,Male
😭,love,Twitter,63,Female
🎉,sad,Twitter,20,Female
😳,confusion,WhatsApp,17,Female
🙌,angry,Instagram,44,Male
😎,happy,Twitter,60,Male
💕,support,TikTok,40,Female
👏,funny,Twitter,24,Female
👏,happy,Twitter,20,Female
😉,celebration,Twitter,14,Female
😡,celebration,TikTok,58,Female
😢,celebration,Instagram,35,Male
👏,celebration,TikTok,34,Female
💕,angry,TikTok,43,Male
😔,funny,WhatsApp,53,Male
😔,surprise,TikTok,40,Female
🎉,angry,Snapchat,41,Male
🥰,sad,Snapchat,60,Female
🤪,happy,Instagram,33,Female
😊,surprise,Facebook,14,Male
😜,happy,Facebook,44,Male
🤔,love,Facebook,26,Male
😍,funny,WhatsApp,58,Male
💔,support,WhatsApp,18,Female
🥰,angry,Facebook,62,Female
👏,funny,Facebook,55,Female
👍,cool,TikTok,23,Male
😏,confusion,Twitter,23,Female
🙌,love,Twitter,62,Male
👍,happy,Facebook,55,Female
😔,love,WhatsApp,53,Female
😡,surprise,WhatsApp,27,Female
😢,funny,Facebook,45,Female
😢,love,Instagram,64,Male
😜,cool,Twitter,62,Male
😢,angry,Instagram,17,Female
😔,love,WhatsApp,39,Female
❤️,celebration,Instagram,53,Male
😊,angry,Snapchat,35,Male
🙄,confusion,Snapchat,19,Male
😅,cool,WhatsApp,61,Male
🙄,cool,TikTok,19,Female
😜,confusion,WhatsApp,61,Female
😊,happy,Instagram,19,Female
🥰,sad,Facebook,58,Male
🙌,happy,WhatsApp,52,Female
🤩,love,Twitter,61,Male
😘,support,TikTok,16,Male
😢,cool,Facebook,36,Female
😔,cool,Snapchat,63,Female
😎,celebration,Facebook,15,Male
🤪,cool,Instagram,18,Male
😢,love,WhatsApp,32,Male
🥰,confusion,Twitter,18,Female
😔,surprise,Instagram,64,Male
😘,angry,WhatsApp,24,Female
😢,support,TikTok,41,Male
😡,angry,TikTok,35,Female
😎,happy,Facebook,35,Male
🙏,funny,Snapchat,43,Male
🤪,surprise,WhatsApp,53,Male
😔,love,WhatsApp,50,Male
👏,funny,Snapchat,51,Male
😎,love,Instagram,59,Female
😘,love,WhatsApp,28,Male
🎉,happy,Facebook,37,Male
😇,love,Twitter,39,Male
💔,love,WhatsApp,50,Male
🥰,celebration,Twitter,46,Female
👍,celebration,Snapchat,34,Female
😉,celebration,WhatsApp,63,Male
😂,surprise,WhatsApp,19,Male
😎,cool,Twitter,32,Male
🤔,confusion,Snapchat,22,Male
😜,support,Facebook,57,Female
😏,surprise,WhatsApp,33,Female
😎,cool,Facebook,24,Male
😜,surprise,Instagram,40,Male
🎉,celebration,WhatsApp,37,Male
👏,support,Twitter,55,Male
👍,cool,Snapchat,28,Male
🤗,funny,Facebook,45,Male
😳,confusion,Instagram,58,Female
😉,cool,WhatsApp,60,Male
🎉,celebration,Instagram,52,Female
😡,confusion,Facebook,33,Male
🤩,sad,Twitter,47,Female
💔,confusion,Twitter,16,Female
😎,cool,WhatsApp,47,Male
🥰,love,Facebook,47,Female
💔,happy,WhatsApp,23,Male
😡,angry,Snapchat,21,Female
😭,sad,Instagram,18,Female
👏,angry,WhatsApp,32,Female
😭,support,Instagram,15,Female
🤣,celebration,Snapchat,21,Male
🙄,angry,WhatsApp,61,Female
😘,celebration,TikTok,57,Male
😉,funny,Facebook,58,Female
😘,celebration,Twitter,55,Male
😉,happy,Facebook,62,Male
🙄,love,Snapchat,18,Female
👏,love,WhatsApp,43,Male
🎉,love,Instagram,27,Female
😜,surprise,Snapchat,25,Female
🤔,happy,WhatsApp,48,Male
😂,confusion,Twitter,22,Female
🤩,funny,Twitter,61,Male
😭,celebration,TikTok,56,Female
😉,celebration,Snapchat,56,Female
😜,happy,Instagram,36,Female
🤩,angry,Instagram,26,Male
👏,support,Facebook,25,Male
🤗,confusion,Twitter,30,Male
🤩,support,Snapchat,21,Male
😎,sad,WhatsApp,33,Male
😔,celebration,Instagram,30,Male
🥰,cool,Twitter,49,Female
🥰,happy,TikTok,38,Male
😜,confusion,Twitter,62,Male
🎉,sad,Snapchat,55,Female
😅,sad,Facebook,23,Male
😎,confusion,TikTok,48,Male
😍,happy,TikTok,14,Female
👏,funny,TikTok,22,Male
🙌,sad,Instagram,59,Female
💕,sad,Instagram,19,Female
😢,angry,TikTok,27,Female
😢,celebration,Twitter,20,Female
😉,funny,Facebook,35,Female
😜,funny,Facebook,38,Female
👏,angry,TikTok,18,Female
❤️,celebration,Facebook,20,Male
😢,angry,Facebook,39,Female
🙏,happy,TikTok,57,Male
💕,surprise,TikTok,14,Female
🤗,surprise,WhatsApp,20,Female
👍,celebration,Facebook,50,Female
😎,funny,Snapchat,49,Male
😘,confusion,Facebook,23,Female
🤣,sad,WhatsApp,15,Female
😘,love,Instagram,56,Female
💔,funny,TikTok,38,Male
🙄,confusion,Twitter,60,Male
💔,celebration,Facebook,57,Male
😍,happy,Facebook,43,Male
❤️,confusion,Instagram,63,Male
💕,angry,Twitter,20,Female
😢,funny,WhatsApp,47,Male
🤔,sad,WhatsApp,22,Male
😜,funny,Facebook,51,Male
😔,celebration,Instagram,26,Male
😉,cool,WhatsApp,50,Female
😢,confusion,Twitter,34,Female
🤣,love,Facebook,32,Female
🙌,support,TikTok,29,Female
🙏,surprise,WhatsApp,56,Male
🤪,angry,Snapchat,24,Female
😔,sad,TikTok,38,Male
😅,surprise,Facebook,20,Male
🤩,sad,Facebook,47,Female
😜,celebration,Facebook,63,Male
😉,confusion,Instagram,39,Male
💕,angry,Facebook,42,Male
😅,funny,WhatsApp,22,Female
👏,funny,Snapchat,22,Female
❤️,support,TikTok,63,Male
😘,love,Snapchat,23,Male
🤩,surprise,Instagram,26,Male
🤔,love,WhatsApp,63,Female
👍,celebration,Instagram,56,Male
🎉,confusion,Instagram,59,Female
😏,support,Facebook,62,Male
😏,sad,Twitter,36,Female
❤️,love,TikTok,54,Female
💔,love,Instagram,41,Female
😏,support,Instagram,26,Male
😊,confusion,Snapchat,35,Female
🤣,cool,Twitter,59,Male
😘,angry,Twitter,47,Female
😘,angry,Snapchat,55,Male
😔,sad,TikTok,48,Female
😳,happy,Snapchat,36,Male
💕,cool,Instagram,27,Male
😇,love,Twitter,36,Female
😅,support,Instagram,61,Male
🤗,sad,Facebook,50,Male
👏,surprise,WhatsApp,43,Female
🙏,confusion,Facebook,59,Female
🙏,happy,TikTok,44,Male
🥰,happy,Snapchat,48,Male
🙄,cool,Instagram,56,Male
👍,cool,Snapchat,20,Female
😢,sad,Facebook,31,Female
😳,celebration,Facebook,44,Male
😂,sad,TikTok,19,Male
🤣,sad,Twitter,28,Male
❤️,love,Twitter,48,Male
😢,cool,Facebook,50,Female
💕,celebration,TikTok,29,Female
😇,sad,Facebook,56,Female
😉,celebration,WhatsApp,14,Male
🤣,support,TikTok,51,Female
😊,support,Snapchat,22,Male
🙏,sad,WhatsApp,16,Male
🥰,confusion,Twitter,36,Male
💔,confusion,Twitter,18,Female
😜,sad,WhatsApp,13,Male
😘,angry,Twitter,19,Male
🤣,confusion,WhatsApp,15,Female
😍,surprise,Instagram,20,Female
😘,sad,Facebook,62,Male
😔,surprise,Snapchat,36,Male
🎉,love,Snapchat,61,Male
🎉,sad,Snapchat,45,Female
😅,confusion,Twitter,49,Female
🥰,funny,Twitter,52,Female
😔,surprise,TikTok,19,Female
😅,cool,Instagram,21,Female
💕,happy,Instagram,31,Male
😅,happy,Twitter,19,Male
🤣,confusion,Facebook,45,Male
💔,confusion,Twitter,60,Male
😡,happy,WhatsApp,64,Female
👍,funny,Twitter,27,Female
😜,celebration,Facebook,55,Female
😍,happy,TikTok,44,Female
😊,cool,Twitter,48,Female
😅,angry,Twitter,38,Female
😭,confusion,Twitter,64,Female
😜,funny,Instagram,25,Male
😎,confusion,Twitter,37,Female
🙄,sad,TikTok,60,Male
🙄,funny,WhatsApp,63,Male
🤗,celebration,WhatsApp,27,Female
👏,sad,TikTok,22,Female
😎,sad,Snapchat,35,Female
🎉,love,Instagram,25,Male
🙏,confusion,Facebook,50,Male
😏,confusion,WhatsApp,46,Female
😭,funny,Instagram,17,Male
😊,support,Facebook,58,Female
🤪,cool,WhatsApp,59,Male
😅,happy,Facebook,32,Female
😜,sad,Instagram,53,Male
💔,surprise,Snapchat,17,Male
😂,funny,TikTok,23,Male
👏,angry,TikTok,24,Male
😘,confusion,Snapchat,24,Female
😜,sad,TikTok,62,Male
🤪,love,Instagram,14,Male
😔,sad,TikTok,50,Female
😜,confusion,Instagram,17,Male
😎,celebration,Snapchat,22,Male
😘,love,Twitter,59,Male
😉,celebration,Twitter,63,Male
🥰,confusion,Twitter,40,Male
🤗,celebration,Facebook,60,Female
❤️,confusion,Twitter,44,Male
🎉,love,TikTok,59,Female
🎉,happy,Snapchat,33,Male
👍,surprise,Twitter,32,Male
🤔,sad,WhatsApp,50,Male
🎉,celebration,Snapchat,40,Female
😭,love,Snapchat,35,Male
🤔,support,Twitter,44,Male
😉,surprise,TikTok,40,Female
💔,surprise,Snapchat,15,Male
🙏,support,WhatsApp,62,Male
😘,cool,Facebook,47,Male
😢,confusion,Instagram,29,Female
😎,support,Instagram,31,Male
😇,funny,WhatsApp,54,Female
🤪,love,WhatsApp,51,Female
😳,confusion,TikTok,16,Female
😉,funny,Instagram,46,Female
😇,cool,Instagram,20,Male
😢,surprise,TikTok,31,Female
😔,celebration,Snapchat,64,Female
❤️,love,TikTok,64,Female
😊,love,Instagram,19,Female
🙏,love,TikTok,19,Female
🤪,cool,Facebook,59,Male
😎,celebration,Snapchat,36,Female
😘,support,Twitter,37,Female
😎,surprise,Instagram,13,Male
😂,angry,WhatsApp,49,Female
🙏,love,TikTok,48,Female
😉,love,Facebook,15,Female
😘,surprise,Snapchat,62,Male
❤️,angry,Facebook,34,Male
🎉,celebration,Twitter,59,Male
😏,cool,Snapchat,22,Male
❤️,confusion,Instagram,34,Male
😅,confusion,Twitter,13,Female
💕,angry,WhatsApp,13,Female
🤩,surprise,Facebook,54,Male
🤔,surprise,Facebook,56,Male
😭,cool,TikTok,48,Male
💔,love,Facebook,64,Male
💕,celebration,Snapchat,44,Female
👏,support,Facebook,17,Female
🙄,surprise,Facebook,21,Male
😘,support,Instagram,61,Male
😜,confusion,Instagram,53,Male
😏,love,Instagram,19,Female
😅,sad,Instagram,28,Female
💕,support,Instagram,49,Female
💕,celebration,Twitter,35,Male
😍,confusion,TikTok,34,Female
🎉,support,Twitter,58,Male
😅,sad,Facebook,32,Male
😭,confusion,Instagram,35,Male
🥰,happy,Facebook,20,Female
🥰,happy,Twitter,24,Male
💔,confusion,Facebook,28,Female
💔,funny,TikTok,24,Male
😊,love,WhatsApp,59,Female
😍,cool,Snapchat,62,Female
💔,support,Twitter,22,Male
🤗,support,Twitter,45,Male
💔,angry,WhatsApp,48,Female
😇,celebration,Snapchat,62,Female
🤩,surprise,Instagram,47,Male
🤔,happy,Snapchat,17,Male
👏,happy,WhatsApp,23,Male
🤣,funny,Snapchat,61,Female
😂,angry,WhatsApp,63,Female
🙏,love,TikTok,32,Female
🙌,confusion,WhatsApp,51,Female
😭,cool,Instagram,37,Female
😎,sad,Instagram,42,Female
🙄,cool,Snapchat,22,Male
👏,angry,Instagram,62,Male
😎,sad,Twitter,21,Male
😇,sad,Snapchat,33,Male
😜,funny,Facebook,23,Female
💔,funny,Snapchat,54,Female
👍,angry,Twitter,59,Male
🤗,support,Facebook,18,Female
😳,funny,Snapchat,27,Female
😎,happy,WhatsApp,38,Male
😎,happy,WhatsApp,51,Male
👍,surprise,TikTok,59,Male
🎉,surprise,Facebook,17,Male
😭,angry,TikTok,31,Male
👍,happy,Facebook,23,Female
🤪,confusion,Instagram,51,Male
🙌,support,Snapchat,45,Female
❤️,funny,Twitter,61,Female
🙏,happy,Facebook,46,Male
😂,support,Facebook,43,Female
🙌,cool,Instagram,30,Male
😔,celebration,Snapchat,18,Female
🥰,funny,Instagram,18,Male
🙄,love,Facebook,64,Female
😳,surprise,WhatsApp,59,Female
😜,angry,Facebook,21,Male
🤔,cool,TikTok,52,Female
😔,funny,Instagram,28,Female
🥰,support,TikTok,44,Male
💕,love,TikTok,37,Female
💔,sad,Twitter,48,Male
🙏,funny,Snapchat,49,Female
🤣,support,TikTok,49,Male
🥰,funny,Instagram,64,Male
🤩,angry,Twitter,20,Female
😎,sad,WhatsApp,29,Female
🤗,celebration,Twitter,15,Female
😔,angry,Twitter,63,Male
🤔,support,Snapchat,17,Female
🤩,cool,TikTok,63,Male
🙌,love,TikTok,46,Female
😜,celebration,Snapchat,17,Female
😅,celebration,Twitter,44,Male
🥰,surprise,Instagram,21,Male
🙌,confusion,Facebook,24,Female
😉,angry,Facebook,20,Male
🤔,angry,Instagram,42,Male
😳,confusion,WhatsApp,28,Male
🤪,sad,Instagram,45,Female
😜,cool,Facebook,30,Female
😅,happy,Snapchat,26,Male
👍,surprise,Snapchat,17,Female
💕,sad,Snapchat,53,Male
🤪,funny,Snapchat,50,Male
😇,angry,Snapchat,45,Male
😊,support,TikTok,21,Male
👍,funny,Twitter,32,Female
😂,support,WhatsApp,15,Male
🤣,angry,Snapchat,19,Female
🤩,surprise,WhatsApp,60,Female
🙄,love,WhatsApp,61,Female
👍,love,Twitter,61,Female
👍,confusion,WhatsApp,22,Female
❤️,happy,Instagram,32,Female
😇,love,Facebook,35,Male
😜,support,Snapchat,55,Male
🥰,funny,Snapchat,19,Female
😘,funny,Snapchat,29,Female
🥰,angry,Twitter,56,Female
😭,support,Facebook,26,Female
😡,funny,Snapchat,60,Female
👍,funny,Facebook,29,Female
😘,celebration,Instagram,16,Male
😏,happy,Instagram,29,Female
😉,cool,Snapchat,15,Female
🤣,happy,Snapchat,62,Male
🙌,happy,Instagram,24,Male
😢,celebration,TikTok,61,Female
🙌,funny,Instagram,26,Female
😍,cool,Facebook,30,Female
🙌,support,TikTok,55,Female
👏,love,Instagram,20,Female
😇,celebration,Snapchat,62,Female
🙄,happy,TikTok,28,Male
🤣,sad,TikTok,35,Male
🤩,happy,Instagram,14,Female
😢,cool,Facebook,24,Male
😂,surprise,WhatsApp,44,Male
😍,love,WhatsApp,47,Female
😅,funny,Facebook,14,Female
😡,love,Facebook,53,Female
🙏,sad,Snapchat,33,Female
😊,happy,Instagram,34,Male
😜,love,Instagram,62,Male
🙌,cool,Instagram,17,Female
😅,confusion,Instagram,63,Male
🤣,love,Snapchat,36,Female
😭,confusion,Instagram,35,Male
🤣,funny,Snapchat,47,Male
❤️,love,Facebook,13,Female
🤪,surprise,Facebook,16,Female
🙄,cool,TikTok,32,Female
🙏,surprise,WhatsApp,48,Female
🤣,cool,TikTok,24,Female
😢,support,Facebook,51,Male
😍,happy,WhatsApp,40,Male
💔,confusion,TikTok,64,Female
🎉,funny,Twitter,31,Female
💔,love,Twitter,37,Male
😢,angry,Twitter,23,Female
😅,sad,Twitter,46,Female
💔,sad,Instagram,30,Male
😏,celebration,Facebook,32,Male
😊,funny,Instagram,60,Male
😊,funny,TikTok,48,Female
💕,support,Snapchat,63,Female
😘,happy,Instagram,64,Male
😘,sad,Twitter,44,Male
🤣,support,Twitter,20,Male
😭,confusion,Instagram,52,Male
😎,love,WhatsApp,52,Female
😊,sad,Instagram,24,Female
💔,angry,Facebook,51,Male
😔,confusion,Snapchat,16,Male
😎,angry,TikTok,30,Female
😂,celebration,Facebook,59,Female
😅,celebration,TikTok,46,Female
🤪,support,TikTok,14,Male
😢,surprise,Snapchat,43,Male
😂,sad,Snapchat,41,Male
😂,support,WhatsApp,52,Male
😂,confusion,Snapchat,61,Male
🙄,angry,Instagram,14,Female
👏,support,Snapchat,54,Female
🤪,angry,Facebook,52,Female
🙏,support,Facebook,56,Male
🙏,confusion,Twitter,56,Female
🤗,angry,Facebook,60,Female
😜,funny,WhatsApp,50,Male
😅,funny,Instagram,15,Male
🤔,sad,Facebook,19,Male
🙌,support,TikTok,53,Male
🎉,angry,WhatsApp,41,Male
👏,love,Snapchat,37,Male
😘,surprise,Snapchat,32,Female
😘,happy,Twitter,53,Male
🤩,sad,Snapchat,28,Male
😎,funny,Instagram,39,Male
😂,celebration,TikTok,64,Female
😭,surprise,Facebook,40,Male
😡,angry,WhatsApp,55,Female
😉,happy,Twitter,62,Male
😔,angry,Snapchat,13,Female
🙌,surprise,TikTok,55,Male
🤩,love,WhatsApp,40,Female
🤗,sad,Snapchat,54,Male
🤔,funny,Facebook,45,Female
💔,angry,Twitter,41,Male
👏,surprise,Twitter,21,Male
🤗,surprise,TikTok,54,Male
🙄,happy,Snapchat,24,Female
👍,support,WhatsApp,64,Female
😎,sad,TikTok,20,Female
😇,celebration,Twitter,61,Female
🙏,cool,Facebook,59,Male
😍,happy,Snapchat,30,Female
😎,sad,WhatsApp,47,Male
💔,funny,Twitter,20,Male
👏,celebration,WhatsApp,37,Male
👍,funny,Snapchat,25,Male
💔,angry,Snapchat,29,Female
😳,sad,Snapchat,36,Female
😊,cool,TikTok,34,Male
🎉,confusion,TikTok,24,Female
😎,surprise,Facebook,55,Male
😎,funny,Facebook,44,Male
🤔,sad,Twitter,26,Female
😍,confusion,TikTok,40,Female
🙏,love,Twitter,49,Female
🙄,celebration,WhatsApp,27,Female
😡,love,Instagram,15,Male
😍,support,Twitter,23,Female
🙌,celebration,Facebook,49,Female
😏,cool,TikTok,35,Male
😳,celebration,Facebook,53,Female
👍,surprise,Instagram,21,Male
🤩,happy,Instagram,52,Female
💕,celebration,Instagram,55,Male
😊,happy,Facebook,42,Female
😘,confusion,WhatsApp,41,Male
😇,surprise,Facebook,32,Male
👍,funny,WhatsApp,33,Male
😂,support,Twitter,41,Female
😅,love,Facebook,18,Female
🤩,funny,Instagram,57,Male
💔,surprise,WhatsApp,38,Male
🤔,surprise,Instagram,62,Female
😍,angry,TikTok,25,Male
😉,funny,TikTok,54,Male
🤪,sad,Instagram,34,Male
😡,celebration,Facebook,45,Male
😡,happy,Snapchat,64,Male
🎉,funny,Instagram,16,Male
😢,sad,TikTok,63,Male
🙏,surprise,TikTok,40,Female
🤗,confusion,Snapchat,42,Male
🙏,surprise,TikTok,64,Male
😍,celebration,Facebook,22,Female
🤣,cool,WhatsApp,46,Female
👏,surprise,Snapchat,20,Male
😏,happy,TikTok,61,Female
😔,confusion,WhatsApp,16,Female
🤣,sad,Snapchat,40,Female
😇,funny,TikTok,14,Male
🙏,love,Instagram,35,Male
🤪,happy,Snapchat,43,Female
💔,surprise,Facebook,39,Female
🤗,funny,Instagram,14,Male
😳,confusion,Instagram,40,Female
❤️,happy,TikTok,49,Female
🤪,sad,Twitter,22,Male
🥰,confusion,Facebook,21,Female
🤩,happy,Twitter,44,Male
😡,cool,WhatsApp,42,Female
😭,funny,TikTok,36,Male
😭,happy,WhatsApp,23,Female
❤️,angry,Instagram,34,Male
😘,angry,Facebook,15,Male
👍,funny,Snapchat,15,Female
😔,celebration,Facebook,26,Female
😂,funny,Facebook,39,Female
🤗,cool,Snapchat,30,Male
😊,love,Facebook,47,Female
😉,cool,WhatsApp,55,Male
😂,funny,Facebook,25,Female
👏,happy,WhatsApp,62,Male
😏,celebration,WhatsApp,63,Female
🤣,sad,Snapchat,43,Male
😊,cool,Instagram,56,Female
🤩,confusion,WhatsApp,18,Female
👍,surprise,Twitter,27,Female
🎉,cool,Snapchat,34,Female
😡,support,Instagram,42,Female
😅,angry,WhatsApp,26,Female
🤔,angry,Twitter,42,Female
🙄,surprise,Snapchat,62,Female
💕,surprise,Facebook,16,Female
😇,angry,WhatsApp,54,Male
😍,sad,TikTok,49,Male
😡,confusion,Facebook,36,Female
🎉,confusion,Snapchat,38,Male
😜,angry,WhatsApp,52,Male
❤️,surprise,Snapchat,45,Male
😂,support,Instagram,51,Female
❤️,happy,Facebook,14,Male
💕,surprise,Facebook,64,Male
😊,angry,Twitter,29,Female
😊,confusion,Snapchat,27,Female
💔,love,Snapchat,17,Female
👍,happy,Instagram,45,Female
😳,support,Twitter,21,Male
🤗,angry,Snapchat,35,Male
😏,happy,Snapchat,18,Female
💕,surprise,WhatsApp,13,Male
😅,sad,WhatsApp,55,Male
🤔,funny,Snapchat,34,Female
😍,surprise,Twitter,26,Male
😢,love,Facebook,48,Female
🤪,happy,Facebook,48,Female
😢,cool,TikTok,45,Male
😢,angry,WhatsApp,63,Female
😂,funny,Twitter,36,Female
😭,surprise,WhatsApp,35,Male
🙌,cool,Snapchat,41,Female
🤪,angry,WhatsApp,25,Female
❤️,cool,Facebook,23,Male
😊,celebration,Twitter,52,Female
🤗,confusion,Facebook,32,Male
🥰,love,WhatsApp,24,Male
👍,love,Twitter,56,Male
💔,surprise,TikTok,46,Male
😂,cool,WhatsApp,62,Female
🤣,confusion,Instagram,34,Female
🤩,sad,Snapchat,41,Male
👍,cool,Snapchat,35,Female
🙄,confusion,Snapchat,44,Male
😅,angry,Twitter,19,Female
😉,cool,WhatsApp,18,Female
❤️,surprise,Twitter,39,Female
🤪,support,Facebook,42,Male
🤣,angry,Instagram,32,Male
🤣,love,TikTok,34,Female
😍,confusion,TikTok,56,Female
🙄,celebration,Facebook,26,Female
😊,happy,Instagram,44,Female
😅,happy,TikTok,27,Female
😢,angry,TikTok,24,Male
🙄,angry,Snapchat,59,Female
😘,happy,TikTok,21,Female
🙏,celebration,Instagram,50,Female
😇,happy,Snapchat,62,Female
😏,happy,Facebook,54,Female
😉,celebration,Instagram,33,Male
🙏,celebration,TikTok,30,Female
🤣,sad,Facebook,31,Male
😏,celebration,Facebook,46,Female
🙌,funny,Instagram,29,Male
🤔,sad,Twitter,60,Female
🤗,confusion,Instagram,53,Male
😭,support,Snapchat,41,Female
😅,confusion,TikTok,32,Female
😎,funny,WhatsApp,44,Female
😊,happy,WhatsApp,62,Male
🤔,celebration,Twitter,43,Male
💔,support,Twitter,14,Female
😎,celebration,Facebook,31,Male
👍,surprise,Twitter,61,Male
😅,surprise,Instagram,48,Male
😡,surprise,Snapchat,62,Male
👏,cool,Snapchat,37,Male
😳,love,Snapchat,30,Male
😢,funny,WhatsApp,36,Female
😅,cool,Facebook,20,Female
😏,happy,Facebook,27,Male
👏,surprise,Facebook,25,Female
💕,celebration,Facebook,22,Male
😭,happy,WhatsApp,33,Female
😂,cool,WhatsApp,57,Female
😏,confusion,WhatsApp,61,Male
😍,support,Twitter,19,Female
😂,surprise,Facebook,29,Male
🙌,celebration,Twitter,59,Female
😂,love,Twitter,32,Female
😭,celebration,TikTok,46,Female
😜,angry,TikTok,28,Female
😂,happy,Snapchat,30,Male
😍,happy,Facebook,64,Male
💕,happy,Instagram,58,Male
😎,support,Twitter,62,Male
😂,love,Facebook,53,Male
😡,sad,Facebook,47,Female
🥰,confusion,Facebook,42,Female
🤣,support,Twitter,36,Female
😔,surprise,Twitter,48,Female
🤩,cool,Facebook,25,Female
🤣,sad,WhatsApp,63,Female
💕,love,Snapchat,20,Male
💕,cool,Twitter,36,Male
💕,sad,Twitter,33,Male
🙄,surprise,WhatsApp,16,Female
🤩,celebration,Facebook,51,Male
😍,angry,WhatsApp,60,Female
😳,support,WhatsApp,18,Male
👍,angry,Facebook,61,Male
🙄,sad,TikTok,58,Male
🤩,celebration,Twitter,53,Female
😢,surprise,Twitter,13,Male
😜,happy,Facebook,58,Male
🤔,cool,Snapchat,38,Female
🤗,celebration,Instagram,58,Male
👏,surprise,WhatsApp,48,Female
❤️,sad,Facebook,61,Male
😅,confusion,Instagram,24,Female
🙏,funny,Snapchat,26,Male
🤪,happy,WhatsApp,27,Female
👍,cool,Facebook,48,Male
🤗,celebration,TikTok,37,Male
😔,love,Facebook,49,Female
😳,support,WhatsApp,36,Male
😇,cool,WhatsApp,31,Male
😊,love,Twitter,39,Female
😡,sad,WhatsApp,34,Male
🤗,surprise,Snapchat,26,Male
😂,funny,Twitter,14,Female
🤪,happy,Twitter,47,Female
😔,funny,Twitter,60,Female
😎,celebration,Snapchat,36,Female
💕,angry,WhatsApp,57,Male
🎉,celebration,Facebook,35,Male
🎉,support,Facebook,26,Female
🤣,surprise,TikTok,59,Male
😂,funny,Twitter,59,Female
😏,surprise,Facebook,13,Male
🎉,surprise,Twitter,43,Female
🤣,angry,WhatsApp,31,Male
😔,cool,WhatsApp,53,Female
👏,cool,WhatsApp,20,Male
🎉,angry,Twitter,51,Female
😊,sad,Snapchat,38,Female
🙌,sad,WhatsApp,23,Female
👍,love,Snapchat,47,Female
😅,confusion,Snapchat,54,Female
💕,support,Facebook,39,Male
🙄,happy,WhatsApp,64,Male
😳,angry,WhatsApp,56,Male
💕,support,TikTok,39,Female
🤔,confusion,Snapchat,20,Male
😊,confusion,Instagram,43,Female
🤪,confusion,Instagram,54,Female
🤗,happy,Twitter,59,Male
🤣,celebration,Instagram,28,Female
😭,cool,Twitter,54,Female
😂,cool,TikTok,48,Female
😂,celebration,Snapchat,33,Female
🥰,funny,WhatsApp,45,Female
🤣,angry,Twitter,37,Male
💕,cool,Twitter,60,Male
🙏,happy,Facebook,47,Female
😡,confusion,WhatsApp,55,Female
😭,celebration,WhatsApp,20,Female
😏,funny,TikTok,45,Female
😔,confusion,Twitter,37,Female
😜,angry,Twitter,28,Female
😇,sad,WhatsApp,57,Male
🎉,surprise,Instagram,56,Male
🤣,happy,TikTok,52,Male
🥰,happy,Facebook,31,Female
👍,funny,Instagram,29,Female
👏,funny,TikTok,58,Female
🤪,cool,Snapchat,49,Female
🤣,support,Twitter,62,Female
😎,happy,TikTok,48,Female
👏,celebration,Twitter,23,Male
😳,love,WhatsApp,43,Male
🎉,surprise,Snapchat,51,Female
😜,confusion,Instagram,31,Female
😅,angry,Snapchat,24,Female
👏,funny,Instagram,44,Male
👍,sad,TikTok,33,Female
💔,celebration,WhatsApp,27,Male
💕,support,Instagram,52,Female
🤣,celebration,TikTok,18,Female
😜,celebration,Snapchat,35,Female
🤪,love,TikTok,25,Female
😳,funny,WhatsApp,34,Female
🤣,surprise,TikTok,31,Female
😳,sad,Instagram,14,Male
😡,sad,Instagram,51,Male
💔,love,Facebook,36,Female
❤️,angry,Instagram,31,Male
🤗,cool,Facebook,40,Female
😅,celebration,Snapchat,61,Female
❤️,cool,TikTok,62,Female
🤩,support,Instagram,42,Female
😳,surprise,TikTok,36,Male
🤗,celebration,Facebook,17,Female
😅,funny,WhatsApp,33,Male
😇,angry,Twitter,60,Female
😘,sad,Snapchat,53,Male
😔,cool,WhatsApp,24,Male
😏,celebration,TikTok,18,Female
😍,support,WhatsApp,60,Male
😜,celebration,TikTok,15,Male
🙄,celebration,Snapchat,34,Male
😭,funny,WhatsApp,32,Female
🥰,funny,TikTok,56,Female
😇,surprise,WhatsApp,42,Female
😳,surprise,Facebook,45,Female
🙏,cool,Twitter,30,Male
😢,happy,WhatsApp,62,Male
😏,love,Twitter,27,Female
🤩,surprise,Facebook,46,Male
🙌,support,Snapchat,34,Male
💕,funny,Twitter,23,Female
😂,funny,Facebook,32,Male
🥰,support,Facebook,29,Male
😡,celebration,Facebook,41,Male
😳,celebration,Twitter,51,Male
💔,surprise,Instagram,29,Female
👍,funny,WhatsApp,53,Male
🙏,funny,TikTok,15,Male
🤣,celebration,Facebook,25,Female
😢,celebration,Snapchat,15,Male
🥰,love,Instagram,29,Female
😘,celebration,Instagram,50,Male
😡,love,Facebook,34,Female
🤗,celebration,Snapchat,51,Male
🙌,confusion,WhatsApp,52,Male
😊,surprise,Facebook,22,Male
😭,angry,TikTok,38,Male
❤️,surprise,Twitter,61,Male
😏,happy,TikTok,27,Male
🤪,funny,Twitter,26,Male
😔,sad,WhatsApp,64,Female
🙏,cool,Snapchat,63,Male
🤩,happy,Twitter,59,Female
💔,happy,TikTok,60,Male
🥰,funny,Instagram,22,Male
😘,sad,Snapchat,39,Female
😳,funny,Twitter,61,Female
😇,surprise,Instagram,32,Male
😭,sad,TikTok,53,Male
🤣,surprise,Snapchat,20,Female
👍,love,Facebook,26,Male
🙏,celebration,Twitter,26,Male
😘,celebration,Snapchat,39,Male
😡,surprise,Snapchat,15,Male
😉,funny,WhatsApp,25,Male
🤩,sad,Facebook,23,Male
😳,sad,Snapchat,14,Female
👏,support,Instagram,20,Male
🤣,funny,Snapchat,62,Male
😜,love,TikTok,26,Female
🤣,surprise,Snapchat,33,Male
😢,support,Snapchat,26,Female
😘,cool,Snapchat,56,Male
🎉,surprise,Snapchat,46,Female
👍,happy,Instagram,36,Male
💔,support,Twitter,59,Male
😉,love,Twitter,63,Female
👍,cool,Twitter,41,Male
😘,angry,Instagram,48,Female
😏,confusion,Facebook,60,Male
😭,celebration,Facebook,55,Male
😭,cool,Snapchat,59,Male
🙏,happy,Instagram,48,Male
👏,confusion,WhatsApp,39,Male
😎,love,TikTok,28,Female
😢,sad,TikTok,54,Female
😢,love,Snapchat,62,Female
😍,sad,WhatsApp,63,Male
❤️,cool,Snapchat,56,Male
😅,cool,Facebook,38,Female
🙌,surprise,WhatsApp,57,Female
🙏,confusion,Snapchat,45,Female
😡,angry,Facebook,41,Male
😢,surprise,Twitter,22,Male
😂,love,Twitter,56,Male
😏,sad,WhatsApp,14,Male
😭,funny,WhatsApp,53,Female
👍,funny,WhatsApp,54,Male
👍,sad,Instagram,30,Male
❤️,cool,WhatsApp,49,Male
😂,sad,TikTok,44,Male
🥰,love,Snapchat,52,Female
🎉,angry,TikTok,21,Male
🙌,confusion,Twitter,24,Male
😔,support,Facebook,24,Female
🙌,support,Snapchat,60,Male
😢,support,Instagram,30,Female
😉,love,Twitter,57,Female
😂,love,Facebook,50,Female
🙏,cool,Twitter,64,Male
😳,surprise,Facebook,64,Male
😉,funny,Snapchat,18,Male
💔,support,WhatsApp,14,Female
🙏,support,TikTok,27,Male
😔,sad,WhatsApp,21,Female
🤣,sad,TikTok,15,Female
😔,cool,Snapchat,29,Female
🤣,happy,WhatsApp,32,Female
😡,cool,Snapchat,34,Female
🥰,love,Facebook,60,Female
🤣,sad,Snapchat,61,Male
😡,angry,TikTok,44,Female
💔,angry,Instagram,22,Male
💔,sad,Twitter,19,Male
😘,sad,Facebook,45,Female
👏,sad,WhatsApp,14,Female
🤣,angry,Snapchat,56,Male
👏,surprise,Facebook,64,Male
👏,confusion,TikTok,42,Male
😏,sad,Twitter,41,Female
😉,happy,Instagram,43,Male
😅,love,WhatsApp,19,Male
😅,happy,Facebook,46,Female
😊,sad,WhatsApp,51,Female
🤪,confusion,TikTok,13,Male
😡,happy,Facebook,33,Female
😎,support,Instagram,58,Male
😍,celebration,Facebook,46,Female
🙏,surprise,Twitter,14,Male
👍,support,TikTok,51,Female
😎,surprise,WhatsApp,31,Female
🎉,love,Snapchat,28,Female
👍,confusion,Facebook,31,Male
😇,happy,Facebook,46,Female
😘,sad,Twitter,15,Male
😇,cool,Facebook,51,Male
😳,love,Twitter,14,Female
🥰,surprise,TikTok,55,Female
🤣,happy,Facebook,40,Female
😡,happy,Snapchat,28,Female
😢,surprise,Facebook,17,Male
🤔,cool,Twitter,48,Male
💕,funny,Twitter,24,Male
😏,sad,TikTok,16,Male
❤️,confusion,TikTok,24,Female
👍,support,Snapchat,63,Male
👏,support,Snapchat,40,Male
😭,surprise,Snapchat,57,Male
🥰,angry,Facebook,43,Male
🤣,confusion,WhatsApp,54,Male
🙌,angry,Snapchat,63,Female
👏,sad,TikTok,43,Male
😉,cool,WhatsApp,60,Female
😭,surprise,Snapchat,59,Male
😘,confusion,Snapchat,27,Male
😉,happy,Instagram,50,Male
🤗,cool,Instagram,27,Female
😔,confusion,Snapchat,61,Female
💕,love,Instagram,20,Female
😭,happy,TikTok,39,Male
🥰,celebration,Instagram,30,Male
🤪,sad,Twitter,45,Male
🙏,love,TikTok,41,Female
💕,support,Instagram,55,Female
🤣,love,WhatsApp,51,Male
😭,cool,Snapchat,44,Female
😜,celebration,Snapchat,46,Male
👏,confusion,WhatsApp,15,Female
🙌,sad,Facebook,25,Male
😇,sad,Snapchat,57,Male
😜,surprise,Facebook,59,Female
🤪,support,Instagram,17,Male
😏,angry,Instagram,57,Male
🎉,celebration,Snapchat,40,Male
😇,celebration,TikTok,31,Female
👏,happy,Facebook,35,Male
❤️,sad,Twitter,44,Female
🤔,cool,TikTok,57,Female
😢,celebration,Snapchat,41,Male
😅,confusion,Snapchat,13,Male
😅,sad,Instagram,23,Female
🤔,angry,WhatsApp,22,Female
👍,confusion,WhatsApp,35,Male
😳,support,Facebook,49,Male
❤️,happy,TikTok,19,Male
😅,cool,Twitter,29,Female
😳,celebration,TikTok,63,Male
😂,celebration,Instagram,57,Male
😏,cool,Twitter,31,Female
😇,confusion,Twitter,49,Male
👍,confusion,WhatsApp,20,Male
🤔,cool,Facebook,25,Male
🥰,surprise,WhatsApp,56,Male
😘,love,Twitter,50,Male
🙄,confusion,Instagram,15,Female
🤪,support,Facebook,18,Male
😉,cool,Snapchat,53,Male
👏,surprise,Twitter,46,Female
🤗,cool,Twitter,62,Male
😂,celebration,Twitter,24,Male
💔,surprise,Facebook,23,Female
🎉,funny,Twitter,23,Female
😭,cool,Twitter,53,Male
😍,cool,Twitter,48,Male
💕,sad,Twitter,62,Male
🤣,happy,Snapchat,25,Female
😔,celebration,Facebook,54,Female
🙄,surprise,TikTok,48,Female
🙄,surprise,WhatsApp,24,Female
👏,support,TikTok,40,Female
👏,funny,Instagram,29,Female
🙏,sad,Facebook,13,Female
🤔,happy,WhatsApp,41,Female
🤔,confusion,WhatsApp,61,Female
😔,angry,WhatsApp,61,Female
🥰,celebration,WhatsApp,60,Male
💔,confusion,Instagram,25,Female
💕,love,WhatsApp,50,Male
😎,confusion,Snapchat,36,Female
😉,love,Instagram,51,Female
😅,funny,TikTok,47,Female
😊,angry,TikTok,14,Female
🥰,angry,Twitter,59,Male
😘,funny,Twitter,16,Male
👍,happy,Instagram,53,Male
😡,sad,WhatsApp,25,Female
😂,funny,Instagram,34,Female
😭,cool,Facebook,13,Female
🙏,happy,TikTok,32,Male
💕,cool,WhatsApp,45,Female
😏,cool,Snapchat,58,Male
🤪,celebration,Instagram,13,Male
🤩,confusion,TikTok,31,Female
👍,happy,TikTok,30,Female
🤗,support,Snapchat,38,Male
😎,funny,Facebook,62,Male
😂,angry,Snapchat,18,Female
🙄,support,Facebook,21,Female
😜,celebration,Instagram,15,Male
🎉,surprise,Facebook,51,Female
😡,support,Twitter,20,Male
🤩,cool,Facebook,46,Male
😭,love,Instagram,61,Male
❤️,funny,Facebook,35,Female
😎,confusion,Snapchat,22,Male
🤔,cool,Snapchat,50,Female
😜,angry,Facebook,32,Male
😭,angry,Twitter,47,Male
🥰,celebration,Snapchat,31,Female
🤩,angry,Snapchat,18,Male
🥰,love,Twitter,20,Male
🤪,sad,WhatsApp,31,Male
🤔,celebration,WhatsApp,22,Male
😢,sad,TikTok,29,Male
😉,surprise,WhatsApp,14,Male
😢,cool,Twitter,43,Male
😳,confusion,Twitter,38,Female
🙄,love,Snapchat,50,Male
😭,love,Twitter,26,Female
😊,happy,Twitter,38,Male
🤔,happy,Instagram,44,Male
💕,surprise,Snapchat,17,Female
😅,confusion,Facebook,47,Male
🙄,celebration,TikTok,21,Female
💕,support,Twitter,13,Female
😊,funny,WhatsApp,24,Female
🤔,cool,WhatsApp,30,Female
😍,confusion,TikTok,54,Female
👍,celebration,Twitter,52,Male
😇,angry,Twitter,60,Male
💔,celebration,TikTok,24,Male
👍,happy,Facebook,42,Female
😢,support,Facebook,46,Female
👍,celebration,WhatsApp,50,Female
😭,support,WhatsApp,50,Female
👍,support,Facebook,60,Female
😇,love,TikTok,30,Female
😢,happy,TikTok,51,Female
😅,sad,WhatsApp,38,Female
😉,happy,TikTok,19,Male
😊,celebration,Instagram,55,Male
🙄,confusion,TikTok,53,Female
😘,happy,Facebook,35,Male
🥰,confusion,Twitter,15,Female
🙄,happy,Instagram,49,Female
👏,sad,Twitter,31,Female
😡,funny,TikTok,41,Male
😳,funny,WhatsApp,15,Male
🤪,confusion,Twitter,14,Male
🤣,celebration,WhatsApp,31,Male
🙄,surprise,Snapchat,31,Female
😎,sad,WhatsApp,57,Female
🤩,confusion,WhatsApp,15,Female
😡,confusion,Twitter,33,Male
💔,funny,WhatsApp,28,Female
😍,celebration,TikTok,40,Male
😡,angry,Snapchat,36,Male
😍,love,WhatsApp,22,Male
🤪,funny,TikTok,64,Female
🙌,funny,WhatsApp,33,Male
😔,funny,TikTok,21,Male
😡,angry,Facebook,39,Female
🤗,confusion,Instagram,17,Female
😳,angry,Facebook,56,Male
😜,funny,Snapchat,48,Female
👍,cool,Instagram,22,Female
💔,surprise,Snapchat,23,Male
❤️,love,WhatsApp,37,Female
😊,cool,Instagram,54,Male
😊,confusion,Twitter,31,Female
🎉,support,TikTok,30,Male
😇,angry,WhatsApp,39,Female
🤗,cool,Instagram,48,Female
👏,confusion,Snapchat,33,Male
😎,support,Facebook,37,Male
😍,angry,TikTok,54,Male
😳,surprise,Twitter,51,Female
😇,funny,TikTok,16,Female
😜,angry,Instagram,44,Male
😘,sad,Snapchat,43,Male
😊,angry,Twitter,18,Male
👏,confusion,TikTok,62,Female
😘,confusion,TikTok,51,Female
💕,support,WhatsApp,35,Male
🎉,love,WhatsApp,56,Male
🤩,sad,Twitter,42,Male
😜,happy,Instagram,55,Male
👍,cool,TikTok,60,Male
😎,celebration,TikTok,60,Male
💕,funny,Facebook,54,Male
😜,support,WhatsApp,42,Female
🤔,surprise,WhatsApp,18,Male
😡,cool,Snapchat,58,Male
👏,happy,Facebook,57,Female
😂,cool,Facebook,25,Female
💕,support,Facebook,61,Female
🤗,angry,Facebook,57,Male
💕,cool,WhatsApp,21,Male
🤪,celebration,WhatsApp,27,Male
😍,confusion,Facebook,53,Male
😏,angry,WhatsApp,31,Male
😎,surprise,Instagram,42,Female
😜,funny,WhatsApp,55,Male
😂,angry,Instagram,51,Male
😘,cool,WhatsApp,39,Female
😉,love,Snapchat,31,Female
🎉,love,WhatsApp,23,Female
😅,surprise,TikTok,38,Male
😊,confusion,Snapchat,15,Male
😊,cool,Twitter,43,Male
😜,surprise,Instagram,47,Male
🙏,celebration,Instagram,38,Male
😢,celebration,TikTok,19,Female
😅,confusion,Snapchat,52,Female
😜,angry,Snapchat,60,Male
🤪,cool,WhatsApp,47,Female
😏,love,Instagram,16,Female
😍,surprise,Snapchat,25,Male
🤣,love,WhatsApp,29,Female
🥰,confusion,WhatsApp,33,Male
🤩,celebration,TikTok,46,Male
😜,love,TikTok,24,Female
😊,sad,Facebook,62,Male
😭,funny,Facebook,41,Male
😅,happy,TikTok,38,Female
🤪,surprise,Twitter,52,Female
🤣,confusion,Instagram,32,Male
👍,angry,TikTok,51,Male
😢,confusion,Snapchat,41,Male
😔,love,Instagram,55,Male
🤣,happy,WhatsApp,43,Male
🤩,sad,Snapchat,24,Female
🤣,support,Facebook,25,Male
💕,cool,Snapchat,57,Male
😍,celebration,Facebook,45,Female
🙏,support,WhatsApp,40,Male
😇,love,Twitter,57,Male
🙌,funny,TikTok,60,Male
💔,funny,TikTok,59,Female
🤣,love,Facebook,59,Female
🤣,celebration,TikTok,30,Male
😭,surprise,Facebook,27,Female
💔,surprise,Twitter,60,Female
😜,funny,Twitter,16,Male
😍,angry,Snapchat,62,Female
🤔,angry,TikTok,14,Male
😭,sad,WhatsApp,27,Male
😅,cool,Instagram,50,Female
😔,surprise,Facebook,16,Male
💔,surprise,WhatsApp,39,Male
🤔,angry,WhatsApp,50,Male
🤗,happy,TikTok,29,Male
🙏,happy,TikTok,37,Female
🙄,happy,WhatsApp,20,Male
🥰,angry,WhatsApp,61,Female
😉,love,WhatsApp,23,Male
🙄,happy,Snapchat,54,Male
👏,angry,Snapchat,40,Female
❤️,angry,Twitter,31,Female
💕,happy,Snapchat,20,Male
😡,surprise,Facebook,27,Male
🙏,sad,Facebook,24,Male
🥰,happy,Snapchat,46,Male
😅,love,WhatsApp,53,Female
😭,surprise,Twitter,24,Female
🤪,funny,Twitter,28,Male
😊,angry,TikTok,26,Female
😜,angry,Snapchat,27,Male
👍,confusion,TikTok,15,Male
😡,celebration,Instagram,51,Male
💔,angry,Snapchat,28,Female
😍,confusion,WhatsApp,26,Male
😘,sad,WhatsApp,53,Male
🤪,happy,Snapchat,54,Male
😂,love,Instagram,23,Female
🎉,celebration,WhatsApp,45,Female
😡,sad,Facebook,59,Female
🙄,celebration,Facebook,52,Male
🤗,surprise,Facebook,52,Male
😊,sad,Facebook,34,Female
😏,cool,WhatsApp,59,Male
😂,celebration,Twitter,34,Female
😳,surprise,WhatsApp,34,Male
💔,cool,Twitter,53,Male
🤩,sad,Instagram,52,Male
😇,confusion,Instagram,33,Male
😇,celebration,WhatsApp,62,Male
😡,celebration,Twitter,25,Female
😔,angry,TikTok,61,Male
🙌,sad,WhatsApp,28,Female
😜,cool,WhatsApp,55,Female
🙏,confusion,Twitter,52,Female
❤️,cool,TikTok,56,Female
😳,funny,Snapchat,16,Female
😍,angry,Instagram,25,Female
❤️,happy,TikTok,18,Female
🤪,celebration,TikTok,55,Male
😔,confusion,Instagram,51,Female
😍,happy,Instagram,60,Male
😢,celebration,Instagram,37,Female
😅,love,TikTok,48,Female
😘,confusion,TikTok,44,Female
😉,cool,Instagram,32,Male
💔,cool,WhatsApp,64,Male
😭,sad,WhatsApp,40,Male
😎,support,WhatsApp,29,Male
🤪,happy,Snapchat,24,Female
😊,celebration,Snapchat,53,Male
💕,cool,Snapchat,37,Male
😡,happy,Twitter,61,Female
🎉,celebration,Facebook,57,Male
😳,funny,WhatsApp,56,Male
🙌,surprise,WhatsApp,32,Female
🙏,funny,TikTok,59,Male
🙄,cool,Twitter,33,Male
😔,confusion,TikTok,53,Male
😔,happy,Twitter,18,Female
🥰,angry,TikTok,23,Female
😜,love,Instagram,64,Female
😘,funny,Twitter,35,Female
😉,love,Twitter,43,Female
❤️,confusion,Instagram,48,Female
🥰,confusion,Snapchat,52,Male
🤩,angry,Instagram,55,Male
😭,love,Instagram,30,Female
😎,cool,Instagram,16,Male
😘,cool,Twitter,61,Female
🎉,confusion,Facebook,50,Female
🎉,happy,Twitter,48,Male
🎉,love,WhatsApp,15,Female
🤗,support,Snapchat,61,Female
🙌,happy,Facebook,17,Male
🤗,celebration,WhatsApp,49,Male
🥰,sad,Twitter,33,Male
🤗,love,Facebook,62,Female
😏,surprise,Snapchat,33,Male
😅,confusion,Instagram,42,Male
🤩,cool,TikTok,28,Female
😔,love,Instagram,57,Male
😡,confusion,WhatsApp,31,Female
😳,confusion,Twitter,57,Female
❤️,funny,Twitter,49,Male
😔,happy,Snapchat,14,Male
❤️,funny,Twitter,48,Female
😂,funny,Snapchat,25,Female
👏,love,TikTok,13,Male
🙌,confusion,WhatsApp,22,Female
💕,celebration,TikTok,27,Female
😍,angry,Facebook,47,Female
😢,celebration,TikTok,27,Male
🤩,angry,WhatsApp,60,Male
💕,confusion,WhatsApp,21,Female
😊,happy,Instagram,18,Female
🎉,celebration,Twitter,55,Male
🤔,angry,TikTok,46,Male
😎,support,Snapchat,18,Female
🙄,angry,Instagram,55,Male
👍,love,Twitter,48,Female
🙄,confusion,Instagram,20,Female
😭,cool,Facebook,49,Male
🤔,support,Twitter,32,Male
🤔,support,Facebook,47,Male
🙌,surprise,TikTok,28,Female
🤗,support,Facebook,42,Female
😂,funny,Twitter,61,Male
😡,angry,Facebook,36,Female
💕,sad,Snapchat,64,Female
😘,surprise,Snapchat,42,Female
👍,confusion,WhatsApp,39,Male
😊,confusion,TikTok,20,Male
💕,happy,Instagram,35,Female
😡,confusion,WhatsApp,63,Female
😅,support,Instagram,34,Female
🙌,funny,Snapchat,50,Male
👍,happy,TikTok,18,Male
💕,support,TikTok,42,Female
💕,cool,Snapchat,41,Female
😉,surprise,Snapchat,35,Male
🤔,love,Facebook,14,Male
😭,love,Facebook,17,Male
🙏,funny,TikTok,63,Female
😜,love,Facebook,35,Male
😍,angry,Twitter,17,Male
😔,love,Facebook,59,Male
🙄,funny,Twitter,25,Male
😢,sad,Facebook,24,Male
🤪,cool,Twitter,52,Female
😂,angry,Twitter,43,Male
🙄,confusion,TikTok,57,Male
🙌,love,TikTok,36,Male
😏,angry,TikTok,27,Male
😎,support,WhatsApp,63,Female
😎,angry,WhatsApp,42,Male
😇,happy,Facebook,59,Female
😉,surprise,WhatsApp,40,Female
😉,angry,Twitter,22,Male
😎,happy,Facebook,43,Female
🙏,celebration,Twitter,20,Male
😡,confusion,TikTok,57,Female
😍,happy,Instagram,26,Male
🤪,confusion,Facebook,43,Male
😉,support,Snapchat,30,Female
💕,celebration,Instagram,16,Female
😳,cool,Twitter,27,Male
😡,cool,WhatsApp,59,Female
🤔,surprise,Facebook,37,Female
😍,cool,Facebook,29,Female
🤪,cool,Facebook,62,Male
❤️,funny,TikTok,44,Female
😉,love,WhatsApp,13,Male
😔,confusion,Facebook,49,Female
😢,confusion,Instagram,50,Female
🎉,surprise,WhatsApp,19,Female
🙄,cool,WhatsApp,64,Male
😍,celebration,Snapchat,23,Male
👏,happy,WhatsApp,17,Male
😔,cool,Instagram,42,Female
🎉,cool,Facebook,56,Female
😳,surprise,WhatsApp,62,Female
😍,sad,WhatsApp,57,Female
😔,support,Facebook,36,Male
❤️,funny,TikTok,13,Male
🙏,celebration,WhatsApp,41,Female
👍,funny,Twitter,41,Female
😜,confusion,TikTok,54,Female
💕,love,Instagram,23,Female
😡,cool,Snapchat,15,Female
💕,sad,TikTok,41,Female
🤩,support,Twitter,57,Male
😜,confusion,Instagram,33,Male
🤔,angry,WhatsApp,46,Male
😊,funny,Twitter,18,Female
🙏,sad,Instagram,24,Female
😭,sad,Twitter,30,Male
🤣,celebration,Instagram,64,Male
😉,support,Facebook,24,Male
😳,funny,Twitter,63,Female
😳,celebration,Facebook,36,Female
🤗,angry,WhatsApp,31,Male
🤩,confusion,TikTok,50,Female
😍,funny,WhatsApp,28,Female
😡,happy,Twitter,53,Male
👍,angry,Facebook,18,Male
😂,celebration,TikTok,49,Male
🙏,love,Instagram,47,Female
❤️,funny,TikTok,31,Male
🤣,surprise,WhatsApp,17,Female
🤩,support,Instagram,33,Female
😂,sad,Facebook,15,Male
😭,cool,Instagram,58,Male
🎉,love,WhatsApp,32,Male
😘,happy,WhatsApp,15,Male
🤣,support,TikTok,57,Female
😎,funny,WhatsApp,62,Female
😉,celebration,WhatsApp,60,Female
🙏,angry,Snapchat,43,Female
😉,funny,TikTok,46,Female
😘,celebration,Twitter,22,Female
😉,cool,Snapchat,24,Female
❤️,support,TikTok,19,Female
🤪,happy,Snapchat,64,Male
👏,happy,TikTok,27,Female
🙏,sad,WhatsApp,31,Male
😅,support,WhatsApp,18,Female
😊,happy,TikTok,41,Female
😭,happy,Twitter,45,Male
😉,surprise,Snapchat,60,Male
😏,cool,Facebook,15,Male
😜,support,Instagram,57,Female
😏,funny,Instagram,50,Female
💕,cool,WhatsApp,48,Male
😳,funny,TikTok,16,Female
🙌,cool,Snapchat,23,Female
😔,funny,Facebook,40,Female
👏,confusion,Twitter,42,Female
🙌,confusion,Facebook,16,Male
💕,angry,Instagram,42,Female
😉,surprise,Snapchat,17,Male
😳,surprise,Snapchat,46,Female
👏,surprise,WhatsApp,41,Male
🥰,funny,Facebook,20,Male
😳,sad,Instagram,13,Male
🤣,happy,WhatsApp,54,Female
🙌,angry,Twitter,56,Female
🤪,celebration,Snapchat,24,Male
😍,celebration,Twitter,62,Female
😭,happy,WhatsApp,64,Female
😍,angry,Instagram,24,Female
🤗,cool,Facebook,35,Female
😢,funny,Snapchat,49,Male
🙏,funny,WhatsApp,24,Male
🤔,love,TikTok,32,Female
😜,angry,Instagram,27,Male
🥰,confusion,Instagram,49,Male
🎉,love,Twitter,36,Female
😇,sad,Snapchat,59,Female
😜,cool,TikTok,50,Female
😡,cool,Instagram,31,Male
😢,sad,Twitter,43,Male
😇,celebration,WhatsApp,47,Female
💕,cool,Twitter,14,Female
😔,happy,Snapchat,50,Female
😇,sad,Instagram,28,Male
😡,cool,WhatsApp,55,Female
🤣,funny,Twitter,51,Female
😎,celebration,Instagram,63,Male
💔,cool,Snapchat,56,Male
💕,funny,Snapchat,45,Male
👍,funny,Facebook,58,Male
😊,funny,WhatsApp,44,Male
😂,celebration,Facebook,32,Female
👏,celebration,Snapchat,28,Male
💕,confusion,Instagram,55,Male
💕,surprise,TikTok,22,Female
😏,surprise,TikTok,20,Male
🙄,cool,WhatsApp,53,Female
😇,funny,Twitter,40,Male
💕,surprise,Facebook,16,Female
🤔,happy,Instagram,40,Male
😂,angry,TikTok,32,Female
🤣,love,TikTok,36,Male
💔,support,TikTok,54,Female
🙏,surprise,TikTok,56,Female
👍,confusion,Twitter,64,Female
🤪,happy,TikTok,16,Female
😭,support,WhatsApp,26,Male
💔,sad,WhatsApp,17,Female
🤔,sad,Facebook,30,Male
🤗,confusion,Instagram,21,Female
🤗,support,Instagram,35,Female
💔,confusion,TikTok,17,Female
👏,confusion,WhatsApp,17,Female
🥰,love,Snapchat,49,Female
😂,celebration,Instagram,62,Male
❤️,angry,Snapchat,36,Female
🤗,sad,TikTok,34,Female
🙄,confusion,Snapchat,38,Male
😢,angry,TikTok,40,Female
🤔,love,Twitter,50,Female
😍,confusion,Facebook,22,Female
🙄,funny,WhatsApp,57,Female
🥰,love,WhatsApp,56,Female
😜,funny,Twitter,13,Male
😜,funny,TikTok,39,Male
👏,celebration,Snapchat,20,Female
🙌,confusion,Instagram,56,Male
💕,angry,Twitter,33,Female
😏,celebration,Twitter,13,Male
😅,happy,Snapchat,39,Female
😍,funny,Instagram,32,Male
💕,support,Twitter,33,Male
😳,angry,Snapchat,18,Female
🙄,angry,TikTok,48,Female
🤩,happy,Snapchat,18,Female
🤣,cool,Snapchat,57,Female
💔,confusion,Snapchat,47,Female
🤣,support,Twitter,51,Female
🤗,surprise,WhatsApp,33,Female
😡,surprise,Twitter,34,Male
😭,support,Snapchat,41,Male
😊,support,Instagram,33,Female
😊,funny,Twitter,58,Male
😳,surprise,Instagram,57,Female
😘,celebration,Facebook,58,Female
😊,cool,Snapchat,17,Female
❤️,confusion,Twitter,42,Male
🎉,confusion,Snapchat,13,Female
😅,cool,Instagram,49,Female
🙌,funny,WhatsApp,20,Female
🤗,cool,TikTok,37,Female
🤔,surprise,WhatsApp,47,Male
😂,angry,TikTok,30,Female
😔,funny,Instagram,46,Female
😳,funny,Twitter,16,Female
😡,surprise,Snapchat,13,Female
🙌,celebration,Twitter,53,Female
🤔,funny,Instagram,27,Male
🙏,surprise,TikTok,19,Female
🤪,happy,Snapchat,35,Female
😍,happy,TikTok,18,Male
😂,funny,Instagram,17,Male
😘,support,Facebook,64,Male
😭,support,Facebook,43,Male
🤪,surprise,TikTok,32,Male
😳,happy,Twitter,52,Female
🤔,love,Twitter,28,Female
😢,confusion,WhatsApp,38,Male
😏,celebration,Facebook,46,Female
🙏,angry,Facebook,60,Male
🤩,sad,Snapchat,34,Male
😎,confusion,WhatsApp,56,Female
👍,surprise,Instagram,27,Female
😏,celebration,TikTok,63,Female
😜,celebration,Snapchat,58,Male
😅,angry,WhatsApp,14,Male
😍,angry,Snapchat,53,Female
🤔,sad,WhatsApp,63,Male
😇,confusion,Facebook,13,Male
👏,celebration,TikTok,25,Male
🤣,celebration,TikTok,53,Male
😘,confusion,Snapchat,17,Female
🤗,sad,Twitter,61,Male
😘,sad,Snapchat,19,Male
😉,sad,WhatsApp,57,Female
😅,support,Twitter,26,Female
🙄,confusion,Facebook,44,Male
😘,happy,Facebook,43,Female
😏,support,Snapchat,54,Male
😊,surprise,Twitter,20,Male
😢,angry,WhatsApp,49,Male
👍,support,Snapchat,35,Female
❤️,angry,Twitter,31,Male
😂,cool,Twitter,60,Female
👍,funny,Twitter,22,Female
👍,cool,Instagram,49,Male
😔,cool,Facebook,40,Female
😘,happy,WhatsApp,31,Male
🎉,support,Facebook,48,Male
😅,sad,Snapchat,35,Female
😅,support,WhatsApp,31,Male
🎉,happy,Twitter,57,Female
😭,angry,Facebook,62,Female
😍,happy,Twitter,55,Female
😭,celebration,Facebook,51,Male
🤔,funny,Twitter,18,Male
😎,celebration,TikTok,64,Female
😎,angry,Instagram,61,Female
😅,cool,WhatsApp,63,Female
❤️,celebration,TikTok,40,Female
🥰,confusion,Instagram,15,Male
😂,love,Instagram,27,Female
👏,surprise,Instagram,61,Female
🤩,funny,Facebook,38,Male
👏,support,WhatsApp,14,Female
😅,happy,WhatsApp,44,Female
😏,happy,Twitter,48,Male
😳,support,Facebook,34,Male
👍,funny,Twitter,45,Female
❤️,happy,Snapchat,20,Male
🤩,celebration,WhatsApp,59,Male
😡,confusion,Snapchat,23,Male
😜,love,WhatsApp,22,Male
😡,cool,Snapchat,61,Female
👏,funny,TikTok,40,Male
💔,support,Facebook,45,Male
🎉,confusion,Instagram,27,Male
🙄,support,Instagram,46,Female
😭,celebration,Instagram,20,Female
😘,sad,Twitter,50,Female
😇,sad,WhatsApp,50,Male
😊,support,Facebook,28,Male
🤩,love,Twitter,48,Female
🙄,angry,TikTok,31,Male
👏,support,Twitter,26,Male
😉,happy,TikTok,47,Female
😳,support,Snapchat,28,Male
😢,happy,Facebook,57,Male
🤪,happy,TikTok,36,Male
❤️,sad,Snapchat,44,Male
😢,happy,TikTok,55,Male
😂,love,WhatsApp,64,Female
👍,funny,Snapchat,28,Female
❤️,surprise,Twitter,51,Male
😂,love,TikTok,48,Female
🤪,angry,WhatsApp,23,Female
😏,surprise,Snapchat,54,Male
🙏,love,Snapchat,36,Female
🙏,love,Facebook,16,Female
😉,love,Facebook,58,Female
😘,surprise,Snapchat,48,Female
👍,angry,Snapchat,54,Male
😜,support,Facebook,63,Male
🤩,celebration,Snapchat,15,Male
😘,cool,Facebook,31,Male
😳,celebration,Snapchat,50,Female
😭,celebration,Twitter,48,Male
😳,cool,Snapchat,26,Male
😘,cool,TikTok,40,Male
🥰,celebration,Facebook,13,Male
❤️,love,Snapchat,36,Female
😔,happy,Facebook,35,Female
😳,funny,WhatsApp,28,Male
🥰,cool,Snapchat,35,Male
🤗,surprise,Instagram,56,Male
😔,cool,TikTok,26,Female
🎉,support,Twitter,31,Male
🙄,celebration,WhatsApp,56,Female
😂,confusion,Instagram,37,Female
💔,angry,WhatsApp,45,Male
😜,confusion,Instagram,50,Male
🤔,support,WhatsApp,42,Female
🤗,happy,WhatsApp,41,Female
🤪,love,Twitter,38,Female
😭,happy,Twitter,18,Male
🤩,cool,TikTok,52,Female
😢,cool,Facebook,50,Male
🤗,angry,WhatsApp,56,Male
😏,support,Facebook,60,Female
🥰,confusion,WhatsApp,29,Female
😭,confusion,TikTok,48,Female
🤪,happy,Snapchat,54,Female
🙌,angry,Snapchat,41,Male
😔,angry,Facebook,20,Female
🥰,celebration,Instagram,15,Female
❤️,celebration,Instagram,37,Male
🤗,celebration,Snapchat,44,Female
😇,surprise,Snapchat,22,Female
😘,sad,WhatsApp,56,Male
🤔,confusion,WhatsApp,62,Female
😡,love,Instagram,53,Male
👏,funny,Twitter,34,Female
😭,surprise,Instagram,15,Female
😭,funny,Snapchat,42,Female
💕,support,Instagram,33,Male
😳,surprise,Snapchat,64,Male
😇,love,WhatsApp,59,Male
🙏,support,TikTok,47,Male
👏,cool,Twitter,27,Male
💔,happy,Twitter,57,Female
😊,happy,TikTok,17,Female
😂,celebration,Snapchat,41,Male
😘,celebration,Twitter,48,Female
🎉,sad,Snapchat,47,Male
🥰,cool,WhatsApp,64,Male
🤔,love,Instagram,17,Female
🤣,support,TikTok,34,Female
🙌,angry,TikTok,46,Female
🤣,happy,WhatsApp,28,Female
😭,confusion,TikTok,30,Female
🙏,celebration,WhatsApp,47,Male
🤩,surprise,Instagram,47,Male
🤣,support,Twitter,49,Male
🥰,love,Snapchat,35,Female
🤩,cool,WhatsApp,25,Female
🤣,love,WhatsApp,39,Female
❤️,cool,Snapchat,61,Female
🤣,funny,Instagram,45,Male
👏,funny,Snapchat,15,Female
🤣,sad,Snapchat,45,Male
😢,confusion,WhatsApp,46,Female
💔,surprise,Snapchat,22,Male
😎,cool,Facebook,20,Female
😂,confusion,Facebook,36,Male
😭,confusion,Facebook,20,Male
😜,celebration,TikTok,24,Male
😂,support,WhatsApp,35,Female
😉,angry,WhatsApp,48,Female
😉,support,Instagram,37,Male
👍,surprise,Instagram,22,Male
🙌,love,WhatsApp,34,Female
😭,angry,Instagram,59,Male
💔,angry,Twitter,36,Male
❤️,love,TikTok,56,Male
😍,sad,Instagram,36,Female
😔,funny,WhatsApp,37,Female
😇,love,WhatsApp,19,Female
😳,celebration,WhatsApp,33,Female
🎉,sad,Twitter,49,Male
🙌,cool,Facebook,59,Female
🤣,confusion,WhatsApp,45,Male
❤️,funny,Twitter,55,Male
💕,celebration,Snapchat,32,Male
😇,surprise,WhatsApp,13,Female
😍,happy,Instagram,17,Male
🙌,angry,Twitter,34,Female
🥰,cool,Snapchat,44,Female
🤗,love,Instagram,61,Male
💕,happy,Twitter,20,Male
😘,support,Facebook,62,Male
😇,support,Instagram,61,Male
🤪,celebration,Twitter,61,Male
🙏,happy,Facebook,25,Male
🤔,angry,Facebook,30,Female
🤔,surprise,Instagram,42,Male
🤗,support,Snapchat,64,Female
😊,love,Instagram,16,Female
😢,happy,Facebook,43,Male
💕,happy,Twitter,39,Male
😂,confusion,Facebook,58,Female
💔,celebration,Instagram,36,Male
😢,happy,TikTok,46,Male
😘,surprise,Facebook,30,Female
😊,surprise,Snapchat,31,Female
👍,surprise,TikTok,42,Male
😜,confusion,Facebook,15,Female
😡,happy,Snapchat,33,Male
👍,angry,Snapchat,61,Male
😍,funny,Twitter,34,Female
😊,sad,Facebook,49,Female
😭,support,Twitter,42,Male
🎉,love,WhatsApp,17,Female
👏,love,Twitter,54,Male
😘,confusion,Twitter,43,Female
👍,confusion,Snapchat,63,Female
😡,surprise,Snapchat,56,Female
😉,surprise,WhatsApp,55,Female
🙄,sad,TikTok,15,Male
😉,sad,Snapchat,21,Female
😅,cool,Snapchat,25,Female
😇,cool,Twitter,19,Male
😉,cool,Snapchat,55,Male
🤗,happy,Facebook,58,Female
😜,celebration,WhatsApp,64,Female
🙌,love,Snapchat,38,Female
😡,angry,Instagram,49,Female
😊,support,Twitter,36,Female
😂,love,TikTok,13,Male
🎉,cool,Twitter,61,Male
💕,love,Facebook,14,Female
😊,sad,Instagram,55,Female
👏,cool,TikTok,39,Male
😂,sad,WhatsApp,61,Female
🤔,confusion,Twitter,61,Male
😍,angry,Facebook,21,Female
🤩,cool,Snapchat,31,Male
😅,angry,WhatsApp,31,Male
😭,angry,Twitter,26,Female
💕,confusion,Snapchat,20,Female
😉,surprise,Snapchat,57,Male
😡,confusion,Facebook,50,Female
😭,cool,TikTok,16,Female
🤪,love,Snapchat,33,Male
🙌,celebration,WhatsApp,55,Male
😂,celebration,TikTok,63,Male
😘,support,Snapchat,15,Female
👏,happy,TikTok,55,Female
